/* SPDX-License-Identifier: (LGPL-2.1 OR BSD-2-Clause) */

/* THIS FILE IS AUTOGENERATED BY BPFTOOL! */
#ifndef __CPU_STATS_BPF_SKEL_H__
#define __CPU_STATS_BPF_SKEL_H__

#include <errno.h>
#include <stdlib.h>
#include <bpf/libbpf.h>

#define BPF_SKEL_SUPPORTS_MAP_AUTO_ATTACH 1

struct cpu_stats_bpf {
	struct bpf_object_skeleton *skeleton;
	struct bpf_object *obj;
	struct {
		struct bpf_map *task_cpu_usage_map;
		struct bpf_map *cpu_usage_times_map;
		struct bpf_map *cpu_usage_percent_map;
		struct bpf_map *runqlat_map;
		struct bpf_map *thread_occupied_map;
		struct bpf_map *runqlat_without_bad_map;
		struct bpf_map *stack_traces_map;
		struct bpf_map *task_trace_data_map;
		struct bpf_map *cpu_usr_map;
		struct bpf_map *cpu_ema_ctrl_map;
		struct bpf_map *process_map;
		struct bpf_map *process_occupied_map;
		struct bpf_map *cpu_usage_buffer;
		struct bpf_map *task_occupied_buffer;
		struct bpf_map *process_occupied_buffer;
		struct bpf_map *runqlat_buffer;
		struct bpf_map *runqlat_without_bad_buffer;
		struct bpf_map *task_backtrace_buffer;
		struct bpf_map *rodata;
		struct bpf_map *bss;
	} maps;
	struct {
		struct bpf_program *handle_sched_wakeup;
		struct bpf_program *handle_sched_wakeup_new;
		struct bpf_program *handle_task_create;
		struct bpf_program *handle_task_exit;
		struct bpf_program *record_task_switch;
		struct bpf_program *record_backtrace;
		struct bpf_program *record_cpu_idle;
		struct bpf_program *trace_sys_enter;
		struct bpf_program *trace_sys_exit;
		struct bpf_program *trace_cpu_softirq_entry;
		struct bpf_program *trace_cpu_softirq_exit;
		struct bpf_program *trace_cpu_irq_entry;
		struct bpf_program *trace_cpu_irq_exit;
		struct bpf_program *handle_cpu_event;
		struct bpf_program *handle_sys_latency_event;
		struct bpf_program *handle_sys_latency_without_bad_event;
	} progs;
	struct {
		struct bpf_link *handle_sched_wakeup;
		struct bpf_link *handle_sched_wakeup_new;
		struct bpf_link *handle_task_create;
		struct bpf_link *handle_task_exit;
		struct bpf_link *record_task_switch;
		struct bpf_link *record_backtrace;
		struct bpf_link *record_cpu_idle;
		struct bpf_link *trace_sys_enter;
		struct bpf_link *trace_sys_exit;
		struct bpf_link *trace_cpu_softirq_entry;
		struct bpf_link *trace_cpu_softirq_exit;
		struct bpf_link *trace_cpu_irq_entry;
		struct bpf_link *trace_cpu_irq_exit;
		struct bpf_link *handle_cpu_event;
		struct bpf_link *handle_sys_latency_event;
		struct bpf_link *handle_sys_latency_without_bad_event;
	} links;
	struct cpu_stats_bpf__rodata {
		u32 zero;
		u32 one;
	} *rodata;
	struct cpu_stats_bpf__bss {
		char __pad0[8];
		struct time_window latency_bk_window;
		struct ema_para latency_ema;
		struct ema_para usage_ema;
		struct ema_para task_csw_ema;
		struct ema_para task_preempt_ema;
	} *bss;

#ifdef __cplusplus
	static inline struct cpu_stats_bpf *open(const struct bpf_object_open_opts *opts = nullptr);
	static inline struct cpu_stats_bpf *open_and_load();
	static inline int load(struct cpu_stats_bpf *skel);
	static inline int attach(struct cpu_stats_bpf *skel);
	static inline void detach(struct cpu_stats_bpf *skel);
	static inline void destroy(struct cpu_stats_bpf *skel);
	static inline const void *elf_bytes(size_t *sz);
#endif /* __cplusplus */
};

static void
cpu_stats_bpf__destroy(struct cpu_stats_bpf *obj)
{
	if (!obj)
		return;
	if (obj->skeleton)
		bpf_object__destroy_skeleton(obj->skeleton);
	free(obj);
}

static inline int
cpu_stats_bpf__create_skeleton(struct cpu_stats_bpf *obj);

static inline struct cpu_stats_bpf *
cpu_stats_bpf__open_opts(const struct bpf_object_open_opts *opts)
{
	struct cpu_stats_bpf *obj;
	int err;

	obj = (struct cpu_stats_bpf *)calloc(1, sizeof(*obj));
	if (!obj) {
		errno = ENOMEM;
		return NULL;
	}

	err = cpu_stats_bpf__create_skeleton(obj);
	if (err)
		goto err_out;

	err = bpf_object__open_skeleton(obj->skeleton, opts);
	if (err)
		goto err_out;

	return obj;
err_out:
	cpu_stats_bpf__destroy(obj);
	errno = -err;
	return NULL;
}

static inline struct cpu_stats_bpf *
cpu_stats_bpf__open(void)
{
	return cpu_stats_bpf__open_opts(NULL);
}

static inline int
cpu_stats_bpf__load(struct cpu_stats_bpf *obj)
{
	return bpf_object__load_skeleton(obj->skeleton);
}

static inline struct cpu_stats_bpf *
cpu_stats_bpf__open_and_load(void)
{
	struct cpu_stats_bpf *obj;
	int err;

	obj = cpu_stats_bpf__open();
	if (!obj)
		return NULL;
	err = cpu_stats_bpf__load(obj);
	if (err) {
		cpu_stats_bpf__destroy(obj);
		errno = -err;
		return NULL;
	}
	return obj;
}

static inline int
cpu_stats_bpf__attach(struct cpu_stats_bpf *obj)
{
	return bpf_object__attach_skeleton(obj->skeleton);
}

static inline void
cpu_stats_bpf__detach(struct cpu_stats_bpf *obj)
{
	bpf_object__detach_skeleton(obj->skeleton);
}

static inline const void *cpu_stats_bpf__elf_bytes(size_t *sz);

static inline int
cpu_stats_bpf__create_skeleton(struct cpu_stats_bpf *obj)
{
	struct bpf_object_skeleton *s;
	struct bpf_map_skeleton *map __attribute__((unused));
	int err;

	s = (struct bpf_object_skeleton *)calloc(1, sizeof(*s));
	if (!s)	{
		err = -ENOMEM;
		goto err;
	}

	s->sz = sizeof(*s);
	s->name = "cpu_stats_bpf";
	s->obj = &obj->obj;

	/* maps */
	s->map_cnt = 20;
	s->map_skel_sz = 24;
	s->maps = (struct bpf_map_skeleton *)calloc(s->map_cnt,
			sizeof(*s->maps) > 24 ? sizeof(*s->maps) : 24);
	if (!s->maps) {
		err = -ENOMEM;
		goto err;
	}

	map = (struct bpf_map_skeleton *)((char *)s->maps + 0 * s->map_skel_sz);
	map->name = "task_cpu_usage_map";
	map->map = &obj->maps.task_cpu_usage_map;

	map = (struct bpf_map_skeleton *)((char *)s->maps + 1 * s->map_skel_sz);
	map->name = "cpu_usage_times_map";
	map->map = &obj->maps.cpu_usage_times_map;

	map = (struct bpf_map_skeleton *)((char *)s->maps + 2 * s->map_skel_sz);
	map->name = "cpu_usage_percent_map";
	map->map = &obj->maps.cpu_usage_percent_map;

	map = (struct bpf_map_skeleton *)((char *)s->maps + 3 * s->map_skel_sz);
	map->name = "runqlat_map";
	map->map = &obj->maps.runqlat_map;

	map = (struct bpf_map_skeleton *)((char *)s->maps + 4 * s->map_skel_sz);
	map->name = "thread_occupied_map";
	map->map = &obj->maps.thread_occupied_map;

	map = (struct bpf_map_skeleton *)((char *)s->maps + 5 * s->map_skel_sz);
	map->name = "runqlat_without_bad_map";
	map->map = &obj->maps.runqlat_without_bad_map;

	map = (struct bpf_map_skeleton *)((char *)s->maps + 6 * s->map_skel_sz);
	map->name = "stack_traces_map";
	map->map = &obj->maps.stack_traces_map;

	map = (struct bpf_map_skeleton *)((char *)s->maps + 7 * s->map_skel_sz);
	map->name = "task_trace_data_map";
	map->map = &obj->maps.task_trace_data_map;

	map = (struct bpf_map_skeleton *)((char *)s->maps + 8 * s->map_skel_sz);
	map->name = "cpu_usr_map";
	map->map = &obj->maps.cpu_usr_map;

	map = (struct bpf_map_skeleton *)((char *)s->maps + 9 * s->map_skel_sz);
	map->name = "cpu_ema_ctrl_map";
	map->map = &obj->maps.cpu_ema_ctrl_map;

	map = (struct bpf_map_skeleton *)((char *)s->maps + 10 * s->map_skel_sz);
	map->name = "process_map";
	map->map = &obj->maps.process_map;

	map = (struct bpf_map_skeleton *)((char *)s->maps + 11 * s->map_skel_sz);
	map->name = "process_occupied_map";
	map->map = &obj->maps.process_occupied_map;

	map = (struct bpf_map_skeleton *)((char *)s->maps + 12 * s->map_skel_sz);
	map->name = "cpu_usage_buffer";
	map->map = &obj->maps.cpu_usage_buffer;

	map = (struct bpf_map_skeleton *)((char *)s->maps + 13 * s->map_skel_sz);
	map->name = "task_occupied_buffer";
	map->map = &obj->maps.task_occupied_buffer;

	map = (struct bpf_map_skeleton *)((char *)s->maps + 14 * s->map_skel_sz);
	map->name = "process_occupied_buffer";
	map->map = &obj->maps.process_occupied_buffer;

	map = (struct bpf_map_skeleton *)((char *)s->maps + 15 * s->map_skel_sz);
	map->name = "runqlat_buffer";
	map->map = &obj->maps.runqlat_buffer;

	map = (struct bpf_map_skeleton *)((char *)s->maps + 16 * s->map_skel_sz);
	map->name = "runqlat_without_bad_buffer";
	map->map = &obj->maps.runqlat_without_bad_buffer;

	map = (struct bpf_map_skeleton *)((char *)s->maps + 17 * s->map_skel_sz);
	map->name = "task_backtrace_buffer";
	map->map = &obj->maps.task_backtrace_buffer;

	map = (struct bpf_map_skeleton *)((char *)s->maps + 18 * s->map_skel_sz);
	map->name = "cpu_stat.rodata";
	map->map = &obj->maps.rodata;
	map->mmaped = (void **)&obj->rodata;

	map = (struct bpf_map_skeleton *)((char *)s->maps + 19 * s->map_skel_sz);
	map->name = "cpu_stat.bss";
	map->map = &obj->maps.bss;
	map->mmaped = (void **)&obj->bss;

	/* programs */
	s->prog_cnt = 16;
	s->prog_skel_sz = sizeof(*s->progs);
	s->progs = (struct bpf_prog_skeleton *)calloc(s->prog_cnt, s->prog_skel_sz);
	if (!s->progs) {
		err = -ENOMEM;
		goto err;
	}

	s->progs[0].name = "handle_sched_wakeup";
	s->progs[0].prog = &obj->progs.handle_sched_wakeup;
	s->progs[0].link = &obj->links.handle_sched_wakeup;

	s->progs[1].name = "handle_sched_wakeup_new";
	s->progs[1].prog = &obj->progs.handle_sched_wakeup_new;
	s->progs[1].link = &obj->links.handle_sched_wakeup_new;

	s->progs[2].name = "handle_task_create";
	s->progs[2].prog = &obj->progs.handle_task_create;
	s->progs[2].link = &obj->links.handle_task_create;

	s->progs[3].name = "handle_task_exit";
	s->progs[3].prog = &obj->progs.handle_task_exit;
	s->progs[3].link = &obj->links.handle_task_exit;

	s->progs[4].name = "record_task_switch";
	s->progs[4].prog = &obj->progs.record_task_switch;
	s->progs[4].link = &obj->links.record_task_switch;

	s->progs[5].name = "record_backtrace";
	s->progs[5].prog = &obj->progs.record_backtrace;
	s->progs[5].link = &obj->links.record_backtrace;

	s->progs[6].name = "record_cpu_idle";
	s->progs[6].prog = &obj->progs.record_cpu_idle;
	s->progs[6].link = &obj->links.record_cpu_idle;

	s->progs[7].name = "trace_sys_enter";
	s->progs[7].prog = &obj->progs.trace_sys_enter;
	s->progs[7].link = &obj->links.trace_sys_enter;

	s->progs[8].name = "trace_sys_exit";
	s->progs[8].prog = &obj->progs.trace_sys_exit;
	s->progs[8].link = &obj->links.trace_sys_exit;

	s->progs[9].name = "trace_cpu_softirq_entry";
	s->progs[9].prog = &obj->progs.trace_cpu_softirq_entry;
	s->progs[9].link = &obj->links.trace_cpu_softirq_entry;

	s->progs[10].name = "trace_cpu_softirq_exit";
	s->progs[10].prog = &obj->progs.trace_cpu_softirq_exit;
	s->progs[10].link = &obj->links.trace_cpu_softirq_exit;

	s->progs[11].name = "trace_cpu_irq_entry";
	s->progs[11].prog = &obj->progs.trace_cpu_irq_entry;
	s->progs[11].link = &obj->links.trace_cpu_irq_entry;

	s->progs[12].name = "trace_cpu_irq_exit";
	s->progs[12].prog = &obj->progs.trace_cpu_irq_exit;
	s->progs[12].link = &obj->links.trace_cpu_irq_exit;

	s->progs[13].name = "handle_cpu_event";
	s->progs[13].prog = &obj->progs.handle_cpu_event;
	s->progs[13].link = &obj->links.handle_cpu_event;

	s->progs[14].name = "handle_sys_latency_event";
	s->progs[14].prog = &obj->progs.handle_sys_latency_event;
	s->progs[14].link = &obj->links.handle_sys_latency_event;

	s->progs[15].name = "handle_sys_latency_without_bad_event";
	s->progs[15].prog = &obj->progs.handle_sys_latency_without_bad_event;
	s->progs[15].link = &obj->links.handle_sys_latency_without_bad_event;

	s->data = cpu_stats_bpf__elf_bytes(&s->data_sz);

	obj->skeleton = s;
	return 0;
err:
	bpf_object__destroy_skeleton(s);
	return err;
}

static inline const void *cpu_stats_bpf__elf_bytes(size_t *sz)
{
	static const char data[] __attribute__((__aligned__(8))) = "\
\x7f\x45\x4c\x46\x02\x01\x01\0\0\0\0\0\0\0\0\0\x01\0\xf7\0\x01\0\0\0\0\0\0\0\0\
\0\0\0\0\0\0\0\0\0\0\0\xe0\x6e\x01\0\0\0\0\0\0\0\0\0\x40\0\0\0\0\0\x40\0\x25\0\
\x01\0\0\x2e\x73\x74\x72\x74\x61\x62\0\x2e\x73\x79\x6d\x74\x61\x62\0\x2e\x74\
\x65\x78\x74\0\x72\x61\x77\x5f\x74\x70\x2f\x73\x63\x68\x65\x64\x5f\x77\x61\x6b\
\x65\x75\x70\0\x72\x61\x77\x5f\x74\x70\x2f\x73\x63\x68\x65\x64\x5f\x77\x61\x6b\
\x65\x75\x70\x5f\x6e\x65\x77\0\x74\x72\x61\x63\x65\x70\x6f\x69\x6e\x74\x2f\x73\
\x63\x68\x65\x64\x2f\x73\x63\x68\x65\x64\x5f\x70\x72\x6f\x63\x65\x73\x73\x5f\
\x66\x6f\x72\x6b\0\x74\x72\x61\x63\x65\x70\x6f\x69\x6e\x74\x2f\x73\x63\x68\x65\
\x64\x2f\x73\x63\x68\x65\x64\x5f\x70\x72\x6f\x63\x65\x73\x73\x5f\x65\x78\x69\
\x74\0\x74\x72\x61\x63\x65\x70\x6f\x69\x6e\x74\x2f\x73\x63\x68\x65\x64\x2f\x73\
\x63\x68\x65\x64\x5f\x73\x77\x69\x74\x63\x68\0\x74\x72\x61\x63\x65\x70\x6f\x69\
\x6e\x74\x2f\x70\x6f\x77\x65\x72\x2f\x63\x70\x75\x5f\x69\x64\x6c\x65\0\x74\x72\
\x61\x63\x65\x70\x6f\x69\x6e\x74\x2f\x72\x61\x77\x5f\x73\x79\x73\x63\x61\x6c\
\x6c\x73\x2f\x73\x79\x73\x5f\x65\x6e\x74\x65\x72\0\x74\x72\x61\x63\x65\x70\x6f\
\x69\x6e\x74\x2f\x72\x61\x77\x5f\x73\x79\x73\x63\x61\x6c\x6c\x73\x2f\x73\x79\
\x73\x5f\x65\x78\x69\x74\0\x74\x72\x61\x63\x65\x70\x6f\x69\x6e\x74\x2f\x69\x72\
\x71\x2f\x73\x6f\x66\x74\x69\x72\x71\x5f\x65\x6e\x74\x72\x79\0\x74\x72\x61\x63\
\x65\x70\x6f\x69\x6e\x74\x2f\x69\x72\x71\x2f\x73\x6f\x66\x74\x69\x72\x71\x5f\
\x65\x78\x69\x74\0\x74\x72\x61\x63\x65\x70\x6f\x69\x6e\x74\x2f\x69\x72\x71\x2f\
\x69\x72\x71\x5f\x68\x61\x6e\x64\x6c\x65\x72\x5f\x65\x6e\x74\x72\x79\0\x74\x72\
\x61\x63\x65\x70\x6f\x69\x6e\x74\x2f\x69\x72\x71\x2f\x69\x72\x71\x5f\x68\x61\
\x6e\x64\x6c\x65\x72\x5f\x65\x78\x69\x74\0\x70\x65\x72\x66\x5f\x65\x76\x65\x6e\
\x74\0\x6c\x69\x63\x65\x6e\x73\x65\0\x2e\x72\x6f\x64\x61\x74\x61\0\x2e\x6d\x61\
\x70\x73\0\x2e\x62\x73\x73\0\x63\x70\x75\x5f\x73\x74\x61\x74\x73\x2e\x62\x70\
\x66\x2e\x63\0\x74\x61\x73\x6b\x5f\x63\x6f\x6e\x63\x65\x72\x6e\x65\x64\x5f\x75\
\x70\x64\x61\x74\x65\x2e\x5f\x5f\x5f\x5f\x66\x6d\x74\0\x70\x65\x72\x66\x5f\x74\
\x61\x73\x6b\x5f\x62\x61\x63\x6b\x74\x72\x61\x63\x65\x2e\x5f\x5f\x5f\x5f\x66\
\x6d\x74\0\x70\x72\x6f\x63\x65\x73\x73\x5f\x75\x70\x64\x61\x74\x65\x5f\x72\x75\
\x6e\x74\x69\x6d\x65\0\x70\x72\x6f\x63\x65\x73\x73\x5f\x63\x6f\x6e\x63\x65\x72\
\x6e\x65\x64\x5f\x75\x70\x64\x61\x74\x65\x2e\x5f\x5f\x5f\x5f\x66\x6d\x74\0\x72\
\x65\x63\x6f\x72\x64\x5f\x62\x61\x63\x6b\x74\x72\x61\x63\x65\x2e\x5f\x5f\x5f\
\x5f\x66\x6d\x74\0\x72\x65\x63\x6f\x72\x64\x5f\x62\x61\x63\x6b\x74\x72\x61\x63\
\x65\x2e\x5f\x5f\x5f\x5f\x66\x6d\x74\x2e\x31\0\x69\x6e\x69\x74\x5f\x63\x70\x75\
\x73\x5f\x6e\x75\x6d\0\x6e\x72\x5f\x63\x70\x75\x73\0\x75\x70\x64\x61\x74\x65\
\x5f\x63\x70\x75\x5f\x75\x73\x61\x67\x65\x5f\x70\x65\x72\x63\x65\x6e\x74\x2e\
\x5f\x5f\x5f\x5f\x66\x6d\x74\0\x68\x61\x6e\x64\x6c\x65\x5f\x63\x70\x75\x5f\x65\
\x76\x65\x6e\x74\x2e\x5f\x5f\x5f\x5f\x66\x6d\x74\0\x5f\x5f\x75\x70\x64\x61\x74\
\x65\x5f\x70\x65\x72\x63\x70\x75\x5f\x75\x73\x61\x67\x65\x5f\x70\x65\x72\x63\
\x65\x6e\x74\x2e\x5f\x5f\x5f\x5f\x66\x6d\x74\0\x68\x61\x6e\x64\x6c\x65\x5f\x63\
\x70\x75\x5f\x65\x76\x65\x6e\x74\x2e\x5f\x5f\x5f\x5f\x66\x6d\x74\x2e\x32\0\x70\
\x65\x72\x66\x5f\x72\x75\x6e\x71\x6c\x61\x74\x2e\x5f\x5f\x5f\x5f\x66\x6d\x74\0\
\x70\x65\x72\x66\x5f\x72\x75\x6e\x71\x6c\x61\x74\x5f\x77\x69\x74\x68\x6f\x75\
\x74\x5f\x62\x61\x64\x2e\x5f\x5f\x5f\x5f\x66\x6d\x74\0\x68\x61\x6e\x64\x6c\x65\
\x5f\x73\x63\x68\x65\x64\x5f\x77\x61\x6b\x65\x75\x70\0\x74\x61\x73\x6b\x5f\x63\
\x70\x75\x5f\x75\x73\x61\x67\x65\x5f\x6d\x61\x70\0\x70\x72\x6f\x63\x65\x73\x73\
\x5f\x6d\x61\x70\0\x68\x61\x6e\x64\x6c\x65\x5f\x73\x63\x68\x65\x64\x5f\x77\x61\
\x6b\x65\x75\x70\x5f\x6e\x65\x77\0\x68\x61\x6e\x64\x6c\x65\x5f\x74\x61\x73\x6b\
\x5f\x63\x72\x65\x61\x74\x65\0\x68\x61\x6e\x64\x6c\x65\x5f\x74\x61\x73\x6b\x5f\
\x65\x78\x69\x74\0\x74\x68\x72\x65\x61\x64\x5f\x6f\x63\x63\x75\x70\x69\x65\x64\
\x5f\x6d\x61\x70\0\x74\x61\x73\x6b\x5f\x74\x72\x61\x63\x65\x5f\x64\x61\x74\x61\
\x5f\x6d\x61\x70\0\x70\x72\x6f\x63\x65\x73\x73\x5f\x6f\x63\x63\x75\x70\x69\x65\
\x64\x5f\x6d\x61\x70\0\x72\x65\x63\x6f\x72\x64\x5f\x74\x61\x73\x6b\x5f\x73\x77\
\x69\x74\x63\x68\0\x63\x70\x75\x5f\x75\x73\x61\x67\x65\x5f\x74\x69\x6d\x65\x73\
\x5f\x6d\x61\x70\0\x63\x70\x75\x5f\x75\x73\x61\x67\x65\x5f\x70\x65\x72\x63\x65\
\x6e\x74\x5f\x6d\x61\x70\0\x74\x61\x73\x6b\x5f\x6f\x63\x63\x75\x70\x69\x65\x64\
\x5f\x62\x75\x66\x66\x65\x72\0\x74\x61\x73\x6b\x5f\x62\x61\x63\x6b\x74\x72\x61\
\x63\x65\x5f\x62\x75\x66\x66\x65\x72\0\x72\x75\x6e\x71\x6c\x61\x74\x5f\x6d\x61\
\x70\0\x6f\x6e\x65\0\x72\x75\x6e\x71\x6c\x61\x74\x5f\x77\x69\x74\x68\x6f\x75\
\x74\x5f\x62\x61\x64\x5f\x6d\x61\x70\0\x70\x72\x6f\x63\x65\x73\x73\x5f\x6f\x63\
\x63\x75\x70\x69\x65\x64\x5f\x62\x75\x66\x66\x65\x72\0\x72\x65\x63\x6f\x72\x64\
\x5f\x62\x61\x63\x6b\x74\x72\x61\x63\x65\0\x73\x74\x61\x63\x6b\x5f\x74\x72\x61\
\x63\x65\x73\x5f\x6d\x61\x70\0\x72\x65\x63\x6f\x72\x64\x5f\x63\x70\x75\x5f\x69\
\x64\x6c\x65\0\x74\x72\x61\x63\x65\x5f\x73\x79\x73\x5f\x65\x6e\x74\x65\x72\0\
\x74\x72\x61\x63\x65\x5f\x73\x79\x73\x5f\x65\x78\x69\x74\0\x74\x72\x61\x63\x65\
\x5f\x63\x70\x75\x5f\x73\x6f\x66\x74\x69\x72\x71\x5f\x65\x6e\x74\x72\x79\0\x74\
\x72\x61\x63\x65\x5f\x63\x70\x75\x5f\x73\x6f\x66\x74\x69\x72\x71\x5f\x65\x78\
\x69\x74\0\x74\x72\x61\x63\x65\x5f\x63\x70\x75\x5f\x69\x72\x71\x5f\x65\x6e\x74\
\x72\x79\0\x74\x72\x61\x63\x65\x5f\x63\x70\x75\x5f\x69\x72\x71\x5f\x65\x78\x69\
\x74\0\x68\x61\x6e\x64\x6c\x65\x5f\x63\x70\x75\x5f\x65\x76\x65\x6e\x74\0\x63\
\x70\x75\x5f\x75\x73\x72\x5f\x6d\x61\x70\0\x7a\x65\x72\x6f\0\x63\x70\x75\x5f\
\x75\x73\x61\x67\x65\x5f\x62\x75\x66\x66\x65\x72\0\x68\x61\x6e\x64\x6c\x65\x5f\
\x73\x79\x73\x5f\x6c\x61\x74\x65\x6e\x63\x79\x5f\x65\x76\x65\x6e\x74\0\x72\x75\
\x6e\x71\x6c\x61\x74\x5f\x62\x75\x66\x66\x65\x72\0\x68\x61\x6e\x64\x6c\x65\x5f\
\x73\x79\x73\x5f\x6c\x61\x74\x65\x6e\x63\x79\x5f\x77\x69\x74\x68\x6f\x75\x74\
\x5f\x62\x61\x64\x5f\x65\x76\x65\x6e\x74\0\x72\x75\x6e\x71\x6c\x61\x74\x5f\x77\
\x69\x74\x68\x6f\x75\x74\x5f\x62\x61\x64\x5f\x62\x75\x66\x66\x65\x72\0\x4c\x49\
\x43\x45\x4e\x53\x45\0\x6c\x61\x74\x65\x6e\x63\x79\x5f\x62\x6b\x5f\x77\x69\x6e\
\x64\x6f\x77\0\x6c\x61\x74\x65\x6e\x63\x79\x5f\x65\x6d\x61\0\x75\x73\x61\x67\
\x65\x5f\x65\x6d\x61\0\x74\x61\x73\x6b\x5f\x63\x73\x77\x5f\x65\x6d\x61\0\x74\
\x61\x73\x6b\x5f\x70\x72\x65\x65\x6d\x70\x74\x5f\x65\x6d\x61\0\x63\x70\x75\x5f\
\x65\x6d\x61\x5f\x63\x74\x72\x6c\x5f\x6d\x61\x70\0\x2e\x72\x65\x6c\x2e\x74\x65\
\x78\x74\0\x2e\x72\x65\x6c\x72\x61\x77\x5f\x74\x70\x2f\x73\x63\x68\x65\x64\x5f\
\x77\x61\x6b\x65\x75\x70\0\x2e\x72\x65\x6c\x72\x61\x77\x5f\x74\x70\x2f\x73\x63\
\x68\x65\x64\x5f\x77\x61\x6b\x65\x75\x70\x5f\x6e\x65\x77\0\x2e\x72\x65\x6c\x74\
\x72\x61\x63\x65\x70\x6f\x69\x6e\x74\x2f\x73\x63\x68\x65\x64\x2f\x73\x63\x68\
\x65\x64\x5f\x70\x72\x6f\x63\x65\x73\x73\x5f\x66\x6f\x72\x6b\0\x2e\x72\x65\x6c\
\x74\x72\x61\x63\x65\x70\x6f\x69\x6e\x74\x2f\x73\x63\x68\x65\x64\x2f\x73\x63\
\x68\x65\x64\x5f\x70\x72\x6f\x63\x65\x73\x73\x5f\x65\x78\x69\x74\0\x2e\x72\x65\
\x6c\x74\x72\x61\x63\x65\x70\x6f\x69\x6e\x74\x2f\x73\x63\x68\x65\x64\x2f\x73\
\x63\x68\x65\x64\x5f\x73\x77\x69\x74\x63\x68\0\x2e\x72\x65\x6c\x74\x72\x61\x63\
\x65\x70\x6f\x69\x6e\x74\x2f\x70\x6f\x77\x65\x72\x2f\x63\x70\x75\x5f\x69\x64\
\x6c\x65\0\x2e\x72\x65\x6c\x74\x72\x61\x63\x65\x70\x6f\x69\x6e\x74\x2f\x72\x61\
\x77\x5f\x73\x79\x73\x63\x61\x6c\x6c\x73\x2f\x73\x79\x73\x5f\x65\x6e\x74\x65\
\x72\0\x2e\x72\x65\x6c\x74\x72\x61\x63\x65\x70\x6f\x69\x6e\x74\x2f\x72\x61\x77\
\x5f\x73\x79\x73\x63\x61\x6c\x6c\x73\x2f\x73\x79\x73\x5f\x65\x78\x69\x74\0\x2e\
\x72\x65\x6c\x74\x72\x61\x63\x65\x70\x6f\x69\x6e\x74\x2f\x69\x72\x71\x2f\x73\
\x6f\x66\x74\x69\x72\x71\x5f\x65\x6e\x74\x72\x79\0\x2e\x72\x65\x6c\x74\x72\x61\
\x63\x65\x70\x6f\x69\x6e\x74\x2f\x69\x72\x71\x2f\x73\x6f\x66\x74\x69\x72\x71\
\x5f\x65\x78\x69\x74\0\x2e\x72\x65\x6c\x74\x72\x61\x63\x65\x70\x6f\x69\x6e\x74\
\x2f\x69\x72\x71\x2f\x69\x72\x71\x5f\x68\x61\x6e\x64\x6c\x65\x72\x5f\x65\x6e\
\x74\x72\x79\0\x2e\x72\x65\x6c\x74\x72\x61\x63\x65\x70\x6f\x69\x6e\x74\x2f\x69\
\x72\x71\x2f\x69\x72\x71\x5f\x68\x61\x6e\x64\x6c\x65\x72\x5f\x65\x78\x69\x74\0\
\x2e\x72\x65\x6c\x70\x65\x72\x66\x5f\x65\x76\x65\x6e\x74\0\x2e\x42\x54\x46\0\
\x2e\x42\x54\x46\x2e\x65\x78\x74\0\0\0\0\0\0\0\0\0\0\0\0\0\0\0\0\0\0\0\0\0\0\0\
\0\0\xa6\x01\0\0\x04\0\xf1\xff\0\0\0\0\0\0\0\0\0\0\0\0\0\0\0\0\0\0\0\0\x03\0\
\x03\0\0\0\0\0\0\0\0\0\0\0\0\0\0\0\0\0\0\0\0\0\x03\0\x04\0\0\0\0\0\0\0\0\0\0\0\
\0\0\0\0\0\0\0\0\0\0\x03\0\x05\0\0\0\0\0\0\0\0\0\0\0\0\0\0\0\0\0\0\0\0\0\x03\0\
\x06\0\0\0\0\0\0\0\0\0\0\0\0\0\0\0\0\0\0\0\0\0\x03\0\x07\0\0\0\0\0\0\0\0\0\0\0\
\0\0\0\0\0\0\0\0\0\0\x03\0\x08\0\0\0\0\0\0\0\0\0\0\0\0\0\0\0\0\0\xb6\x01\0\0\
\x01\0\x12\0\x6a\0\0\0\0\0\0\0\x1d\0\0\0\0\0\0\0\xd4\x01\0\0\x01\0\x12\0\x87\0\
\0\0\0\0\0\0\x20\0\0\0\0\0\0\0\xf0\x01\0\0\x02\0\x03\0\0\0\0\0\0\0\0\0\x50\x04\
\0\0\0\0\0\0\x07\x02\0\0\x01\0\x12\0\xa7\0\0\0\0\0\0\0\x1c\0\0\0\0\0\0\0\x28\
\x02\0\0\x01\0\x12\0\x08\0\0\0\0\0\0\0\x22\0\0\0\0\0\0\0\x41\x02\0\0\x01\0\x12\
\0\x2a\0\0\0\0\0\0\0\x1e\0\0\0\0\0\0\0\0\0\0\0\x03\0\x09\0\0\0\0\0\0\0\0\0\0\0\
\0\0\0\0\0\0\0\0\0\0\x03\0\x0a\0\0\0\0\0\0\0\0\0\0\0\0\0\0\0\0\0\0\0\0\0\x03\0\
\x0b\0\0\0\0\0\0\0\0\0\0\0\0\0\0\0\0\0\0\0\0\0\x03\0\x0c\0\0\0\0\0\0\0\0\0\0\0\
\0\0\0\0\0\0\0\0\0\0\x03\0\x0d\0\0\0\0\0\0\0\0\0\0\0\0\0\0\0\0\0\0\0\0\0\x03\0\
\x0e\0\0\0\0\0\0\0\0\0\0\0\0\0\0\0\0\0\0\0\0\0\x03\0\x0f\0\0\0\0\0\0\0\0\0\0\0\
\0\0\0\0\0\0\0\0\0\0\x03\0\x10\0\0\0\0\0\0\0\0\0\0\0\0\0\0\0\0\0\x5c\x02\0\0\
\x01\0\x14\0\0\0\0\0\0\0\0\0\x01\0\0\0\0\0\0\0\x6a\x02\0\0\x01\0\x14\0\x04\0\0\
\0\0\0\0\0\x04\0\0\0\0\0\0\0\x72\x02\0\0\x01\0\x12\0\xc3\0\0\0\0\0\0\0\x1b\0\0\
\0\0\0\0\0\x93\x02\0\0\x01\0\x12\0\x48\0\0\0\0\0\0\0\x14\0\0\0\0\0\0\0\xac\x02\
\0\0\x01\0\x12\0\xde\0\0\0\0\0\0\0\x1c\0\0\0\0\0\0\0\xd2\x02\0\0\x01\0\x12\0\
\x5c\0\0\0\0\0\0\0\x0e\0\0\0\0\0\0\0\xed\x02\0\0\x01\0\x12\0\xfa\0\0\0\0\0\0\0\
\x21\0\0\0\0\0\0\0\x02\x03\0\0\x01\0\x12\0\x1b\x01\0\0\0\0\0\0\x21\0\0\0\0\0\0\
\0\0\0\0\0\x03\0\x12\0\0\0\0\0\0\0\0\0\0\0\0\0\0\0\0\0\0\0\0\0\x03\0\x14\0\0\0\
\0\0\0\0\0\0\0\0\0\0\0\0\0\0\x23\x03\0\0\x12\0\x04\0\0\0\0\0\0\0\0\0\xe0\x04\0\
\0\0\0\0\0\x37\x03\0\0\x11\0\x13\0\0\0\0\0\0\0\0\0\x20\0\0\0\0\0\0\0\x4a\x03\0\
\0\x11\0\x13\0\x40\x01\0\0\0\0\0\0\x20\0\0\0\0\0\0\0\x56\x03\0\0\x12\0\x05\0\0\
\0\0\0\0\0\0\0\xe0\x04\0\0\0\0\0\0\x6e\x03\0\0\x12\0\x06\0\0\0\0\0\0\0\0\0\x60\
\x02\0\0\0\0\0\0\x81\x03\0\0\x12\0\x07\0\0\0\0\0\0\0\0\0\xe8\x01\0\0\0\0\0\0\
\x92\x03\0\0\x11\0\x13\0\x80\0\0\0\0\0\0\0\x20\0\0\0\0\0\0\0\xa6\x03\0\0\x11\0\
\x13\0\xe0\0\0\0\0\0\0\0\x20\0\0\0\0\0\0\0\xba\x03\0\0\x11\0\x13\0\x60\x01\0\0\
\0\0\0\0\x20\0\0\0\0\0\0\0\xcf\x03\0\0\x12\0\x08\0\0\0\0\0\0\0\0\0\x98\x14\0\0\
\0\0\0\0\xe2\x03\0\0\x11\0\x13\0\x20\0\0\0\0\0\0\0\x20\0\0\0\0\0\0\0\xf6\x03\0\
\0\x11\0\x13\0\x40\0\0\0\0\0\0\0\x20\0\0\0\0\0\0\0\x0c\x04\0\0\x11\0\x13\0\x90\
\x01\0\0\0\0\0\0\x10\0\0\0\0\0\0\0\x21\x04\0\0\x11\0\x13\0\xd0\x01\0\0\0\0\0\0\
\x10\0\0\0\0\0\0\0\x37\x04\0\0\x11\0\x13\0\x60\0\0\0\0\0\0\0\x20\0\0\0\0\0\0\0\
\x43\x04\0\0\x11\0\x12\0\x04\0\0\0\0\0\0\0\x04\0\0\0\0\0\0\0\x47\x04\0\0\x11\0\
\x13\0\xa0\0\0\0\0\0\0\0\x20\0\0\0\0\0\0\0\x5f\x04\0\0\x11\0\x13\0\xa0\x01\0\0\
\0\0\0\0\x10\0\0\0\0\0\0\0\x77\x04\0\0\x12\0\x08\0\x98\x14\0\0\0\0\0\0\x68\x03\
\0\0\0\0\0\0\x88\x04\0\0\x11\0\x13\0\xc0\0\0\0\0\0\0\0\x20\0\0\0\0\0\0\0\x99\
\x04\0\0\x12\0\x09\0\0\0\0\0\0\0\0\0\0\x02\0\0\0\0\0\0\xa9\x04\0\0\x12\0\x0a\0\
\0\0\0\0\0\0\0\0\xd8\x06\0\0\0\0\0\0\xb9\x04\0\0\x12\0\x0b\0\0\0\0\0\0\0\0\0\
\xf0\x04\0\0\0\0\0\0\xc8\x04\0\0\x12\0\x0c\0\0\0\0\0\0\0\0\0\x38\x02\0\0\0\0\0\
\0\xe0\x04\0\0\x12\0\x0d\0\0\0\0\0\0\0\0\0\x18\x02\0\0\0\0\0\0\xf7\x04\0\0\x12\
\0\x0e\0\0\0\0\0\0\0\0\0\x38\x02\0\0\0\0\0\0\x0b\x05\0\0\x12\0\x0f\0\0\0\0\0\0\
\0\0\0\x18\x02\0\0\0\0\0\0\x1e\x05\0\0\x12\0\x10\0\0\0\0\0\0\0\0\0\x98\x06\0\0\
\0\0\0\0\x2f\x05\0\0\x11\0\x13\0\0\x01\0\0\0\0\0\0\x20\0\0\0\0\0\0\0\x3b\x05\0\
\0\x11\0\x12\0\0\0\0\0\0\0\0\0\x04\0\0\0\0\0\0\0\x40\x05\0\0\x11\0\x13\0\x80\
\x01\0\0\0\0\0\0\x10\0\0\0\0\0\0\0\x51\x05\0\0\x12\0\x10\0\x98\x06\0\0\0\0\0\0\
\x88\x03\0\0\0\0\0\0\x6a\x05\0\0\x11\0\x13\0\xb0\x01\0\0\0\0\0\0\x10\0\0\0\0\0\
\0\0\x79\x05\0\0\x12\0\x10\0\x20\x0a\0\0\0\0\0\0\x88\x03\0\0\0\0\0\0\x9e\x05\0\
\0\x11\0\x13\0\xc0\x01\0\0\0\0\0\0\x10\0\0\0\0\0\0\0\xb9\x05\0\0\x11\0\x11\0\0\
\0\0\0\0\0\0\0\x0d\0\0\0\0\0\0\0\xc1\x05\0\0\x11\0\x14\0\x08\0\0\0\0\0\0\0\x08\
\0\0\0\0\0\0\0\xd3\x05\0\0\x11\0\x14\0\x10\0\0\0\0\0\0\0\x0c\0\0\0\0\0\0\0\xdf\
\x05\0\0\x11\0\x14\0\x1c\0\0\0\0\0\0\0\x0c\0\0\0\0\0\0\0\xe9\x05\0\0\x11\0\x14\
\0\x28\0\0\0\0\0\0\0\x0c\0\0\0\0\0\0\0\xf6\x05\0\0\x11\0\x14\0\x34\0\0\0\0\0\0\
\0\x0c\0\0\0\0\0\0\0\x07\x06\0\0\x11\0\x13\0\x20\x01\0\0\0\0\0\0\x20\0\0\0\0\0\
\0\0\xbf\x48\0\0\0\0\0\0\xbc\x39\0\0\0\0\0\0\xbf\x27\0\0\0\0\0\0\x63\x1a\xb4\
\xff\0\0\0\0\xbf\xa2\0\0\0\0\0\0\x07\x02\0\0\xb4\xff\xff\xff\x18\x01\0\0\0\0\0\
\0\0\0\0\0\0\0\0\0\x85\0\0\0\x01\0\0\0\xbf\x06\0\0\0\0\0\0\x55\x06\x14\0\0\0\0\
\0\x61\xa1\xb4\xff\0\0\0\0\x63\x1a\xfc\xff\0\0\0\0\xb4\x02\0\0\x01\0\0\0\x63\
\x2a\xbc\xff\0\0\0\0\x63\x1a\xb8\xff\0\0\0\0\xbf\xa2\0\0\0\0\0\0\x07\x02\0\0\
\xfc\xff\xff\xff\xbf\xa3\0\0\0\0\0\0\x07\x03\0\0\xb8\xff\xff\xff\x18\x01\0\0\0\
\0\0\0\0\0\0\0\0\0\0\0\xb7\x04\0\0\0\0\0\0\x85\0\0\0\x02\0\0\0\xbf\xa2\0\0\0\0\
\0\0\x07\x02\0\0\xb4\xff\xff\xff\x18\x01\0\0\0\0\0\0\0\0\0\0\0\0\0\0\x85\0\0\0\
\x01\0\0\0\xbf\x06\0\0\0\0\0\0\x15\x06\x6a\0\0\0\0\0\x61\xa1\xb4\xff\0\0\0\0\
\x63\x16\0\0\0\0\0\0\x16\x09\x06\0\0\0\0\0\x79\x61\x10\0\0\0\0\0\x3d\x81\x04\0\
\0\0\0\0\xb7\x01\0\0\0\0\0\0\x7b\x16\x20\0\0\0\0\0\x85\0\0\0\x05\0\0\0\x7b\x06\
\x10\0\0\0\0\0\x79\x61\x20\0\0\0\0\0\x0f\x71\0\0\0\0\0\0\x7b\x16\x20\0\0\0\0\0\
\xbf\xa2\0\0\0\0\0\0\x07\x02\0\0\xb4\xff\xff\xff\x18\x01\0\0\0\0\0\0\0\0\0\0\0\
\0\0\0\xbf\x63\0\0\0\0\0\0\xb7\x04\0\0\0\0\0\0\x85\0\0\0\x02\0\0\0\x79\x67\x20\
\0\0\0\0\0\x85\0\0\0\x05\0\0\0\x61\x61\0\0\0\0\0\0\x63\x1a\xb8\xff\0\0\0\0\x79\
\x61\x30\0\0\0\0\0\x55\x01\x02\0\0\0\0\0\x7b\x06\x30\0\0\0\0\0\x05\0\x48\0\0\0\
\0\0\xbf\x02\0\0\0\0\0\0\x1f\x12\0\0\0\0\0\0\x71\x61\x08\0\0\0\0\0\x56\x01\x18\
\0\0\0\0\0\x27\x07\0\0\x64\0\0\0\x37\x07\0\0\0\x65\xcd\x1d\xa6\x07\x15\0\x50\0\
\0\0\x25\x02\x14\0\xff\x64\xcd\x1d\xbf\x07\0\0\0\0\0\0\xbf\xa2\0\0\0\0\0\0\x07\
\x02\0\0\xb8\xff\xff\xff\xb7\x08\0\0\0\0\0\0\x18\x01\0\0\0\0\0\0\0\0\0\0\0\0\0\
\0\xbf\x23\0\0\0\0\0\0\xb7\x04\0\0\0\0\0\0\x85\0\0\0\x02\0\0\0\x18\x01\0\0\0\0\
\0\0\0\0\0\0\0\0\0\0\xb7\x02\0\0\x40\0\0\0\xb7\x03\0\0\0\0\0\0\x85\0\0\0\x83\0\
\0\0\x55\0\x14\0\0\0\0\0\x18\x01\0\0\xa7\0\0\0\0\0\0\0\0\0\0\0\xb4\x02\0\0\x1c\
\0\0\0\x85\0\0\0\x06\0\0\0\x05\0\x33\0\0\0\0\0\xa5\x02\x32\0\x01\x65\xcd\x1d\
\x56\x01\x07\0\0\0\0\0\xbf\xa2\0\0\0\0\0\0\x07\x02\0\0\xb8\xff\xff\xff\x18\x01\
\0\0\0\0\0\0\0\0\0\0\0\0\0\0\xbf\x07\0\0\0\0\0\0\x85\0\0\0\x03\0\0\0\xbf\x70\0\
\0\0\0\0\0\x7b\x06\x30\0\0\0\0\0\xb4\x01\0\0\0\0\0\0\x73\x16\x08\0\0\0\0\0\xb7\
\x01\0\0\0\0\0\0\x7b\x16\x20\0\0\0\0\0\x05\0\x1d\0\0\0\0\0\x7b\x80\x38\0\0\0\0\
\0\x7b\x80\x30\0\0\0\0\0\x7b\x80\x28\0\0\0\0\0\x7b\x80\x20\0\0\0\0\0\x7b\x80\
\x18\0\0\0\0\0\x7b\x80\x10\0\0\0\0\0\x7b\x80\x08\0\0\0\0\0\x7b\x80\0\0\0\0\0\0\
\x79\x61\x30\0\0\0\0\0\x61\xa2\xb8\xff\0\0\0\0\x63\x20\0\0\0\0\0\0\x61\x62\x04\
\0\0\0\0\0\x63\x20\x04\0\0\0\0\0\x1f\x71\0\0\0\0\0\0\x27\x01\0\0\x0a\0\0\0\x18\
\x02\0\0\0\xf2\x05\x2a\0\0\0\0\x01\0\0\0\x0f\x21\0\0\0\0\0\0\x37\x01\0\0\0\x65\
\xcd\x1d\x79\x62\x20\0\0\0\0\0\x2f\x21\0\0\0\0\0\0\x27\x01\0\0\x64\0\0\0\x37\
\x01\0\0\0\x65\xcd\x1d\x63\x10\x38\0\0\0\0\0\xbf\x01\0\0\0\0\0\0\xb7\x02\0\0\0\
\0\0\0\x85\0\0\0\x84\0\0\0\xb4\x01\0\0\x01\0\0\0\x73\x16\x08\0\0\0\0\0\xbf\xa2\
\0\0\0\0\0\0\x07\x02\0\0\xb8\xff\xff\xff\x18\x01\0\0\0\0\0\0\0\0\0\0\0\0\0\0\
\xbf\x63\0\0\0\0\0\0\xb7\x04\0\0\0\0\0\0\x85\0\0\0\x02\0\0\0\x95\0\0\0\0\0\0\0\
\xb7\x02\0\0\xc0\x0a\0\0\x79\x16\0\0\0\0\0\0\xbf\x63\0\0\0\0\0\0\x0f\x23\0\0\0\
\0\0\0\xbf\xa1\0\0\0\0\0\0\x07\x01\0\0\x20\xff\xff\xff\xb4\x02\0\0\x04\0\0\0\
\x85\0\0\0\x71\0\0\0\x61\xa1\x20\xff\0\0\0\0\x63\x1a\xb0\xff\0\0\0\0\x16\x01\
\x86\0\0\0\0\0\xb7\x01\0\0\xc4\x0a\0\0\xbf\x67\0\0\0\0\0\0\x0f\x17\0\0\0\0\0\0\
\xbf\xa1\0\0\0\0\0\0\x07\x01\0\0\x20\xff\xff\xff\xb4\x02\0\0\x04\0\0\0\xbf\x73\
\0\0\0\0\0\0\x85\0\0\0\x71\0\0\0\x61\xa1\x20\xff\0\0\0\0\x63\x1a\x18\xff\0\0\0\
\0\x85\0\0\0\x08\0\0\0\xbc\x08\0\0\0\0\0\0\xbf\xa2\0\0\0\0\0\0\x07\x02\0\0\xb0\
\xff\xff\xff\x18\x01\0\0\0\0\0\0\0\0\0\0\0\0\0\0\x85\0\0\0\x01\0\0\0\xbf\x09\0\
\0\0\0\0\0\x55\x09\x6a\0\0\0\0\0\xb7\x01\0\0\xc0\x0a\0\0\xbf\x63\0\0\0\0\0\0\
\x0f\x13\0\0\0\0\0\0\xbf\xa1\0\0\0\0\0\0\x07\x01\0\0\x94\xff\xff\xff\xb4\x02\0\
\0\x04\0\0\0\x85\0\0\0\x71\0\0\0\xbf\xa1\0\0\0\0\0\0\x07\x01\0\0\x20\xff\xff\
\xff\xb4\x02\0\0\x04\0\0\0\xbf\x73\0\0\0\0\0\0\x85\0\0\0\x71\0\0\0\x63\x8a\x9c\
\xff\0\0\0\0\x61\xa1\x20\xff\0\0\0\0\x63\x1a\x98\xff\0\0\0\0\xb7\x01\0\0\xe0\
\x0c\0\0\x0f\x16\0\0\0\0\0\0\xb7\x08\0\0\0\0\0\0\x63\x8a\xa4\xff\0\0\0\0\x63\
\x8a\xa0\xff\0\0\0\0\x63\x8a\xac\xff\0\0\0\0\x63\x8a\xa8\xff\0\0\0\0\xbf\xa7\0\
\0\0\0\0\0\x07\x07\0\0\x20\xff\xff\xff\xbf\x71\0\0\0\0\0\0\xb4\x02\0\0\x10\0\0\
\0\xbf\x63\0\0\0\0\0\0\x85\0\0\0\x71\0\0\0\xbf\xa1\0\0\0\0\0\0\x07\x01\0\0\xa0\
\xff\xff\xff\xb4\x02\0\0\x10\0\0\0\xbf\x73\0\0\0\0\0\0\x85\0\0\0\x73\0\0\0\x61\
\xa2\x9c\xff\0\0\0\0\x61\xa1\xa0\xff\0\0\0\0\x67\x01\0\0\x20\0\0\0\x4f\x21\0\0\
\0\0\0\0\x61\xa3\x94\xff\0\0\0\0\x61\xa2\x98\xff\0\0\0\0\x67\x02\0\0\x20\0\0\0\
\x4f\x32\0\0\0\0\0\0\x63\x8a\x88\xff\0\0\0\0\x63\x8a\x84\xff\0\0\0\0\x63\x8a\
\x80\xff\0\0\0\0\x63\x8a\x7c\xff\0\0\0\0\x63\x8a\x78\xff\0\0\0\0\x63\x8a\x74\
\xff\0\0\0\0\x63\x8a\x70\xff\0\0\0\0\x63\x8a\x6c\xff\0\0\0\0\x63\x8a\x68\xff\0\
\0\0\0\x63\x8a\x64\xff\0\0\0\0\x63\x8a\x60\xff\0\0\0\0\x63\x8a\x5c\xff\0\0\0\0\
\x63\x8a\x58\xff\0\0\0\0\x63\x8a\x54\xff\0\0\0\0\x63\x8a\x50\xff\0\0\0\0\x63\
\x8a\x4c\xff\0\0\0\0\x63\x8a\x48\xff\0\0\0\0\x63\x8a\x44\xff\0\0\0\0\x63\x8a\
\x40\xff\0\0\0\0\x63\x8a\x3c\xff\0\0\0\0\xb4\x03\0\0\0\0\0\0\x63\x3a\x8c\xff\0\
\0\0\0\x61\xa3\xac\xff\0\0\0\0\x63\x3a\x38\xff\0\0\0\0\x7b\x2a\x20\xff\0\0\0\0\
\x7b\x1a\x28\xff\0\0\0\0\x61\xa1\xa4\xff\0\0\0\0\x61\xa2\xa8\xff\0\0\0\0\x67\
\x02\0\0\x20\0\0\0\x4f\x12\0\0\0\0\0\0\x7b\x2a\x30\xff\0\0\0\0\x85\0\0\0\x05\0\
\0\0\x7b\x0a\x60\xff\0\0\0\0\xbf\xa2\0\0\0\0\0\0\x07\x02\0\0\xb0\xff\xff\xff\
\xbf\xa3\0\0\0\0\0\0\x07\x03\0\0\x20\xff\xff\xff\x18\x01\0\0\0\0\0\0\0\0\0\0\0\
\0\0\0\xb7\x04\0\0\0\0\0\0\x85\0\0\0\x02\0\0\0\x61\xa6\xb0\xff\0\0\0\0\x61\xa1\
\x18\xff\0\0\0\0\x63\x1a\xb4\xff\0\0\0\0\x16\x01\x1d\0\0\0\0\0\xbf\xa2\0\0\0\0\
\0\0\x07\x02\0\0\xb4\xff\xff\xff\x18\x01\0\0\0\0\0\0\0\0\0\0\0\0\0\0\x85\0\0\0\
\x01\0\0\0\x55\0\x19\0\0\0\0\0\xb4\x02\0\0\x01\0\0\0\x61\xa1\xb4\xff\0\0\0\0\
\x1e\x61\x01\0\0\0\0\0\xb4\x02\0\0\x02\0\0\0\x63\x1a\xfc\xff\0\0\0\0\x63\x2a\
\xbc\xff\0\0\0\0\x63\x1a\xb8\xff\0\0\0\0\xbf\xa2\0\0\0\0\0\0\x07\x02\0\0\xfc\
\xff\xff\xff\xbf\xa3\0\0\0\0\0\0\x07\x03\0\0\xb8\xff\xff\xff\x18\x01\0\0\0\0\0\
\0\0\0\0\0\0\0\0\0\x05\0\x07\0\0\0\0\0\x85\0\0\0\x05\0\0\0\x7b\x09\x40\0\0\0\0\
\0\xbf\xa2\0\0\0\0\0\0\x07\x02\0\0\xb0\xff\xff\xff\x18\x01\0\0\0\0\0\0\0\0\0\0\
\0\0\0\0\xbf\x93\0\0\0\0\0\0\xb7\x04\0\0\0\0\0\0\x85\0\0\0\x02\0\0\0\xb4\0\0\0\
\0\0\0\0\x95\0\0\0\0\0\0\0\x61\x01\x04\0\0\0\0\0\x04\x01\0\0\x01\0\0\0\x63\x10\
\x04\0\0\0\0\0\xbf\xa2\0\0\0\0\0\0\x07\x02\0\0\xb4\xff\xff\xff\x18\x01\0\0\0\0\
\0\0\0\0\0\0\0\0\0\0\xbf\x03\0\0\0\0\0\0\x05\0\xf3\xff\0\0\0\0\xb7\x02\0\0\xc0\
\x0a\0\0\x79\x16\0\0\0\0\0\0\xbf\x63\0\0\0\0\0\0\x0f\x23\0\0\0\0\0\0\xbf\xa1\0\
\0\0\0\0\0\x07\x01\0\0\x20\xff\xff\xff\xb4\x02\0\0\x04\0\0\0\x85\0\0\0\x71\0\0\
\0\x61\xa1\x20\xff\0\0\0\0\x63\x1a\xb0\xff\0\0\0\0\x16\x01\x86\0\0\0\0\0\xb7\
\x01\0\0\xc4\x0a\0\0\xbf\x67\0\0\0\0\0\0\x0f\x17\0\0\0\0\0\0\xbf\xa1\0\0\0\0\0\
\0\x07\x01\0\0\x20\xff\xff\xff\xb4\x02\0\0\x04\0\0\0\xbf\x73\0\0\0\0\0\0\x85\0\
\0\0\x71\0\0\0\x61\xa1\x20\xff\0\0\0\0\x63\x1a\x18\xff\0\0\0\0\x85\0\0\0\x08\0\
\0\0\xbc\x08\0\0\0\0\0\0\xbf\xa2\0\0\0\0\0\0\x07\x02\0\0\xb0\xff\xff\xff\x18\
\x01\0\0\0\0\0\0\0\0\0\0\0\0\0\0\x85\0\0\0\x01\0\0\0\xbf\x09\0\0\0\0\0\0\x55\
\x09\x6a\0\0\0\0\0\xb7\x01\0\0\xc0\x0a\0\0\xbf\x63\0\0\0\0\0\0\x0f\x13\0\0\0\0\
\0\0\xbf\xa1\0\0\0\0\0\0\x07\x01\0\0\x94\xff\xff\xff\xb4\x02\0\0\x04\0\0\0\x85\
\0\0\0\x71\0\0\0\xbf\xa1\0\0\0\0\0\0\x07\x01\0\0\x20\xff\xff\xff\xb4\x02\0\0\
\x04\0\0\0\xbf\x73\0\0\0\0\0\0\x85\0\0\0\x71\0\0\0\x63\x8a\x9c\xff\0\0\0\0\x61\
\xa1\x20\xff\0\0\0\0\x63\x1a\x98\xff\0\0\0\0\xb7\x01\0\0\xe0\x0c\0\0\x0f\x16\0\
\0\0\0\0\0\xb7\x08\0\0\0\0\0\0\x63\x8a\xa4\xff\0\0\0\0\x63\x8a\xa0\xff\0\0\0\0\
\x63\x8a\xac\xff\0\0\0\0\x63\x8a\xa8\xff\0\0\0\0\xbf\xa7\0\0\0\0\0\0\x07\x07\0\
\0\x20\xff\xff\xff\xbf\x71\0\0\0\0\0\0\xb4\x02\0\0\x10\0\0\0\xbf\x63\0\0\0\0\0\
\0\x85\0\0\0\x71\0\0\0\xbf\xa1\0\0\0\0\0\0\x07\x01\0\0\xa0\xff\xff\xff\xb4\x02\
\0\0\x10\0\0\0\xbf\x73\0\0\0\0\0\0\x85\0\0\0\x73\0\0\0\x61\xa2\x9c\xff\0\0\0\0\
\x61\xa1\xa0\xff\0\0\0\0\x67\x01\0\0\x20\0\0\0\x4f\x21\0\0\0\0\0\0\x61\xa3\x94\
\xff\0\0\0\0\x61\xa2\x98\xff\0\0\0\0\x67\x02\0\0\x20\0\0\0\x4f\x32\0\0\0\0\0\0\
\x63\x8a\x88\xff\0\0\0\0\x63\x8a\x84\xff\0\0\0\0\x63\x8a\x80\xff\0\0\0\0\x63\
\x8a\x7c\xff\0\0\0\0\x63\x8a\x78\xff\0\0\0\0\x63\x8a\x74\xff\0\0\0\0\x63\x8a\
\x70\xff\0\0\0\0\x63\x8a\x6c\xff\0\0\0\0\x63\x8a\x68\xff\0\0\0\0\x63\x8a\x64\
\xff\0\0\0\0\x63\x8a\x60\xff\0\0\0\0\x63\x8a\x5c\xff\0\0\0\0\x63\x8a\x58\xff\0\
\0\0\0\x63\x8a\x54\xff\0\0\0\0\x63\x8a\x50\xff\0\0\0\0\x63\x8a\x4c\xff\0\0\0\0\
\x63\x8a\x48\xff\0\0\0\0\x63\x8a\x44\xff\0\0\0\0\x63\x8a\x40\xff\0\0\0\0\x63\
\x8a\x3c\xff\0\0\0\0\xb4\x03\0\0\0\0\0\0\x63\x3a\x8c\xff\0\0\0\0\x61\xa3\xac\
\xff\0\0\0\0\x63\x3a\x38\xff\0\0\0\0\x7b\x2a\x20\xff\0\0\0\0\x7b\x1a\x28\xff\0\
\0\0\0\x61\xa1\xa4\xff\0\0\0\0\x61\xa2\xa8\xff\0\0\0\0\x67\x02\0\0\x20\0\0\0\
\x4f\x12\0\0\0\0\0\0\x7b\x2a\x30\xff\0\0\0\0\x85\0\0\0\x05\0\0\0\x7b\x0a\x60\
\xff\0\0\0\0\xbf\xa2\0\0\0\0\0\0\x07\x02\0\0\xb0\xff\xff\xff\xbf\xa3\0\0\0\0\0\
\0\x07\x03\0\0\x20\xff\xff\xff\x18\x01\0\0\0\0\0\0\0\0\0\0\0\0\0\0\xb7\x04\0\0\
\0\0\0\0\x85\0\0\0\x02\0\0\0\x61\xa6\xb0\xff\0\0\0\0\x61\xa1\x18\xff\0\0\0\0\
\x63\x1a\xb4\xff\0\0\0\0\x16\x01\x1d\0\0\0\0\0\xbf\xa2\0\0\0\0\0\0\x07\x02\0\0\
\xb4\xff\xff\xff\x18\x01\0\0\0\0\0\0\0\0\0\0\0\0\0\0\x85\0\0\0\x01\0\0\0\x55\0\
\x19\0\0\0\0\0\xb4\x02\0\0\x01\0\0\0\x61\xa1\xb4\xff\0\0\0\0\x1e\x61\x01\0\0\0\
\0\0\xb4\x02\0\0\x02\0\0\0\x63\x1a\xfc\xff\0\0\0\0\x63\x2a\xbc\xff\0\0\0\0\x63\
\x1a\xb8\xff\0\0\0\0\xbf\xa2\0\0\0\0\0\0\x07\x02\0\0\xfc\xff\xff\xff\xbf\xa3\0\
\0\0\0\0\0\x07\x03\0\0\xb8\xff\xff\xff\x18\x01\0\0\0\0\0\0\0\0\0\0\0\0\0\0\x05\
\0\x07\0\0\0\0\0\x85\0\0\0\x05\0\0\0\x7b\x09\x40\0\0\0\0\0\xbf\xa2\0\0\0\0\0\0\
\x07\x02\0\0\xb0\xff\xff\xff\x18\x01\0\0\0\0\0\0\0\0\0\0\0\0\0\0\xbf\x93\0\0\0\
\0\0\0\xb7\x04\0\0\0\0\0\0\x85\0\0\0\x02\0\0\0\xb4\0\0\0\0\0\0\0\x95\0\0\0\0\0\
\0\0\x61\x01\x04\0\0\0\0\0\x04\x01\0\0\x01\0\0\0\x63\x10\x04\0\0\0\0\0\xbf\xa2\
\0\0\0\0\0\0\x07\x02\0\0\xb4\xff\xff\xff\x18\x01\0\0\0\0\0\0\0\0\0\0\0\0\0\0\
\xbf\x03\0\0\0\0\0\0\x05\0\xf3\xff\0\0\0\0\xbf\x16\0\0\0\0\0\0\x61\x61\x2c\0\0\
\0\0\0\x63\x1a\xfc\xff\0\0\0\0\x85\0\0\0\x08\0\0\0\xbc\x07\0\0\0\0\0\0\xbf\xa2\
\0\0\0\0\0\0\x07\x02\0\0\xfc\xff\xff\xff\x18\x01\0\0\0\0\0\0\0\0\0\0\0\0\0\0\
\x85\0\0\0\x01\0\0\0\x55\0\x3f\0\0\0\0\0\x63\x7a\x74\xff\0\0\0\0\x61\xa1\xfc\
\xff\0\0\0\0\x63\x1a\x6c\xff\0\0\0\0\xb7\x01\0\0\x1c\0\0\0\x0f\x16\0\0\0\0\0\0\
\xb7\x07\0\0\0\0\0\0\x63\x7a\x7c\xff\0\0\0\0\x63\x7a\x78\xff\0\0\0\0\x63\x7a\
\x84\xff\0\0\0\0\x63\x7a\x80\xff\0\0\0\0\xb4\x08\0\0\0\0\0\0\x63\x8a\x70\xff\0\
\0\0\0\xbf\xa1\0\0\0\0\0\0\x07\x01\0\0\x78\xff\xff\xff\xb4\x02\0\0\x10\0\0\0\
\xbf\x63\0\0\0\0\0\0\x85\0\0\0\x73\0\0\0\x61\xa2\x74\xff\0\0\0\0\x61\xa1\x78\
\xff\0\0\0\0\x67\x01\0\0\x20\0\0\0\x4f\x21\0\0\0\0\0\0\x61\xa3\x6c\xff\0\0\0\0\
\x61\xa2\x70\xff\0\0\0\0\x67\x02\0\0\x20\0\0\0\x4f\x32\0\0\0\0\0\0\x63\x7a\xa8\
\xff\0\0\0\0\x63\x7a\xa4\xff\0\0\0\0\x63\x7a\xb0\xff\0\0\0\0\x63\x7a\xac\xff\0\
\0\0\0\x63\x7a\xb8\xff\0\0\0\0\x63\x7a\xb4\xff\0\0\0\0\x63\x7a\xc0\xff\0\0\0\0\
\x63\x7a\xbc\xff\0\0\0\0\x63\x7a\xc8\xff\0\0\0\0\x63\x7a\xc4\xff\0\0\0\0\x63\
\x7a\xd0\xff\0\0\0\0\x63\x7a\xcc\xff\0\0\0\0\x63\x7a\xd8\xff\0\0\0\0\x63\x7a\
\xd4\xff\0\0\0\0\x63\x7a\xe0\xff\0\0\0\0\x63\x7a\xdc\xff\0\0\0\0\x63\x7a\xe8\
\xff\0\0\0\0\x63\x7a\xe4\xff\0\0\0\0\x63\x7a\xf0\xff\0\0\0\0\x63\x7a\xec\xff\0\
\0\0\0\x63\x8a\xf4\xff\0\0\0\0\x61\xa3\x84\xff\0\0\0\0\x63\x3a\xa0\xff\0\0\0\0\
\x7b\x2a\x88\xff\0\0\0\0\x7b\x1a\x90\xff\0\0\0\0\x61\xa1\x7c\xff\0\0\0\0\x61\
\xa2\x80\xff\0\0\0\0\x67\x02\0\0\x20\0\0\0\x4f\x12\0\0\0\0\0\0\x7b\x2a\x98\xff\
\0\0\0\0\xbf\xa2\0\0\0\0\0\0\x07\x02\0\0\xfc\xff\xff\xff\xbf\xa3\0\0\0\0\0\0\
\x07\x03\0\0\x88\xff\xff\xff\x18\x01\0\0\0\0\0\0\0\0\0\0\0\0\0\0\xb7\x04\0\0\0\
\0\0\0\x85\0\0\0\x02\0\0\0\xb4\0\0\0\0\0\0\0\x95\0\0\0\0\0\0\0\x85\0\0\0\x0e\0\
\0\0\x63\x0a\xfc\xff\0\0\0\0\xbf\x01\0\0\0\0\0\0\x77\x01\0\0\x20\0\0\0\x63\x1a\
\xf8\xff\0\0\0\0\x18\x01\0\0\0\0\0\0\0\0\0\0\x01\0\0\0\xad\x10\x33\0\0\0\0\0\
\x16\0\x32\0\0\0\0\0\xbf\xa2\0\0\0\0\0\0\x07\x02\0\0\xfc\xff\xff\xff\x18\x01\0\
\0\0\0\0\0\0\0\0\0\0\0\0\0\x85\0\0\0\x03\0\0\0\xbf\xa2\0\0\0\0\0\0\x07\x02\0\0\
\xf8\xff\xff\xff\x18\x01\0\0\0\0\0\0\0\0\0\0\0\0\0\0\x85\0\0\0\x01\0\0\0\xbf\
\x06\0\0\0\0\0\0\x15\x06\x26\0\0\0\0\0\x61\x61\x04\0\0\0\0\0\x16\x01\x02\0\0\0\
\0\0\x04\x01\0\0\xff\xff\xff\xff\x63\x16\x04\0\0\0\0\0\xbf\xa2\0\0\0\0\0\0\x07\
\x02\0\0\xfc\xff\xff\xff\x18\x01\0\0\0\0\0\0\0\0\0\0\0\0\0\0\x85\0\0\0\x01\0\0\
\0\x15\0\x05\0\0\0\0\0\xbf\xa2\0\0\0\0\0\0\x07\x02\0\0\xfc\xff\xff\xff\x18\x01\
\0\0\0\0\0\0\0\0\0\0\0\0\0\0\x85\0\0\0\x03\0\0\0\xbf\xa2\0\0\0\0\0\0\x07\x02\0\
\0\xfc\xff\xff\xff\x18\x01\0\0\0\0\0\0\0\0\0\0\0\0\0\0\x85\0\0\0\x03\0\0\0\x61\
\x61\x04\0\0\0\0\0\x56\x01\x10\0\0\0\0\0\xbf\xa6\0\0\0\0\0\0\x07\x06\0\0\xf8\
\xff\xff\xff\x18\x01\0\0\0\0\0\0\0\0\0\0\0\0\0\0\xbf\x62\0\0\0\0\0\0\x85\0\0\0\
\x03\0\0\0\x18\x01\0\0\0\0\0\0\0\0\0\0\0\0\0\0\xbf\x62\0\0\0\0\0\0\x85\0\0\0\
\x01\0\0\0\x15\0\x05\0\0\0\0\0\xbf\xa2\0\0\0\0\0\0\x07\x02\0\0\xf8\xff\xff\xff\
\x18\x01\0\0\0\0\0\0\0\0\0\0\0\0\0\0\x85\0\0\0\x03\0\0\0\xb4\0\0\0\0\0\0\0\x95\
\0\0\0\0\0\0\0\xbf\x18\0\0\0\0\0\0\x61\x81\x18\0\0\0\0\0\x63\x1a\xfc\xff\0\0\0\
\0\x61\x86\x38\0\0\0\0\0\x63\x6a\xf8\xff\0\0\0\0\x85\0\0\0\x08\0\0\0\x63\x0a\
\xf4\xff\0\0\0\0\x85\0\0\0\x05\0\0\0\x7b\x0a\x48\xff\0\0\0\0\xbf\xa2\0\0\0\0\0\
\0\x07\x02\0\0\xf4\xff\xff\xff\x18\x01\0\0\0\0\0\0\0\0\0\0\0\0\0\0\x85\0\0\0\
\x01\0\0\0\x55\0\x24\0\0\0\0\0\xb7\x09\0\0\0\0\0\0\x7b\x9a\x98\xff\0\0\0\0\x7b\
\x9a\x90\xff\0\0\0\0\x7b\x9a\x88\xff\0\0\0\0\x7b\x9a\x80\xff\0\0\0\0\x7b\x9a\
\x78\xff\0\0\0\0\x7b\x9a\x70\xff\0\0\0\0\x7b\x9a\x68\xff\0\0\0\0\x7b\x9a\x60\
\xff\0\0\0\0\x7b\x9a\x58\xff\0\0\0\0\x7b\x9a\x50\xff\0\0\0\0\xbf\xa7\0\0\0\0\0\
\0\x07\x07\0\0\xf4\xff\xff\xff\xbf\xa3\0\0\0\0\0\0\x07\x03\0\0\x50\xff\xff\xff\
\x18\x01\0\0\0\0\0\0\0\0\0\0\0\0\0\0\xbf\x72\0\0\0\0\0\0\xb7\x04\0\0\0\0\0\0\
\x85\0\0\0\x02\0\0\0\xb7\x01\0\0\0\x65\xcd\x1d\x7b\x1a\xe0\xff\0\0\0\0\x7b\x9a\
\xc0\xff\0\0\0\0\x61\xa1\xf4\xff\0\0\0\0\x63\x1a\xc0\xff\0\0\0\0\x7b\x9a\xe8\
\xff\0\0\0\0\x7b\x9a\xd8\xff\0\0\0\0\x7b\x9a\xd0\xff\0\0\0\0\x7b\x9a\xc8\xff\0\
\0\0\0\xbf\xa3\0\0\0\0\0\0\x07\x03\0\0\xc0\xff\xff\xff\x18\x01\0\0\0\0\0\0\0\0\
\0\0\0\0\0\0\xbf\x72\0\0\0\0\0\0\xb7\x04\0\0\0\0\0\0\x85\0\0\0\x02\0\0\0\xbf\
\xa2\0\0\0\0\0\0\x07\x02\0\0\xf4\xff\xff\xff\x18\x01\0\0\0\0\0\0\0\0\0\0\0\0\0\
\0\x85\0\0\0\x01\0\0\0\xbf\x07\0\0\0\0\0\0\xb4\0\0\0\xff\xff\xff\xff\x15\x07\
\x57\x02\0\0\0\0\xbf\x79\0\0\0\0\0\0\x61\xa1\xfc\xff\0\0\0\0\x16\x01\xad\x01\0\
\0\0\0\x7b\x9a\x40\xff\0\0\0\0\xbf\xa2\0\0\0\0\0\0\x07\x02\0\0\xfc\xff\xff\xff\
\x18\x01\0\0\0\0\0\0\0\0\0\0\0\0\0\0\x85\0\0\0\x01\0\0\0\x55\0\x42\0\0\0\0\0\
\x61\xa1\xfc\xff\0\0\0\0\x63\x1a\xc0\xff\0\0\0\0\x61\xa1\xf4\xff\0\0\0\0\x63\
\x1a\xc8\xff\0\0\0\0\xb7\x01\0\0\x08\0\0\0\xbf\x83\0\0\0\0\0\0\x0f\x13\0\0\0\0\
\0\0\xb7\x07\0\0\0\0\0\0\x63\x7a\xd0\xff\0\0\0\0\x63\x7a\xcc\xff\0\0\0\0\x63\
\x7a\xd8\xff\0\0\0\0\x63\x7a\xd4\xff\0\0\0\0\xb4\x09\0\0\0\0\0\0\x63\x9a\xc4\
\xff\0\0\0\0\xbf\xa1\0\0\0\0\0\0\x07\x01\0\0\xcc\xff\xff\xff\xb4\x02\0\0\x10\0\
\0\0\x85\0\0\0\x73\0\0\0\x61\xa2\xc8\xff\0\0\0\0\x61\xa1\xcc\xff\0\0\0\0\x67\
\x01\0\0\x20\0\0\0\x4f\x21\0\0\0\0\0\0\x61\xa3\xc0\xff\0\0\0\0\x61\xa2\xc4\xff\
\0\0\0\0\x67\x02\0\0\x20\0\0\0\x4f\x32\0\0\0\0\0\0\x63\x7a\x70\xff\0\0\0\0\x63\
\x7a\x6c\xff\0\0\0\0\x63\x7a\x78\xff\0\0\0\0\x63\x7a\x74\xff\0\0\0\0\x63\x7a\
\x80\xff\0\0\0\0\x63\x7a\x7c\xff\0\0\0\0\x63\x7a\x88\xff\0\0\0\0\x63\x7a\x84\
\xff\0\0\0\0\x63\x7a\x90\xff\0\0\0\0\x63\x7a\x8c\xff\0\0\0\0\x63\x7a\x98\xff\0\
\0\0\0\x63\x7a\x94\xff\0\0\0\0\x63\x7a\xa0\xff\0\0\0\0\x63\x7a\x9c\xff\0\0\0\0\
\x63\x7a\xa8\xff\0\0\0\0\x63\x7a\xa4\xff\0\0\0\0\x63\x7a\xb0\xff\0\0\0\0\x63\
\x7a\xac\xff\0\0\0\0\x63\x7a\xb8\xff\0\0\0\0\x63\x7a\xb4\xff\0\0\0\0\x63\x9a\
\xbc\xff\0\0\0\0\x61\xa3\xd8\xff\0\0\0\0\x63\x3a\x68\xff\0\0\0\0\x7b\x2a\x50\
\xff\0\0\0\0\x7b\x1a\x58\xff\0\0\0\0\x61\xa1\xd0\xff\0\0\0\0\x61\xa2\xd4\xff\0\
\0\0\0\x67\x02\0\0\x20\0\0\0\x4f\x12\0\0\0\0\0\0\x7b\x2a\x60\xff\0\0\0\0\x79\
\xa1\x48\xff\0\0\0\0\x7b\x1a\x88\xff\0\0\0\0\x7b\x1a\xa0\xff\0\0\0\0\xbf\xa2\0\
\0\0\0\0\0\x07\x02\0\0\xfc\xff\xff\xff\xbf\xa3\0\0\0\0\0\0\x07\x03\0\0\x50\xff\
\xff\xff\x18\x01\0\0\0\0\0\0\0\0\0\0\0\0\0\0\x05\0\x61\x01\0\0\0\0\xbf\x09\0\0\
\0\0\0\0\x61\xa1\xfc\xff\0\0\0\0\x63\x19\0\0\0\0\0\0\x79\x93\x38\0\0\0\0\0\x15\
\x03\x55\x01\0\0\0\0\x71\x94\x1c\0\0\0\0\0\xb7\x02\0\0\x28\0\0\0\x56\x04\x01\0\
\0\0\0\0\xb7\x02\0\0\x20\0\0\0\x79\xa4\x48\xff\0\0\0\0\x1f\x34\0\0\0\0\0\0\x0f\
\x20\0\0\0\0\0\0\x79\x03\0\0\0\0\0\0\x0f\x43\0\0\0\0\0\0\x7b\x30\0\0\0\0\0\0\
\x0f\x27\0\0\0\0\0\0\x79\x72\0\0\0\0\0\0\x0f\x42\0\0\0\0\0\0\x7b\x27\0\0\0\0\0\
\0\x79\x97\x30\0\0\0\0\0\x7b\x4a\x38\xff\0\0\0\0\x0f\x47\0\0\0\0\0\0\x7b\x79\
\x30\0\0\0\0\0\x63\x1a\xc0\xff\0\0\0\0\x85\0\0\0\x05\0\0\0\x79\x91\x50\0\0\0\0\
\0\x55\x01\x02\0\0\0\0\0\x7b\x09\x50\0\0\0\0\0\x05\0\x2f\x01\0\0\0\0\xbf\x02\0\
\0\0\0\0\0\x1f\x12\0\0\0\0\0\0\x71\x91\x1e\0\0\0\0\0\x56\x01\x18\0\0\0\0\0\x27\
\x07\0\0\x64\0\0\0\x37\x07\0\0\0\x65\xcd\x1d\xa6\x07\x15\0\x1e\0\0\0\x25\x02\
\x14\0\xff\x64\xcd\x1d\x7b\x0a\x30\xff\0\0\0\0\xbf\xa2\0\0\0\0\0\0\x07\x02\0\0\
\xc0\xff\xff\xff\xb7\x07\0\0\0\0\0\0\x18\x01\0\0\0\0\0\0\0\0\0\0\0\0\0\0\xbf\
\x23\0\0\0\0\0\0\xb7\x04\0\0\0\0\0\0\x85\0\0\0\x02\0\0\0\x18\x01\0\0\0\0\0\0\0\
\0\0\0\0\0\0\0\xb7\x02\0\0\x70\0\0\0\xb7\x03\0\0\0\0\0\0\x85\0\0\0\x83\0\0\0\
\x55\0\x16\0\0\0\0\0\x18\x01\0\0\x6a\0\0\0\0\0\0\0\0\0\0\0\xb4\x02\0\0\x1d\0\0\
\0\x85\0\0\0\x06\0\0\0\x05\0\x1a\x01\0\0\0\0\xa5\x02\x19\x01\x01\x65\xcd\x1d\
\x56\x01\x07\0\0\0\0\0\xbf\xa2\0\0\0\0\0\0\x07\x02\0\0\xc0\xff\xff\xff\x18\x01\
\0\0\0\0\0\0\0\0\0\0\0\0\0\0\xbf\x07\0\0\0\0\0\0\x85\0\0\0\x03\0\0\0\xbf\x70\0\
\0\0\0\0\0\xb4\x01\0\0\0\0\0\0\x73\x19\x1e\0\0\0\0\0\x7b\x09\x50\0\0\0\0\0\xb7\
\x01\0\0\0\0\0\0\x7b\x19\x20\0\0\0\0\0\x7b\x19\x28\0\0\0\0\0\x7b\x19\x30\0\0\0\
\0\0\x05\0\x02\x01\0\0\0\0\x7b\x70\x68\0\0\0\0\0\x7b\x70\x60\0\0\0\0\0\x7b\x70\
\x58\0\0\0\0\0\x7b\x70\x50\0\0\0\0\0\x7b\x70\x48\0\0\0\0\0\x7b\x70\x40\0\0\0\0\
\0\x7b\x70\x38\0\0\0\0\0\x7b\x70\x30\0\0\0\0\0\x7b\x70\x28\0\0\0\0\0\x7b\x70\
\x20\0\0\0\0\0\x7b\x70\x18\0\0\0\0\0\x7b\x70\x10\0\0\0\0\0\x7b\x70\x08\0\0\0\0\
\0\x7b\x70\0\0\0\0\0\0\x79\x91\0\0\0\0\0\0\x7b\x10\0\0\0\0\0\0\x79\x91\x08\0\0\
\0\0\0\x7b\x10\x08\0\0\0\0\0\x79\x91\x10\0\0\0\0\0\x7b\x10\x10\0\0\0\0\0\x61\
\x91\x18\0\0\0\0\0\x63\x10\x18\0\0\0\0\0\x79\x91\x50\0\0\0\0\0\x79\xa7\x30\xff\
\0\0\0\0\x1f\x71\0\0\0\0\0\0\x27\x01\0\0\x0a\0\0\0\x18\x02\0\0\0\xf2\x05\x2a\0\
\0\0\0\x01\0\0\0\x0f\x21\0\0\0\0\0\0\x37\x01\0\0\0\x65\xcd\x1d\x79\x92\x30\0\0\
\0\0\0\xbf\x23\0\0\0\0\0\0\x2f\x13\0\0\0\0\0\0\x27\x03\0\0\x64\0\0\0\x37\x03\0\
\0\0\x65\xcd\x1d\x63\x30\x68\0\0\0\0\0\x79\x91\x28\0\0\0\0\0\x3f\x21\0\0\0\0\0\
\0\x63\x10\x64\0\0\0\0\0\x79\x91\x20\0\0\0\0\0\x3f\x21\0\0\0\0\0\0\x63\x10\x60\
\0\0\0\0\0\xbf\x01\0\0\0\0\0\0\xb7\x02\0\0\0\0\0\0\x85\0\0\0\x84\0\0\0\xb4\x01\
\0\0\x01\0\0\0\x73\x19\x1e\0\0\0\0\0\x79\x91\x58\0\0\0\0\0\x15\x01\x03\0\0\0\0\
\0\xbf\x72\0\0\0\0\0\0\x1f\x12\0\0\0\0\0\0\xa5\x02\xce\0\x01\xf2\x05\x2a\x61\
\xa7\xc0\xff\0\0\0\0\x63\x7a\x50\xff\0\0\0\0\x85\0\0\0\x05\0\0\0\x16\x07\xc8\0\
\0\0\0\0\xbf\xa2\0\0\0\0\0\0\x07\x02\0\0\x50\xff\xff\xff\x18\x01\0\0\0\0\0\0\0\
\0\0\0\0\0\0\0\x85\0\0\0\x01\0\0\0\x15\0\xc2\0\0\0\0\0\x7b\x0a\x28\xff\0\0\0\0\
\xb7\x07\0\0\0\0\0\0\x18\x01\0\0\0\0\0\0\0\0\0\0\0\0\0\0\xb7\x02\0\0\x60\x01\0\
\0\xb7\x03\0\0\0\0\0\0\x85\0\0\0\x83\0\0\0\x55\0\x05\0\0\0\0\0\x18\x01\0\0\x87\
\0\0\0\0\0\0\0\0\0\0\0\xb4\x02\0\0\x20\0\0\0\x85\0\0\0\x06\0\0\0\x05\0\xb5\0\0\
\0\0\0\x7b\x70\x58\x01\0\0\0\0\x7b\x70\x50\x01\0\0\0\0\x7b\x70\x48\x01\0\0\0\0\
\x7b\x70\x40\x01\0\0\0\0\x7b\x70\x38\x01\0\0\0\0\x7b\x70\x30\x01\0\0\0\0\x7b\
\x70\x28\x01\0\0\0\0\x7b\x70\x20\x01\0\0\0\0\x7b\x70\x18\x01\0\0\0\0\x7b\x70\
\x10\x01\0\0\0\0\x7b\x70\x08\x01\0\0\0\0\x7b\x70\0\x01\0\0\0\0\x7b\x70\xf8\0\0\
\0\0\0\x7b\x70\xf0\0\0\0\0\0\x7b\x70\xe8\0\0\0\0\0\x7b\x70\xe0\0\0\0\0\0\x7b\
\x70\xd8\0\0\0\0\0\x7b\x70\xd0\0\0\0\0\0\x7b\x70\xc8\0\0\0\0\0\x7b\x70\xc0\0\0\
\0\0\0\x7b\x70\xb8\0\0\0\0\0\x7b\x70\xb0\0\0\0\0\0\x7b\x70\xa8\0\0\0\0\0\x7b\
\x70\xa0\0\0\0\0\0\x7b\x70\x98\0\0\0\0\0\x7b\x70\x90\0\0\0\0\0\x7b\x70\x88\0\0\
\0\0\0\x7b\x70\x80\0\0\0\0\0\x7b\x70\x78\0\0\0\0\0\x7b\x70\x70\0\0\0\0\0\x7b\
\x70\x68\0\0\0\0\0\x7b\x70\x60\0\0\0\0\0\x7b\x70\x58\0\0\0\0\0\x7b\x70\x50\0\0\
\0\0\0\x7b\x70\x48\0\0\0\0\0\x7b\x70\x40\0\0\0\0\0\x7b\x70\x38\0\0\0\0\0\x7b\
\x70\x30\0\0\0\0\0\x7b\x70\x28\0\0\0\0\0\x7b\x70\x20\0\0\0\0\0\x7b\x70\x18\0\0\
\0\0\0\x7b\x70\x10\0\0\0\0\0\x7b\x70\x08\0\0\0\0\0\x7b\x70\0\0\0\0\0\0\x61\xa1\
\x50\xff\0\0\0\0\x63\x10\0\0\0\0\0\0\xbf\x01\0\0\0\0\0\0\x07\x01\0\0\x04\0\0\0\
\x79\xa7\x28\xff\0\0\0\0\xbf\x73\0\0\0\0\0\0\x07\x03\0\0\x04\0\0\0\xb4\x02\0\0\
\x10\0\0\0\x7b\x0a\x20\xff\0\0\0\0\x85\0\0\0\x2d\0\0\0\x79\xa1\x20\xff\0\0\0\0\
\x61\x72\x14\0\0\0\0\0\x63\x21\x14\0\0\0\0\0\x61\x74\x18\0\0\0\0\0\x63\x41\x18\
\0\0\0\0\0\xc6\x02\x3b\0\0\0\0\0\x79\x73\x20\0\0\0\0\0\x7b\x31\x20\0\0\0\0\0\
\x16\x02\x38\0\0\0\0\0\x79\x73\x28\0\0\0\0\0\x7b\x31\x28\0\0\0\0\0\x16\x02\x35\
\0\x01\0\0\0\x79\x73\x30\0\0\0\0\0\x7b\x31\x30\0\0\0\0\0\x16\x02\x32\0\x02\0\0\
\0\x79\x73\x38\0\0\0\0\0\x7b\x31\x38\0\0\0\0\0\xa6\x02\x2f\0\x04\0\0\0\x79\x73\
\x40\0\0\0\0\0\x7b\x31\x40\0\0\0\0\0\x16\x02\x2c\0\x04\0\0\0\x79\x73\x48\0\0\0\
\0\0\x7b\x31\x48\0\0\0\0\0\xa6\x02\x29\0\x06\0\0\0\x79\x73\x50\0\0\0\0\0\x7b\
\x31\x50\0\0\0\0\0\x16\x02\x26\0\x06\0\0\0\x79\x73\x58\0\0\0\0\0\x7b\x31\x58\0\
\0\0\0\0\xa6\x02\x23\0\x08\0\0\0\x79\x73\x60\0\0\0\0\0\x7b\x31\x60\0\0\0\0\0\
\x16\x02\x20\0\x08\0\0\0\x79\x73\x68\0\0\0\0\0\x7b\x31\x68\0\0\0\0\0\xa6\x02\
\x1d\0\x0a\0\0\0\x79\x73\x70\0\0\0\0\0\x7b\x31\x70\0\0\0\0\0\x16\x02\x1a\0\x0a\
\0\0\0\x79\x73\x78\0\0\0\0\0\x7b\x31\x78\0\0\0\0\0\xa6\x02\x17\0\x0c\0\0\0\x79\
\x73\x80\0\0\0\0\0\x7b\x31\x80\0\0\0\0\0\x16\x02\x14\0\x0c\0\0\0\x79\x73\x88\0\
\0\0\0\0\x7b\x31\x88\0\0\0\0\0\xa6\x02\x11\0\x0e\0\0\0\x79\x73\x90\0\0\0\0\0\
\x7b\x31\x90\0\0\0\0\0\x16\x02\x0e\0\x0e\0\0\0\x79\x73\x98\0\0\0\0\0\x7b\x31\
\x98\0\0\0\0\0\xa6\x02\x0b\0\x10\0\0\0\x79\x73\xa0\0\0\0\0\0\x7b\x31\xa0\0\0\0\
\0\0\x16\x02\x08\0\x10\0\0\0\x79\x73\xa8\0\0\0\0\0\x7b\x31\xa8\0\0\0\0\0\xa6\
\x02\x05\0\x12\0\0\0\x79\x73\xb0\0\0\0\0\0\x7b\x31\xb0\0\0\0\0\0\x16\x02\x02\0\
\x12\0\0\0\x79\x72\xb8\0\0\0\0\0\x7b\x21\xb8\0\0\0\0\0\xc6\x04\x3b\0\0\0\0\0\
\x79\x72\xc0\0\0\0\0\0\x7b\x21\xc0\0\0\0\0\0\x16\x04\x38\0\0\0\0\0\x79\x72\xc8\
\0\0\0\0\0\x7b\x21\xc8\0\0\0\0\0\x16\x04\x35\0\x01\0\0\0\x79\x72\xd0\0\0\0\0\0\
\x7b\x21\xd0\0\0\0\0\0\x16\x04\x32\0\x02\0\0\0\x79\x72\xd8\0\0\0\0\0\x7b\x21\
\xd8\0\0\0\0\0\xa6\x04\x2f\0\x04\0\0\0\x79\x72\xe0\0\0\0\0\0\x7b\x21\xe0\0\0\0\
\0\0\x16\x04\x2c\0\x04\0\0\0\x79\x72\xe8\0\0\0\0\0\x7b\x21\xe8\0\0\0\0\0\xa6\
\x04\x29\0\x06\0\0\0\x79\x72\xf0\0\0\0\0\0\x7b\x21\xf0\0\0\0\0\0\x16\x04\x26\0\
\x06\0\0\0\x79\x72\xf8\0\0\0\0\0\x7b\x21\xf8\0\0\0\0\0\xa6\x04\x23\0\x08\0\0\0\
\x79\x72\0\x01\0\0\0\0\x7b\x21\0\x01\0\0\0\0\x16\x04\x20\0\x08\0\0\0\x79\x72\
\x08\x01\0\0\0\0\x7b\x21\x08\x01\0\0\0\0\xa6\x04\x1d\0\x0a\0\0\0\x79\x72\x10\
\x01\0\0\0\0\x7b\x21\x10\x01\0\0\0\0\x16\x04\x1a\0\x0a\0\0\0\x79\x72\x18\x01\0\
\0\0\0\x7b\x21\x18\x01\0\0\0\0\xa6\x04\x17\0\x0c\0\0\0\x79\x72\x20\x01\0\0\0\0\
\x7b\x21\x20\x01\0\0\0\0\x16\x04\x14\0\x0c\0\0\0\x79\x72\x28\x01\0\0\0\0\x7b\
\x21\x28\x01\0\0\0\0\xa6\x04\x11\0\x0e\0\0\0\x79\x72\x30\x01\0\0\0\0\x7b\x21\
\x30\x01\0\0\0\0\x16\x04\x0e\0\x0e\0\0\0\x79\x72\x38\x01\0\0\0\0\x7b\x21\x38\
\x01\0\0\0\0\xa6\x04\x0b\0\x10\0\0\0\x79\x72\x40\x01\0\0\0\0\x7b\x21\x40\x01\0\
\0\0\0\x16\x04\x08\0\x10\0\0\0\x79\x72\x48\x01\0\0\0\0\x7b\x21\x48\x01\0\0\0\0\
\xa6\x04\x05\0\x12\0\0\0\x79\x72\x50\x01\0\0\0\0\x7b\x21\x50\x01\0\0\0\0\x16\
\x04\x02\0\x12\0\0\0\x79\x72\x58\x01\0\0\0\0\x7b\x21\x58\x01\0\0\0\0\xb7\x02\0\
\0\0\0\0\0\x85\0\0\0\x84\0\0\0\x79\xa1\x30\xff\0\0\0\0\x7b\x19\x58\0\0\0\0\0\
\xbf\xa2\0\0\0\0\0\0\x07\x02\0\0\xc0\xff\xff\xff\x18\x01\0\0\0\0\0\0\0\0\0\0\0\
\0\0\0\xbf\x93\0\0\0\0\0\0\xb7\x04\0\0\0\0\0\0\x85\0\0\0\x02\0\0\0\x61\x91\x04\
\0\0\0\0\0\x16\x01\x05\0\0\0\0\0\x79\xa2\x40\xff\0\0\0\0\x79\x24\x18\0\0\0\0\0\
\x79\xa2\x38\xff\0\0\0\0\xb4\x03\0\0\0\0\0\0\x85\x10\0\0\xff\xff\xff\xff\x79\
\xa1\x48\xff\0\0\0\0\x7b\x19\x38\0\0\0\0\0\xbf\xa2\0\0\0\0\0\0\x07\x02\0\0\xfc\
\xff\xff\xff\x18\x01\0\0\0\0\0\0\0\0\0\0\0\0\0\0\xbf\x93\0\0\0\0\0\0\xb7\x04\0\
\0\0\0\0\0\x85\0\0\0\x02\0\0\0\x79\xa9\x40\xff\0\0\0\0\x16\x06\x9e\0\0\0\0\0\
\xbf\xa2\0\0\0\0\0\0\x07\x02\0\0\xf8\xff\xff\xff\x18\x01\0\0\0\0\0\0\0\0\0\0\0\
\0\0\0\x85\0\0\0\x01\0\0\0\xbf\x07\0\0\0\0\0\0\x55\x07\x42\0\0\0\0\0\x61\xa1\
\xf8\xff\0\0\0\0\x63\x1a\xc0\xff\0\0\0\0\x61\xa1\xf4\xff\0\0\0\0\x63\x1a\xc8\
\xff\0\0\0\0\xb7\x01\0\0\x28\0\0\0\x0f\x18\0\0\0\0\0\0\xb7\x06\0\0\0\0\0\0\x63\
\x6a\xd0\xff\0\0\0\0\x63\x6a\xcc\xff\0\0\0\0\x63\x6a\xd8\xff\0\0\0\0\x63\x6a\
\xd4\xff\0\0\0\0\xb4\x07\0\0\0\0\0\0\x63\x7a\xc4\xff\0\0\0\0\xbf\xa1\0\0\0\0\0\
\0\x07\x01\0\0\xcc\xff\xff\xff\xb4\x02\0\0\x10\0\0\0\xbf\x83\0\0\0\0\0\0\x85\0\
\0\0\x73\0\0\0\x61\xa2\xc8\xff\0\0\0\0\x61\xa1\xcc\xff\0\0\0\0\x67\x01\0\0\x20\
\0\0\0\x4f\x21\0\0\0\0\0\0\x61\xa3\xc0\xff\0\0\0\0\x61\xa2\xc4\xff\0\0\0\0\x67\
\x02\0\0\x20\0\0\0\x4f\x32\0\0\0\0\0\0\x63\x6a\x70\xff\0\0\0\0\x63\x6a\x6c\xff\
\0\0\0\0\x63\x6a\x78\xff\0\0\0\0\x63\x6a\x74\xff\0\0\0\0\x63\x6a\x80\xff\0\0\0\
\0\x63\x6a\x7c\xff\0\0\0\0\x63\x6a\x88\xff\0\0\0\0\x63\x6a\x84\xff\0\0\0\0\x63\
\x6a\x90\xff\0\0\0\0\x63\x6a\x8c\xff\0\0\0\0\x63\x6a\x98\xff\0\0\0\0\x63\x6a\
\x94\xff\0\0\0\0\x63\x6a\xa0\xff\0\0\0\0\x63\x6a\x9c\xff\0\0\0\0\x63\x6a\xa8\
\xff\0\0\0\0\x63\x6a\xa4\xff\0\0\0\0\x63\x6a\xb0\xff\0\0\0\0\x63\x6a\xac\xff\0\
\0\0\0\x63\x6a\xb8\xff\0\0\0\0\x63\x6a\xb4\xff\0\0\0\0\x63\x7a\xbc\xff\0\0\0\0\
\x61\xa3\xd8\xff\0\0\0\0\x63\x3a\x68\xff\0\0\0\0\x7b\x2a\x50\xff\0\0\0\0\x7b\
\x1a\x58\xff\0\0\0\0\x61\xa1\xd0\xff\0\0\0\0\x61\xa2\xd4\xff\0\0\0\0\x67\x02\0\
\0\x20\0\0\0\x4f\x12\0\0\0\0\0\0\x7b\x2a\x60\xff\0\0\0\0\x79\xa1\x48\xff\0\0\0\
\0\x7b\x1a\x88\xff\0\0\0\0\x7b\x1a\xa0\xff\0\0\0\0\xbf\xa2\0\0\0\0\0\0\x07\x02\
\0\0\xf8\xff\xff\xff\xbf\xa3\0\0\0\0\0\0\x07\x03\0\0\x50\xff\xff\xff\x18\x01\0\
\0\0\0\0\0\0\0\0\0\0\0\0\0\x05\0\x53\0\0\0\0\0\x61\xa1\xf8\xff\0\0\0\0\x63\x17\
\0\0\0\0\0\0\x79\x72\x40\0\0\0\0\0\x79\xa1\x48\xff\0\0\0\0\x1f\x21\0\0\0\0\0\0\
\x7b\x17\x48\0\0\0\0\0\xb4\x02\0\0\0\0\0\0\xa5\x01\x0d\0\xe8\x03\0\0\xb4\x02\0\
\0\x01\0\0\0\xa5\x01\x0b\0\x88\x13\0\0\xb4\x02\0\0\x02\0\0\0\xa5\x01\x09\0\x68\
\x42\0\0\xb4\x02\0\0\x03\0\0\0\xa5\x01\x07\0\xe8\xfd\0\0\xb4\x02\0\0\x04\0\0\0\
\xa5\x01\x05\0\xe8\xeb\x03\0\xb4\x02\0\0\x05\0\0\0\xa5\x01\x03\0\x40\x42\x0f\0\
\xb4\x02\0\0\x06\0\0\0\xa5\x01\x01\0\0\x09\x3d\0\xb4\x02\0\0\x07\0\0\0\x63\x2a\
\x50\xff\0\0\0\0\xbf\xa2\0\0\0\0\0\0\x07\x02\0\0\x50\xff\xff\xff\x18\x01\0\0\0\
\0\0\0\0\0\0\0\0\0\0\0\x85\0\0\0\x01\0\0\0\x18\x03\0\0\0\0\0\0\0\0\0\0\0\0\0\0\
\x15\0\x04\0\0\0\0\0\x61\x01\0\0\0\0\0\0\x04\x01\0\0\x01\0\0\0\x63\x10\0\0\0\0\
\0\0\xbf\x03\0\0\0\0\0\0\xbf\xa2\0\0\0\0\0\0\x07\x02\0\0\x50\xff\xff\xff\x18\
\x01\0\0\0\0\0\0\0\0\0\0\0\0\0\0\xb7\x04\0\0\0\0\0\0\x85\0\0\0\x02\0\0\0\xbf\
\xa2\0\0\0\0\0\0\x07\x02\0\0\xf8\xff\xff\xff\x18\x01\0\0\0\0\0\0\0\0\0\0\0\0\0\
\0\x85\0\0\0\x01\0\0\0\x15\0\x12\0\0\0\0\0\xbf\xa2\0\0\0\0\0\0\x07\x02\0\0\x50\
\xff\xff\xff\x18\x01\0\0\0\0\0\0\0\0\0\0\0\0\0\0\x85\0\0\0\x01\0\0\0\x18\x03\0\
\0\0\0\0\0\0\0\0\0\0\0\0\0\x15\0\x04\0\0\0\0\0\x61\x01\0\0\0\0\0\0\x04\x01\0\0\
\x01\0\0\0\x63\x10\0\0\0\0\0\0\xbf\x03\0\0\0\0\0\0\xbf\xa2\0\0\0\0\0\0\x07\x02\
\0\0\x50\xff\xff\xff\x18\x01\0\0\0\0\0\0\0\0\0\0\0\0\0\0\xb7\x04\0\0\0\0\0\0\
\x85\0\0\0\x02\0\0\0\x79\x94\x18\0\0\0\0\0\x79\x71\x38\0\0\0\0\0\x3d\x41\x09\0\
\0\0\0\0\xb7\x01\0\0\0\0\0\0\x7b\x17\x30\0\0\0\0\0\x7b\x17\x28\0\0\0\0\0\x7b\
\x17\x20\0\0\0\0\0\x61\x71\x04\0\0\0\0\0\x16\x01\x03\0\0\0\0\0\xb7\x02\0\0\0\0\
\0\0\xb4\x03\0\0\x01\0\0\0\x85\x10\0\0\xff\xff\xff\xff\x79\xa1\x48\xff\0\0\0\0\
\x7b\x17\x38\0\0\0\0\0\xbf\xa2\0\0\0\0\0\0\x07\x02\0\0\xf8\xff\xff\xff\x18\x01\
\0\0\0\0\0\0\0\0\0\0\0\0\0\0\xbf\x73\0\0\0\0\0\0\xb7\x04\0\0\0\0\0\0\x85\0\0\0\
\x02\0\0\0\xbf\xa2\0\0\0\0\0\0\x07\x02\0\0\xf4\xff\xff\xff\x18\x01\0\0\0\0\0\0\
\0\0\0\0\0\0\0\0\xbf\x93\0\0\0\0\0\0\xb7\x04\0\0\0\0\0\0\x85\0\0\0\x02\0\0\0\
\xb4\0\0\0\0\0\0\0\x95\0\0\0\0\0\0\0\xbf\x16\0\0\0\0\0\0\x61\x61\x18\0\0\0\0\0\
\x63\x1a\xfc\xff\0\0\0\0\x16\x01\x67\0\0\0\0\0\xbf\xa2\0\0\0\0\0\0\x07\x02\0\0\
\xfc\xff\xff\xff\x18\x01\0\0\0\0\0\0\0\0\0\0\0\0\0\0\x85\0\0\0\x01\0\0\0\x15\0\
\x61\0\0\0\0\0\xbf\x61\0\0\0\0\0\0\x18\x02\0\0\0\0\0\0\0\0\0\0\0\0\0\0\xb7\x03\
\0\0\0\x04\0\0\x85\0\0\0\x1b\0\0\0\xbf\x07\0\0\0\0\0\0\x66\x07\x06\0\xff\xff\
\xff\xff\x18\x01\0\0\x08\0\0\0\0\0\0\0\0\0\0\0\xb4\x02\0\0\x22\0\0\0\xbc\x73\0\
\0\0\0\0\0\x85\0\0\0\x06\0\0\0\x05\0\x54\0\0\0\0\0\xbf\xa2\0\0\0\0\0\0\x07\x02\
\0\0\xfc\xff\xff\xff\x18\x01\0\0\0\0\0\0\0\0\0\0\0\0\0\0\x85\0\0\0\x01\0\0\0\
\x55\0\x1a\0\0\0\0\0\x61\xa1\xfc\xff\0\0\0\0\x63\x1a\x98\xfe\0\0\0\0\xbf\xa2\0\
\0\0\0\0\0\x07\x02\0\0\xfc\xff\xff\xff\x18\x01\0\0\0\0\0\0\0\0\0\0\0\0\0\0\x85\
\0\0\0\x01\0\0\0\x15\0\x06\0\0\0\0\0\x07\0\0\0\x0c\0\0\0\xbf\xa1\0\0\0\0\0\0\
\x07\x01\0\0\x9c\xfe\xff\xff\xb4\x02\0\0\x10\0\0\0\xbf\x03\0\0\0\0\0\0\x85\0\0\
\0\x73\0\0\0\xb4\x01\0\0\0\0\0\0\x63\x1a\xb0\xfe\0\0\0\0\x63\x1a\xac\xfe\0\0\0\
\0\xbf\xa2\0\0\0\0\0\0\x07\x02\0\0\xfc\xff\xff\xff\xbf\xa3\0\0\0\0\0\0\x07\x03\
\0\0\x98\xfe\xff\xff\x18\x01\0\0\0\0\0\0\0\0\0\0\0\0\0\0\xb7\x04\0\0\0\0\0\0\
\x85\0\0\0\x02\0\0\0\x05\0\x05\0\0\0\0\0\xbf\xa2\0\0\0\0\0\0\x07\x02\0\0\xfc\
\xff\xff\xff\x18\x01\0\0\0\0\0\0\0\0\0\0\0\0\0\0\x85\0\0\0\x01\0\0\0\xbf\xa2\0\
\0\0\0\0\0\x07\x02\0\0\xfc\xff\xff\xff\x18\x01\0\0\0\0\0\0\0\0\0\0\0\0\0\0\x85\
\0\0\0\x01\0\0\0\xbf\x08\0\0\0\0\0\0\x55\x08\x05\0\0\0\0\0\x18\x01\0\0\x2a\0\0\
\0\0\0\0\0\0\0\0\0\xb4\x02\0\0\x1e\0\0\0\x85\0\0\0\x06\0\0\0\x05\0\x23\0\0\0\0\
\0\x63\x78\x14\0\0\0\0\0\x67\x07\0\0\x03\0\0\0\x18\x01\0\0\xf8\xff\xff\xff\0\0\
\0\0\x03\0\0\0\x5f\x17\0\0\0\0\0\0\x15\x07\x05\0\0\0\0\0\xbf\x81\0\0\0\0\0\0\
\x07\x01\0\0\x20\0\0\0\xb4\x02\0\0\xa0\0\0\0\xbf\x73\0\0\0\0\0\0\x85\0\0\0\x71\
\0\0\0\xbf\x61\0\0\0\0\0\0\x18\x02\0\0\0\0\0\0\0\0\0\0\0\0\0\0\xb7\x03\0\0\0\
\x05\0\0\x85\0\0\0\x1b\0\0\0\xc6\0\x0b\0\0\0\0\0\x63\x08\x18\0\0\0\0\0\x67\0\0\
\0\x03\0\0\0\x18\x01\0\0\xf8\xff\xff\xff\0\0\0\0\x03\0\0\0\x5f\x10\0\0\0\0\0\0\
\x15\0\x05\0\0\0\0\0\xbf\x81\0\0\0\0\0\0\x07\x01\0\0\xc0\0\0\0\xb4\x02\0\0\xa0\
\0\0\0\xbf\x03\0\0\0\0\0\0\x85\0\0\0\x71\0\0\0\xbf\xa2\0\0\0\0\0\0\x07\x02\0\0\
\xfc\xff\xff\xff\x18\x01\0\0\0\0\0\0\0\0\0\0\0\0\0\0\xbf\x83\0\0\0\0\0\0\xb7\
\x04\0\0\0\0\0\0\x85\0\0\0\x02\0\0\0\xb4\0\0\0\0\0\0\0\x95\0\0\0\0\0\0\0\x61\
\x12\x0c\0\0\0\0\0\x63\x2a\xfc\xff\0\0\0\0\x61\x17\x08\0\0\0\0\0\x85\0\0\0\x05\
\0\0\0\xbf\x06\0\0\0\0\0\0\xbf\xa2\0\0\0\0\0\0\x07\x02\0\0\xfc\xff\xff\xff\x18\
\x01\0\0\0\0\0\0\0\0\0\0\0\0\0\0\x85\0\0\0\x01\0\0\0\x55\0\x23\0\0\0\0\0\xb7\
\x07\0\0\0\0\0\0\x7b\x7a\xf0\xff\0\0\0\0\x7b\x7a\xe8\xff\0\0\0\0\x7b\x7a\xe0\
\xff\0\0\0\0\x7b\x7a\xd8\xff\0\0\0\0\x7b\x7a\xd0\xff\0\0\0\0\x7b\x7a\xc8\xff\0\
\0\0\0\x7b\x7a\xc0\xff\0\0\0\0\x7b\x7a\xb8\xff\0\0\0\0\x7b\x7a\xb0\xff\0\0\0\0\
\x7b\x7a\xa8\xff\0\0\0\0\xbf\xa6\0\0\0\0\0\0\x07\x06\0\0\xfc\xff\xff\xff\xbf\
\xa3\0\0\0\0\0\0\x07\x03\0\0\xa8\xff\xff\xff\x18\x01\0\0\0\0\0\0\0\0\0\0\0\0\0\
\0\xbf\x62\0\0\0\0\0\0\xb7\x04\0\0\0\0\0\0\x85\0\0\0\x02\0\0\0\xb7\x01\0\0\0\
\x65\xcd\x1d\x7b\x1a\x98\xff\0\0\0\0\x7b\x7a\x78\xff\0\0\0\0\x61\xa1\xfc\xff\0\
\0\0\0\x63\x1a\x78\xff\0\0\0\0\x7b\x7a\xa0\xff\0\0\0\0\x7b\x7a\x90\xff\0\0\0\0\
\x7b\x7a\x88\xff\0\0\0\0\x7b\x7a\x80\xff\0\0\0\0\xbf\xa3\0\0\0\0\0\0\x07\x03\0\
\0\x78\xff\xff\xff\x18\x01\0\0\0\0\0\0\0\0\0\0\0\0\0\0\xbf\x62\0\0\0\0\0\0\x05\
\0\x0e\0\0\0\0\0\x56\x07\x07\0\xff\xff\xff\xff\x79\x01\0\0\0\0\0\0\x15\x01\x0d\
\0\0\0\0\0\x1f\x16\0\0\0\0\0\0\x79\x01\x30\0\0\0\0\0\x0f\x16\0\0\0\0\0\0\x7b\
\x60\x30\0\0\0\0\0\x05\0\x01\0\0\0\0\0\x7b\x60\0\0\0\0\0\0\xbf\xa2\0\0\0\0\0\0\
\x07\x02\0\0\xfc\xff\xff\xff\x18\x01\0\0\0\0\0\0\0\0\0\0\0\0\0\0\xbf\x03\0\0\0\
\0\0\0\xb7\x04\0\0\0\0\0\0\x85\0\0\0\x02\0\0\0\xb4\0\0\0\0\0\0\0\x95\0\0\0\0\0\
\0\0\x85\0\0\0\x23\0\0\0\xbf\x06\0\0\0\0\0\0\xb7\x01\0\0\xc0\x0a\0\0\xbf\x63\0\
\0\0\0\0\0\x0f\x13\0\0\0\0\0\0\xbf\xa1\0\0\0\0\0\0\x07\x01\0\0\x68\xff\xff\xff\
\xb4\x02\0\0\x04\0\0\0\x85\0\0\0\x71\0\0\0\x61\xa7\x68\xff\0\0\0\0\x63\x7a\xf8\
\xff\0\0\0\0\xb7\x01\0\0\xc4\x0a\0\0\xbf\x63\0\0\0\0\0\0\x0f\x13\0\0\0\0\0\0\
\xbf\xa1\0\0\0\0\0\0\x07\x01\0\0\x68\xff\xff\xff\xb4\x02\0\0\x04\0\0\0\x85\0\0\
\0\x71\0\0\0\x16\x07\xc6\0\0\0\0\0\x61\xa7\x68\xff\0\0\0\0\xbf\xa2\0\0\0\0\0\0\
\x07\x02\0\0\xf8\xff\xff\xff\x18\x01\0\0\0\0\0\0\0\0\0\0\0\0\0\0\x85\0\0\0\x01\
\0\0\0\x55\0\x90\0\0\0\0\0\x85\0\0\0\x08\0\0\0\xbc\x07\0\0\0\0\0\0\xb7\x01\0\0\
\xc0\x0a\0\0\xbf\x63\0\0\0\0\0\0\x0f\x13\0\0\0\0\0\0\xbf\xa1\0\0\0\0\0\0\x07\
\x01\0\0\xdc\xff\xff\xff\xb4\x02\0\0\x04\0\0\0\x85\0\0\0\x71\0\0\0\xb7\x01\0\0\
\xc4\x0a\0\0\xbf\x63\0\0\0\0\0\0\x0f\x13\0\0\0\0\0\0\xbf\xa1\0\0\0\0\0\0\x07\
\x01\0\0\x68\xff\xff\xff\xb4\x02\0\0\x04\0\0\0\x85\0\0\0\x71\0\0\0\x63\x7a\xe4\
\xff\0\0\0\0\x61\xa1\x68\xff\0\0\0\0\x63\x1a\xe0\xff\0\0\0\0\xb7\x01\0\0\xe0\
\x0c\0\0\x0f\x16\0\0\0\0\0\0\xb7\x08\0\0\0\0\0\0\x63\x8a\xec\xff\0\0\0\0\x63\
\x8a\xe8\xff\0\0\0\0\x63\x8a\xf4\xff\0\0\0\0\x63\x8a\xf0\xff\0\0\0\0\xbf\xa7\0\
\0\0\0\0\0\x07\x07\0\0\x68\xff\xff\xff\xbf\x71\0\0\0\0\0\0\xb4\x02\0\0\x10\0\0\
\0\xbf\x63\0\0\0\0\0\0\x85\0\0\0\x71\0\0\0\xbf\xa1\0\0\0\0\0\0\x07\x01\0\0\xe8\
\xff\xff\xff\xb4\x02\0\0\x10\0\0\0\xbf\x73\0\0\0\0\0\0\x85\0\0\0\x73\0\0\0\x61\
\xa2\xe4\xff\0\0\0\0\x61\xa1\xe8\xff\0\0\0\0\x67\x01\0\0\x20\0\0\0\x4f\x21\0\0\
\0\0\0\0\x61\xa3\xec\xff\0\0\0\0\x61\xa2\xf0\xff\0\0\0\0\x67\x02\0\0\x20\0\0\0\
\x4f\x32\0\0\0\0\0\0\x73\x8a\x8c\xff\0\0\0\0\x73\x8a\x8b\xff\0\0\0\0\x73\x8a\
\x8a\xff\0\0\0\0\x73\x8a\x89\xff\0\0\0\0\x73\x8a\x88\xff\0\0\0\0\x73\x8a\x94\
\xff\0\0\0\0\x73\x8a\x93\xff\0\0\0\0\x73\x8a\x92\xff\0\0\0\0\x73\x8a\x91\xff\0\
\0\0\0\x73\x8a\x90\xff\0\0\0\0\x73\x8a\x8f\xff\0\0\0\0\x73\x8a\x8e\xff\0\0\0\0\
\x73\x8a\x8d\xff\0\0\0\0\x73\x8a\x9c\xff\0\0\0\0\x73\x8a\x9b\xff\0\0\0\0\x73\
\x8a\x9a\xff\0\0\0\0\x73\x8a\x99\xff\0\0\0\0\x73\x8a\x98\xff\0\0\0\0\x73\x8a\
\x97\xff\0\0\0\0\x73\x8a\x96\xff\0\0\0\0\x73\x8a\x95\xff\0\0\0\0\x73\x8a\xa4\
\xff\0\0\0\0\x73\x8a\xa3\xff\0\0\0\0\x73\x8a\xa2\xff\0\0\0\0\x73\x8a\xa1\xff\0\
\0\0\0\x73\x8a\xa0\xff\0\0\0\0\x73\x8a\x9f\xff\0\0\0\0\x73\x8a\x9e\xff\0\0\0\0\
\x73\x8a\x9d\xff\0\0\0\0\x73\x8a\xac\xff\0\0\0\0\x73\x8a\xab\xff\0\0\0\0\x73\
\x8a\xaa\xff\0\0\0\0\x73\x8a\xa9\xff\0\0\0\0\x73\x8a\xa8\xff\0\0\0\0\x73\x8a\
\xa7\xff\0\0\0\0\x73\x8a\xa6\xff\0\0\0\0\x73\x8a\xa5\xff\0\0\0\0\x73\x8a\xb4\
\xff\0\0\0\0\x73\x8a\xb3\xff\0\0\0\0\x73\x8a\xb2\xff\0\0\0\0\x73\x8a\xb1\xff\0\
\0\0\0\x73\x8a\xb0\xff\0\0\0\0\x73\x8a\xaf\xff\0\0\0\0\x73\x8a\xae\xff\0\0\0\0\
\x73\x8a\xad\xff\0\0\0\0\x73\x8a\xbc\xff\0\0\0\0\x73\x8a\xbb\xff\0\0\0\0\x73\
\x8a\xba\xff\0\0\0\0\x73\x8a\xb9\xff\0\0\0\0\x73\x8a\xb8\xff\0\0\0\0\x73\x8a\
\xb7\xff\0\0\0\0\x73\x8a\xb6\xff\0\0\0\0\x73\x8a\xb5\xff\0\0\0\0\x73\x8a\xc4\
\xff\0\0\0\0\x73\x8a\xc3\xff\0\0\0\0\x73\x8a\xc2\xff\0\0\0\0\x73\x8a\xc1\xff\0\
\0\0\0\x73\x8a\xc0\xff\0\0\0\0\x73\x8a\xbf\xff\0\0\0\0\x73\x8a\xbe\xff\0\0\0\0\
\x73\x8a\xbd\xff\0\0\0\0\x73\x8a\xcc\xff\0\0\0\0\x73\x8a\xcb\xff\0\0\0\0\x73\
\x8a\xca\xff\0\0\0\0\x73\x8a\xc9\xff\0\0\0\0\x73\x8a\xc8\xff\0\0\0\0\x73\x8a\
\xc7\xff\0\0\0\0\x73\x8a\xc6\xff\0\0\0\0\x73\x8a\xc5\xff\0\0\0\0\x73\x8a\xd4\
\xff\0\0\0\0\x73\x8a\xd3\xff\0\0\0\0\x73\x8a\xd2\xff\0\0\0\0\x73\x8a\xd1\xff\0\
\0\0\0\x73\x8a\xd0\xff\0\0\0\0\x73\x8a\xcf\xff\0\0\0\0\x73\x8a\xce\xff\0\0\0\0\
\x73\x8a\xcd\xff\0\0\0\0\x61\xa3\xf4\xff\0\0\0\0\x63\x3a\x80\xff\0\0\0\0\xb4\
\x03\0\0\x01\0\0\0\x63\x3a\x84\xff\0\0\0\0\xb4\x03\0\0\0\0\0\0\x73\x3a\xd6\xff\
\0\0\0\0\x73\x3a\xd5\xff\0\0\0\0\x73\x3a\xd7\xff\0\0\0\0\x7b\x2a\x78\xff\0\0\0\
\0\x7b\x1a\x70\xff\0\0\0\0\x61\xa1\xdc\xff\0\0\0\0\x61\xa2\xe0\xff\0\0\0\0\x67\
\x02\0\0\x20\0\0\0\x4f\x12\0\0\0\0\0\0\x7b\x2a\x68\xff\0\0\0\0\xbf\xa2\0\0\0\0\
\0\0\x07\x02\0\0\xf8\xff\xff\xff\xbf\xa3\0\0\0\0\0\0\x07\x03\0\0\x68\xff\xff\
\xff\x18\x01\0\0\0\0\0\0\0\0\0\0\0\0\0\0\x05\0\x2d\0\0\0\0\0\x61\x01\x04\0\0\0\
\0\0\x56\x01\x24\0\0\0\0\0\x63\x70\x04\0\0\0\0\0\x61\xa8\xf8\xff\0\0\0\0\x63\
\x7a\xfc\xff\0\0\0\0\x16\x07\x20\0\0\0\0\0\xbf\x06\0\0\0\0\0\0\xbf\xa2\0\0\0\0\
\0\0\x07\x02\0\0\xfc\xff\xff\xff\x18\x01\0\0\0\0\0\0\0\0\0\0\0\0\0\0\x85\0\0\0\
\x01\0\0\0\x55\0\x0e\0\0\0\0\0\xb4\x02\0\0\x01\0\0\0\x61\xa1\xfc\xff\0\0\0\0\
\x1e\x81\x01\0\0\0\0\0\xb4\x02\0\0\x02\0\0\0\x63\x1a\xdc\xff\0\0\0\0\x63\x2a\
\x6c\xff\0\0\0\0\x63\x1a\x68\xff\0\0\0\0\xbf\xa2\0\0\0\0\0\0\x07\x02\0\0\xdc\
\xff\xff\xff\xbf\xa3\0\0\0\0\0\0\x07\x03\0\0\x68\xff\xff\xff\x18\x01\0\0\0\0\0\
\0\0\0\0\0\0\0\0\0\x05\0\x08\0\0\0\0\0\x61\x01\x04\0\0\0\0\0\x04\x01\0\0\x01\0\
\0\0\x63\x10\x04\0\0\0\0\0\xbf\xa2\0\0\0\0\0\0\x07\x02\0\0\xfc\xff\xff\xff\x18\
\x01\0\0\0\0\0\0\0\0\0\0\0\0\0\0\xbf\x03\0\0\0\0\0\0\xb7\x04\0\0\0\0\0\0\x85\0\
\0\0\x02\0\0\0\xbf\x60\0\0\0\0\0\0\xb4\x01\0\0\x01\0\0\0\x73\x10\x1c\0\0\0\0\0\
\xbf\xa2\0\0\0\0\0\0\x07\x02\0\0\xf8\xff\xff\xff\x18\x01\0\0\0\0\0\0\0\0\0\0\0\
\0\0\0\xbf\x03\0\0\0\0\0\0\xb7\x04\0\0\0\0\0\0\x85\0\0\0\x02\0\0\0\xb4\0\0\0\0\
\0\0\0\x95\0\0\0\0\0\0\0\x85\0\0\0\x23\0\0\0\xbf\x06\0\0\0\0\0\0\xb7\x01\0\0\
\xc0\x0a\0\0\xbf\x63\0\0\0\0\0\0\x0f\x13\0\0\0\0\0\0\xbf\xa1\0\0\0\0\0\0\x07\
\x01\0\0\x68\xff\xff\xff\xb4\x02\0\0\x04\0\0\0\x85\0\0\0\x71\0\0\0\x61\xa7\x68\
\xff\0\0\0\0\x63\x7a\xf8\xff\0\0\0\0\xb7\x01\0\0\xc4\x0a\0\0\xbf\x63\0\0\0\0\0\
\0\x0f\x13\0\0\0\0\0\0\xbf\xa1\0\0\0\0\0\0\x07\x01\0\0\x68\xff\xff\xff\xb4\x02\
\0\0\x04\0\0\0\x85\0\0\0\x71\0\0\0\x16\x07\x89\0\0\0\0\0\x61\xa7\x68\xff\0\0\0\
\0\xbf\xa2\0\0\0\0\0\0\x07\x02\0\0\xf8\xff\xff\xff\x18\x01\0\0\0\0\0\0\0\0\0\0\
\0\0\0\0\x85\0\0\0\x01\0\0\0\x55\0\x53\0\0\0\0\0\x85\0\0\0\x08\0\0\0\xbc\x07\0\
\0\0\0\0\0\xb7\x01\0\0\xc0\x0a\0\0\xbf\x63\0\0\0\0\0\0\x0f\x13\0\0\0\0\0\0\xbf\
\xa1\0\0\0\0\0\0\x07\x01\0\0\xdc\xff\xff\xff\xb4\x02\0\0\x04\0\0\0\x85\0\0\0\
\x71\0\0\0\xb7\x01\0\0\xc4\x0a\0\0\xbf\x63\0\0\0\0\0\0\x0f\x13\0\0\0\0\0\0\xbf\
\xa1\0\0\0\0\0\0\x07\x01\0\0\x68\xff\xff\xff\xb4\x02\0\0\x04\0\0\0\x85\0\0\0\
\x71\0\0\0\x63\x7a\xe4\xff\0\0\0\0\x61\xa1\x68\xff\0\0\0\0\x63\x1a\xe0\xff\0\0\
\0\0\xb7\x01\0\0\xe0\x0c\0\0\x0f\x16\0\0\0\0\0\0\xb7\x08\0\0\0\0\0\0\x63\x8a\
\xec\xff\0\0\0\0\x63\x8a\xe8\xff\0\0\0\0\x63\x8a\xf4\xff\0\0\0\0\x63\x8a\xf0\
\xff\0\0\0\0\xbf\xa7\0\0\0\0\0\0\x07\x07\0\0\x68\xff\xff\xff\xbf\x71\0\0\0\0\0\
\0\xb4\x02\0\0\x10\0\0\0\xbf\x63\0\0\0\0\0\0\x85\0\0\0\x71\0\0\0\xbf\xa1\0\0\0\
\0\0\0\x07\x01\0\0\xe8\xff\xff\xff\xb4\x02\0\0\x10\0\0\0\xbf\x73\0\0\0\0\0\0\
\x85\0\0\0\x73\0\0\0\x61\xa2\xe4\xff\0\0\0\0\x61\xa1\xe8\xff\0\0\0\0\x67\x01\0\
\0\x20\0\0\0\x4f\x21\0\0\0\0\0\0\x61\xa3\xec\xff\0\0\0\0\x61\xa2\xf0\xff\0\0\0\
\0\x67\x02\0\0\x20\0\0\0\x4f\x32\0\0\0\0\0\0\x63\x8a\x88\xff\0\0\0\0\x63\x8a\
\x84\xff\0\0\0\0\x63\x8a\x90\xff\0\0\0\0\x63\x8a\x8c\xff\0\0\0\0\x63\x8a\x98\
\xff\0\0\0\0\x63\x8a\x94\xff\0\0\0\0\x63\x8a\xa0\xff\0\0\0\0\x63\x8a\x9c\xff\0\
\0\0\0\x63\x8a\xa8\xff\0\0\0\0\x63\x8a\xa4\xff\0\0\0\0\x63\x8a\xb0\xff\0\0\0\0\
\x63\x8a\xac\xff\0\0\0\0\x63\x8a\xb8\xff\0\0\0\0\x63\x8a\xb4\xff\0\0\0\0\x63\
\x8a\xc0\xff\0\0\0\0\x63\x8a\xbc\xff\0\0\0\0\x63\x8a\xc8\xff\0\0\0\0\x63\x8a\
\xc4\xff\0\0\0\0\x63\x8a\xd0\xff\0\0\0\0\x63\x8a\xcc\xff\0\0\0\0\x61\xa3\xf4\
\xff\0\0\0\0\x63\x3a\x80\xff\0\0\0\0\xb4\x03\0\0\0\0\0\0\x63\x3a\xd4\xff\0\0\0\
\0\x7b\x2a\x78\xff\0\0\0\0\x7b\x1a\x70\xff\0\0\0\0\x61\xa1\xdc\xff\0\0\0\0\x61\
\xa2\xe0\xff\0\0\0\0\x67\x02\0\0\x20\0\0\0\x4f\x12\0\0\0\0\0\0\x7b\x2a\x68\xff\
\0\0\0\0\xbf\xa2\0\0\0\0\0\0\x07\x02\0\0\xf8\xff\xff\xff\xbf\xa3\0\0\0\0\0\0\
\x07\x03\0\0\x68\xff\xff\xff\x18\x01\0\0\0\0\0\0\0\0\0\0\0\0\0\0\x05\0\x2d\0\0\
\0\0\0\x61\x01\x04\0\0\0\0\0\x56\x01\x24\0\0\0\0\0\x63\x70\x04\0\0\0\0\0\x61\
\xa8\xf8\xff\0\0\0\0\x63\x7a\xfc\xff\0\0\0\0\x16\x07\x20\0\0\0\0\0\xbf\x06\0\0\
\0\0\0\0\xbf\xa2\0\0\0\0\0\0\x07\x02\0\0\xfc\xff\xff\xff\x18\x01\0\0\0\0\0\0\0\
\0\0\0\0\0\0\0\x85\0\0\0\x01\0\0\0\x55\0\x0e\0\0\0\0\0\xb4\x02\0\0\x01\0\0\0\
\x61\xa1\xfc\xff\0\0\0\0\x1e\x81\x01\0\0\0\0\0\xb4\x02\0\0\x02\0\0\0\x63\x1a\
\xdc\xff\0\0\0\0\x63\x2a\x6c\xff\0\0\0\0\x63\x1a\x68\xff\0\0\0\0\xbf\xa2\0\0\0\
\0\0\0\x07\x02\0\0\xdc\xff\xff\xff\xbf\xa3\0\0\0\0\0\0\x07\x03\0\0\x68\xff\xff\
\xff\x18\x01\0\0\0\0\0\0\0\0\0\0\0\0\0\0\x05\0\x08\0\0\0\0\0\x61\x01\x04\0\0\0\
\0\0\x04\x01\0\0\x01\0\0\0\x63\x10\x04\0\0\0\0\0\xbf\xa2\0\0\0\0\0\0\x07\x02\0\
\0\xfc\xff\xff\xff\x18\x01\0\0\0\0\0\0\0\0\0\0\0\0\0\0\xbf\x03\0\0\0\0\0\0\xb7\
\x04\0\0\0\0\0\0\x85\0\0\0\x02\0\0\0\xbf\x60\0\0\0\0\0\0\xb4\x01\0\0\0\0\0\0\
\x73\x10\x1c\0\0\0\0\0\xbf\xa2\0\0\0\0\0\0\x07\x02\0\0\xf8\xff\xff\xff\x18\x01\
\0\0\0\0\0\0\0\0\0\0\0\0\0\0\xbf\x03\0\0\0\0\0\0\xb7\x04\0\0\0\0\0\0\x85\0\0\0\
\x02\0\0\0\xb4\0\0\0\0\0\0\0\x95\0\0\0\0\0\0\0\x85\0\0\0\x08\0\0\0\x63\x0a\x74\
\xff\0\0\0\0\xbf\xa2\0\0\0\0\0\0\x07\x02\0\0\x74\xff\xff\xff\x18\x01\0\0\0\0\0\
\0\0\0\0\0\0\0\0\0\x85\0\0\0\x01\0\0\0\xbf\x06\0\0\0\0\0\0\x55\x06\x33\0\0\0\0\
\0\x61\xa1\x74\xff\0\0\0\0\x63\x1a\xfc\xff\0\0\0\0\xbf\xa2\0\0\0\0\0\0\x07\x02\
\0\0\xfc\xff\xff\xff\x18\x01\0\0\0\0\0\0\0\0\0\0\0\0\0\0\x85\0\0\0\x01\0\0\0\
\x15\0\x24\0\0\0\0\0\xb7\x07\0\0\0\0\0\0\x7b\x7a\xf0\xff\0\0\0\0\x7b\x7a\xe8\
\xff\0\0\0\0\x7b\x7a\xe0\xff\0\0\0\0\x7b\x7a\xd8\xff\0\0\0\0\x7b\x7a\xd0\xff\0\
\0\0\0\x7b\x7a\xc8\xff\0\0\0\0\x7b\x7a\xc0\xff\0\0\0\0\x7b\x7a\xb8\xff\0\0\0\0\
\x7b\x7a\xb0\xff\0\0\0\0\x7b\x7a\xa8\xff\0\0\0\0\xbf\xa6\0\0\0\0\0\0\x07\x06\0\
\0\xfc\xff\xff\xff\xbf\xa3\0\0\0\0\0\0\x07\x03\0\0\xa8\xff\xff\xff\x18\x01\0\0\
\0\0\0\0\0\0\0\0\0\0\0\0\xbf\x62\0\0\0\0\0\0\xb7\x04\0\0\0\0\0\0\x85\0\0\0\x02\
\0\0\0\xb7\x01\0\0\0\x65\xcd\x1d\x7b\x1a\x98\xff\0\0\0\0\x7b\x7a\x78\xff\0\0\0\
\0\x61\xa1\xfc\xff\0\0\0\0\x63\x1a\x78\xff\0\0\0\0\x7b\x7a\xa0\xff\0\0\0\0\x7b\
\x7a\x90\xff\0\0\0\0\x7b\x7a\x88\xff\0\0\0\0\x7b\x7a\x80\xff\0\0\0\0\xbf\xa3\0\
\0\0\0\0\0\x07\x03\0\0\x78\xff\xff\xff\x18\x01\0\0\0\0\0\0\0\0\0\0\0\0\0\0\xbf\
\x62\0\0\0\0\0\0\xb7\x04\0\0\0\0\0\0\x85\0\0\0\x02\0\0\0\xbf\xa2\0\0\0\0\0\0\
\x07\x02\0\0\x74\xff\xff\xff\x18\x01\0\0\0\0\0\0\0\0\0\0\0\0\0\0\x85\0\0\0\x01\
\0\0\0\xbf\x06\0\0\0\0\0\0\x15\x06\x09\0\0\0\0\0\x85\0\0\0\x05\0\0\0\x7b\x06\
\x08\0\0\0\0\0\xbf\xa2\0\0\0\0\0\0\x07\x02\0\0\x74\xff\xff\xff\x18\x01\0\0\0\0\
\0\0\0\0\0\0\0\0\0\0\xbf\x63\0\0\0\0\0\0\xb7\x04\0\0\0\0\0\0\x85\0\0\0\x02\0\0\
\0\xb4\0\0\0\0\0\0\0\x95\0\0\0\0\0\0\0\x85\0\0\0\x08\0\0\0\x63\x0a\x74\xff\0\0\
\0\0\xbf\xa2\0\0\0\0\0\0\x07\x02\0\0\x74\xff\xff\xff\x18\x01\0\0\0\0\0\0\0\0\0\
\0\0\0\0\0\x85\0\0\0\x01\0\0\0\xbf\x06\0\0\0\0\0\0\x55\x06\x2b\0\0\0\0\0\x61\
\xa1\x74\xff\0\0\0\0\x63\x1a\xfc\xff\0\0\0\0\xbf\xa2\0\0\0\0\0\0\x07\x02\0\0\
\xfc\xff\xff\xff\x18\x01\0\0\0\0\0\0\0\0\0\0\0\0\0\0\x85\0\0\0\x01\0\0\0\x15\0\
\x30\0\0\0\0\0\xb7\x07\0\0\0\0\0\0\x7b\x7a\xf0\xff\0\0\0\0\x7b\x7a\xe8\xff\0\0\
\0\0\x7b\x7a\xe0\xff\0\0\0\0\x7b\x7a\xd8\xff\0\0\0\0\x7b\x7a\xd0\xff\0\0\0\0\
\x7b\x7a\xc8\xff\0\0\0\0\x7b\x7a\xc0\xff\0\0\0\0\x7b\x7a\xb8\xff\0\0\0\0\x7b\
\x7a\xb0\xff\0\0\0\0\x7b\x7a\xa8\xff\0\0\0\0\xbf\xa6\0\0\0\0\0\0\x07\x06\0\0\
\xfc\xff\xff\xff\xbf\xa3\0\0\0\0\0\0\x07\x03\0\0\xa8\xff\xff\xff\x18\x01\0\0\0\
\0\0\0\0\0\0\0\0\0\0\0\xbf\x62\0\0\0\0\0\0\xb7\x04\0\0\0\0\0\0\x85\0\0\0\x02\0\
\0\0\xb7\x01\0\0\0\x65\xcd\x1d\x7b\x1a\x98\xff\0\0\0\0\x7b\x7a\x78\xff\0\0\0\0\
\x61\xa1\xfc\xff\0\0\0\0\x63\x1a\x78\xff\0\0\0\0\x7b\x7a\xa0\xff\0\0\0\0\x7b\
\x7a\x90\xff\0\0\0\0\x7b\x7a\x88\xff\0\0\0\0\x7b\x7a\x80\xff\0\0\0\0\xbf\xa3\0\
\0\0\0\0\0\x07\x03\0\0\x78\xff\xff\xff\x18\x01\0\0\0\0\0\0\0\0\0\0\0\0\0\0\xbf\
\x62\0\0\0\0\0\0\x05\0\x0b\0\0\0\0\0\x85\0\0\0\x05\0\0\0\x79\x61\x08\0\0\0\0\0\
\x1f\x10\0\0\0\0\0\0\x79\x61\x48\0\0\0\0\0\x0f\x10\0\0\0\0\0\0\x7b\x06\x48\0\0\
\0\0\0\xbf\xa2\0\0\0\0\0\0\x07\x02\0\0\x74\xff\xff\xff\x18\x01\0\0\0\0\0\0\0\0\
\0\0\0\0\0\0\xbf\x63\0\0\0\0\0\0\xb7\x04\0\0\0\0\0\0\x85\0\0\0\x02\0\0\0\xb4\0\
\0\0\0\0\0\0\x95\0\0\0\0\0\0\0\x85\0\0\0\x08\0\0\0\x63\x0a\x74\xff\0\0\0\0\xbf\
\xa2\0\0\0\0\0\0\x07\x02\0\0\x74\xff\xff\xff\x18\x01\0\0\0\0\0\0\0\0\0\0\0\0\0\
\0\x85\0\0\0\x01\0\0\0\xbf\x06\0\0\0\0\0\0\x55\x06\x33\0\0\0\0\0\x61\xa1\x74\
\xff\0\0\0\0\x63\x1a\xfc\xff\0\0\0\0\xbf\xa2\0\0\0\0\0\0\x07\x02\0\0\xfc\xff\
\xff\xff\x18\x01\0\0\0\0\0\0\0\0\0\0\0\0\0\0\x85\0\0\0\x01\0\0\0\x15\0\x24\0\0\
\0\0\0\xb7\x07\0\0\0\0\0\0\x7b\x7a\xf0\xff\0\0\0\0\x7b\x7a\xe8\xff\0\0\0\0\x7b\
\x7a\xe0\xff\0\0\0\0\x7b\x7a\xd8\xff\0\0\0\0\x7b\x7a\xd0\xff\0\0\0\0\x7b\x7a\
\xc8\xff\0\0\0\0\x7b\x7a\xc0\xff\0\0\0\0\x7b\x7a\xb8\xff\0\0\0\0\x7b\x7a\xb0\
\xff\0\0\0\0\x7b\x7a\xa8\xff\0\0\0\0\xbf\xa6\0\0\0\0\0\0\x07\x06\0\0\xfc\xff\
\xff\xff\xbf\xa3\0\0\0\0\0\0\x07\x03\0\0\xa8\xff\xff\xff\x18\x01\0\0\0\0\0\0\0\
\0\0\0\0\0\0\0\xbf\x62\0\0\0\0\0\0\xb7\x04\0\0\0\0\0\0\x85\0\0\0\x02\0\0\0\xb7\
\x01\0\0\0\x65\xcd\x1d\x7b\x1a\x98\xff\0\0\0\0\x7b\x7a\x78\xff\0\0\0\0\x61\xa1\
\xfc\xff\0\0\0\0\x63\x1a\x78\xff\0\0\0\0\x7b\x7a\xa0\xff\0\0\0\0\x7b\x7a\x90\
\xff\0\0\0\0\x7b\x7a\x88\xff\0\0\0\0\x7b\x7a\x80\xff\0\0\0\0\xbf\xa3\0\0\0\0\0\
\0\x07\x03\0\0\x78\xff\xff\xff\x18\x01\0\0\0\0\0\0\0\0\0\0\0\0\0\0\xbf\x62\0\0\
\0\0\0\0\xb7\x04\0\0\0\0\0\0\x85\0\0\0\x02\0\0\0\xbf\xa2\0\0\0\0\0\0\x07\x02\0\
\0\x74\xff\xff\xff\x18\x01\0\0\0\0\0\0\0\0\0\0\0\0\0\0\x85\0\0\0\x01\0\0\0\xbf\
\x06\0\0\0\0\0\0\x15\x06\x09\0\0\0\0\0\x85\0\0\0\x05\0\0\0\x7b\x06\x10\0\0\0\0\
\0\xbf\xa2\0\0\0\0\0\0\x07\x02\0\0\x74\xff\xff\xff\x18\x01\0\0\0\0\0\0\0\0\0\0\
\0\0\0\0\xbf\x63\0\0\0\0\0\0\xb7\x04\0\0\0\0\0\0\x85\0\0\0\x02\0\0\0\xb4\0\0\0\
\0\0\0\0\x95\0\0\0\0\0\0\0\x85\0\0\0\x08\0\0\0\x63\x0a\x74\xff\0\0\0\0\xbf\xa2\
\0\0\0\0\0\0\x07\x02\0\0\x74\xff\xff\xff\x18\x01\0\0\0\0\0\0\0\0\0\0\0\0\0\0\
\x85\0\0\0\x01\0\0\0\xbf\x06\0\0\0\0\0\0\x55\x06\x2b\0\0\0\0\0\x61\xa1\x74\xff\
\0\0\0\0\x63\x1a\xfc\xff\0\0\0\0\xbf\xa2\0\0\0\0\0\0\x07\x02\0\0\xfc\xff\xff\
\xff\x18\x01\0\0\0\0\0\0\0\0\0\0\0\0\0\0\x85\0\0\0\x01\0\0\0\x15\0\x30\0\0\0\0\
\0\xb7\x07\0\0\0\0\0\0\x7b\x7a\xf0\xff\0\0\0\0\x7b\x7a\xe8\xff\0\0\0\0\x7b\x7a\
\xe0\xff\0\0\0\0\x7b\x7a\xd8\xff\0\0\0\0\x7b\x7a\xd0\xff\0\0\0\0\x7b\x7a\xc8\
\xff\0\0\0\0\x7b\x7a\xc0\xff\0\0\0\0\x7b\x7a\xb8\xff\0\0\0\0\x7b\x7a\xb0\xff\0\
\0\0\0\x7b\x7a\xa8\xff\0\0\0\0\xbf\xa6\0\0\0\0\0\0\x07\x06\0\0\xfc\xff\xff\xff\
\xbf\xa3\0\0\0\0\0\0\x07\x03\0\0\xa8\xff\xff\xff\x18\x01\0\0\0\0\0\0\0\0\0\0\0\
\0\0\0\xbf\x62\0\0\0\0\0\0\xb7\x04\0\0\0\0\0\0\x85\0\0\0\x02\0\0\0\xb7\x01\0\0\
\0\x65\xcd\x1d\x7b\x1a\x98\xff\0\0\0\0\x7b\x7a\x78\xff\0\0\0\0\x61\xa1\xfc\xff\
\0\0\0\0\x63\x1a\x78\xff\0\0\0\0\x7b\x7a\xa0\xff\0\0\0\0\x7b\x7a\x90\xff\0\0\0\
\0\x7b\x7a\x88\xff\0\0\0\0\x7b\x7a\x80\xff\0\0\0\0\xbf\xa3\0\0\0\0\0\0\x07\x03\
\0\0\x78\xff\xff\xff\x18\x01\0\0\0\0\0\0\0\0\0\0\0\0\0\0\xbf\x62\0\0\0\0\0\0\
\x05\0\x0b\0\0\0\0\0\x85\0\0\0\x05\0\0\0\x79\x61\x10\0\0\0\0\0\x1f\x10\0\0\0\0\
\0\0\x79\x61\x40\0\0\0\0\0\x0f\x10\0\0\0\0\0\0\x7b\x06\x40\0\0\0\0\0\xbf\xa2\0\
\0\0\0\0\0\x07\x02\0\0\x74\xff\xff\xff\x18\x01\0\0\0\0\0\0\0\0\0\0\0\0\0\0\xbf\
\x63\0\0\0\0\0\0\xb7\x04\0\0\0\0\0\0\x85\0\0\0\x02\0\0\0\xb4\0\0\0\0\0\0\0\x95\
\0\0\0\0\0\0\0\x18\x01\0\0\0\0\0\0\0\0\0\0\0\0\0\0\x71\x11\0\0\0\0\0\0\x56\x01\
\x0e\0\0\0\0\0\x18\x01\0\0\0\0\0\0\0\0\0\0\0\0\0\0\x18\x02\0\0\0\0\0\0\0\0\0\0\
\0\0\0\0\x85\0\0\0\x01\0\0\0\x15\0\xb9\0\0\0\0\0\x61\x01\0\0\0\0\0\0\x18\x02\0\
\0\x04\0\0\0\0\0\0\0\0\0\0\0\x63\x12\0\0\0\0\0\0\x18\x01\0\0\0\0\0\0\0\0\0\0\0\
\0\0\0\xb4\x02\0\0\x01\0\0\0\x73\x21\0\0\0\0\0\0\xb4\x06\0\0\0\0\0\0\x85\0\0\0\
\x05\0\0\0\x7b\x0a\xb8\xff\0\0\0\0\xb7\x09\0\0\0\0\0\0\x05\0\x30\0\0\0\0\0\x63\
\x18\x14\0\0\0\0\0\xbf\xa9\0\0\0\0\0\0\x07\x09\0\0\xc8\xff\xff\xff\x18\x01\0\0\
\0\0\0\0\0\0\0\0\0\0\0\0\xbf\x92\0\0\0\0\0\0\xbf\x83\0\0\0\0\0\0\xb7\x04\0\0\0\
\0\0\0\x85\0\0\0\x02\0\0\0\xb7\x06\0\0\0\0\0\0\x7b\x67\x48\0\0\0\0\0\x7b\x67\
\x20\0\0\0\0\0\x7b\x67\x28\0\0\0\0\0\x7b\x67\x30\0\0\0\0\0\x18\x01\0\0\0\0\0\0\
\0\0\0\0\0\0\0\0\xbf\x92\0\0\0\0\0\0\xbf\x73\0\0\0\0\0\0\xb7\x04\0\0\0\0\0\0\
\x85\0\0\0\x02\0\0\0\x18\x01\0\0\0\0\0\0\0\0\0\0\0\0\0\0\xb7\x02\0\0\x30\0\0\0\
\xb7\x03\0\0\0\0\0\0\x85\0\0\0\x83\0\0\0\x15\0\x98\0\0\0\0\0\x7b\x60\x28\0\0\0\
\0\0\x7b\x60\x20\0\0\0\0\0\x7b\x60\x18\0\0\0\0\0\x7b\x60\x10\0\0\0\0\0\x7b\x60\
\x08\0\0\0\0\0\x7b\x60\0\0\0\0\0\0\x61\x81\0\0\0\0\0\0\x63\x10\0\0\0\0\0\0\x61\
\x81\x0c\0\0\0\0\0\x63\x10\x0c\0\0\0\0\0\x61\x81\x08\0\0\0\0\0\x63\x10\x08\0\0\
\0\0\0\x61\x81\x04\0\0\0\0\0\x63\x10\x04\0\0\0\0\0\xbf\x01\0\0\0\0\0\0\xb7\x02\
\0\0\0\0\0\0\x85\0\0\0\x84\0\0\0\xb7\x09\0\0\0\0\0\0\x61\xa6\xc0\xff\0\0\0\0\
\x04\x06\0\0\x01\0\0\0\x56\x06\x01\0\x80\0\0\0\x05\0\x8a\0\0\0\0\0\x18\x01\0\0\
\x04\0\0\0\0\0\0\0\0\0\0\0\x61\x11\0\0\0\0\0\0\x3e\x16\xfb\xff\0\0\0\0\x63\x6a\
\xfc\xff\0\0\0\0\xbf\xa2\0\0\0\0\0\0\x07\x02\0\0\xfc\xff\xff\xff\x18\x01\0\0\0\
\0\0\0\0\0\0\0\0\0\0\0\x85\0\0\0\x01\0\0\0\xbf\x07\0\0\0\0\0\0\x15\x07\x54\0\0\
\0\0\0\xbf\xa2\0\0\0\0\0\0\x07\x02\0\0\xfc\xff\xff\xff\x18\x01\0\0\0\0\0\0\0\0\
\0\0\0\0\0\0\x85\0\0\0\x01\0\0\0\xbf\x08\0\0\0\0\0\0\x55\x08\x18\0\0\0\0\0\xb7\
\x01\0\0\0\x65\xcd\x1d\x7b\x1a\xe8\xff\0\0\0\0\x7b\x9a\xc8\xff\0\0\0\0\x61\xa1\
\xfc\xff\0\0\0\0\x63\x1a\xc8\xff\0\0\0\0\x7b\x9a\xf0\xff\0\0\0\0\x7b\x9a\xe0\
\xff\0\0\0\0\x7b\x9a\xd8\xff\0\0\0\0\x7b\x9a\xd0\xff\0\0\0\0\xbf\xa8\0\0\0\0\0\
\0\x07\x08\0\0\xfc\xff\xff\xff\xbf\xa3\0\0\0\0\0\0\x07\x03\0\0\xc8\xff\xff\xff\
\x18\x01\0\0\0\0\0\0\0\0\0\0\0\0\0\0\xbf\x82\0\0\0\0\0\0\xb7\x04\0\0\0\0\0\0\
\x85\0\0\0\x02\0\0\0\x18\x01\0\0\0\0\0\0\0\0\0\0\0\0\0\0\xbf\x82\0\0\0\0\0\0\
\x85\0\0\0\x01\0\0\0\xbf\x08\0\0\0\0\0\0\x15\x08\x5b\0\0\0\0\0\x79\xa1\xb8\xff\
\0\0\0\0\x7b\x17\x18\0\0\0\0\0\x61\xa1\xfc\xff\0\0\0\0\x63\x1a\xc8\xff\0\0\0\0\
\x63\x18\0\0\0\0\0\0\x61\x83\x04\0\0\0\0\0\x61\x81\x0c\0\0\0\0\0\x61\x82\x08\0\
\0\0\0\0\xbc\x14\0\0\0\0\0\0\x4c\x24\0\0\0\0\0\0\x63\x6a\xc0\xff\0\0\0\0\x16\
\x04\x2f\0\0\0\0\0\x24\x02\0\0\x3c\0\0\0\x27\x02\0\0\x1f\x85\xeb\x51\x77\x02\0\
\0\x25\0\0\0\x79\x74\x20\0\0\0\0\0\x27\x04\0\0\x28\0\0\0\x37\x04\0\0\0\x65\xcd\
\x1d\x24\x03\0\0\x3c\0\0\0\x27\x03\0\0\x1f\x85\xeb\x51\x77\x03\0\0\x25\0\0\0\
\x0c\x43\0\0\0\0\0\0\x63\x38\x04\0\0\0\0\0\x79\x73\x28\0\0\0\0\0\x27\x03\0\0\
\x28\0\0\0\x37\x03\0\0\0\x65\xcd\x1d\x0c\x32\0\0\0\0\0\0\x63\x28\x08\0\0\0\0\0\
\x24\x01\0\0\x3c\0\0\0\x27\x01\0\0\x1f\x85\xeb\x51\x77\x01\0\0\x25\0\0\0\x79\
\x72\x30\0\0\0\0\0\x27\x02\0\0\x28\0\0\0\x37\x02\0\0\0\x65\xcd\x1d\x0c\x21\0\0\
\0\0\0\0\x61\x82\x18\0\0\0\0\0\x24\x02\0\0\x3c\0\0\0\x27\x02\0\0\x1f\x85\xeb\
\x51\x77\x02\0\0\x25\0\0\0\x63\x18\x0c\0\0\0\0\0\x79\x73\x48\0\0\0\0\0\x27\x03\
\0\0\x28\0\0\0\x37\x03\0\0\0\x65\xcd\x1d\x0c\x32\0\0\0\0\0\0\x63\x28\x18\0\0\0\
\0\0\x24\x01\0\0\x3c\0\0\0\x27\x01\0\0\x1f\x85\xeb\x51\x77\x01\0\0\x25\0\0\0\
\x79\x72\x40\0\0\0\0\0\x27\x02\0\0\x28\0\0\0\x37\x02\0\0\0\x65\xcd\x1d\x0c\x21\
\0\0\0\0\0\0\x05\0\x70\xff\0\0\0\0\x61\xa3\xfc\xff\0\0\0\0\x18\x01\0\0\xc3\0\0\
\0\0\0\0\0\0\0\0\0\xb4\x02\0\0\x1b\0\0\0\x85\0\0\0\x06\0\0\0\x05\0\x97\xff\0\0\
\0\0\xb4\x02\0\0\0\0\0\0\x56\x03\xd2\xff\0\0\0\0\x79\x71\x20\0\0\0\0\0\x27\x01\
\0\0\x64\0\0\0\x37\x01\0\0\0\x65\xcd\x1d\x63\x18\x04\0\0\0\0\0\x79\x71\x28\0\0\
\0\0\0\x27\x01\0\0\x64\0\0\0\x37\x01\0\0\0\x65\xcd\x1d\x63\x18\x08\0\0\0\0\0\
\x79\x71\x30\0\0\0\0\0\x27\x01\0\0\x64\0\0\0\x37\x01\0\0\0\x65\xcd\x1d\x63\x18\
\x0c\0\0\0\0\0\x79\x71\x48\0\0\0\0\0\x27\x01\0\0\x64\0\0\0\x37\x01\0\0\0\x65\
\xcd\x1d\x63\x18\x18\0\0\0\0\0\x79\x71\x40\0\0\0\0\0\x27\x01\0\0\x64\0\0\0\x37\
\x01\0\0\0\x65\xcd\x1d\x05\0\x54\xff\0\0\0\0\x18\x01\0\0\x48\0\0\0\0\0\0\0\0\0\
\0\0\xb4\x02\0\0\x14\0\0\0\x85\0\0\0\x06\0\0\0\xb4\0\0\0\xff\xff\xff\xff\x05\0\
\x09\0\0\0\0\0\x18\x01\0\0\xde\0\0\0\0\0\0\0\0\0\0\0\xb4\x02\0\0\x1c\0\0\0\x85\
\0\0\0\x06\0\0\0\x18\x01\0\0\x5c\0\0\0\0\0\0\0\0\0\0\0\xb4\x02\0\0\x0e\0\0\0\
\x85\0\0\0\x06\0\0\0\xb4\0\0\0\0\0\0\0\x95\0\0\0\0\0\0\0\x18\x01\0\0\0\0\0\0\0\
\0\0\0\0\0\0\0\xb7\x02\0\0\x20\0\0\0\xb7\x03\0\0\0\0\0\0\x85\0\0\0\x83\0\0\0\
\xbf\x06\0\0\0\0\0\0\x55\x06\x05\0\0\0\0\0\x18\x01\0\0\xfa\0\0\0\0\0\0\0\0\0\0\
\0\xb4\x02\0\0\x21\0\0\0\x85\0\0\0\x06\0\0\0\x05\0\x63\0\0\0\0\0\xb7\x01\0\0\0\
\0\0\0\x63\x16\x1c\0\0\0\0\0\x63\x16\x18\0\0\0\0\0\x63\x16\x14\0\0\0\0\0\x63\
\x16\x10\0\0\0\0\0\x63\x16\x0c\0\0\0\0\0\x63\x16\x08\0\0\0\0\0\x63\x16\x04\0\0\
\0\0\0\x63\x16\0\0\0\0\0\0\xb4\x07\0\0\0\0\0\0\x63\x7a\xfc\xff\0\0\0\0\xbf\xa2\
\0\0\0\0\0\0\x07\x02\0\0\xfc\xff\xff\xff\x18\x01\0\0\0\0\0\0\0\0\0\0\0\0\0\0\
\x85\0\0\0\x01\0\0\0\xb4\x01\0\0\0\0\0\0\x15\0\x01\0\0\0\0\0\x61\x01\0\0\0\0\0\
\0\x63\x16\0\0\0\0\0\0\xb4\x01\0\0\x01\0\0\0\x63\x1a\xfc\xff\0\0\0\0\xbf\xa2\0\
\0\0\0\0\0\x07\x02\0\0\xfc\xff\xff\xff\x18\x01\0\0\0\0\0\0\0\0\0\0\0\0\0\0\x85\
\0\0\0\x01\0\0\0\x15\0\x01\0\0\0\0\0\x61\x07\0\0\0\0\0\0\x63\x76\x04\0\0\0\0\0\
\xb4\x01\0\0\x02\0\0\0\x63\x1a\xfc\xff\0\0\0\0\xbf\xa2\0\0\0\0\0\0\x07\x02\0\0\
\xfc\xff\xff\xff\x18\x01\0\0\0\0\0\0\0\0\0\0\0\0\0\0\x85\0\0\0\x01\0\0\0\xb4\
\x07\0\0\0\0\0\0\xb4\x01\0\0\0\0\0\0\x15\0\x01\0\0\0\0\0\x61\x01\0\0\0\0\0\0\
\x63\x16\x08\0\0\0\0\0\xb4\x01\0\0\x03\0\0\0\x63\x1a\xfc\xff\0\0\0\0\xbf\xa2\0\
\0\0\0\0\0\x07\x02\0\0\xfc\xff\xff\xff\x18\x01\0\0\0\0\0\0\0\0\0\0\0\0\0\0\x85\
\0\0\0\x01\0\0\0\x15\0\x01\0\0\0\0\0\x61\x07\0\0\0\0\0\0\x63\x76\x0c\0\0\0\0\0\
\xb4\x01\0\0\x04\0\0\0\x63\x1a\xfc\xff\0\0\0\0\xbf\xa2\0\0\0\0\0\0\x07\x02\0\0\
\xfc\xff\xff\xff\x18\x01\0\0\0\0\0\0\0\0\0\0\0\0\0\0\x85\0\0\0\x01\0\0\0\xb4\
\x07\0\0\0\0\0\0\xb4\x01\0\0\0\0\0\0\x15\0\x01\0\0\0\0\0\x61\x01\0\0\0\0\0\0\
\x63\x16\x10\0\0\0\0\0\xb4\x01\0\0\x05\0\0\0\x63\x1a\xfc\xff\0\0\0\0\xbf\xa2\0\
\0\0\0\0\0\x07\x02\0\0\xfc\xff\xff\xff\x18\x01\0\0\0\0\0\0\0\0\0\0\0\0\0\0\x85\
\0\0\0\x01\0\0\0\x15\0\x01\0\0\0\0\0\x61\x07\0\0\0\0\0\0\x63\x76\x14\0\0\0\0\0\
\xb4\x01\0\0\x06\0\0\0\x63\x1a\xfc\xff\0\0\0\0\xbf\xa2\0\0\0\0\0\0\x07\x02\0\0\
\xfc\xff\xff\xff\x18\x01\0\0\0\0\0\0\0\0\0\0\0\0\0\0\x85\0\0\0\x01\0\0\0\xb4\
\x07\0\0\0\0\0\0\xb4\x01\0\0\0\0\0\0\x15\0\x01\0\0\0\0\0\x61\x01\0\0\0\0\0\0\
\x63\x16\x18\0\0\0\0\0\xb4\x01\0\0\x07\0\0\0\x63\x1a\xfc\xff\0\0\0\0\xbf\xa2\0\
\0\0\0\0\0\x07\x02\0\0\xfc\xff\xff\xff\x18\x01\0\0\0\0\0\0\0\0\0\0\0\0\0\0\x85\
\0\0\0\x01\0\0\0\x15\0\x01\0\0\0\0\0\x61\x07\0\0\0\0\0\0\x63\x76\x1c\0\0\0\0\0\
\xbf\x61\0\0\0\0\0\0\xb7\x02\0\0\0\0\0\0\x85\0\0\0\x84\0\0\0\xb4\0\0\0\0\0\0\0\
\x95\0\0\0\0\0\0\0\x18\x01\0\0\0\0\0\0\0\0\0\0\0\0\0\0\xb7\x02\0\0\x20\0\0\0\
\xb7\x03\0\0\0\0\0\0\x85\0\0\0\x83\0\0\0\xbf\x06\0\0\0\0\0\0\x55\x06\x05\0\0\0\
\0\0\x18\x01\0\0\x1b\x01\0\0\0\0\0\0\0\0\0\0\xb4\x02\0\0\x21\0\0\0\x85\0\0\0\
\x06\0\0\0\x05\0\x63\0\0\0\0\0\xb7\x01\0\0\0\0\0\0\x63\x16\x1c\0\0\0\0\0\x63\
\x16\x18\0\0\0\0\0\x63\x16\x14\0\0\0\0\0\x63\x16\x10\0\0\0\0\0\x63\x16\x0c\0\0\
\0\0\0\x63\x16\x08\0\0\0\0\0\x63\x16\x04\0\0\0\0\0\x63\x16\0\0\0\0\0\0\xb4\x07\
\0\0\0\0\0\0\x63\x7a\xfc\xff\0\0\0\0\xbf\xa2\0\0\0\0\0\0\x07\x02\0\0\xfc\xff\
\xff\xff\x18\x01\0\0\0\0\0\0\0\0\0\0\0\0\0\0\x85\0\0\0\x01\0\0\0\xb4\x01\0\0\0\
\0\0\0\x15\0\x01\0\0\0\0\0\x61\x01\0\0\0\0\0\0\x63\x16\0\0\0\0\0\0\xb4\x01\0\0\
\x01\0\0\0\x63\x1a\xfc\xff\0\0\0\0\xbf\xa2\0\0\0\0\0\0\x07\x02\0\0\xfc\xff\xff\
\xff\x18\x01\0\0\0\0\0\0\0\0\0\0\0\0\0\0\x85\0\0\0\x01\0\0\0\x15\0\x01\0\0\0\0\
\0\x61\x07\0\0\0\0\0\0\x63\x76\x04\0\0\0\0\0\xb4\x01\0\0\x02\0\0\0\x63\x1a\xfc\
\xff\0\0\0\0\xbf\xa2\0\0\0\0\0\0\x07\x02\0\0\xfc\xff\xff\xff\x18\x01\0\0\0\0\0\
\0\0\0\0\0\0\0\0\0\x85\0\0\0\x01\0\0\0\xb4\x07\0\0\0\0\0\0\xb4\x01\0\0\0\0\0\0\
\x15\0\x01\0\0\0\0\0\x61\x01\0\0\0\0\0\0\x63\x16\x08\0\0\0\0\0\xb4\x01\0\0\x03\
\0\0\0\x63\x1a\xfc\xff\0\0\0\0\xbf\xa2\0\0\0\0\0\0\x07\x02\0\0\xfc\xff\xff\xff\
\x18\x01\0\0\0\0\0\0\0\0\0\0\0\0\0\0\x85\0\0\0\x01\0\0\0\x15\0\x01\0\0\0\0\0\
\x61\x07\0\0\0\0\0\0\x63\x76\x0c\0\0\0\0\0\xb4\x01\0\0\x04\0\0\0\x63\x1a\xfc\
\xff\0\0\0\0\xbf\xa2\0\0\0\0\0\0\x07\x02\0\0\xfc\xff\xff\xff\x18\x01\0\0\0\0\0\
\0\0\0\0\0\0\0\0\0\x85\0\0\0\x01\0\0\0\xb4\x07\0\0\0\0\0\0\xb4\x01\0\0\0\0\0\0\
\x15\0\x01\0\0\0\0\0\x61\x01\0\0\0\0\0\0\x63\x16\x10\0\0\0\0\0\xb4\x01\0\0\x05\
\0\0\0\x63\x1a\xfc\xff\0\0\0\0\xbf\xa2\0\0\0\0\0\0\x07\x02\0\0\xfc\xff\xff\xff\
\x18\x01\0\0\0\0\0\0\0\0\0\0\0\0\0\0\x85\0\0\0\x01\0\0\0\x15\0\x01\0\0\0\0\0\
\x61\x07\0\0\0\0\0\0\x63\x76\x14\0\0\0\0\0\xb4\x01\0\0\x06\0\0\0\x63\x1a\xfc\
\xff\0\0\0\0\xbf\xa2\0\0\0\0\0\0\x07\x02\0\0\xfc\xff\xff\xff\x18\x01\0\0\0\0\0\
\0\0\0\0\0\0\0\0\0\x85\0\0\0\x01\0\0\0\xb4\x07\0\0\0\0\0\0\xb4\x01\0\0\0\0\0\0\
\x15\0\x01\0\0\0\0\0\x61\x01\0\0\0\0\0\0\x63\x16\x18\0\0\0\0\0\xb4\x01\0\0\x07\
\0\0\0\x63\x1a\xfc\xff\0\0\0\0\xbf\xa2\0\0\0\0\0\0\x07\x02\0\0\xfc\xff\xff\xff\
\x18\x01\0\0\0\0\0\0\0\0\0\0\0\0\0\0\x85\0\0\0\x01\0\0\0\x15\0\x01\0\0\0\0\0\
\x61\x07\0\0\0\0\0\0\x63\x76\x1c\0\0\0\0\0\xbf\x61\0\0\0\0\0\0\xb7\x02\0\0\0\0\
\0\0\x85\0\0\0\x84\0\0\0\xb4\0\0\0\0\0\0\0\x95\0\0\0\0\0\0\0\x44\x75\x61\x6c\
\x20\x42\x53\x44\x2f\x47\x50\x4c\0\0\0\0\0\0\0\0\x01\0\0\0\x67\x65\x74\x20\x73\
\x74\x61\x63\x6b\x20\x65\x72\x72\x6f\x72\x2c\x20\x65\x72\x72\x6f\x72\x20\x63\
\x6f\x64\x65\x20\x69\x73\x20\x25\x69\0\x62\x61\x63\x6b\x74\x72\x61\x63\x65\x20\
\x73\x74\x72\x75\x63\x74\x20\x69\x6e\x69\x74\x20\x66\x61\x69\x6c\x65\x64\x0a\0\
\x67\x65\x74\x20\x63\x70\x75\x20\x6e\x75\x6d\x73\x20\x65\x72\x72\x6f\x72\x0a\0\
\x75\x70\x64\x61\x74\x65\x20\x65\x72\x72\x6f\x72\x0a\0\x74\x68\x65\x20\x74\x61\
\x73\x6b\x5f\x63\x70\x75\x20\x62\x75\x66\x66\x65\x72\x20\x69\x73\x20\x66\x75\
\x6c\x6c\x0a\0\x62\x61\x63\x6b\x74\x72\x61\x63\x65\x20\x62\x75\x66\x66\x20\x61\
\x6c\x6c\x6f\x63\x61\x74\x65\x20\x66\x61\x69\x6c\x65\x64\x0a\0\x70\x72\x6f\x63\
\x65\x73\x73\x5f\x63\x70\x75\x20\x62\x75\x66\x66\x65\x72\x20\x69\x73\x20\x66\
\x75\x6c\x6c\x0a\0\x64\x61\x74\x61\x20\x6e\x6f\x74\x20\x66\x6f\x75\x6e\x64\x20\
\x66\x6f\x72\x20\x63\x70\x75\x20\x25\x75\x0a\0\x52\x69\x6e\x67\x20\x62\x75\x66\
\x66\x65\x72\x20\x72\x65\x73\x65\x72\x76\x65\x20\x66\x61\x69\x6c\x65\x64\x0a\0\
\x72\x75\x6e\x71\x6c\x61\x74\x20\x72\x69\x6e\x67\x62\x75\x66\x66\x20\x72\x65\
\x73\x65\x72\x76\x65\x20\x66\x61\x69\x6c\x65\x64\x0a\0\x72\x75\x6e\x71\x6c\x61\
\x74\x20\x72\x69\x6e\x67\x62\x75\x66\x66\x20\x72\x65\x73\x65\x72\x76\x65\x20\
\x66\x61\x69\x6c\x65\x64\x0a\0\0\0\0\0\0\0\0\0\0\0\0\0\0\0\0\0\0\0\0\0\0\0\0\0\
\0\0\0\0\0\0\0\0\0\0\0\0\0\0\0\0\0\0\0\0\0\0\0\0\0\0\0\0\0\0\0\0\0\0\0\0\0\0\0\
\0\0\0\0\0\0\0\0\0\0\0\0\0\0\0\0\0\0\0\0\0\0\0\0\0\0\0\0\0\0\0\0\0\0\0\0\0\0\0\
\0\0\0\0\0\0\0\0\0\0\0\0\0\0\0\0\0\0\0\0\0\0\0\0\0\0\0\0\0\0\0\0\0\0\0\0\0\0\0\
\0\0\0\0\0\0\0\0\0\0\0\0\0\0\0\0\0\0\0\0\0\0\0\0\0\0\0\0\0\0\0\0\0\0\0\0\0\0\0\
\0\0\0\0\0\0\0\0\0\0\0\0\0\0\0\0\0\0\0\0\0\0\0\0\0\0\0\0\0\0\0\0\0\0\0\0\0\0\0\
\0\0\0\0\0\0\0\0\0\0\0\0\0\0\0\0\0\0\0\0\0\0\0\0\0\0\0\0\0\0\0\0\0\0\0\0\0\0\0\
\0\0\0\0\0\0\0\0\0\0\0\0\0\0\0\0\0\0\0\0\0\0\0\0\0\0\0\0\0\0\0\0\0\0\0\0\0\0\0\
\0\0\0\0\0\0\0\0\0\0\0\0\0\0\0\0\0\0\0\0\0\0\0\0\0\0\0\0\0\0\0\0\0\0\0\0\0\0\0\
\0\0\0\0\0\0\0\0\0\0\0\0\0\0\0\0\0\0\0\0\0\0\0\0\0\0\0\0\0\0\0\0\0\0\0\0\0\0\0\
\0\0\0\0\0\0\0\0\0\0\0\0\0\0\0\0\0\0\0\0\0\0\0\0\0\0\0\0\0\0\0\0\0\0\0\0\0\0\0\
\0\0\0\0\0\0\0\0\0\0\0\0\0\0\0\0\0\0\0\0\0\0\0\0\0\0\0\0\0\0\0\0\0\0\0\0\0\0\0\
\0\0\0\0\0\0\0\0\0\0\0\0\0\0\0\0\0\0\0\0\0\0\0\0\0\0\0\0\0\0\0\x30\0\0\0\0\0\0\
\0\x01\0\0\0\x22\0\0\0\xa0\0\0\0\0\0\0\0\x01\0\0\0\x22\0\0\0\xd0\0\0\0\0\0\0\0\
\x01\0\0\0\x22\0\0\0\x68\x01\0\0\0\0\0\0\x01\0\0\0\x22\0\0\0\x30\x02\0\0\0\0\0\
\0\x01\0\0\0\x28\0\0\0\x58\x02\0\0\0\0\0\0\x01\0\0\0\x31\0\0\0\x88\x02\0\0\0\0\
\0\0\x01\0\0\0\x1e\0\0\0\xd0\x02\0\0\0\0\0\0\x01\0\0\0\x28\0\0\0\x20\x04\0\0\0\
\0\0\0\x01\0\0\0\x22\0\0\0\xc8\0\0\0\0\0\0\0\x01\0\0\0\x21\0\0\0\x60\x03\0\0\0\
\0\0\0\x01\0\0\0\x21\0\0\0\xb0\x03\0\0\0\0\0\0\x01\0\0\0\x22\0\0\0\x28\x04\0\0\
\0\0\0\0\x01\0\0\0\x22\0\0\0\x60\x04\0\0\0\0\0\0\x01\0\0\0\x21\0\0\0\xc0\x04\0\
\0\0\0\0\0\x01\0\0\0\x22\0\0\0\xc8\0\0\0\0\0\0\0\x01\0\0\0\x21\0\0\0\x60\x03\0\
\0\0\0\0\0\x01\0\0\0\x21\0\0\0\xb0\x03\0\0\0\0\0\0\x01\0\0\0\x22\0\0\0\x28\x04\
\0\0\0\0\0\0\x01\0\0\0\x22\0\0\0\x60\x04\0\0\0\0\0\0\x01\0\0\0\x21\0\0\0\xc0\
\x04\0\0\0\0\0\0\x01\0\0\0\x22\0\0\0\x38\0\0\0\0\0\0\0\x01\0\0\0\x21\0\0\0\x30\
\x02\0\0\0\0\0\0\x01\0\0\0\x21\0\0\0\x58\0\0\0\0\0\0\0\x01\0\0\0\x21\0\0\0\x80\
\0\0\0\0\0\0\0\x01\0\0\0\x22\0\0\0\xd8\0\0\0\0\0\0\0\x01\0\0\0\x26\0\0\0\x08\
\x01\0\0\0\0\0\0\x01\0\0\0\x26\0\0\0\x30\x01\0\0\0\0\0\0\x01\0\0\0\x27\0\0\0\
\x68\x01\0\0\0\0\0\0\x01\0\0\0\x22\0\0\0\x88\x01\0\0\0\0\0\0\x01\0\0\0\x28\0\0\
\0\xc0\x01\0\0\0\0\0\0\x01\0\0\0\x28\0\0\0\x58\0\0\0\0\0\0\0\x01\0\0\0\x2a\0\0\
\0\xf0\0\0\0\0\0\0\0\x01\0\0\0\x2a\0\0\0\x70\x01\0\0\0\0\0\0\x01\0\0\0\x2b\0\0\
\0\xa8\x01\0\0\0\0\0\0\x01\0\0\0\x2a\0\0\0\x08\x02\0\0\0\0\0\0\x01\0\0\0\x21\0\
\0\0\x20\x04\0\0\0\0\0\0\x01\0\0\0\x21\0\0\0\x80\x05\0\0\0\0\0\0\x01\0\0\0\x26\
\0\0\0\xa8\x05\0\0\0\0\0\0\x01\0\0\0\x2c\0\0\0\xd8\x05\0\0\0\0\0\0\x01\0\0\0\
\x1e\0\0\0\x20\x06\0\0\0\0\0\0\x01\0\0\0\x26\0\0\0\x58\x08\0\0\0\0\0\0\x01\0\0\
\0\x27\0\0\0\x88\x08\0\0\0\0\0\0\x01\0\0\0\x2d\0\0\0\xb8\x08\0\0\0\0\0\0\x01\0\
\0\0\x1e\0\0\0\xa8\x0e\0\0\0\0\0\0\x01\0\0\0\x21\0\0\0\0\x0f\0\0\0\0\0\0\x0a\0\
\0\0\x02\0\0\0\x28\x0f\0\0\0\0\0\0\x01\0\0\0\x21\0\0\0\x70\x0f\0\0\0\0\0\0\x01\
\0\0\0\x21\0\0\0\x90\x11\0\0\0\0\0\0\x01\0\0\0\x21\0\0\0\x68\x12\0\0\0\0\0\0\
\x01\0\0\0\x2e\0\0\0\x80\x12\0\0\0\0\0\0\x01\0\0\0\x2f\0\0\0\xc8\x12\0\0\0\0\0\
\0\x01\0\0\0\x2e\0\0\0\xf8\x12\0\0\0\0\0\0\x01\0\0\0\x26\0\0\0\x28\x13\0\0\0\0\
\0\0\x01\0\0\0\x30\0\0\0\x40\x13\0\0\0\0\0\0\x01\0\0\0\x2f\0\0\0\x88\x13\0\0\0\
\0\0\0\x01\0\0\0\x30\0\0\0\0\x14\0\0\0\0\0\0\x0a\0\0\0\x02\0\0\0\x28\x14\0\0\0\
\0\0\0\x01\0\0\0\x21\0\0\0\x60\x14\0\0\0\0\0\0\x01\0\0\0\x2a\0\0\0\xc8\x14\0\0\
\0\0\0\0\x01\0\0\0\x26\0\0\0\xf0\x14\0\0\0\0\0\0\x01\0\0\0\x33\0\0\0\x20\x15\0\
\0\0\0\0\0\x01\0\0\0\x1e\0\0\0\x60\x15\0\0\0\0\0\0\x01\0\0\0\x27\0\0\0\xa0\x15\
\0\0\0\0\0\0\x01\0\0\0\x21\0\0\0\x28\x16\0\0\0\0\0\0\x01\0\0\0\x27\0\0\0\x60\
\x16\0\0\0\0\0\0\x01\0\0\0\x21\0\0\0\x88\x16\0\0\0\0\0\0\x01\0\0\0\x27\0\0\0\
\xb0\x16\0\0\0\0\0\0\x01\0\0\0\x1e\0\0\0\x38\x17\0\0\0\0\0\0\x01\0\0\0\x33\0\0\
\0\xc8\x17\0\0\0\0\0\0\x01\0\0\0\x27\0\0\0\x38\0\0\0\0\0\0\0\x01\0\0\0\x2a\0\0\
\0\xd0\0\0\0\0\0\0\0\x01\0\0\0\x2a\0\0\0\x50\x01\0\0\0\0\0\0\x01\0\0\0\x2b\0\0\
\0\xc8\x01\0\0\0\0\0\0\x01\0\0\0\x2a\0\0\0\xb0\0\0\0\0\0\0\0\x01\0\0\0\x21\0\0\
\0\x38\x05\0\0\0\0\0\0\x01\0\0\0\x21\0\0\0\x98\x05\0\0\0\0\0\0\x01\0\0\0\x22\0\
\0\0\x10\x06\0\0\0\0\0\0\x01\0\0\0\x22\0\0\0\x50\x06\0\0\0\0\0\0\x01\0\0\0\x22\
\0\0\0\xa0\x06\0\0\0\0\0\0\x01\0\0\0\x21\0\0\0\xb0\0\0\0\0\0\0\0\x01\0\0\0\x21\
\0\0\0\x50\x03\0\0\0\0\0\0\x01\0\0\0\x21\0\0\0\xb0\x03\0\0\0\0\0\0\x01\0\0\0\
\x22\0\0\0\x28\x04\0\0\0\0\0\0\x01\0\0\0\x22\0\0\0\x68\x04\0\0\0\0\0\0\x01\0\0\
\0\x22\0\0\0\xb8\x04\0\0\0\0\0\0\x01\0\0\0\x21\0\0\0\x20\0\0\0\0\0\0\0\x01\0\0\
\0\x2a\0\0\0\x68\0\0\0\0\0\0\0\x01\0\0\0\x2a\0\0\0\0\x01\0\0\0\0\0\0\x01\0\0\0\
\x2a\0\0\0\x80\x01\0\0\0\0\0\0\x01\0\0\0\x2b\0\0\0\xb8\x01\0\0\0\0\0\0\x01\0\0\
\0\x2a\0\0\0\0\x02\0\0\0\0\0\0\x01\0\0\0\x2a\0\0\0\x20\0\0\0\0\0\0\0\x01\0\0\0\
\x2a\0\0\0\x68\0\0\0\0\0\0\0\x01\0\0\0\x2a\0\0\0\0\x01\0\0\0\0\0\0\x01\0\0\0\
\x2a\0\0\0\x80\x01\0\0\0\0\0\0\x01\0\0\0\x2b\0\0\0\xe0\x01\0\0\0\0\0\0\x01\0\0\
\0\x2a\0\0\0\x20\0\0\0\0\0\0\0\x01\0\0\0\x2a\0\0\0\x68\0\0\0\0\0\0\0\x01\0\0\0\
\x2a\0\0\0\0\x01\0\0\0\0\0\0\x01\0\0\0\x2a\0\0\0\x80\x01\0\0\0\0\0\0\x01\0\0\0\
\x2b\0\0\0\xb8\x01\0\0\0\0\0\0\x01\0\0\0\x2a\0\0\0\0\x02\0\0\0\0\0\0\x01\0\0\0\
\x2a\0\0\0\x20\0\0\0\0\0\0\0\x01\0\0\0\x2a\0\0\0\x68\0\0\0\0\0\0\0\x01\0\0\0\
\x2a\0\0\0\0\x01\0\0\0\0\0\0\x01\0\0\0\x2a\0\0\0\x80\x01\0\0\0\0\0\0\x01\0\0\0\
\x2b\0\0\0\xe0\x01\0\0\0\0\0\0\x01\0\0\0\x2a\0\0\0\0\0\0\0\0\0\0\0\x01\0\0\0\
\x1f\0\0\0\x20\0\0\0\0\0\0\0\x01\0\0\0\x3c\0\0\0\x30\0\0\0\0\0\0\0\x01\0\0\0\
\x3d\0\0\0\x58\0\0\0\0\0\0\0\x01\0\0\0\x1f\0\0\0\x70\0\0\0\0\0\0\0\x01\0\0\0\
\x1f\0\0\0\xd0\0\0\0\0\0\0\0\x01\0\0\0\x2b\0\0\0\x28\x01\0\0\0\0\0\0\x01\0\0\0\
\x2a\0\0\0\x58\x01\0\0\0\0\0\0\x01\0\0\0\x3e\0\0\0\x38\x02\0\0\0\0\0\0\x01\0\0\
\0\x1f\0\0\0\x70\x02\0\0\0\0\0\0\x01\0\0\0\x2a\0\0\0\xa8\x02\0\0\0\0\0\0\x01\0\
\0\0\x2b\0\0\0\x38\x03\0\0\0\0\0\0\x01\0\0\0\x2b\0\0\0\x60\x03\0\0\0\0\0\0\x01\
\0\0\0\x2b\0\0\0\x40\x05\0\0\0\0\0\0\x01\0\0\0\x1e\0\0\0\x18\x06\0\0\0\0\0\0\
\x01\0\0\0\x1e\0\0\0\x48\x06\0\0\0\0\0\0\x01\0\0\0\x1e\0\0\0\x68\x06\0\0\0\0\0\
\0\x01\0\0\0\x1e\0\0\0\x98\x06\0\0\0\0\0\0\x01\0\0\0\x40\0\0\0\xd0\x06\0\0\0\0\
\0\0\x01\0\0\0\x1e\0\0\0\x60\x07\0\0\0\0\0\0\x01\0\0\0\x2e\0\0\0\xb8\x07\0\0\0\
\0\0\0\x01\0\0\0\x2e\0\0\0\x08\x08\0\0\0\0\0\0\x01\0\0\0\x2e\0\0\0\x68\x08\0\0\
\0\0\0\0\x01\0\0\0\x2e\0\0\0\xb8\x08\0\0\0\0\0\0\x01\0\0\0\x2e\0\0\0\x18\x09\0\
\0\0\0\0\0\x01\0\0\0\x2e\0\0\0\x68\x09\0\0\0\0\0\0\x01\0\0\0\x2e\0\0\0\xc8\x09\
\0\0\0\0\0\0\x01\0\0\0\x2e\0\0\0\x20\x0a\0\0\0\0\0\0\x01\0\0\0\x42\0\0\0\x58\
\x0a\0\0\0\0\0\0\x01\0\0\0\x1e\0\0\0\xe8\x0a\0\0\0\0\0\0\x01\0\0\0\x30\0\0\0\
\x40\x0b\0\0\0\0\0\0\x01\0\0\0\x30\0\0\0\x90\x0b\0\0\0\0\0\0\x01\0\0\0\x30\0\0\
\0\xf0\x0b\0\0\0\0\0\0\x01\0\0\0\x30\0\0\0\x40\x0c\0\0\0\0\0\0\x01\0\0\0\x30\0\
\0\0\xa0\x0c\0\0\0\0\0\0\x01\0\0\0\x30\0\0\0\xf0\x0c\0\0\0\0\0\0\x01\0\0\0\x30\
\0\0\0\x50\x0d\0\0\0\0\0\0\x01\0\0\0\x30\0\0\0\x9f\xeb\x01\0\x18\0\0\0\0\0\0\0\
\x24\x55\0\0\x24\x55\0\0\xc6\x76\0\0\0\0\0\0\0\0\0\x02\x03\0\0\0\x01\0\0\0\0\0\
\0\x01\x04\0\0\0\x20\0\0\x01\0\0\0\0\0\0\0\x03\0\0\0\0\x02\0\0\0\x04\0\0\0\x01\
\0\0\0\x05\0\0\0\0\0\0\x01\x04\0\0\0\x20\0\0\0\0\0\0\0\0\0\0\x02\x06\0\0\0\0\0\
\0\0\0\0\0\x03\0\0\0\0\x02\0\0\0\x04\0\0\0\x04\0\0\0\0\0\0\0\0\0\0\x02\x08\0\0\
\0\0\0\0\0\0\0\0\x03\0\0\0\0\x02\0\0\0\x04\0\0\0\x70\0\0\0\0\0\0\0\0\0\0\x02\
\x0a\0\0\0\0\0\0\0\0\0\0\x03\0\0\0\0\x02\0\0\0\x04\0\0\0\0\x90\x01\0\0\0\0\0\
\x04\0\0\x04\x20\0\0\0\x19\0\0\0\x01\0\0\0\0\0\0\0\x1e\0\0\0\x05\0\0\0\x40\0\0\
\0\x27\0\0\0\x07\0\0\0\x80\0\0\0\x32\0\0\0\x09\0\0\0\xc0\0\0\0\x3e\0\0\0\0\0\0\
\x0e\x0b\0\0\0\x01\0\0\0\0\0\0\0\0\0\0\x02\x0e\0\0\0\0\0\0\0\0\0\0\x03\0\0\0\0\
\x02\0\0\0\x04\0\0\0\x02\0\0\0\0\0\0\0\0\0\0\x02\x10\0\0\0\0\0\0\0\0\0\0\x03\0\
\0\0\0\x02\0\0\0\x04\0\0\0\x50\0\0\0\0\0\0\0\0\0\0\x02\x12\0\0\0\0\0\0\0\0\0\0\
\x03\0\0\0\0\x02\0\0\0\x04\0\0\0\x40\0\0\0\0\0\0\0\x04\0\0\x04\x20\0\0\0\x19\0\
\0\0\x0d\0\0\0\0\0\0\0\x1e\0\0\0\x05\0\0\0\x40\0\0\0\x27\0\0\0\x0f\0\0\0\x80\0\
\0\0\x32\0\0\0\x11\0\0\0\xc0\0\0\0\x51\0\0\0\0\0\0\x0e\x13\0\0\0\x01\0\0\0\0\0\
\0\0\0\0\0\x02\x16\0\0\0\0\0\0\0\0\0\0\x03\0\0\0\0\x02\0\0\0\x04\0\0\0\x30\0\0\
\0\0\0\0\0\x04\0\0\x04\x20\0\0\0\x19\0\0\0\x0d\0\0\0\0\0\0\0\x1e\0\0\0\x05\0\0\
\0\x40\0\0\0\x27\0\0\0\x15\0\0\0\x80\0\0\0\x32\0\0\0\x11\0\0\0\xc0\0\0\0\x65\0\
\0\0\0\0\0\x0e\x17\0\0\0\x01\0\0\0\0\0\0\0\0\0\0\x02\x1a\0\0\0\0\0\0\0\0\0\0\
\x03\0\0\0\0\x02\0\0\0\x04\0\0\0\x08\0\0\0\0\0\0\0\x04\0\0\x04\x20\0\0\0\x19\0\
\0\0\x0d\0\0\0\0\0\0\0\x1e\0\0\0\x05\0\0\0\x40\0\0\0\x27\0\0\0\x05\0\0\0\x80\0\
\0\0\x32\0\0\0\x19\0\0\0\xc0\0\0\0\x7b\0\0\0\0\0\0\x0e\x1b\0\0\0\x01\0\0\0\0\0\
\0\0\0\0\0\x02\x1e\0\0\0\0\0\0\0\0\0\0\x03\0\0\0\0\x02\0\0\0\x04\0\0\0\0\x02\0\
\0\0\0\0\0\x04\0\0\x04\x20\0\0\0\x19\0\0\0\x01\0\0\0\0\0\0\0\x1e\0\0\0\x05\0\0\
\0\x40\0\0\0\x27\0\0\0\x05\0\0\0\x80\0\0\0\x32\0\0\0\x1d\0\0\0\xc0\0\0\0\x87\0\
\0\0\0\0\0\x0e\x1f\0\0\0\x01\0\0\0\x9b\0\0\0\0\0\0\x0e\x1b\0\0\0\x01\0\0\0\0\0\
\0\0\0\0\0\x02\x23\0\0\0\0\0\0\0\0\0\0\x03\0\0\0\0\x02\0\0\0\x04\0\0\0\x07\0\0\
\0\0\0\0\0\0\0\0\x02\x25\0\0\0\0\0\0\0\0\0\0\x03\0\0\0\0\x02\0\0\0\x04\0\0\0\0\
\x08\0\0\0\0\0\0\x04\0\0\x04\x20\0\0\0\x19\0\0\0\x22\0\0\0\0\0\0\0\x1e\0\0\0\
\x05\0\0\0\x40\0\0\0\x27\0\0\0\x19\0\0\0\x80\0\0\0\x32\0\0\0\x24\0\0\0\xc0\0\0\
\0\xb3\0\0\0\0\0\0\x0e\x26\0\0\0\x01\0\0\0\0\0\0\0\0\0\0\x02\x29\0\0\0\0\0\0\0\
\0\0\0\x03\0\0\0\0\x02\0\0\0\x04\0\0\0\x60\x01\0\0\0\0\0\0\0\0\0\x02\x2b\0\0\0\
\0\0\0\0\0\0\0\x03\0\0\0\0\x02\0\0\0\x04\0\0\0\0\x04\0\0\0\0\0\0\x04\0\0\x04\
\x20\0\0\0\x19\0\0\0\x01\0\0\0\0\0\0\0\x1e\0\0\0\x05\0\0\0\x40\0\0\0\x27\0\0\0\
\x28\0\0\0\x80\0\0\0\x32\0\0\0\x2a\0\0\0\xc0\0\0\0\xc4\0\0\0\0\0\0\x0e\x2c\0\0\
\0\x01\0\0\0\0\0\0\0\0\0\0\x02\x2f\0\0\0\0\0\0\0\0\0\0\x03\0\0\0\0\x02\0\0\0\
\x04\0\0\0\x10\0\0\0\0\0\0\0\x04\0\0\x04\x20\0\0\0\x19\0\0\0\x0d\0\0\0\0\0\0\0\
\x1e\0\0\0\x05\0\0\0\x40\0\0\0\x27\0\0\0\x05\0\0\0\x80\0\0\0\x32\0\0\0\x2e\0\0\
\0\xc0\0\0\0\xd8\0\0\0\0\0\0\x0e\x30\0\0\0\x01\0\0\0\0\0\0\0\0\0\0\x02\x33\0\0\
\0\0\0\0\0\0\0\0\x03\0\0\0\0\x02\0\0\0\x04\0\0\0\x0c\0\0\0\0\0\0\0\x04\0\0\x04\
\x20\0\0\0\x19\0\0\0\x0d\0\0\0\0\0\0\0\x1e\0\0\0\x05\0\0\0\x40\0\0\0\x27\0\0\0\
\x32\0\0\0\x80\0\0\0\x32\0\0\0\x05\0\0\0\xc0\0\0\0\xe4\0\0\0\0\0\0\x0e\x34\0\0\
\0\x01\0\0\0\0\0\0\0\x04\0\0\x04\x20\0\0\0\x19\0\0\0\x01\0\0\0\0\0\0\0\x1e\0\0\
\0\x05\0\0\0\x40\0\0\0\x27\0\0\0\x11\0\0\0\x80\0\0\0\x32\0\0\0\x24\0\0\0\xc0\0\
\0\0\xf5\0\0\0\0\0\0\x0e\x36\0\0\0\x01\0\0\0\x01\x01\0\0\0\0\0\x0e\x1f\0\0\0\
\x01\0\0\0\0\0\0\0\0\0\0\x02\x3a\0\0\0\0\0\0\0\0\0\0\x03\0\0\0\0\x02\0\0\0\x04\
\0\0\0\x1b\0\0\0\0\0\0\0\0\0\0\x02\x3c\0\0\0\0\0\0\0\0\0\0\x03\0\0\0\0\x02\0\0\
\0\x04\0\0\0\0\0\x04\0\0\0\0\0\x02\0\0\x04\x10\0\0\0\x19\0\0\0\x39\0\0\0\0\0\0\
\0\x32\0\0\0\x3b\0\0\0\x40\0\0\0\x16\x01\0\0\0\0\0\x0e\x3d\0\0\0\x01\0\0\0\0\0\
\0\0\0\0\0\x02\x40\0\0\0\0\0\0\0\0\0\0\x03\0\0\0\0\x02\0\0\0\x04\0\0\0\0\0\x08\
\0\0\0\0\0\x02\0\0\x04\x10\0\0\0\x19\0\0\0\x39\0\0\0\0\0\0\0\x32\0\0\0\x3f\0\0\
\0\x40\0\0\0\x27\x01\0\0\0\0\0\x0e\x41\0\0\0\x01\0\0\0\x3c\x01\0\0\0\0\0\x0e\
\x41\0\0\0\x01\0\0\0\0\0\0\0\0\0\0\x02\x45\0\0\0\0\0\0\0\0\0\0\x03\0\0\0\0\x02\
\0\0\0\x04\0\0\0\0\0\x01\0\0\0\0\0\x02\0\0\x04\x10\0\0\0\x19\0\0\0\x39\0\0\0\0\
\0\0\0\x32\0\0\0\x44\0\0\0\x40\0\0\0\x54\x01\0\0\0\0\0\x0e\x46\0\0\0\x01\0\0\0\
\x63\x01\0\0\0\0\0\x0e\x46\0\0\0\x01\0\0\0\x7e\x01\0\0\0\0\0\x0e\x41\0\0\0\x01\
\0\0\0\0\0\0\0\0\0\0\x02\x4b\0\0\0\x94\x01\0\0\0\0\0\x01\x08\0\0\0\x40\0\0\0\0\
\0\0\0\x01\0\0\x0d\x02\0\0\0\xa7\x01\0\0\x4a\0\0\0\xab\x01\0\0\x01\0\0\x0c\x4c\
\0\0\0\xbf\x01\0\0\x0e\x01\0\x84\x80\x36\0\0\xcb\x01\0\0\x4f\0\0\0\0\0\0\0\xd7\
\x01\0\0\x53\0\0\0\xc0\0\0\0\xdf\x01\0\0\x53\0\0\0\xe0\0\0\0\xeb\x01\0\0\x54\0\
\0\0\0\x01\0\0\xf1\x01\0\0\x55\0\0\0\x40\x01\0\0\xf7\x01\0\0\x53\0\0\0\x60\x01\
\0\0\xfd\x01\0\0\x53\0\0\0\x80\x01\0\0\x04\x02\0\0\x02\0\0\0\xa0\x01\0\0\x0b\
\x02\0\0\x59\0\0\0\xc0\x01\0\0\x16\x02\0\0\x53\0\0\0\x40\x02\0\0\x22\x02\0\0\
\x50\0\0\0\x80\x02\0\0\x36\x02\0\0\x60\0\0\0\xc0\x02\0\0\x41\x02\0\0\x02\0\0\0\
\0\x03\0\0\x51\x02\0\0\x02\0\0\0\x20\x03\0\0\x5a\x02\0\0\x02\0\0\0\x40\x03\0\0\
\x60\x02\0\0\x02\0\0\0\x60\x03\0\0\x65\x02\0\0\x02\0\0\0\x80\x03\0\0\x71\x02\0\
\0\x02\0\0\0\xa0\x03\0\0\x7d\x02\0\0\x53\0\0\0\xc0\x03\0\0\x89\x02\0\0\x61\0\0\
\0\0\x04\0\0\x8c\x02\0\0\x70\0\0\0\0\x0c\0\0\x8f\x02\0\0\x72\0\0\0\x80\x0d\0\0\
\x92\x02\0\0\x83\0\0\0\x40\x15\0\0\x9c\x02\0\0\x87\0\0\0\x80\x15\0\0\xa0\x02\0\
\0\x91\0\0\0\0\x1c\0\0\xac\x02\0\0\x63\0\0\0\x40\x1c\0\0\xb6\x02\0\0\x50\0\0\0\
\0\x1d\0\0\xc2\x02\0\0\x53\0\0\0\x40\x1d\0\0\xd2\x02\0\0\x93\0\0\0\x80\x1d\0\0\
\xe3\x02\0\0\x95\0\0\0\xc0\x1d\0\0\xee\x02\0\0\x95\0\0\0\0\x1e\0\0\xf5\x02\0\0\
\x96\0\0\0\0\x20\0\0\xfb\x02\0\0\x97\0\0\0\0\x28\0\0\x0d\x03\0\0\x53\0\0\0\x40\
\x28\0\0\x18\x03\0\0\x53\0\0\0\x60\x28\0\0\x1f\x03\0\0\x50\0\0\0\x80\x28\0\0\
\x34\x03\0\0\x02\0\0\0\xc0\x28\0\0\x44\x03\0\0\x99\0\0\0\0\x29\0\0\x4d\x03\0\0\
\x9c\0\0\0\x40\x29\0\0\x5b\x03\0\0\x9b\0\0\0\x80\x29\0\0\x65\x03\0\0\x54\0\0\0\
\x80\x49\0\0\x77\x03\0\0\x5f\0\0\0\xc0\x49\0\0\x8a\x03\0\0\x5f\0\0\0\xd0\x49\0\
\0\x9a\x03\0\0\x02\0\0\0\xe0\x49\0\0\xb0\x03\0\0\x9f\0\0\0\0\x4a\0\0\xc8\x03\0\
\0\x67\0\0\0\x40\x4a\0\0\xd7\x03\0\0\xa1\0\0\0\xc0\x4a\0\0\xe8\x03\0\0\x50\0\0\
\0\0\x4b\0\0\xf8\x03\0\0\x7b\0\0\0\x40\x4b\0\0\x0a\x04\0\0\x7b\0\0\0\x48\x4b\0\
\0\x18\x04\0\0\x02\0\0\0\x60\x4b\0\0\x2b\x04\0\0\x67\0\0\0\x80\x4b\0\0\x42\x04\
\0\0\x02\0\0\0\0\x4c\0\0\x55\x04\0\0\x67\0\0\0\x40\x4c\0\0\x69\x04\0\0\x02\0\0\
\0\xc0\x4c\0\0\x7c\x04\0\0\x02\0\0\0\xe0\x4c\0\0\x8b\x04\0\0\x9f\0\0\0\0\x4d\0\
\0\x9e\x04\0\0\x67\0\0\0\x40\x4d\0\0\xaf\x04\0\0\x67\0\0\0\xc0\x4d\0\0\xbd\x04\
\0\0\x02\0\0\0\x40\x4e\0\0\xca\x04\0\0\xa2\0\0\0\x80\x4e\0\0\xd5\x04\0\0\x67\0\
\0\0\x80\x4f\0\0\xdb\x04\0\0\xa3\0\0\0\0\x50\0\0\xea\x04\0\0\x63\0\0\0\x40\x51\
\0\0\xfc\x04\0\0\xa4\0\0\0\0\x52\0\0\xff\x04\0\0\xa4\0\0\0\x40\x52\0\0\x09\x05\
\0\0\xa5\0\0\0\x80\x52\0\0\x21\x05\0\0\x02\0\0\0\xc0\x52\0\0\x2c\x05\0\0\x02\0\
\0\0\xe0\x52\0\0\x36\x05\0\0\x02\0\0\0\0\x53\0\0\x42\x05\0\0\x02\0\0\0\x20\x53\
\0\0\x50\x05\0\0\x50\0\0\0\x40\x53\0\0\x57\x05\0\0\x53\0\0\0\x80\x53\0\0\x63\
\x05\0\0\x53\0\0\0\xa0\x53\0\x01\x77\x05\0\0\x53\0\0\0\xa1\x53\0\x01\x91\x05\0\
\0\x53\0\0\0\xa2\x53\0\x01\xa0\x05\0\0\x53\0\0\0\xc0\x53\0\x01\xb4\x05\0\0\x53\
\0\0\0\xc1\x53\0\x01\xc3\x05\0\0\x53\0\0\0\xc2\x53\0\x01\xcd\x05\0\0\x53\0\0\0\
\xc3\x53\0\x01\xd7\x05\0\0\x53\0\0\0\xc4\x53\0\x01\xe7\x05\0\0\x53\0\0\0\xc5\
\x53\0\x01\xf4\x05\0\0\x53\0\0\0\xc6\x53\0\x01\x08\x06\0\0\x53\0\0\0\xc7\x53\0\
\x01\x0f\x06\0\0\x53\0\0\0\xc8\x53\0\x01\x1c\x06\0\0\x53\0\0\0\xc9\x53\0\x01\
\x28\x06\0\0\x53\0\0\0\xca\x53\0\x01\x33\x06\0\0\x53\0\0\0\xcb\x53\0\x01\x43\
\x06\0\0\x53\0\0\0\xcc\x53\0\x01\x57\x06\0\0\x53\0\0\0\xcd\x53\0\x01\x64\x06\0\
\0\x50\0\0\0\0\x54\0\0\x71\x06\0\0\xa6\0\0\0\x40\x54\0\0\x7f\x06\0\0\xb7\0\0\0\
\0\x56\0\0\x83\x06\0\0\xb7\0\0\0\x20\x56\0\0\x88\x06\0\0\x50\0\0\0\x40\x56\0\0\
\x95\x06\0\0\x60\0\0\0\x80\x56\0\0\xa1\x06\0\0\x60\0\0\0\xc0\x56\0\0\xa8\x06\0\
\0\x67\0\0\0\0\x57\0\0\xb1\x06\0\0\x67\0\0\0\x80\x57\0\0\xb9\x06\0\0\x60\0\0\0\
\0\x58\0\0\xc6\x06\0\0\x67\0\0\0\x40\x58\0\0\xce\x06\0\0\x67\0\0\0\xc0\x58\0\0\
\xdb\x06\0\0\xb9\0\0\0\x40\x59\0\0\xe6\x06\0\0\xbc\0\0\0\x80\x59\0\0\xf0\x06\0\
\0\x67\0\0\0\x80\x5b\0\0\xfc\x06\0\0\xbd\0\0\0\0\x5c\0\0\x07\x07\0\0\xbe\0\0\0\
\x40\x5c\0\0\x15\x07\0\0\xbe\0\0\0\x80\x5c\0\0\x25\x07\0\0\x54\0\0\0\xc0\x5c\0\
\0\x34\x07\0\0\x65\0\0\0\0\x5d\0\0\x3a\x07\0\0\x65\0\0\0\x40\x5d\0\0\x40\x07\0\
\0\x65\0\0\0\x80\x5d\0\0\x46\x07\0\0\xbf\0\0\0\xc0\x5d\0\0\x53\x07\0\0\xc7\0\0\
\0\x80\x5e\0\0\x59\x07\0\0\x57\0\0\0\0\x60\0\0\x67\x07\0\0\x50\0\0\0\x40\x60\0\
\0\x6d\x07\0\0\x50\0\0\0\x80\x60\0\0\x74\x07\0\0\x65\0\0\0\xc0\x60\0\0\x7f\x07\
\0\0\x65\0\0\0\0\x61\0\0\x8e\x07\0\0\x50\0\0\0\x40\x61\0\0\x96\x07\0\0\x50\0\0\
\0\x80\x61\0\0\x9e\x07\0\0\xcb\0\0\0\xc0\x61\0\0\xae\x07\0\0\xd1\0\0\0\x40\x64\
\0\0\xc3\x07\0\0\xd8\0\0\0\0\x66\0\0\xd0\x07\0\0\xd8\0\0\0\x40\x66\0\0\xda\x07\
\0\0\xd8\0\0\0\x80\x66\0\0\xdf\x07\0\0\xe5\0\0\0\xc0\x66\0\0\xf4\x07\0\0\xec\0\
\0\0\0\x67\0\0\xf9\x07\0\0\xed\0\0\0\x80\x67\0\0\x03\x08\0\0\xee\0\0\0\xc0\x67\
\0\0\x0b\x08\0\0\xf0\0\0\0\0\x68\0\0\x13\x08\0\0\x50\0\0\0\x80\x68\0\0\x25\x08\
\0\0\x50\0\0\0\xc0\x68\0\0\x36\x08\0\0\xf1\0\0\0\0\x69\0\0\x39\x08\0\0\xf2\0\0\
\0\x40\x69\0\0\x3f\x08\0\0\xf3\0\0\0\x80\x69\0\0\x48\x08\0\0\xf4\0\0\0\xc0\x69\
\0\0\x50\x08\0\0\xf5\0\0\0\0\x6a\0\0\x57\x08\0\0\xf6\0\0\0\x40\x6a\0\0\x5f\x08\
\0\0\xf7\0\0\0\x80\x6a\0\0\x67\x08\0\0\xf7\0\0\0\xc0\x6a\0\0\x74\x08\0\0\xf7\0\
\0\0\0\x6b\0\0\x82\x08\0\0\xfa\0\0\0\x40\x6b\0\0\x8a\x08\0\0\x50\0\0\0\0\x6c\0\
\0\x94\x08\0\0\xfb\0\0\0\x40\x6c\0\0\xa0\x08\0\0\x53\0\0\0\x80\x6c\0\0\xad\x08\
\0\0\xd3\0\0\0\xc0\x6c\0\0\xb8\x08\0\0\xfe\0\0\0\0\x6d\0\0\xc6\x08\0\0\xdb\0\0\
\0\x40\x6d\0\0\xcf\x08\0\0\x53\0\0\0\x60\x6d\0\0\xd9\x08\0\0\xff\0\0\0\x80\x6d\
\0\0\xe1\x08\0\0\x01\x01\0\0\0\x6e\0\0\xf2\x08\0\0\x65\0\0\0\0\x6f\0\0\x01\x09\
\0\0\x65\0\0\0\x40\x6f\0\0\x0e\x09\0\0\x03\x01\0\0\x80\x6f\0\0\x19\x09\0\0\xc0\
\0\0\0\xa0\x6f\0\0\x21\x09\0\0\x06\x01\0\0\xc0\x6f\0\0\x28\x09\0\0\xce\0\0\0\0\
\x70\0\0\x33\x09\0\0\x60\0\0\0\x80\x70\0\0\x3f\x09\0\0\x08\x01\0\0\xc0\x70\0\0\
\x4d\x09\0\0\x53\0\0\0\0\x71\0\0\x56\x09\0\0\x54\0\0\0\x40\x71\0\0\x63\x09\0\0\
\x09\x01\0\0\x80\x71\0\0\x6c\x09\0\0\x0a\x01\0\0\xc0\x71\0\0\x71\x09\0\0\x0b\
\x01\0\0\0\x72\0\0\x7f\x09\0\0\x0c\x01\0\0\x40\x72\0\0\x8a\x09\0\0\x0d\x01\0\0\
\x80\x72\0\0\x9a\x09\0\0\x50\0\0\0\xc0\x72\0\0\xa9\x09\0\0\x0e\x01\0\0\0\x73\0\
\0\xb6\x09\0\0\x10\x01\0\0\x40\x73\0\0\xbb\x09\0\0\x53\0\0\0\0\x75\0\0\xc5\x09\
\0\0\x65\0\0\0\x40\x75\0\0\xd3\x09\0\0\x65\0\0\0\x80\x75\0\0\xe0\x09\0\0\x65\0\
\0\0\xc0\x75\0\0\xed\x09\0\0\x11\x01\0\0\0\x76\0\0\xfa\x09\0\0\x14\x01\0\0\0\
\x7a\0\0\x0b\x0a\0\0\x02\0\0\0\x20\x7a\0\0\x23\x0a\0\0\x16\x01\0\0\x40\x7a\0\0\
\x2b\x0a\0\0\x67\0\0\0\x80\x7a\0\0\x33\x0a\0\0\x51\0\0\0\0\x7b\0\0\x3a\x0a\0\0\
\x51\0\0\0\x20\x7b\0\0\x3f\x0a\0\0\x17\x01\0\0\x40\x7b\0\0\x4b\x0a\0\0\x18\x01\
\0\0\x80\x7b\0\0\x5e\x0a\0\0\x67\0\0\0\xc0\x7b\0\0\x6c\x0a\0\0\x19\x01\0\0\x40\
\x7c\0\0\x7b\x0a\0\0\xd6\0\0\0\x80\x7c\0\0\x8c\x0a\0\0\x53\0\0\0\x80\x7d\0\0\
\x98\x0a\0\0\x1a\x01\0\0\xa0\x7d\0\0\xa7\x0a\0\0\x1b\x01\0\0\xc0\x7d\0\0\xb7\
\x0a\0\0\xd6\0\0\0\0\x7e\0\0\xc8\x0a\0\0\x67\0\0\0\0\x7f\0\0\xd8\x0a\0\0\x1c\
\x01\0\0\x80\x7f\0\0\xe2\x0a\0\0\x1d\x01\0\0\xc0\x7f\0\0\xea\x0a\0\0\x7b\0\0\0\
\xd0\x7f\0\0\xf4\x0a\0\0\x1d\x01\0\0\xe0\x7f\0\0\x03\x0b\0\0\x02\0\0\0\0\x80\0\
\0\x11\x0b\0\0\x53\0\0\0\x20\x80\0\0\x22\x0b\0\0\x53\0\0\0\x40\x80\0\0\x37\x0b\
\0\0\x02\0\0\0\x60\x80\0\0\x4a\x0b\0\0\x50\0\0\0\x80\x80\0\0\x5d\x0b\0\0\x65\0\
\0\0\xc0\x80\0\0\x68\x0b\0\0\x65\0\0\0\0\x81\0\0\x81\x0b\0\0\x65\0\0\0\x40\x81\
\0\0\x97\x0b\0\0\xd2\0\0\0\x80\x81\0\0\xa1\x0b\0\0\x1e\x01\0\0\0\x82\0\0\xac\
\x0b\0\0\x1f\x01\0\0\x40\x82\0\0\xb8\x0b\0\0\x50\0\0\0\x80\x82\0\0\xca\x0b\0\0\
\x20\x01\0\0\xc0\x82\0\0\xdf\x0b\0\0\x50\0\0\0\x80\x83\0\0\xf3\x0b\0\0\x21\x01\
\0\0\xc0\x83\0\0\xf8\x0b\0\0\x51\0\0\0\0\x84\0\0\x01\x0c\0\0\x51\0\0\0\x20\x84\
\0\0\x0a\x0c\0\0\x50\0\0\0\x40\x84\0\0\x1a\x0c\0\0\x02\0\0\0\x80\x84\0\0\x21\
\x0c\0\0\x02\0\0\0\xa0\x84\0\0\x2d\x0c\0\0\x02\0\0\0\xc0\x84\0\0\x3e\x0c\0\0\
\x02\0\0\0\xe0\x84\0\0\x4c\x0c\0\0\xd2\0\0\0\0\x85\0\0\x55\x0c\0\0\x22\x01\0\0\
\x80\x85\0\0\x5d\x0c\0\0\x24\x01\0\0\xc0\xa5\0\0\x69\x0c\0\0\x25\x01\0\0\0\xa6\
\0\0\x73\x0c\0\0\x27\x01\0\0\x80\xa6\0\0\x7a\x0c\0\0\x02\0\0\0\xc0\xa6\0\0\x85\
\x0c\0\0\x02\0\0\0\xe0\xa6\0\0\x96\x0c\0\0\x50\0\0\0\0\xa7\0\0\xa8\x0c\0\0\x02\
\0\0\0\x40\xa7\0\0\xbd\x0c\0\0\x2a\x01\0\0\x80\xa7\0\0\xcc\x0c\0\0\x65\0\0\0\
\x80\x1f\x01\0\xdb\x0c\0\0\x65\0\0\0\xc0\x1f\x01\0\xf2\x0c\0\0\x02\0\0\0\0\x20\
\x01\0\x01\x0d\0\0\x02\0\0\0\x20\x20\x01\0\x10\x0d\0\0\x1f\x01\0\0\x40\x20\x01\
\0\x1a\x0d\0\0\x4b\0\0\0\x80\x20\x01\0\x2b\x0d\0\0\x57\0\0\0\xc0\x20\x01\0\x39\
\x0d\0\0\x57\0\0\0\xe0\x20\x01\0\x4d\x0d\0\0\x50\0\0\0\0\x21\x01\0\x5d\x0d\0\0\
\x53\0\0\0\x40\x21\x01\0\x76\x0d\0\0\x2b\x01\0\0\x80\x21\x01\0\x83\x0d\0\0\x2c\
\x01\0\0\xc0\x21\x01\0\x89\x0d\0\0\x2d\x01\0\0\0\x22\x01\0\x97\x0d\0\0\x2e\x01\
\0\0\x40\x22\x01\0\x9d\x0d\0\0\x53\0\0\0\x80\x22\x01\0\xab\x0d\0\0\x53\0\0\0\
\xa0\x22\x01\0\xbd\x0d\0\0\x2f\x01\0\0\xc0\x22\x01\0\xc7\x0d\0\0\xd2\0\0\0\xc0\
\x22\x01\0\xcb\x0d\0\0\x55\0\0\0\x40\x23\x01\0\xd5\x0d\0\0\x02\0\0\0\x60\x23\
\x01\0\xe8\x0d\0\0\x60\0\0\0\x80\x23\x01\0\xf8\x0d\0\0\x30\x01\0\0\xc0\x23\x01\
\0\x09\x0e\0\0\x34\x01\0\0\0\x25\x01\0\x17\x0e\0\0\x55\0\0\0\x40\x25\x01\0\x26\
\x0e\0\0\x02\0\0\0\x60\x25\x01\0\x32\x0e\0\0\x54\0\0\0\x80\x25\x01\0\x3b\x0e\0\
\0\x35\x01\0\0\xc0\x25\x01\0\x47\x0e\0\0\x36\x01\0\0\0\x26\x01\0\x4f\x0e\0\0\
\x37\x01\0\0\x40\x26\x01\0\x5f\x0e\0\0\x54\0\0\0\x80\x26\x01\0\x69\x0e\0\0\x66\
\0\0\0\xc0\x26\x01\0\x74\x0e\0\0\x65\0\0\0\0\x27\x01\0\x7d\x0e\0\0\x66\0\0\0\
\x40\x27\x01\x01\x86\x0e\0\0\x66\0\0\0\x41\x27\x01\x01\x95\x0e\0\0\x66\0\0\0\
\x42\x27\x01\x3e\xa4\x0e\0\0\xd2\0\0\0\x80\x27\x01\0\xb0\x0e\0\0\x02\0\0\0\0\
\x28\x01\0\xba\x0e\0\0\x38\x01\0\0\x40\x28\x01\0\xce\x0e\0\0\x38\x01\0\0\x80\
\x28\x01\0\xd7\x0e\0\0\xd2\0\0\0\xc0\x28\x01\0\xe6\x0e\0\0\x3b\x01\0\0\x40\x29\
\x01\0\xe9\x0e\0\0\x3c\x01\0\0\x80\x29\x01\0\xf7\x0e\0\0\x3d\x01\0\0\0\x2a\x01\
\0\xcb\x01\0\0\x04\0\0\x04\x18\0\0\0\xf7\x01\0\0\x50\0\0\0\0\0\0\0\xfe\x0e\0\0\
\x50\0\0\0\x40\0\0\0\x0b\x0f\0\0\x51\0\0\0\x80\0\0\0\x12\x0f\0\0\x51\0\0\0\xa0\
\0\0\0\x16\x0f\0\0\0\0\0\x01\x08\0\0\0\x40\0\0\0\x24\x0f\0\0\0\0\0\x08\x52\0\0\
\0\x28\x0f\0\0\0\0\0\x08\x53\0\0\0\x2e\x0f\0\0\0\0\0\x01\x04\0\0\0\x20\0\0\0\0\
\0\0\0\0\0\0\x02\0\0\0\0\x3b\x0f\0\0\0\0\0\x08\x56\0\0\0\x46\x0f\0\0\x01\0\0\
\x04\x04\0\0\0\x56\x0f\0\0\x57\0\0\0\0\0\0\0\x5b\x0f\0\0\0\0\0\x08\x58\0\0\0\0\
\0\0\0\x01\0\0\x04\x04\0\0\0\x64\x0f\0\0\x02\0\0\0\0\0\0\0\x6c\x0f\0\0\x04\0\0\
\x04\x10\0\0\0\x7f\x0f\0\0\x5a\0\0\0\0\0\0\0\0\0\0\0\x5c\0\0\0\x40\0\0\0\x85\
\x0f\0\0\x5d\0\0\0\x60\0\0\0\x89\x0f\0\0\x5d\0\0\0\x70\0\0\0\x8d\x0f\0\0\x01\0\
\0\x04\x08\0\0\0\x98\x0f\0\0\x5b\0\0\0\0\0\0\0\0\0\0\0\0\0\0\x02\x5a\0\0\0\0\0\
\0\0\x02\0\0\x05\x04\0\0\0\x9d\x0f\0\0\x53\0\0\0\0\0\0\0\xa5\x0f\0\0\x57\0\0\0\
\0\0\0\0\xad\x0f\0\0\0\0\0\x08\x5e\0\0\0\xb1\x0f\0\0\0\0\0\x08\x5f\0\0\0\xb7\
\x0f\0\0\0\0\0\x01\x02\0\0\0\x10\0\0\0\0\0\0\0\0\0\0\x02\x4e\0\0\0\xc6\x0f\0\0\
\x17\0\0\x04\0\x01\0\0\xd3\x0f\0\0\x62\0\0\0\0\0\0\0\xd8\x0f\0\0\x63\0\0\0\x80\
\0\0\0\xe1\x0f\0\0\x65\0\0\0\x40\x01\0\0\xea\x0f\0\0\x65\0\0\0\x80\x01\0\0\xf7\
\x0f\0\0\x65\0\0\0\xc0\x01\0\0\x01\x10\0\0\x67\0\0\0\0\x02\0\0\x5a\x02\0\0\x69\
\0\0\0\x80\x02\0\0\x0c\x10\0\0\x69\0\0\0\x88\x02\0\0\x1a\x10\0\0\x69\0\0\0\x90\
\x02\0\0\x27\x10\0\0\x69\0\0\0\x98\x02\0\0\x34\x10\0\0\x65\0\0\0\xc0\x02\0\0\
\x3f\x10\0\0\x65\0\0\0\0\x03\0\0\x50\x10\0\0\x65\0\0\0\x40\x03\0\0\x66\x10\0\0\
\x65\0\0\0\x80\x03\0\0\x6f\x10\0\0\x6a\0\0\0\xc0\x03\0\0\x74\x10\0\0\x65\0\0\0\
\0\x04\0\0\x7a\x10\0\0\x65\0\0\0\x40\x04\0\0\x88\x10\0\0\x02\0\0\0\x80\x04\0\0\
\xa1\x06\0\0\x6d\0\0\0\xc0\x04\0\0\x8e\x10\0\0\x6e\0\0\0\0\x05\0\0\x95\x10\0\0\
\x6e\0\0\0\x40\x05\0\0\x9a\x10\0\0\x50\0\0\0\x80\x05\0\0\xaa\x10\0\0\x6f\0\0\0\
\0\x06\0\0\xae\x10\0\0\x02\0\0\x04\x10\0\0\0\xba\x10\0\0\x50\0\0\0\0\0\0\0\xc1\
\x10\0\0\x51\0\0\0\x40\0\0\0\xcc\x10\0\0\x03\0\0\x04\x18\0\0\0\xd4\x10\0\0\x50\
\0\0\0\0\0\0\0\xe6\x10\0\0\x64\0\0\0\x40\0\0\0\xef\x10\0\0\x64\0\0\0\x80\0\0\0\
\0\0\0\0\0\0\0\x02\x63\0\0\0\xf7\x10\0\0\0\0\0\x08\x66\0\0\0\xfb\x10\0\0\0\0\0\
\x08\x4b\0\0\0\x01\x11\0\0\x02\0\0\x04\x10\0\0\0\x98\x0f\0\0\x68\0\0\0\0\0\0\0\
\x0b\x11\0\0\x68\0\0\0\x40\0\0\0\0\0\0\0\0\0\0\x02\x67\0\0\0\x10\x11\0\0\0\0\0\
\x01\x01\0\0\0\x08\0\0\0\x1e\x11\0\0\0\0\0\x08\x6b\0\0\0\x22\x11\0\0\0\0\0\x08\
\x6c\0\0\0\x28\x11\0\0\0\0\0\x01\x08\0\0\0\x40\0\0\x01\0\0\0\0\0\0\0\x02\x61\0\
\0\0\0\0\0\0\0\0\0\x02\xfb\x01\0\0\x32\x11\0\0\x09\0\0\x04\x40\0\0\0\x3c\x11\0\
\0\x65\0\0\0\0\0\0\0\x4d\x11\0\0\x65\0\0\0\x40\0\0\0\x56\x11\0\0\x65\0\0\0\x80\
\0\0\0\x63\x11\0\0\x51\0\0\0\xc0\0\0\0\x6c\x11\0\0\x51\0\0\0\xe0\0\0\0\x7b\x11\
\0\0\x50\0\0\0\0\x01\0\0\x84\x11\0\0\x50\0\0\0\x40\x01\0\0\x91\x11\0\0\x50\0\0\
\0\x80\x01\0\0\x9a\x11\0\0\x53\0\0\0\xc0\x01\0\0\xa3\x11\0\0\x07\0\0\x04\x30\0\
\0\0\xb3\x11\0\0\x67\0\0\0\0\0\0\0\xbc\x11\0\0\x50\0\0\0\x80\0\0\0\xc4\x11\0\0\
\x50\0\0\0\xc0\0\0\0\xd3\x11\0\0\x53\0\0\0\0\x01\0\0\x5a\x02\0\0\x5f\0\0\0\x20\
\x01\0\0\xde\x11\0\0\x5f\0\0\0\x30\x01\0\0\xe6\x11\0\0\x71\0\0\0\x40\x01\0\0\0\
\0\0\0\0\0\0\x02\x70\0\0\0\xeb\x11\0\0\x17\0\0\x84\xf8\0\0\0\xcc\x10\0\0\x63\0\
\0\0\0\0\0\0\xfb\x11\0\0\x65\0\0\0\xc0\0\0\0\x06\x12\0\0\x65\0\0\0\0\x01\0\0\
\x12\x12\0\0\x65\0\0\0\x40\x01\0\0\x1c\x12\0\0\x65\0\0\0\x80\x01\0\0\x22\x12\0\
\0\x65\0\0\0\xc0\x01\0\0\x2d\x12\0\0\x6a\0\0\0\0\x02\0\0\xe1\x0f\0\0\x65\0\0\0\
\x40\x02\0\0\xf7\x01\0\0\x53\0\0\0\x80\x02\0\0\x35\x12\0\0\x53\0\0\0\xa0\x02\0\
\x01\x42\x12\0\0\x53\0\0\0\xa1\x02\0\x01\x4d\x12\0\0\x53\0\0\0\xa2\x02\0\x01\
\x5f\x12\0\0\x53\0\0\0\xa3\x02\0\x01\x92\x02\0\0\x53\0\0\0\xa4\x02\0\x01\x6a\
\x12\0\0\x53\0\0\0\xa5\x02\0\x01\x73\x12\0\0\x53\0\0\0\xa6\x02\0\x01\x82\x12\0\
\0\x53\0\0\0\xa7\x02\0\x01\x93\x12\0\0\x73\0\0\0\xc0\x02\0\0\x9c\x12\0\0\x73\0\
\0\0\xc0\x04\0\0\xab\x12\0\0\x7d\0\0\0\xc0\x06\0\0\xae\x12\0\0\x7e\0\0\0\0\x07\
\0\0\xbf\x12\0\0\x84\0\0\0\x40\x07\0\0\xd0\x12\0\0\x83\0\0\0\x80\x07\0\0\xd6\
\x12\0\0\x08\0\0\x04\x40\0\0\0\xde\x12\0\0\x74\0\0\0\0\0\0\0\xe3\x12\0\0\x75\0\
\0\0\0\x01\0\0\xf0\x12\0\0\x76\0\0\0\x40\x01\0\0\xf9\x12\0\0\x7a\0\0\0\x80\x01\
\0\0\xfe\x12\0\0\x7b\0\0\0\xc0\x01\0\0\x04\x13\0\0\x7b\0\0\0\xc8\x01\0\0\x0b\
\x13\0\0\x7b\0\0\0\xd0\x01\0\0\x13\x13\0\0\x7b\0\0\0\xd8\x01\0\0\x1b\x13\0\0\
\x02\0\0\x04\x20\0\0\0\xde\x12\0\0\x63\0\0\0\0\0\0\0\x2b\x13\0\0\x75\0\0\0\xc0\
\0\0\0\x33\x13\0\0\0\0\0\x08\x6a\0\0\0\0\0\0\0\0\0\0\x02\x77\0\0\0\0\0\0\0\x01\
\0\0\x0d\x78\0\0\0\0\0\0\0\x79\0\0\0\x3b\x13\0\0\x02\0\0\x06\x04\0\0\0\x4b\x13\
\0\0\0\0\0\0\x5d\x13\0\0\x01\0\0\0\0\0\0\0\0\0\0\x02\x73\0\0\0\0\0\0\0\0\0\0\
\x02\xfe\x01\0\0\x6d\x13\0\0\0\0\0\x08\x7c\0\0\0\x70\x13\0\0\0\0\0\x08\x69\0\0\
\0\0\0\0\0\0\0\0\x02\xfa\x01\0\0\x75\x13\0\0\0\0\0\x08\x7f\0\0\0\0\0\0\0\0\0\0\
\x02\x80\0\0\0\0\0\0\0\x01\0\0\x0d\x81\0\0\0\0\0\0\0\x83\0\0\0\x8b\x13\0\0\0\0\
\0\x08\x82\0\0\0\x90\x13\0\0\0\0\0\x01\x01\0\0\0\x08\0\0\x04\0\0\0\0\0\0\0\x02\
\x72\0\0\0\x96\x13\0\0\0\0\0\x08\x85\0\0\0\0\0\0\0\0\0\0\x02\x86\0\0\0\0\0\0\0\
\x01\0\0\x0d\x60\0\0\0\0\0\0\0\x83\0\0\0\xa7\x13\0\0\x16\0\0\x04\xd0\0\0\0\xb8\
\x13\0\0\x88\0\0\0\0\0\0\0\xbc\x13\0\0\x89\0\0\0\x40\0\0\0\xc5\x13\0\0\x63\0\0\
\0\0\x01\0\0\xce\x13\0\0\x51\0\0\0\xc0\x01\0\0\xd6\x13\0\0\x51\0\0\0\xe0\x01\0\
\0\xf7\x01\0\0\x51\0\0\0\0\x02\0\0\xba\x10\0\0\x51\0\0\0\x20\x02\0\0\xe0\x13\0\
\0\x8a\0\0\0\x40\x02\0\0\xeb\x13\0\0\x8a\0\0\0\x60\x02\0\0\xf7\x13\0\0\x51\0\0\
\0\x80\x02\0\0\xff\x13\0\0\x8c\0\0\0\xc0\x02\0\0\x08\x14\0\0\x8d\0\0\0\x40\x03\
\0\0\x12\x14\0\0\x67\0\0\0\x80\x03\0\0\x20\x14\0\0\x50\0\0\0\0\x04\0\0\x2c\x14\
\0\0\x65\0\0\0\x40\x04\0\0\x3a\x14\0\0\x65\0\0\0\x80\x04\0\0\x46\x14\0\0\x65\0\
\0\0\xc0\x04\0\0\x74\x10\0\0\x65\0\0\0\0\x05\0\0\x55\x14\0\0\x65\0\0\0\x40\x05\
\0\0\x5f\x14\0\0\x81\0\0\0\x80\x05\0\0\x68\x14\0\0\x90\0\0\0\xc0\x05\0\0\x79\
\x14\0\0\x67\0\0\0\0\x06\0\0\0\0\0\0\0\0\0\x02\xfd\x01\0\0\x84\x14\0\0\x03\0\0\
\x04\x18\0\0\0\xde\x12\0\0\x67\0\0\0\0\0\0\0\xf7\x01\0\0\x51\0\0\0\x80\0\0\0\
\x96\x14\0\0\x51\0\0\0\xa0\0\0\0\x9b\x14\0\0\0\0\0\x08\x8b\0\0\0\x9f\x14\0\0\0\
\0\0\x08\x02\0\0\0\0\0\0\0\0\0\0\x03\0\0\0\0\x60\0\0\0\x04\0\0\0\x02\0\0\0\xa5\
\x14\0\0\0\0\0\x08\x8e\0\0\0\xb3\x14\0\0\0\0\0\x08\x8f\0\0\0\0\0\0\0\x01\0\0\
\x04\x08\0\0\0\x64\x0f\0\0\x6a\0\0\0\0\0\0\0\0\0\0\0\0\0\0\x02\x0a\x02\0\0\0\0\
\0\0\0\0\0\x02\x92\0\0\0\0\0\0\0\0\0\0\x0a\x2a\x02\0\0\0\0\0\0\0\0\0\x02\x29\
\x02\0\0\xbe\x14\0\0\x04\0\0\x84\x04\0\0\0\xc8\x14\0\0\x53\0\0\0\0\0\0\x0b\xce\
\x14\0\0\x53\0\0\0\x0b\0\0\x03\xd8\x14\0\0\x53\0\0\0\x0e\0\0\x01\xdf\x14\0\0\
\x53\0\0\0\x0f\0\0\x01\0\0\0\0\0\0\0\x03\0\0\0\0\x94\0\0\0\x04\0\0\0\x02\0\0\0\
\xec\x14\0\0\x1d\0\0\x04\0\x01\0\0\xfd\x14\0\0\x65\0\0\0\0\0\0\0\x08\x15\0\0\
\x65\0\0\0\x40\0\0\0\x11\x15\0\0\x65\0\0\0\x80\0\0\0\x1c\x15\0\0\x65\0\0\0\xc0\
\0\0\0\x25\x15\0\0\x65\0\0\0\0\x01\0\0\x32\x15\0\0\x65\0\0\0\x40\x01\0\0\x3d\
\x15\0\0\x65\0\0\0\x80\x01\0\0\x49\x15\0\0\x65\0\0\0\xc0\x01\0\0\x53\x15\0\0\
\x6a\0\0\0\0\x02\0\0\x65\x15\0\0\x65\0\0\0\x40\x02\0\0\x71\x15\0\0\x65\0\0\0\
\x80\x02\0\0\x7b\x15\0\0\x6a\0\0\0\xc0\x02\0\0\x8d\x15\0\0\x6a\0\0\0\0\x03\0\0\
\x96\x15\0\0\x65\0\0\0\x40\x03\0\0\xa0\x15\0\0\x65\0\0\0\x80\x03\0\0\xb3\x15\0\
\0\x65\0\0\0\xc0\x03\0\0\xcf\x15\0\0\x65\0\0\0\0\x04\0\0\xec\x15\0\0\x65\0\0\0\
\x40\x04\0\0\x05\x16\0\0\x65\0\0\0\x80\x04\0\0\x1a\x16\0\0\x65\0\0\0\xc0\x04\0\
\0\x25\x16\0\0\x65\0\0\0\0\x05\0\0\x35\x16\0\0\x65\0\0\0\x40\x05\0\0\x48\x16\0\
\0\x65\0\0\0\x80\x05\0\0\x59\x16\0\0\x65\0\0\0\xc0\x05\0\0\x6b\x16\0\0\x65\0\0\
\0\0\x06\0\0\x7d\x16\0\0\x65\0\0\0\x40\x06\0\0\x98\x16\0\0\x65\0\0\0\x80\x06\0\
\0\xab\x16\0\0\x65\0\0\0\xc0\x06\0\0\xbb\x16\0\0\x65\0\0\0\0\x07\0\0\xce\x16\0\
\0\x01\0\0\x04\x08\0\0\0\xd9\x16\0\0\x98\0\0\0\0\0\0\0\0\0\0\0\0\0\0\x02\xba\0\
\0\0\0\0\0\0\0\0\0\x02\x9a\0\0\0\0\0\0\0\0\0\0\x0a\x9b\0\0\0\xdf\x16\0\0\0\0\0\
\x08\x9d\0\0\0\0\0\0\0\0\0\0\x02\x9b\0\0\0\xe9\x16\0\0\x01\0\0\x04\0\x04\0\0\
\xf1\x16\0\0\x9e\0\0\0\0\0\0\0\0\0\0\0\0\0\0\x03\0\0\0\0\x50\0\0\0\x04\0\0\0\
\x80\0\0\0\xf6\x16\0\0\x02\0\0\x05\x04\0\0\0\x02\x17\0\0\xa0\0\0\0\0\0\0\0\x04\
\x17\0\0\x51\0\0\0\0\0\0\0\0\0\0\0\x04\0\0\x04\x04\0\0\0\x5f\x08\0\0\x7b\0\0\0\
\0\0\0\0\x06\x17\0\0\x7b\0\0\0\x08\0\0\0\x0e\x17\0\0\x7b\0\0\0\x10\0\0\0\x17\
\x17\0\0\x7b\0\0\0\x18\0\0\0\0\0\0\0\0\0\0\x02\x2b\x02\0\0\xca\x04\0\0\x04\0\0\
\x04\x20\0\0\0\x1f\x17\0\0\x50\0\0\0\0\0\0\0\x26\x17\0\0\x4b\0\0\0\x40\0\0\0\
\x30\x17\0\0\x4b\0\0\0\x80\0\0\0\x3d\x17\0\0\x4b\0\0\0\xc0\0\0\0\x49\x17\0\0\
\x03\0\0\x04\x28\0\0\0\x60\x02\0\0\x02\0\0\0\0\0\0\0\x54\x17\0\0\x67\0\0\0\x40\
\0\0\0\x5e\x17\0\0\x67\0\0\0\xc0\0\0\0\0\0\0\0\0\0\0\x02\xff\x01\0\0\0\0\0\0\0\
\0\0\x02\0\x02\0\0\x71\x06\0\0\x03\0\0\x04\x38\0\0\0\x68\x17\0\0\x50\0\0\0\0\0\
\0\0\x72\x17\0\0\xa7\0\0\0\x40\0\0\0\0\0\0\0\xab\0\0\0\x80\0\0\0\0\0\0\0\0\0\0\
\x02\xa8\0\0\0\0\0\0\0\x01\0\0\x0d\xa9\0\0\0\0\0\0\0\xaa\0\0\0\x75\x17\0\0\0\0\
\0\x01\x08\0\0\0\x40\0\0\x01\0\0\0\0\0\0\0\x02\xa6\0\0\0\0\0\0\0\x03\0\0\x05\
\x28\0\0\0\x7a\x17\0\0\xac\0\0\0\0\0\0\0\x80\x17\0\0\xae\0\0\0\0\0\0\0\x8a\x17\
\0\0\xb5\0\0\0\0\0\0\0\0\0\0\0\x06\0\0\x04\x28\0\0\0\x8f\x17\0\0\xad\0\0\0\0\0\
\0\0\x95\x17\0\0\x51\0\0\0\x40\0\0\0\xf7\x01\0\0\x51\0\0\0\x60\0\0\0\x99\x17\0\
\0\x51\0\0\0\x80\0\0\0\xa0\x17\0\0\x65\0\0\0\xc0\0\0\0\xa5\x17\0\0\xad\0\0\0\0\
\x01\0\0\0\0\0\0\0\0\0\x02\x51\0\0\0\0\0\0\0\x04\0\0\x04\x18\0\0\0\xac\x17\0\0\
\xaf\0\0\0\0\0\0\0\x19\0\0\0\xb1\0\0\0\x20\0\0\0\0\0\0\0\xb2\0\0\0\x40\0\0\0\
\x2b\x13\0\0\x65\0\0\0\x80\0\0\0\xb4\x17\0\0\0\0\0\x08\xb0\0\0\0\xbe\x17\0\0\0\
\0\0\x08\x02\0\0\0\xd1\x17\0\0\x03\0\0\x06\x04\0\0\0\xdf\x17\0\0\0\0\0\0\xe7\
\x17\0\0\x01\0\0\0\xf1\x17\0\0\x02\0\0\0\0\0\0\0\x02\0\0\x05\x08\0\0\0\xfb\x17\
\0\0\xb3\0\0\0\0\0\0\0\0\x18\0\0\xb4\0\0\0\0\0\0\0\0\0\0\0\0\0\0\x02\x2d\x02\0\
\0\0\0\0\0\0\0\0\x02\x2e\x02\0\0\0\0\0\0\x05\0\0\x04\x20\0\0\0\x0c\x18\0\0\xb6\
\0\0\0\0\0\0\0\x11\x18\0\0\x02\0\0\0\x40\0\0\0\x16\x18\0\0\x02\0\0\0\x60\0\0\0\
\x22\x18\0\0\x50\0\0\0\x80\0\0\0\x29\x18\0\0\x50\0\0\0\xc0\0\0\0\0\0\0\0\0\0\0\
\x02\x2f\x02\0\0\x31\x18\0\0\0\0\0\x08\xb8\0\0\0\x37\x18\0\0\0\0\0\x08\x02\0\0\
\0\0\0\0\0\0\0\0\x02\x1b\x02\0\0\x46\x18\0\0\x02\0\0\x04\x10\0\0\0\x98\x0f\0\0\
\x98\0\0\0\0\0\0\0\x51\x18\0\0\xbb\0\0\0\x40\0\0\0\0\0\0\0\0\0\0\x02\x98\0\0\0\
\0\0\0\0\0\0\0\x03\0\0\0\0\xba\0\0\0\x04\0\0\0\x04\0\0\0\0\0\0\0\0\0\0\x02\x01\
\x02\0\0\0\0\0\0\0\0\0\x02\x02\0\0\0\x46\x07\0\0\x03\0\0\x04\x18\0\0\0\x34\x07\
\0\0\x65\0\0\0\0\0\0\0\x3a\x07\0\0\x65\0\0\0\x40\0\0\0\x57\x18\0\0\xc0\0\0\0\
\x80\0\0\0\x5c\x18\0\0\0\0\0\x08\xc1\0\0\0\x6b\x18\0\0\x01\0\0\x04\x04\0\0\0\
\x78\x18\0\0\xc2\0\0\0\0\0\0\0\x81\x18\0\0\0\0\0\x08\xc3\0\0\0\x91\x18\0\0\x01\
\0\0\x04\x04\0\0\0\0\0\0\0\xc4\0\0\0\0\0\0\0\0\0\0\0\x03\0\0\x05\x04\0\0\0\x95\
\x17\0\0\x57\0\0\0\0\0\0\0\0\0\0\0\xc5\0\0\0\0\0\0\0\0\0\0\0\xc6\0\0\0\0\0\0\0\
\0\0\0\0\x02\0\0\x04\x02\0\0\0\x9b\x18\0\0\x7b\0\0\0\0\0\0\0\x82\x08\0\0\x7b\0\
\0\0\x08\0\0\0\0\0\0\0\x02\0\0\x04\x04\0\0\0\xa2\x18\0\0\x5d\0\0\0\0\0\0\0\xb1\
\x18\0\0\x5d\0\0\0\x10\0\0\0\x53\x07\0\0\x07\0\0\x04\x30\0\0\0\xb6\x18\0\0\xc8\
\0\0\0\0\0\0\0\xbf\x18\0\0\x4b\0\0\0\x40\0\0\0\xfe\x12\0\0\xca\0\0\0\x80\0\0\0\
\x12\x0f\0\0\x53\0\0\0\xa0\0\0\0\x34\x07\0\0\x65\0\0\0\xc0\0\0\0\x3a\x07\0\0\
\x65\0\0\0\0\x01\0\0\x40\x07\0\0\x65\0\0\0\x40\x01\0\0\xc9\x18\0\0\0\0\0\x08\
\xc9\0\0\0\xb6\x18\0\0\x01\0\0\x04\x04\0\0\0\xd4\x18\0\0\x53\0\0\0\0\0\0\0\xdd\
\x18\0\0\x05\0\0\x06\x04\0\0\0\xe9\x18\0\0\0\0\0\0\xf8\x18\0\0\x01\0\0\0\x03\
\x19\0\0\x02\0\0\0\x0d\x19\0\0\x03\0\0\0\x18\x19\0\0\x04\0\0\0\x9e\x07\0\0\x03\
\0\0\x04\x50\0\0\0\x24\x19\0\0\xd0\0\0\0\0\0\0\0\x2a\x19\0\0\x53\0\0\0\x40\x02\
\0\0\x38\x19\0\0\x53\0\0\0\x60\x02\0\0\x46\x19\0\0\x02\0\0\x04\x18\0\0\0\x5a\
\x19\0\0\x65\0\0\0\0\0\0\0\x62\x19\0\0\xcd\0\0\0\x40\0\0\0\x69\x19\0\0\x01\0\0\
\x04\x10\0\0\0\x79\x19\0\0\xce\0\0\0\0\0\0\0\x81\x19\0\0\x02\0\0\x04\x10\0\0\0\
\x79\x19\0\0\xcf\0\0\0\0\0\0\0\x90\x19\0\0\x64\0\0\0\x40\0\0\0\x79\x19\0\0\x01\
\0\0\x04\x08\0\0\0\xcc\x10\0\0\x64\0\0\0\0\0\0\0\0\0\0\0\0\0\0\x03\0\0\0\0\xcc\
\0\0\0\x04\0\0\0\x03\0\0\0\xae\x07\0\0\x03\0\0\x04\x38\0\0\0\x9c\x19\0\0\xd2\0\
\0\0\0\0\0\0\xa1\x19\0\0\xd6\0\0\0\x80\0\0\0\xa7\x19\0\0\x53\0\0\0\x80\x01\0\0\
\xb1\x19\0\0\x02\0\0\x04\x10\0\0\0\x98\x0f\0\0\xd3\0\0\0\0\0\0\0\xbf\x19\0\0\
\xd4\0\0\0\x40\0\0\0\0\0\0\0\0\0\0\x02\xd2\0\0\0\0\0\0\0\0\0\0\x02\xd5\0\0\0\0\
\0\0\0\x01\0\0\x0d\0\0\0\0\0\0\0\0\xd3\0\0\0\xa1\x19\0\0\x04\0\0\x04\x20\0\0\0\
\xc4\x19\0\0\x8d\0\0\0\0\0\0\0\xca\x19\0\0\xc0\0\0\0\x40\0\0\0\xd4\x19\0\0\xd7\
\0\0\0\x60\0\0\0\xd8\x19\0\0\x67\0\0\0\x80\0\0\0\xe2\x19\0\0\x01\0\0\x04\x04\0\
\0\0\xb1\x18\0\0\x57\0\0\0\0\0\0\0\0\0\0\0\0\0\0\x02\xd9\0\0\0\0\0\0\0\0\0\0\
\x0a\xda\0\0\0\xda\x07\0\0\x1a\0\0\x04\xb8\0\0\0\xf1\x01\0\0\x8d\0\0\0\0\0\0\0\
\xf8\x19\0\0\xdb\0\0\0\x40\0\0\0\xfc\x19\0\0\xdf\0\0\0\x60\0\0\0\0\x1a\0\0\xdb\
\0\0\0\x80\0\0\0\x05\x1a\0\0\xdf\0\0\0\xa0\0\0\0\x0a\x1a\0\0\xdb\0\0\0\xc0\0\0\
\0\x0f\x1a\0\0\xdf\0\0\0\xe0\0\0\0\x14\x1a\0\0\xdb\0\0\0\0\x01\0\0\x1a\x1a\0\0\
\xdf\0\0\0\x20\x01\0\0\x20\x1a\0\0\x53\0\0\0\x40\x01\0\0\x2b\x1a\0\0\xe3\0\0\0\
\x80\x01\0\0\x3b\x1a\0\0\xe3\0\0\0\xc0\x01\0\0\x49\x1a\0\0\xe3\0\0\0\0\x02\0\0\
\x57\x1a\0\0\xe3\0\0\0\x40\x02\0\0\x60\x1a\0\0\xe3\0\0\0\x80\x02\0\0\x6c\x1a\0\
\0\x69\0\0\0\xc0\x02\0\0\x78\x1a\0\0\xe5\0\0\0\0\x03\0\0\x88\x1a\0\0\xe5\0\0\0\
\x40\x03\0\0\x98\x1a\0\0\xe5\0\0\0\x80\x03\0\0\xa7\x1a\0\0\xe5\0\0\0\xc0\x03\0\
\0\x32\x0e\0\0\x54\0\0\0\0\x04\0\0\xb8\x1a\0\0\xe6\0\0\0\x40\x04\0\0\xbd\x1a\0\
\0\xe7\0\0\0\x80\x04\0\0\xc5\x1a\0\0\xe8\0\0\0\xc0\x04\0\0\xcd\x1a\0\0\xe9\0\0\
\0\0\x05\0\0\0\0\0\0\xea\0\0\0\x40\x05\0\0\xd8\x1a\0\0\0\0\0\x08\xdc\0\0\0\0\0\
\0\0\x01\0\0\x04\x04\0\0\0\x95\x17\0\0\xdd\0\0\0\0\0\0\0\xdf\x1a\0\0\0\0\0\x08\
\xde\0\0\0\xe5\x1a\0\0\0\0\0\x08\x53\0\0\0\xf6\x1a\0\0\0\0\0\x08\xe0\0\0\0\0\0\
\0\0\x01\0\0\x04\x04\0\0\0\x95\x17\0\0\xe1\0\0\0\0\0\0\0\xfd\x1a\0\0\0\0\0\x08\
\xe2\0\0\0\x03\x1b\0\0\0\0\0\x08\x53\0\0\0\x14\x1b\0\0\0\0\0\x08\xe4\0\0\0\0\0\
\0\0\x01\0\0\x04\x08\0\0\0\x95\x17\0\0\x65\0\0\0\0\0\0\0\0\0\0\0\0\0\0\x02\x11\
\x02\0\0\0\0\0\0\0\0\0\x02\x0f\x02\0\0\0\0\0\0\0\0\0\x02\x05\x02\0\0\0\0\0\0\0\
\0\0\x02\x07\x02\0\0\0\0\0\0\0\0\0\x02\x14\x02\0\0\0\0\0\0\x02\0\0\x05\x10\0\0\
\0\x21\x1b\0\0\x02\0\0\0\0\0\0\0\xc7\x0d\0\0\xd2\0\0\0\0\0\0\0\x29\x1b\0\0\0\0\
\0\x01\x01\0\0\0\x08\0\0\x01\0\0\0\0\0\0\0\x03\0\0\0\0\xeb\0\0\0\x04\0\0\0\x10\
\0\0\0\0\0\0\0\0\0\0\x02\x17\x02\0\0\x2e\x1b\0\0\x01\0\0\x04\x08\0\0\0\x37\x1b\
\0\0\xef\0\0\0\0\0\0\0\0\0\0\0\0\0\0\x02\x18\x02\0\0\x41\x1b\0\0\x01\0\0\x04\
\x10\0\0\0\x4a\x1b\0\0\x67\0\0\0\0\0\0\0\0\0\0\0\0\0\0\x02\x10\x02\0\0\0\0\0\0\
\0\0\0\x02\x19\x02\0\0\0\0\0\0\0\0\0\x02\x1a\x02\0\0\0\0\0\0\0\0\0\x02\x06\x02\
\0\0\0\0\0\0\0\0\0\x02\x2c\x02\0\0\0\0\0\0\0\0\0\x02\x31\x02\0\0\x54\x1b\0\0\0\
\0\0\x08\xf8\0\0\0\0\0\0\0\x01\0\0\x04\x08\0\0\0\x5d\x1b\0\0\xf9\0\0\0\0\0\0\0\
\0\0\0\0\0\0\0\x03\0\0\0\0\x50\0\0\0\x04\0\0\0\x01\0\0\0\x61\x1b\0\0\x02\0\0\
\x04\x18\0\0\0\x6c\x1b\0\0\x67\0\0\0\0\0\0\0\x50\x08\0\0\xf7\0\0\0\x80\0\0\0\
\x71\x1b\0\0\0\0\0\x08\xfc\0\0\0\x78\x1b\0\0\0\0\0\x08\xfd\0\0\0\x88\x1b\0\0\0\
\0\0\x08\x50\0\0\0\0\0\0\0\0\0\0\x02\x32\x02\0\0\xd9\x08\0\0\x03\0\0\x04\x10\0\
\0\0\x99\x1b\0\0\x02\0\0\0\0\0\0\0\x9e\x1b\0\0\x57\0\0\0\x20\0\0\0\xab\x1b\0\0\
\0\x01\0\0\x40\0\0\0\0\0\0\0\0\0\0\x02\x33\x02\0\0\xb2\x1b\0\0\x04\0\0\x04\x20\
\0\0\0\xc8\x1b\0\0\x02\x01\0\0\0\0\0\0\xd1\x1b\0\0\x50\0\0\0\x40\0\0\0\xd8\x1b\
\0\0\x50\0\0\0\x80\0\0\0\xdc\x1b\0\0\x81\0\0\0\xc0\0\0\0\0\0\0\0\0\0\0\x02\xeb\
\0\0\0\xe8\x1b\0\0\0\0\0\x08\x04\x01\0\0\xf3\x1b\0\0\x01\0\0\x04\x04\0\0\0\0\0\
\0\0\x05\x01\0\0\0\0\0\0\0\0\0\0\x01\0\0\x05\x04\0\0\0\xfc\x1b\0\0\xc1\0\0\0\0\
\0\0\0\x02\x1c\0\0\x01\0\0\x04\x08\0\0\0\x98\x0f\0\0\x07\x01\0\0\0\0\0\0\0\0\0\
\0\0\0\0\x02\x06\x01\0\0\0\0\0\0\0\0\0\x02\x34\x02\0\0\0\0\0\0\0\0\0\x02\x16\
\x02\0\0\0\0\0\0\0\0\0\x02\x30\x02\0\0\0\0\0\0\0\0\0\x02\x35\x02\0\0\0\0\0\0\0\
\0\0\x02\x1c\x02\0\0\0\0\0\0\0\0\0\x02\x36\x02\0\0\0\0\0\0\0\0\0\x02\x0f\x01\0\
\0\x0e\x1c\0\0\0\0\0\x08\x28\x02\0\0\x1f\x1c\0\0\x07\0\0\x04\x38\0\0\0\x32\x1c\
\0\0\x65\0\0\0\0\0\0\0\x38\x1c\0\0\x65\0\0\0\x40\0\0\0\x3e\x1c\0\0\x65\0\0\0\
\x80\0\0\0\x44\x1c\0\0\x65\0\0\0\xc0\0\0\0\x4a\x1c\0\0\x65\0\0\0\0\x01\0\0\x55\
\x1c\0\0\x65\0\0\0\x40\x01\0\0\x61\x1c\0\0\x65\0\0\0\x80\x01\0\0\x77\x1c\0\0\0\
\0\0\x08\x12\x01\0\0\0\0\0\0\x01\0\0\x04\x80\0\0\0\xf1\x16\0\0\x13\x01\0\0\0\0\
\0\0\0\0\0\0\0\0\0\x03\0\0\0\0\x50\0\0\0\x04\0\0\0\x10\0\0\0\x82\x1c\0\0\0\0\0\
\x08\x15\x01\0\0\x96\x1c\0\0\x01\0\0\x04\x04\0\0\0\xb6\x18\0\0\xc8\0\0\0\0\0\0\
\0\0\0\0\0\0\0\0\x02\x09\x02\0\0\0\0\0\0\0\0\0\x02\x37\x02\0\0\0\0\0\0\0\0\0\
\x02\x38\x02\0\0\0\0\0\0\0\0\0\x02\x39\x02\0\0\0\0\0\0\0\0\0\x03\0\0\0\0\x7b\0\
\0\0\x04\0\0\0\x04\0\0\0\0\0\0\0\0\0\0\x02\x21\x02\0\0\0\0\0\0\0\0\0\x02\x02\
\x02\0\0\xa8\x1c\0\0\0\0\0\x01\x02\0\0\0\x10\0\0\x01\0\0\0\0\0\0\0\x02\x3a\x02\
\0\0\0\0\0\0\0\0\0\x02\x50\0\0\0\0\0\0\0\0\0\0\x03\0\0\0\0\x50\0\0\0\x04\0\0\0\
\x03\0\0\0\0\0\0\0\0\0\0\x02\x3b\x02\0\0\xae\x1c\0\0\x03\0\0\x04\x08\x04\0\0\
\xc3\x1c\0\0\x23\x01\0\0\0\0\0\0\xc8\x1c\0\0\x81\0\0\0\0\x20\0\0\xd7\x1c\0\0\
\x81\0\0\0\x08\x20\0\0\xe0\x1c\0\0\x01\0\0\x04\0\x04\0\0\xe9\x16\0\0\x9d\0\0\0\
\0\0\0\0\0\0\0\0\0\0\0\x02\x12\x02\0\0\xfa\x1c\0\0\x03\0\0\x04\x10\0\0\0\x04\
\x1d\0\0\x26\x01\0\0\0\0\0\0\xd1\x1b\0\0\x52\0\0\0\x40\0\0\0\x09\x1d\0\0\x52\0\
\0\0\x60\0\0\0\0\0\0\0\0\0\0\x02\xfc\x01\0\0\0\0\0\0\0\0\0\x02\x3c\x02\0\0\xbd\
\x0c\0\0\x04\0\0\x04\x78\0\0\0\x0e\x1d\0\0\x29\x01\0\0\0\0\0\0\x18\x1d\0\0\x53\
\0\0\0\0\x03\0\0\xa0\x17\0\0\x50\0\0\0\x40\x03\0\0\x1e\x1d\0\0\x50\0\0\0\x80\
\x03\0\0\0\0\0\0\0\0\0\x03\0\0\0\0\x50\0\0\0\x04\0\0\0\x0c\0\0\0\0\0\0\0\0\0\0\
\x03\0\0\0\0\x28\x01\0\0\x04\0\0\0\x20\0\0\0\0\0\0\0\0\0\0\x02\x04\x02\0\0\0\0\
\0\0\0\0\0\x02\x03\x02\0\0\0\0\0\0\0\0\0\x02\x15\x02\0\0\0\0\0\0\0\0\0\x02\x3d\
\x02\0\0\xbd\x0d\0\0\0\0\0\x04\0\0\0\0\x22\x1d\0\0\x04\0\0\x04\x28\0\0\0\x2d\
\x1d\0\0\xba\0\0\0\0\0\0\0\x2b\x13\0\0\x50\0\0\0\x80\0\0\0\xf0\x12\0\0\x31\x01\
\0\0\xc0\0\0\0\xf7\x01\0\0\x51\0\0\0\0\x01\0\0\0\0\0\0\0\0\0\x02\x32\x01\0\0\0\
\0\0\0\x01\0\0\x0d\0\0\0\0\0\0\0\0\x33\x01\0\0\0\0\0\0\0\0\0\x02\x30\x01\0\0\0\
\0\0\0\0\0\0\x02\x0e\x02\0\0\0\0\0\0\0\0\0\x02\x0c\x02\0\0\0\0\0\0\0\0\0\x02\
\x3e\x02\0\0\0\0\0\0\0\0\0\x02\x3f\x02\0\0\x33\x1d\0\0\x01\0\0\x04\x08\0\0\0\
\xd9\x16\0\0\x5b\0\0\0\0\0\0\0\x3e\x1d\0\0\x01\0\0\x05\x08\0\0\0\x4e\x1d\0\0\
\x3a\x01\0\0\0\0\0\0\x55\x1d\0\0\x02\0\0\x04\x08\0\0\0\x60\x1d\0\0\x81\0\0\0\0\
\0\0\0\x6b\x1d\0\0\x53\0\0\0\x20\0\0\0\0\0\0\0\0\0\0\x03\0\0\0\0\x39\x01\0\0\
\x04\0\0\0\x01\0\0\0\0\0\0\0\0\0\0\x02\x40\x02\0\0\x76\x1d\0\0\x16\0\0\x84\x40\
\x11\0\0\x84\x1d\0\0\x3f\x01\0\0\0\0\0\0\x8e\x1d\0\0\x50\0\0\0\xc0\0\0\0\x91\
\x1d\0\0\x5f\0\0\0\0\x01\0\0\x94\x1d\0\0\x5f\0\0\0\x10\x01\0\0\x97\x1d\0\0\x5f\
\0\0\0\x20\x01\0\0\x9f\x1d\0\0\x5f\0\0\0\x30\x01\0\0\xa7\x1d\0\0\x50\0\0\0\x40\
\x01\0\0\xae\x1d\0\0\x50\0\0\0\x80\x01\0\0\xb5\x1d\0\0\x98\x01\0\0\xc0\x01\0\0\
\xc0\x1d\0\0\x50\0\0\0\xc0\x02\0\0\xcc\x1d\0\0\x50\0\0\0\0\x03\0\0\xd7\x1d\0\0\
\x50\0\0\0\x40\x03\0\0\xdb\x1d\0\0\x50\0\0\0\x80\x03\0\0\xe3\x1d\0\0\x50\0\0\0\
\xc0\x03\0\0\xee\x1d\0\0\x99\x01\0\0\0\x04\0\0\xf8\x1d\0\0\x50\0\0\0\x40\x04\0\
\0\x02\x1e\0\0\x53\0\0\0\x80\x04\0\x01\x0c\x1e\0\0\x51\0\0\0\xa0\x04\0\0\x11\
\x1e\0\0\x50\0\0\0\xc0\x04\0\0\x1a\x1e\0\0\x50\0\0\0\0\x05\0\0\x2a\x1e\0\0\x9a\
\x01\0\0\x40\x05\0\0\x30\x1e\0\0\x9b\x01\0\0\0\x06\0\0\x34\x1e\0\0\x0d\0\0\x84\
\x08\0\0\0\x40\x1e\0\0\x5d\0\0\0\0\0\0\0\x47\x1e\0\0\x5d\0\0\0\x10\0\0\0\x4d\
\x1e\0\0\x5d\0\0\0\x20\0\0\x08\x19\0\0\0\x5d\0\0\0\x28\0\0\x04\x04\x17\0\0\x5d\
\0\0\0\x2c\0\0\x01\x53\x1e\0\0\x5d\0\0\0\x2d\0\0\x02\x57\x1e\0\0\x5d\0\0\0\x2f\
\0\0\x01\x59\x1e\0\0\x5d\0\0\0\x30\0\0\x04\x60\x1e\0\0\x5d\0\0\0\x34\0\0\x01\
\x64\x1e\0\0\x5d\0\0\0\x35\0\0\x01\x66\x1e\0\0\x5d\0\0\0\x36\0\0\x01\x68\x1e\0\
\0\x5d\0\0\0\x37\0\0\x01\x6a\x1e\0\0\x5d\0\0\0\x38\0\0\x08\0\0\0\0\0\0\0\x03\0\
\0\0\0\x3e\x01\0\0\x04\0\0\0\x03\0\0\0\0\0\0\0\0\0\0\x02\x41\x01\0\0\x70\x1e\0\
\0\x4e\0\0\x04\x30\x05\0\0\x7b\x1e\0\0\x67\0\0\0\0\0\0\0\x87\x1e\0\0\x67\0\0\0\
\x80\0\0\0\x94\x1e\0\0\x67\0\0\0\0\x01\0\0\x01\x10\0\0\x63\0\0\0\x80\x01\0\0\
\xa0\x1e\0\0\x65\0\0\0\x40\x02\0\0\xac\x1e\0\0\x67\0\0\0\x80\x02\0\0\xba\x1e\0\
\0\xba\0\0\0\0\x03\0\0\xc6\x1e\0\0\x67\0\0\0\x80\x03\0\0\xd3\x1e\0\0\x02\0\0\0\
\0\x04\0\0\xdf\x1e\0\0\x02\0\0\0\x20\x04\0\0\xea\x1e\0\0\x02\0\0\0\x40\x04\0\0\
\xf5\x1e\0\0\x53\0\0\0\x60\x04\0\0\xb9\x06\0\0\x40\x01\0\0\x80\x04\0\0\x06\x1f\
\0\0\x42\x01\0\0\xc0\x04\0\0\x0a\x1f\0\0\x54\0\0\0\0\x05\0\0\xfe\x12\0\0\x43\
\x01\0\0\x40\x05\0\0\x16\x1f\0\0\x53\0\0\0\x60\x05\0\0\x18\x1d\0\0\x44\x01\0\0\
\x80\x05\0\0\x23\x1f\0\0\x8e\0\0\0\xc0\x05\0\0\x2f\x1f\0\0\x65\0\0\0\0\x06\0\0\
\x42\x1f\0\0\x65\0\0\0\x40\x06\0\0\x55\x1f\0\0\x65\0\0\0\x80\x06\0\0\x5c\x1f\0\
\0\x48\x01\0\0\xc0\x06\0\0\x61\x1f\0\0\x5d\0\0\0\0\x0b\0\0\x6d\x1f\0\0\x5d\0\0\
\0\x10\x0b\0\0\x7c\x1f\0\0\x5d\0\0\0\x20\x0b\0\0\x86\x1f\0\0\x4d\x01\0\0\x40\
\x0b\0\0\xa7\x01\0\0\x1b\x01\0\0\x40\x11\0\0\x89\x1f\0\0\x5f\x01\0\0\x80\x11\0\
\0\x91\x1f\0\0\x8d\0\0\0\xc0\x11\0\0\x9a\x1f\0\0\x8e\0\0\0\0\x12\0\0\xb3\x1f\0\
\0\x8e\0\0\0\x40\x12\0\0\xcc\x1f\0\0\xd6\0\0\0\x80\x12\0\0\xd8\x1f\0\0\x67\0\0\
\0\x80\x13\0\0\xa1\x06\0\0\x40\x01\0\0\0\x14\0\0\xe3\x1f\0\0\x02\0\0\0\x40\x14\
\0\0\x12\x0f\0\0\x02\0\0\0\x60\x14\0\0\xe9\x1f\0\0\x67\0\0\0\x80\x14\0\0\xc4\
\x19\0\0\x60\0\0\0\0\x15\0\0\xf5\x1f\0\0\xd6\0\0\0\x40\x15\0\0\0\x20\0\0\x57\0\
\0\0\x40\x16\0\0\x0b\x20\0\0\x60\x01\0\0\x80\x16\0\0\x0e\x20\0\0\x67\0\0\0\xc0\
\x16\0\0\x17\x20\0\0\x50\0\0\0\x40\x17\0\0\x23\x20\0\0\x02\0\0\0\x80\x17\0\0\
\x2f\x20\0\0\x61\x01\0\0\xc0\x17\0\0\x35\x20\0\0\x63\x01\0\0\x80\x18\0\0\x3c\
\x20\0\0\x53\0\0\0\xc0\x18\0\0\x4b\x20\0\0\x53\0\0\0\xe0\x18\0\0\x58\x20\0\0\
\x53\0\0\0\0\x19\0\0\x68\x20\0\0\x50\0\0\0\x40\x19\0\0\x75\x20\0\0\x64\x01\0\0\
\x80\x19\0\0\x81\x20\0\0\x64\x01\0\0\x80\x1a\0\0\x95\x20\0\0\xd2\0\0\0\x80\x1b\
\0\0\xa2\x20\0\0\x53\0\0\0\0\x1c\0\0\xaf\x20\0\0\x68\x01\0\0\x40\x1c\0\0\xc1\
\x20\0\0\x57\0\0\0\x80\x1c\0\0\xcd\x20\0\0\x69\x01\0\0\xc0\x1c\0\0\xda\x20\0\0\
\x6a\x01\0\0\x80\x1d\0\0\xed\x20\0\0\x50\0\0\0\xc0\x1d\0\0\xfe\x20\0\0\x40\x01\
\0\0\0\x1e\0\0\x08\x21\0\0\x6b\x01\0\0\x40\x1e\0\0\xb1\x19\0\0\xd2\0\0\0\x80\
\x1e\0\0\x10\x21\0\0\x6d\x01\0\0\0\x1f\0\0\x13\x21\0\0\x65\0\0\0\x40\x1f\0\0\
\x16\x21\0\0\x8e\0\0\0\x80\x1f\0\0\x23\x21\0\0\x6e\x01\0\0\xc0\x1f\0\0\x29\x21\
\0\0\x70\x01\0\0\0\x20\0\0\x3a\x21\0\0\x54\0\0\0\x40\x20\0\0\x53\x21\0\0\x86\
\x01\0\0\x80\x20\0\0\x58\x21\0\0\x65\0\0\0\xc0\x20\0\0\x63\x21\0\0\x87\x01\0\0\
\0\x21\0\0\xab\x1b\0\0\x88\x01\0\0\x40\x21\0\0\x6c\x21\0\0\x89\x01\0\0\x80\x21\
\0\0\x77\x21\0\0\x97\x01\0\0\x40\x28\0\0\x32\x0e\0\0\x54\0\0\0\x80\x28\0\0\x7c\
\x21\0\0\x67\0\0\0\xc0\x28\0\0\x84\x21\0\0\x52\0\0\0\x40\x29\0\0\0\0\0\0\0\0\0\
\x02\x1f\x02\0\0\x8e\x21\0\0\x06\0\0\x86\x04\0\0\0\x9f\x21\0\0\xfc\xff\xff\xff\
\xb5\x21\0\0\xfd\xff\xff\xff\xcb\x21\0\0\xfe\xff\xff\xff\xe2\x21\0\0\xff\xff\
\xff\xff\xf7\x21\0\0\0\0\0\0\x11\x22\0\0\x01\0\0\0\x29\x22\0\0\0\0\0\x08\x45\
\x01\0\0\0\0\0\0\x01\0\0\x04\x08\0\0\0\x33\x22\0\0\x46\x01\0\0\0\0\0\0\x35\x22\
\0\0\0\0\0\x08\x47\x01\0\0\0\0\0\0\x01\0\0\x04\x08\0\0\0\x33\x22\0\0\x8d\0\0\0\
\0\0\0\0\x3d\x22\0\0\x3c\0\0\x84\x88\0\0\0\x19\0\0\0\x52\0\0\0\0\0\0\0\x09\x1d\
\0\0\x52\0\0\0\x20\0\0\0\x4d\x22\0\0\x66\0\0\0\x40\0\0\0\0\0\0\0\x49\x01\0\0\
\x80\0\0\0\x54\x22\0\0\x66\0\0\0\xc0\0\0\0\x60\x22\0\0\x66\0\0\0\0\x01\0\0\x6c\
\x22\0\0\x66\0\0\0\x40\x01\0\x01\x75\x22\0\0\x66\0\0\0\x41\x01\0\x01\x7d\x22\0\
\0\x66\0\0\0\x42\x01\0\x01\x84\x22\0\0\x66\0\0\0\x43\x01\0\x01\x8e\x22\0\0\x66\
\0\0\0\x44\x01\0\x01\x9b\x22\0\0\x66\0\0\0\x45\x01\0\x01\xaa\x22\0\0\x66\0\0\0\
\x46\x01\0\x01\xb5\x22\0\0\x66\0\0\0\x47\x01\0\x01\xc2\x22\0\0\x66\0\0\0\x48\
\x01\0\x01\xf4\x07\0\0\x66\0\0\0\x49\x01\0\x01\xc7\x22\0\0\x66\0\0\0\x4a\x01\0\
\x01\xcc\x22\0\0\x66\0\0\0\x4b\x01\0\x01\xd9\x22\0\0\x66\0\0\0\x4c\x01\0\x01\
\xe8\x22\0\0\x66\0\0\0\x4d\x01\0\x01\xed\x22\0\0\x66\0\0\0\x4e\x01\0\x01\xf7\
\x22\0\0\x66\0\0\0\x4f\x01\0\x02\x02\x23\0\0\x66\0\0\0\x51\x01\0\x01\x0c\x23\0\
\0\x66\0\0\0\x52\x01\0\x01\x1a\x23\0\0\x66\0\0\0\x53\x01\0\x01\x27\x23\0\0\x66\
\0\0\0\x54\x01\0\x01\x35\x23\0\0\x66\0\0\0\x55\x01\0\x01\x4e\x23\0\0\x66\0\0\0\
\x56\x01\0\x01\x65\x23\0\0\x66\0\0\0\x57\x01\0\x01\x6b\x23\0\0\x66\0\0\0\x58\
\x01\0\x01\x75\x23\0\0\x66\0\0\0\x59\x01\0\x01\x81\x23\0\0\x66\0\0\0\x5a\x01\0\
\x01\x90\x23\0\0\x66\0\0\0\x5b\x01\0\x01\x9f\x23\0\0\x66\0\0\0\x5c\x01\0\x01\
\xaa\x23\0\0\x66\0\0\0\x5d\x01\0\x01\xb2\x23\0\0\x66\0\0\0\x5e\x01\0\x01\xbc\
\x23\0\0\x66\0\0\0\x5f\x01\0\x01\xc7\x23\0\0\x66\0\0\0\x60\x01\0\x01\xce\x23\0\
\0\x66\0\0\0\x61\x01\0\x01\xd8\x23\0\0\x66\0\0\0\x62\x01\0\x01\xe1\x23\0\0\x66\
\0\0\0\x63\x01\0\x01\xf0\x23\0\0\x66\0\0\0\x64\x01\0\x01\xff\x23\0\0\x66\0\0\0\
\x65\x01\0\x01\x07\x24\0\0\x66\0\0\0\x66\x01\0\x1a\0\0\0\0\x4a\x01\0\0\x80\x01\
\0\0\x14\x24\0\0\x52\0\0\0\xa0\x01\0\0\0\0\0\0\x4b\x01\0\0\xc0\x01\0\0\0\0\0\0\
\x4c\x01\0\0\0\x02\0\0\x1c\x24\0\0\x66\0\0\0\x40\x02\0\0\x2f\x24\0\0\x66\0\0\0\
\x80\x02\0\0\x40\x24\0\0\x52\0\0\0\xc0\x02\0\0\xac\x17\0\0\x8b\0\0\0\xe0\x02\0\
\0\x52\x24\0\0\x66\0\0\0\0\x03\0\0\x63\x24\0\0\x52\0\0\0\x40\x03\0\0\x71\x24\0\
\0\x5e\0\0\0\x60\x03\0\0\x82\x24\0\0\x5e\0\0\0\x70\x03\0\0\x8f\x24\0\0\x52\0\0\
\0\x80\x03\0\0\x9f\x24\0\0\x52\0\0\0\xa0\x03\0\0\xac\x24\0\0\x66\0\0\0\xc0\x03\
\0\0\xb5\x24\0\0\x66\0\0\0\0\x04\0\0\0\0\0\0\x02\0\0\x05\x08\0\0\0\xbd\x24\0\0\
\x66\0\0\0\0\0\0\0\xcb\x24\0\0\x66\0\0\0\0\0\0\0\0\0\0\0\x02\0\0\x05\x04\0\0\0\
\xd7\x24\0\0\x52\0\0\0\0\0\0\0\xe5\x24\0\0\x52\0\0\0\0\0\0\0\0\0\0\0\x04\0\0\
\x05\x08\0\0\0\xf6\x24\0\0\x66\0\0\0\0\0\0\0\xfe\x24\0\0\x66\0\0\0\0\0\0\0\x0a\
\x25\0\0\x66\0\0\0\0\0\0\0\x16\x25\0\0\x66\0\0\0\0\0\0\0\0\0\0\0\x04\0\0\x05\
\x08\0\0\0\x1e\x25\0\0\x66\0\0\0\0\0\0\0\x25\x25\0\0\x66\0\0\0\0\0\0\0\x31\x25\
\0\0\x66\0\0\0\0\0\0\0\x3e\x25\0\0\x66\0\0\0\0\0\0\0\x46\x25\0\0\x0c\0\0\x04\
\xc0\0\0\0\0\0\0\0\x4e\x01\0\0\0\0\0\0\x54\x25\0\0\x60\0\0\0\0\x03\0\0\xcd\x20\
\0\0\x54\0\0\0\x40\x03\0\0\xed\x20\0\0\x50\0\0\0\x80\x03\0\0\xfe\x12\0\0\x02\0\
\0\0\xc0\x03\0\0\x5b\x25\0\0\x44\x01\0\0\0\x04\0\0\xbd\x24\0\0\x65\0\0\0\x40\
\x04\0\0\0\0\0\0\x5c\x01\0\0\x80\x04\0\0\x66\x25\0\0\x65\0\0\0\0\x05\0\0\x75\
\x25\0\0\x65\0\0\0\x40\x05\0\0\x80\x25\0\0\x65\0\0\0\x80\x05\0\0\x90\x25\0\0\
\x65\0\0\0\xc0\x05\0\0\0\0\0\0\x07\0\0\x05\x60\0\0\0\0\0\0\0\x4f\x01\0\0\0\0\0\
\0\0\0\0\0\x51\x01\0\0\0\0\0\0\0\0\0\0\x52\x01\0\0\0\0\0\0\0\0\0\0\x53\x01\0\0\
\0\0\0\0\0\0\0\0\x54\x01\0\0\0\0\0\0\0\0\0\0\x55\x01\0\0\0\0\0\0\0\0\0\0\x5b\
\x01\0\0\0\0\0\0\0\0\0\0\x0a\0\0\x04\x60\0\0\0\x4d\x22\0\0\x65\0\0\0\0\0\0\0\
\xa1\x25\0\0\x65\0\0\0\x40\0\0\0\xaa\x25\0\0\x50\0\0\0\x80\0\0\0\xb6\x25\0\0\
\x50\0\0\0\xc0\0\0\0\xc1\x25\0\0\x02\0\0\0\0\x01\0\0\xd2\x25\0\0\x02\0\0\0\x20\
\x01\0\0\xd6\x25\0\0\x02\0\0\0\x40\x01\0\0\xf7\x01\0\0\x02\0\0\0\x60\x01\0\0\
\xdf\x25\0\0\x50\x01\0\0\x80\x01\0\0\xe9\x25\0\0\x50\x01\0\0\x40\x02\0\0\xf4\
\x25\0\0\x04\0\0\x04\x18\0\0\0\x4d\x22\0\0\x65\0\0\0\0\0\0\0\x08\x26\0\0\x53\0\
\0\0\x40\0\0\0\x0c\x26\0\0\x02\0\0\0\x60\0\0\0\xd2\x25\0\0\x02\0\0\0\x80\0\0\0\
\0\0\0\0\x01\0\0\x04\x08\0\0\0\x12\x26\0\0\x65\0\0\0\0\0\0\0\0\0\0\0\x01\0\0\
\x04\x40\0\0\0\xd6\x12\0\0\x73\0\0\0\0\0\0\0\0\0\0\0\x01\0\0\x04\x10\0\0\0\x1d\
\x26\0\0\x67\0\0\0\0\0\0\0\0\0\0\0\x02\0\0\x04\x10\0\0\0\x25\x26\0\0\x65\0\0\0\
\0\0\0\0\x2d\x26\0\0\x65\0\0\0\x40\0\0\0\0\0\0\0\x02\0\0\x04\x28\0\0\0\x32\x26\
\0\0\x56\x01\0\0\0\0\0\0\x37\x26\0\0\x57\x01\0\0\xc0\0\0\0\x3f\x26\0\0\x04\0\0\
\x04\x18\0\0\0\x52\x26\0\0\x50\0\0\0\0\0\0\0\x5a\x26\0\0\x50\0\0\0\x40\0\0\0\
\xd8\x1b\0\0\x7b\0\0\0\x80\0\0\0\x19\0\0\0\x7b\0\0\0\x88\0\0\0\x5f\x26\0\0\x02\
\0\0\x04\x10\0\0\0\x6b\x26\0\0\x58\x01\0\0\0\0\0\0\x98\x0f\0\0\x5a\x01\0\0\x40\
\0\0\0\x71\x26\0\0\x01\0\0\x04\x08\0\0\0\x98\x0f\0\0\x59\x01\0\0\0\0\0\0\0\0\0\
\0\0\0\0\x02\x58\x01\0\0\0\0\0\0\0\0\0\x02\x57\x01\0\0\0\0\0\0\x05\0\0\x04\x18\
\0\0\0\x7c\x26\0\0\x7b\0\0\0\0\0\0\0\x87\x26\0\0\x7b\0\0\0\x08\0\0\0\x92\x26\0\
\0\x5d\0\0\0\x10\0\0\0\x9a\x26\0\0\x65\0\0\0\x40\0\0\0\x9f\x26\0\0\x65\0\0\0\
\x80\0\0\0\0\0\0\0\x02\0\0\x05\x10\0\0\0\0\0\0\0\x5d\x01\0\0\0\0\0\0\0\0\0\0\
\x5e\x01\0\0\0\0\0\0\0\0\0\0\x02\0\0\x04\x10\0\0\0\xa5\x26\0\0\x65\0\0\0\0\0\0\
\0\xb1\x26\0\0\x44\x01\0\0\x40\0\0\0\0\0\0\0\x02\0\0\x04\x10\0\0\0\xbd\x26\0\0\
\x65\0\0\0\0\0\0\0\xca\x26\0\0\x65\0\0\0\x40\0\0\0\0\0\0\0\0\0\0\x02\x20\x02\0\
\0\0\0\0\0\0\0\0\x02\x22\x02\0\0\xd6\x26\0\0\0\0\0\x08\x62\x01\0\0\xe8\x26\0\0\
\x02\0\0\x04\x18\0\0\0\x57\x18\0\0\x03\x01\0\0\0\0\0\0\xf8\x26\0\0\x67\0\0\0\
\x40\0\0\0\0\0\0\0\0\0\0\x02\x13\x02\0\0\xfd\x26\0\0\x03\0\0\x04\x20\0\0\0\xde\
\x12\0\0\x59\0\0\0\0\0\0\0\xbf\x19\0\0\x65\x01\0\0\x80\0\0\0\x06\x27\0\0\x68\
\x01\0\0\xc0\0\0\0\0\0\0\0\0\0\0\x02\x66\x01\0\0\0\0\0\0\x01\0\0\x0d\0\0\0\0\0\
\0\0\0\x67\x01\0\0\0\0\0\0\0\0\0\x02\x64\x01\0\0\x0e\x27\0\0\x01\0\0\x04\x08\0\
\0\0\xe8\x22\0\0\x60\0\0\0\0\0\0\0\x16\x27\0\0\x03\0\0\x04\x18\0\0\0\x6c\x1b\0\
\0\x67\0\0\0\0\0\0\0\x57\x18\0\0\xc0\0\0\0\x80\0\0\0\x2d\x27\0\0\x53\0\0\0\xa0\
\0\0\0\0\0\0\0\0\0\0\x02\x23\x02\0\0\0\0\0\0\0\0\0\x02\x6c\x01\0\0\0\0\0\0\x01\
\0\0\x0d\0\0\0\0\0\0\0\0\x40\x01\0\0\0\0\0\0\0\0\0\x02\x08\x02\0\0\0\0\0\0\0\0\
\0\x02\x6f\x01\0\0\0\0\0\0\0\0\0\x0d\x65\0\0\0\x3d\x27\0\0\0\0\0\x08\x71\x01\0\
\0\0\0\0\0\0\0\0\x02\x72\x01\0\0\0\0\0\0\x03\0\0\x0d\0\0\0\0\0\0\0\0\x40\x01\0\
\0\0\0\0\0\x73\x01\0\0\0\0\0\0\x80\x01\0\0\0\0\0\0\0\0\0\x02\x74\x01\0\0\x55\
\x27\0\0\x1a\0\0\x04\0\x01\0\0\x66\x27\0\0\x65\0\0\0\0\0\0\0\x73\x27\0\0\x65\0\
\0\0\x40\0\0\0\x7a\x27\0\0\x65\0\0\0\x80\0\0\0\x19\0\0\0\x65\0\0\0\xc0\0\0\0\
\x83\x27\0\0\x75\x01\0\0\0\x01\0\0\xa0\x17\0\0\x65\0\0\0\x40\x01\0\0\x13\x21\0\
\0\x65\0\0\0\x80\x01\0\0\x8d\x27\0\0\x76\x01\0\0\xc0\x01\0\0\x97\x27\0\0\x65\0\
\0\0\0\x02\0\0\x9a\x27\0\0\x77\x01\0\0\x40\x02\0\0\xa4\x27\0\0\x78\x01\0\0\x80\
\x02\0\0\xa8\x27\0\0\x79\x01\0\0\xc0\x02\0\0\xb1\x27\0\0\x7a\x01\0\0\0\x03\0\0\
\xba\x10\0\0\x7b\x01\0\0\x40\x03\0\0\xbf\x27\0\0\x7d\x01\0\0\x80\x03\0\0\xc8\
\x27\0\0\x65\0\0\0\xc0\x03\0\0\xcc\x27\0\0\x7f\x01\0\0\0\x04\0\0\xd6\x27\0\0\
\x7f\x01\0\0\x80\x04\0\0\xe0\x27\0\0\x65\0\0\0\0\x05\0\0\xf0\x27\0\0\x65\0\0\0\
\x40\x05\0\0\xc7\x23\0\0\x65\0\0\0\x80\x05\0\0\xfa\x27\0\0\x65\0\0\0\xc0\x05\0\
\0\xff\x27\0\0\x65\0\0\0\0\x06\0\0\x09\x28\0\0\x65\0\0\0\x40\x06\0\0\x18\x28\0\
\0\x65\0\0\0\x80\x06\0\0\x27\x28\0\0\x65\0\0\0\xc0\x06\0\0\0\0\0\0\x02\0\0\x04\
\x08\0\0\0\x7f\x06\0\0\x51\0\0\0\0\0\0\0\x30\x28\0\0\x51\0\0\0\x20\0\0\0\0\0\0\
\0\x02\0\0\x04\x08\0\0\0\x12\x0f\0\0\x51\0\0\0\0\0\0\0\x34\x28\0\0\x51\0\0\0\
\x20\0\0\0\0\0\0\0\0\0\0\x02\x24\x02\0\0\0\0\0\0\0\0\0\x02\x25\x02\0\0\0\0\0\0\
\0\0\0\x02\x26\x02\0\0\0\0\0\0\0\0\0\x02\x65\0\0\0\x3d\x28\0\0\x02\0\0\x05\x08\
\0\0\0\x50\x28\0\0\x66\0\0\0\0\0\0\0\0\0\0\0\x7c\x01\0\0\0\0\0\0\0\0\0\0\x03\0\
\0\x04\x08\0\0\0\x55\x28\0\0\x52\0\0\0\0\0\0\0\x5d\x28\0\0\x5e\0\0\0\x20\0\0\0\
\x64\x28\0\0\x5e\0\0\0\x30\0\0\0\x6b\x28\0\0\x02\0\0\x05\x08\0\0\0\x95\x17\0\0\
\x66\0\0\0\0\0\0\0\0\0\0\0\x7e\x01\0\0\0\0\0\0\0\0\0\0\x0b\0\0\x84\x08\0\0\0\
\x7d\x28\0\0\x66\0\0\0\0\0\0\x05\x84\x28\0\0\x66\0\0\0\x05\0\0\x0e\x8c\x28\0\0\
\x66\0\0\0\x13\0\0\x05\x96\x28\0\0\x66\0\0\0\x18\0\0\x02\x9f\x28\0\0\x66\0\0\0\
\x1a\0\0\x07\xa8\x28\0\0\x66\0\0\0\x21\0\0\x04\xb4\x28\0\0\x66\0\0\0\x25\0\0\
\x01\xbf\x28\0\0\x66\0\0\0\x26\0\0\x02\xca\x28\0\0\x66\0\0\0\x28\0\0\x03\xd2\
\x28\0\0\x66\0\0\0\x2b\0\0\x03\xdb\x28\0\0\x66\0\0\0\x2e\0\0\x12\xe4\x28\0\0\
\x02\0\0\x04\x10\0\0\0\xee\x28\0\0\x66\0\0\0\0\0\0\0\xf2\x28\0\0\x80\x01\0\0\
\x40\0\0\0\0\0\0\0\0\0\0\x02\x81\x01\0\0\xf7\x28\0\0\x15\0\0\x04\xa8\0\0\0\xff\
\x28\0\0\x50\0\0\0\0\0\0\0\x03\x29\0\0\x50\0\0\0\x40\0\0\0\x07\x29\0\0\x50\0\0\
\0\x80\0\0\0\x0b\x29\0\0\x50\0\0\0\xc0\0\0\0\x0f\x29\0\0\x50\0\0\0\0\x01\0\0\
\x12\x29\0\0\x50\0\0\0\x40\x01\0\0\x15\x29\0\0\x50\0\0\0\x80\x01\0\0\x19\x29\0\
\0\x50\0\0\0\xc0\x01\0\0\x1d\x29\0\0\x50\0\0\0\0\x02\0\0\x20\x29\0\0\x50\0\0\0\
\x40\x02\0\0\x23\x29\0\0\x50\0\0\0\x80\x02\0\0\x26\x29\0\0\x50\0\0\0\xc0\x02\0\
\0\x29\x29\0\0\x50\0\0\0\0\x03\0\0\x2c\x29\0\0\x50\0\0\0\x40\x03\0\0\x2f\x29\0\
\0\x50\0\0\0\x80\x03\0\0\x32\x29\0\0\x50\0\0\0\xc0\x03\0\0\x97\x27\0\0\x50\0\0\
\0\0\x04\0\0\0\0\0\0\x82\x01\0\0\x40\x04\0\0\xf7\x01\0\0\x50\0\0\0\x80\x04\0\0\
\x8e\x1d\0\0\x50\0\0\0\xc0\x04\0\0\0\0\0\0\x84\x01\0\0\0\x05\0\0\0\0\0\0\x03\0\
\0\x05\x08\0\0\0\x3a\x29\0\0\x5d\0\0\0\0\0\0\0\x3d\x29\0\0\x65\0\0\0\0\0\0\0\
\x41\x29\0\0\x83\x01\0\0\0\0\0\0\x41\x29\0\0\x03\0\0\x84\x08\0\0\0\x3a\x29\0\0\
\x65\0\0\0\0\0\0\x10\x49\x29\0\0\x65\0\0\0\x10\0\0\x02\x4c\x29\0\0\x65\0\0\0\
\x12\0\0\x01\0\0\0\0\x03\0\0\x05\x08\0\0\0\x50\x29\0\0\x5d\0\0\0\0\0\0\0\x53\
\x29\0\0\x65\0\0\0\0\0\0\0\x57\x29\0\0\x85\x01\0\0\0\0\0\0\x57\x29\0\0\x0a\0\0\
\x84\x08\0\0\0\x50\x29\0\0\x65\0\0\0\0\0\0\x10\x5f\x29\0\0\x65\0\0\0\x10\0\0\
\x01\x63\x29\0\0\x65\0\0\0\x11\0\0\x01\x6b\x29\0\0\x65\0\0\0\x12\0\0\x01\x6f\
\x29\0\0\x65\0\0\0\x20\0\0\x08\x19\0\0\0\x65\0\0\0\x30\0\0\x04\x76\x29\0\0\x65\
\0\0\0\x38\0\0\x01\x7e\x29\0\0\x65\0\0\0\x39\0\0\x01\x81\x29\0\0\x65\0\0\0\x3a\
\0\0\x01\x88\x29\0\0\x65\0\0\0\x3c\0\0\x04\0\0\0\0\0\0\0\x02\x0b\x02\0\0\0\0\0\
\0\0\0\0\x02\x1d\x02\0\0\0\0\0\0\0\0\0\x02\x1e\x02\0\0\x6c\x21\0\0\x0f\0\0\x04\
\xd8\0\0\0\xbf\x19\0\0\x8a\x01\0\0\0\0\0\0\x98\x0f\0\0\x8d\x01\0\0\x40\0\0\0\
\xf7\x01\0\0\x50\0\0\0\x80\0\0\0\x90\x29\0\0\x54\0\0\0\xc0\0\0\0\x98\x29\0\0\
\x8a\x01\0\0\0\x01\0\0\xa3\x29\0\0\x90\x01\0\0\x40\x01\0\0\xae\x29\0\0\x92\x01\
\0\0\xc0\x02\0\0\xb8\x29\0\0\x90\x01\0\0\0\x03\0\0\xc1\x29\0\0\x50\0\0\0\x80\
\x04\0\0\xcc\x29\0\0\x50\0\0\0\xc0\x04\0\0\x6c\x1b\0\0\x67\0\0\0\0\x05\0\0\xdc\
\x29\0\0\x67\0\0\0\x80\x05\0\0\xe7\x29\0\0\x93\x01\0\0\0\x06\0\0\xf0\x29\0\0\
\x8d\x01\0\0\x40\x06\0\0\xf8\x29\0\0\x50\0\0\0\x80\x06\0\0\x04\x2a\0\0\0\0\0\
\x08\x8b\x01\0\0\0\0\0\0\0\0\0\x02\x8c\x01\0\0\0\0\0\0\x04\0\0\x0d\0\0\0\0\0\0\
\0\0\x50\0\0\0\0\0\0\0\x50\0\0\0\0\0\0\0\x8d\x01\0\0\0\0\0\0\x8e\x01\0\0\0\0\0\
\0\0\0\0\x02\x89\x01\0\0\0\0\0\0\0\0\0\x02\x8f\x01\0\0\x12\x2a\0\0\x01\0\0\x04\
\xa8\0\0\0\xf2\x28\0\0\x81\x01\0\0\0\0\0\0\x1e\x2a\0\0\x03\0\0\x04\x30\0\0\0\
\x2e\x2a\0\0\x91\x01\0\0\0\0\0\0\x3b\x2a\0\0\x91\x01\0\0\x40\0\0\0\x47\x2a\0\0\
\xd6\0\0\0\x80\0\0\0\0\0\0\0\0\0\0\x02\x0d\x02\0\0\0\0\0\0\0\0\0\x02\x90\x01\0\
\0\x52\x2a\0\0\0\0\0\x08\x94\x01\0\0\0\0\0\0\0\0\0\x02\x95\x01\0\0\0\0\0\0\x02\
\0\0\x0d\x02\0\0\0\0\0\0\0\x8d\x01\0\0\0\0\0\0\x96\x01\0\0\x64\x2a\0\0\x03\0\0\
\x06\x04\0\0\0\x73\x2a\0\0\0\0\0\0\x9d\x2a\0\0\x01\0\0\0\xc7\x2a\0\0\x02\0\0\0\
\0\0\0\0\0\0\0\x02\x27\x02\0\0\0\0\0\0\0\0\0\x03\0\0\0\0\x40\x01\0\0\x04\0\0\0\
\x04\0\0\0\0\0\0\0\0\0\0\x02\x41\x02\0\0\xf2\x2a\0\0\x02\0\0\x04\x10\0\0\0\xf9\
\x12\0\0\x65\0\0\0\0\0\0\0\x09\x1d\0\0\x65\0\0\0\x40\0\0\0\x30\x1e\0\0\x07\0\0\
\x04\x80\x10\0\0\xd6\x25\0\0\x53\0\0\0\0\0\0\0\xff\x2a\0\0\x50\0\0\0\x40\0\0\0\
\x10\x2b\0\0\x9c\x01\0\0\x80\0\0\0\x18\x2b\0\0\x9c\x01\0\0\xc0\0\0\0\x27\x2b\0\
\0\x9d\x01\0\0\0\x01\0\0\x2c\x2b\0\0\x9d\x01\0\0\x80\x01\0\0\x37\x2b\0\0\x9e\
\x01\0\0\0\x02\0\0\0\0\0\0\0\0\0\x02\x9e\x01\0\0\x41\x2b\0\0\x03\0\0\x04\x10\0\
\0\0\x50\x2b\0\0\x65\0\0\0\0\0\0\0\x5d\x2b\0\0\x53\0\0\0\x40\0\0\0\x6a\x2b\0\0\
\x53\0\0\0\x60\0\0\0\x10\x2b\0\0\x0a\0\0\x84\x40\x10\0\0\x09\x1d\0\0\x53\0\0\0\
\0\0\0\0\x7c\x2b\0\0\x53\0\0\0\x20\0\0\0\x86\x2b\0\0\x65\0\0\0\x40\0\0\0\x90\
\x2b\0\0\x65\0\0\0\x80\0\0\0\x9f\x2b\0\0\x65\0\0\0\xc0\0\0\0\xa3\x2b\0\0\x53\0\
\0\0\0\x01\0\x01\xad\x2b\0\0\x53\0\0\0\x01\x01\0\x01\xb6\x2b\0\0\x53\0\0\0\x02\
\x01\0\x01\xc6\x2b\0\0\x53\0\0\0\x03\x01\0\x01\xf2\x28\0\0\x9f\x01\0\0\0\x02\0\
\0\xcd\x2b\0\0\x05\0\0\x05\0\x10\0\0\xda\x2b\0\0\xa0\x01\0\0\0\0\0\0\xe0\x2b\0\
\0\xa2\x01\0\0\0\0\0\0\xe7\x2b\0\0\xaa\x01\0\0\0\0\0\0\xec\x2b\0\0\xac\x01\0\0\
\0\0\0\0\xf2\x2b\0\0\xb0\x01\0\0\0\0\0\0\xfc\x2b\0\0\x09\0\0\x04\x70\0\0\0\x08\
\x2c\0\0\x51\0\0\0\0\0\0\0\x0c\x2c\0\0\x51\0\0\0\x20\0\0\0\x10\x2c\0\0\x51\0\0\
\0\x40\0\0\0\x14\x2c\0\0\x51\0\0\0\x60\0\0\0\x18\x2c\0\0\x51\0\0\0\x80\0\0\0\
\x1c\x2c\0\0\x51\0\0\0\xa0\0\0\0\x20\x2c\0\0\x51\0\0\0\xc0\0\0\0\x24\x2c\0\0\
\xa1\x01\0\0\xe0\0\0\0\x0b\x0f\0\0\x51\0\0\0\x60\x03\0\0\0\0\0\0\0\0\0\x03\0\0\
\0\0\x51\0\0\0\x04\0\0\0\x14\0\0\0\x2d\x2c\0\0\x0b\0\0\x04\0\x02\0\0\x08\x2c\0\
\0\x5d\0\0\0\0\0\0\0\x0c\x2c\0\0\x5d\0\0\0\x10\0\0\0\x10\x2c\0\0\x5d\0\0\0\x20\
\0\0\0\x3a\x2c\0\0\x5d\0\0\0\x30\0\0\0\0\0\0\0\xa3\x01\0\0\x40\0\0\0\x3e\x2c\0\
\0\x51\0\0\0\xc0\0\0\0\x44\x2c\0\0\x51\0\0\0\xe0\0\0\0\x24\x2c\0\0\xa6\x01\0\0\
\0\x01\0\0\x4f\x2c\0\0\xa7\x01\0\0\0\x05\0\0\x92\x26\0\0\xa8\x01\0\0\0\x0d\0\0\
\0\0\0\0\xa9\x01\0\0\x80\x0e\0\0\0\0\0\0\x02\0\0\x05\x10\0\0\0\0\0\0\0\xa4\x01\
\0\0\0\0\0\0\0\0\0\0\xa5\x01\0\0\0\0\0\0\0\0\0\0\x02\0\0\x04\x10\0\0\0\x59\x2c\
\0\0\x65\0\0\0\0\0\0\0\x5d\x2c\0\0\x65\0\0\0\x40\0\0\0\0\0\0\0\x04\0\0\x04\x10\
\0\0\0\x14\x2c\0\0\x51\0\0\0\0\0\0\0\x18\x2c\0\0\x51\0\0\0\x20\0\0\0\x1c\x2c\0\
\0\x51\0\0\0\x40\0\0\0\x20\x2c\0\0\x51\0\0\0\x60\0\0\0\0\0\0\0\0\0\0\x03\0\0\0\
\0\x51\0\0\0\x04\0\0\0\x20\0\0\0\0\0\0\0\0\0\0\x03\0\0\0\0\x51\0\0\0\x04\0\0\0\
\x40\0\0\0\0\0\0\0\0\0\0\x03\0\0\0\0\x51\0\0\0\x04\0\0\0\x0c\0\0\0\0\0\0\0\x02\
\0\0\x05\x30\0\0\0\x61\x2c\0\0\xa8\x01\0\0\0\0\0\0\x6a\x2c\0\0\xa8\x01\0\0\0\0\
\0\0\x76\x2c\0\0\x10\0\0\x04\x88\0\0\0\x08\x2c\0\0\x51\0\0\0\0\0\0\0\x0c\x2c\0\
\0\x51\0\0\0\x20\0\0\0\x10\x2c\0\0\x51\0\0\0\x40\0\0\0\x14\x2c\0\0\x51\0\0\0\
\x60\0\0\0\x18\x2c\0\0\x51\0\0\0\x80\0\0\0\x1c\x2c\0\0\x51\0\0\0\xa0\0\0\0\x20\
\x2c\0\0\x51\0\0\0\xc0\0\0\0\x24\x2c\0\0\xa1\x01\0\0\xe0\0\0\0\x83\x2c\0\0\x7b\
\0\0\0\x60\x03\0\0\x88\x2c\0\0\x7b\0\0\0\x68\x03\0\0\x90\x2c\0\0\x7b\0\0\0\x70\
\x03\0\0\x9a\x2c\0\0\x7b\0\0\0\x78\x03\0\0\xa4\x2c\0\0\x7b\0\0\0\x80\x03\0\0\
\xa7\x2c\0\0\x7b\0\0\0\x88\x03\0\0\x32\x26\0\0\xab\x01\0\0\xc0\x03\0\0\xae\x2c\
\0\0\x51\0\0\0\0\x04\0\0\0\0\0\0\0\0\0\x02\x42\x02\0\0\xb8\x2c\0\0\x03\0\0\x04\
\x40\x02\0\0\xc4\x2c\0\0\xa2\x01\0\0\0\0\0\0\xc9\x2c\0\0\xad\x01\0\0\0\x10\0\0\
\xd0\x2c\0\0\xaf\x01\0\0\0\x12\0\0\xe4\x2c\0\0\x03\0\0\x04\x40\0\0\0\x86\x2b\0\
\0\x65\0\0\0\0\0\0\0\xf2\x2c\0\0\x65\0\0\0\x40\0\0\0\x34\x28\0\0\xae\x01\0\0\
\x80\0\0\0\0\0\0\0\0\0\0\x03\0\0\0\0\x65\0\0\0\x04\0\0\0\x06\0\0\0\0\0\0\0\0\0\
\0\x03\0\0\0\0\x7b\0\0\0\x04\0\0\0\0\0\0\0\0\0\0\0\0\0\0\x03\0\0\0\0\x7b\0\0\0\
\x04\0\0\0\0\x10\0\0\xfb\x2c\0\0\x01\0\0\x0c\x4c\0\0\0\0\0\0\0\0\0\0\x02\xb3\
\x01\0\0\x13\x2d\0\0\x06\0\0\x04\x30\0\0\0\x36\x2d\0\0\xb4\x01\0\0\0\0\0\0\x3a\
\x2d\0\0\xec\0\0\0\x40\0\0\0\x46\x2d\0\0\xb7\0\0\0\xc0\0\0\0\x51\x2d\0\0\xec\0\
\0\0\xe0\0\0\0\x5c\x2d\0\0\xb7\0\0\0\x60\x01\0\0\x66\x2d\0\0\xb5\x01\0\0\x80\
\x01\0\0\x6d\x2d\0\0\x04\0\0\x04\x08\0\0\0\x19\0\0\0\x5f\0\0\0\0\0\0\0\xf7\x01\
\0\0\x69\0\0\0\x10\0\0\0\x79\x2d\0\0\x69\0\0\0\x18\0\0\0\x7f\x06\0\0\x02\0\0\0\
\x20\0\0\0\0\0\0\0\0\0\0\x03\0\0\0\0\xeb\0\0\0\x04\0\0\0\0\0\0\0\0\0\0\0\x01\0\
\0\x0d\x02\0\0\0\xa7\x01\0\0\xb2\x01\0\0\x87\x2d\0\0\x01\0\0\x0c\xb6\x01\0\0\
\x9a\x2d\0\0\x01\0\0\x0c\x4c\0\0\0\0\0\0\0\0\0\0\x02\xba\x01\0\0\xab\x2d\0\0\
\x09\0\0\x04\x40\0\0\0\x36\x2d\0\0\xb4\x01\0\0\0\0\0\0\xc8\x2d\0\0\xec\0\0\0\
\x40\0\0\0\xd2\x2d\0\0\xb7\0\0\0\xc0\0\0\0\xdb\x2d\0\0\x02\0\0\0\xe0\0\0\0\xe5\
\x2d\0\0\xa9\0\0\0\0\x01\0\0\xf0\x2d\0\0\xec\0\0\0\x40\x01\0\0\xfa\x2d\0\0\xb7\
\0\0\0\xc0\x01\0\0\x03\x2e\0\0\x02\0\0\0\xe0\x01\0\0\x66\x2d\0\0\xb5\x01\0\0\0\
\x02\0\0\0\0\0\0\x01\0\0\x0d\x02\0\0\0\xa7\x01\0\0\xb9\x01\0\0\x0d\x2e\0\0\x01\
\0\0\x0c\xbb\x01\0\0\x24\x0f\0\0\0\0\0\x08\x53\0\0\0\xf7\x10\0\0\0\0\0\x08\xbf\
\x01\0\0\x20\x2e\0\0\0\0\0\x08\x65\0\0\0\0\0\0\0\x04\0\0\x0d\x02\0\0\0\x83\x06\
\0\0\xbd\x01\0\0\x29\x2e\0\0\xbe\x01\0\0\x2f\x2e\0\0\x81\0\0\0\x35\x2e\0\0\xbe\
\x01\0\0\x44\x2e\0\0\0\0\0\x0c\xc0\x01\0\0\x5b\x2e\0\0\x01\0\0\x0c\xbb\x01\0\0\
\0\0\0\0\0\0\0\x02\xc4\x01\0\0\x6c\x2e\0\0\x06\0\0\x04\x10\0\0\0\x7a\x2e\0\0\
\x5f\0\0\0\0\0\0\0\x86\x2e\0\0\x69\0\0\0\x10\0\0\0\x93\x2e\0\0\x69\0\0\0\x18\0\
\0\0\xa8\x2e\0\0\x02\0\0\0\x20\0\0\0\xfe\x12\0\0\xbd\x01\0\0\x40\0\0\0\xb3\x2e\
\0\0\xbd\x01\0\0\x60\0\0\0\0\0\0\0\x01\0\0\x0d\x02\0\0\0\xa7\x01\0\0\xc3\x01\0\
\0\xba\x2e\0\0\x01\0\0\x0c\xc5\x01\0\0\xca\x2e\0\0\x01\0\0\x0c\x4c\0\0\0\xda\
\x2e\0\0\x01\0\0\x0c\x4c\0\0\0\xe9\x2e\0\0\x01\0\0\x0c\x4c\0\0\0\x01\x2f\0\0\
\x01\0\0\x0c\x4c\0\0\0\x18\x2f\0\0\x01\0\0\x0c\x4c\0\0\0\x2c\x2f\0\0\x01\0\0\
\x0c\x4c\0\0\0\0\0\0\0\0\0\0\x02\xce\x01\0\0\x3f\x2f\0\0\x03\0\0\x04\xb8\0\0\0\
\xf2\x28\0\0\xcf\x01\0\0\0\0\0\0\xbd\x24\0\0\x66\0\0\0\x40\x05\0\0\xfa\x27\0\0\
\x66\0\0\0\x80\x05\0\0\x53\x2f\0\0\0\0\0\x08\x81\x01\0\0\0\0\0\0\x01\0\0\x0d\
\x02\0\0\0\xa7\x01\0\0\xcd\x01\0\0\x66\x2f\0\0\x01\0\0\x0c\xd0\x01\0\0\x77\x2f\
\0\0\x01\0\0\x0c\xd0\x01\0\0\x90\x2f\0\0\x01\0\0\x0c\xd0\x01\0\0\0\0\0\0\0\0\0\
\x03\0\0\0\0\xeb\0\0\0\x04\0\0\0\x0d\0\0\0\xb5\x2f\0\0\0\0\0\x0e\xd4\x01\0\0\
\x01\0\0\0\0\0\0\0\0\0\0\x0a\xbd\x01\0\0\xbd\x2f\0\0\0\0\0\x0e\xd6\x01\0\0\x01\
\0\0\0\xc2\x2f\0\0\0\0\0\x0e\xd6\x01\0\0\x01\0\0\0\0\0\0\0\0\0\0\x0a\xeb\0\0\0\
\0\0\0\0\0\0\0\x03\0\0\0\0\xd9\x01\0\0\x04\0\0\0\x22\0\0\0\xc6\x2f\0\0\0\0\0\
\x0e\xda\x01\0\0\0\0\0\0\0\0\0\0\0\0\0\x03\0\0\0\0\xd9\x01\0\0\x04\0\0\0\x1e\0\
\0\0\xdf\x2f\0\0\0\0\0\x0e\xdc\x01\0\0\0\0\0\0\0\0\0\0\0\0\0\x09\x81\0\0\0\xfa\
\x2f\0\0\0\0\0\x0e\xde\x01\0\0\0\0\0\0\0\0\0\0\0\0\0\x03\0\0\0\0\xd9\x01\0\0\
\x04\0\0\0\x14\0\0\0\x08\x30\0\0\0\0\0\x0e\xe0\x01\0\0\0\0\0\0\0\0\0\0\0\0\0\
\x09\xbd\x01\0\0\x21\x30\0\0\0\0\0\x0e\xe2\x01\0\0\0\0\0\0\0\0\0\0\0\0\0\x03\0\
\0\0\0\xd9\x01\0\0\x04\0\0\0\x0e\0\0\0\x29\x30\0\0\0\0\0\x0e\xe4\x01\0\0\0\0\0\
\0\x44\x30\0\0\x02\0\0\x04\x08\0\0\0\x50\x30\0\0\xe7\x01\0\0\0\0\0\0\x55\x30\0\
\0\xbd\x01\0\0\x20\0\0\0\x60\x30\0\0\x02\0\0\x06\x04\0\0\0\x6a\x30\0\0\0\0\0\0\
\x77\x30\0\0\x01\0\0\0\x89\x30\0\0\0\0\0\x0e\xe6\x01\0\0\x01\0\0\0\x9b\x30\0\0\
\x02\0\0\x04\x0c\0\0\0\xa4\x30\0\0\xe6\x01\0\0\0\0\0\0\xab\x30\0\0\xbd\x01\0\0\
\x40\0\0\0\xb3\x30\0\0\0\0\0\x0e\xe9\x01\0\0\x01\0\0\0\xbf\x30\0\0\0\0\0\x0e\
\xe9\x01\0\0\x01\0\0\0\xc9\x30\0\0\0\0\0\x0e\xe9\x01\0\0\x01\0\0\0\xd6\x30\0\0\
\0\0\0\x0e\xe9\x01\0\0\x01\0\0\0\0\0\0\0\0\0\0\x03\0\0\0\0\xd9\x01\0\0\x04\0\0\
\0\x1d\0\0\0\xe7\x30\0\0\0\0\0\x0e\xee\x01\0\0\0\0\0\0\0\0\0\0\0\0\0\x03\0\0\0\
\0\xd9\x01\0\0\x04\0\0\0\x20\0\0\0\x05\x31\0\0\0\0\0\x0e\xf0\x01\0\0\0\0\0\0\0\
\0\0\0\0\0\0\x03\0\0\0\0\xd9\x01\0\0\x04\0\0\0\x1c\0\0\0\x21\x31\0\0\0\0\0\x0e\
\xf2\x01\0\0\0\0\0\0\0\0\0\0\0\0\0\x03\0\0\0\0\xd9\x01\0\0\x04\0\0\0\x1b\0\0\0\
\x42\x31\0\0\0\0\0\x0e\xf4\x01\0\0\0\0\0\0\x63\x31\0\0\0\0\0\x0e\xf2\x01\0\0\0\
\0\0\0\0\0\0\0\0\0\0\x03\0\0\0\0\xd9\x01\0\0\x04\0\0\0\x21\0\0\0\x89\x31\0\0\0\
\0\0\x0e\xf7\x01\0\0\0\0\0\0\x9e\x31\0\0\0\0\0\x0e\xf7\x01\0\0\0\0\0\0\xab\x12\
\0\0\0\0\0\x07\0\0\0\0\x8e\x10\0\0\0\0\0\x07\0\0\0\0\x04\x1d\0\0\0\0\0\x07\0\0\
\0\0\xbf\x31\0\0\0\0\0\x07\0\0\0\0\xce\x31\0\0\0\0\0\x07\0\0\0\0\xe1\x31\0\0\0\
\0\0\x07\0\0\0\0\xeb\x31\0\0\0\0\0\x07\0\0\0\0\xf9\x31\0\0\0\0\0\x07\0\0\0\0\
\xd8\x0a\0\0\0\0\0\x07\0\0\0\0\x04\x32\0\0\0\0\0\x07\0\0\0\0\x0f\x32\0\0\0\0\0\
\x07\0\0\0\0\x1a\x32\0\0\0\0\0\x07\0\0\0\0\x48\x08\0\0\0\0\0\x07\0\0\0\0\xc5\
\x1a\0\0\0\0\0\x07\0\0\0\0\x29\x32\0\0\0\0\0\x07\0\0\0\0\x37\x32\0\0\0\0\0\x07\
\0\0\0\0\xc7\x23\0\0\0\0\0\x07\0\0\0\0\x3f\x32\0\0\0\0\0\x07\0\0\0\0\x48\x32\0\
\0\0\0\0\x07\0\0\0\0\x5a\x32\0\0\0\0\0\x07\0\0\0\0\x66\x32\0\0\0\0\0\x07\0\0\0\
\0\x70\x32\0\0\0\0\0\x07\0\0\0\0\x7c\x32\0\0\0\0\0\x07\0\0\0\0\x86\x32\0\0\0\0\
\0\x07\0\0\0\0\x8a\x32\0\0\0\0\0\x07\0\0\0\0\x9a\x32\0\0\0\0\0\x07\0\0\0\0\xcd\
\x1a\0\0\0\0\0\x07\0\0\0\0\xa8\x32\0\0\0\0\0\x07\0\0\0\0\x63\x09\0\0\0\0\0\x07\
\0\0\0\0\xf9\x07\0\0\0\0\0\x07\0\0\0\0\xb0\x32\0\0\0\0\0\x07\0\0\0\0\xbe\x32\0\
\0\0\0\0\x07\0\0\0\0\xcb\x32\0\0\0\0\0\x07\0\0\0\0\x7f\x06\0\0\0\0\0\x07\0\0\0\
\0\x7f\x09\0\0\0\0\0\x07\0\0\0\0\xd9\x32\0\0\0\0\0\x07\0\0\0\0\xea\x32\0\0\0\0\
\0\x07\0\0\0\0\x06\x1f\0\0\0\0\0\x07\0\0\0\0\xf7\x32\0\0\0\0\0\x07\0\0\0\0\x0e\
\x33\0\0\0\0\0\x07\0\0\0\0\x21\x33\0\0\0\0\0\x07\0\0\0\0\x2d\x33\0\0\0\0\0\x07\
\0\0\0\0\x44\x33\0\0\0\0\0\x07\0\0\0\0\x59\x33\0\0\0\0\0\x07\0\0\0\0\x69\x33\0\
\0\0\0\0\x07\0\0\0\0\x7b\x33\0\0\0\0\0\x07\0\0\0\0\x87\x33\0\0\0\0\0\x07\0\0\0\
\0\x96\x33\0\0\0\0\0\x07\0\0\0\0\xa0\x02\0\0\0\0\0\x07\0\0\0\0\xa1\x33\0\0\0\0\
\0\x07\0\0\0\0\xaa\x33\0\0\0\0\0\x07\0\0\0\0\xb8\x33\0\0\0\0\0\x07\0\0\0\0\xca\
\x33\0\0\0\0\0\x07\0\0\0\0\xd9\x33\0\0\0\0\0\x07\0\0\0\0\xe0\x33\0\0\0\0\0\x07\
\0\0\0\0\xe9\x33\0\0\0\0\0\x07\0\0\0\0\xb8\x08\0\0\0\0\0\x07\0\0\0\0\xf8\x33\0\
\0\0\0\0\x07\0\0\0\0\x07\x34\0\0\0\0\0\x07\0\0\0\0\x71\x09\0\0\0\0\0\x07\0\0\0\
\0\x8a\x09\0\0\0\0\0\x07\0\0\0\0\x17\x34\0\0\0\0\0\x07\0\0\0\0\x28\x34\0\0\0\0\
\0\x07\0\0\0\0\x40\x34\0\0\0\0\0\x07\0\0\0\0\xa1\x0b\0\0\0\0\0\x07\0\0\0\0\xf3\
\x0b\0\0\0\0\0\x07\0\0\0\0\x4f\x34\0\0\0\0\0\x07\0\0\0\0\x5f\x34\0\0\0\0\0\x07\
\0\0\0\0\x6b\x34\0\0\0\0\0\x07\0\0\0\0\x4f\x0e\0\0\0\0\0\x07\0\0\0\0\xe9\x0e\0\
\0\0\0\0\x07\0\0\0\0\xee\x1d\0\0\0\0\0\x07\0\0\0\0\x77\x34\0\0\0\0\0\x07\0\0\0\
\0\x3c\x75\0\0\x01\0\0\x0f\x0d\0\0\0\xd5\x01\0\0\0\0\0\0\x0d\0\0\0\x44\x75\0\0\
\x0d\0\0\x0f\x3c\x01\0\0\xd7\x01\0\0\0\0\0\0\x04\0\0\0\xd8\x01\0\0\x04\0\0\0\
\x04\0\0\0\xdb\x01\0\0\x08\0\0\0\x22\0\0\0\xdd\x01\0\0\x2a\0\0\0\x1e\0\0\0\xe1\
\x01\0\0\x48\0\0\0\x14\0\0\0\xe5\x01\0\0\x5c\0\0\0\x0e\0\0\0\xef\x01\0\0\x6a\0\
\0\0\x1d\0\0\0\xf1\x01\0\0\x87\0\0\0\x20\0\0\0\xf3\x01\0\0\xa7\0\0\0\x1c\0\0\0\
\xf5\x01\0\0\xc3\0\0\0\x1b\0\0\0\xf6\x01\0\0\xde\0\0\0\x1c\0\0\0\xf8\x01\0\0\
\xfa\0\0\0\x21\0\0\0\xf9\x01\0\0\x1b\x01\0\0\x21\0\0\0\x4c\x75\0\0\x12\0\0\x0f\
\xe0\x01\0\0\x0c\0\0\0\0\0\0\0\x20\0\0\0\x14\0\0\0\x20\0\0\0\x20\0\0\0\x18\0\0\
\0\x40\0\0\0\x20\0\0\0\x1c\0\0\0\x60\0\0\0\x20\0\0\0\x20\0\0\0\x80\0\0\0\x20\0\
\0\0\x21\0\0\0\xa0\0\0\0\x20\0\0\0\x27\0\0\0\xc0\0\0\0\x20\0\0\0\x2d\0\0\0\xe0\
\0\0\0\x20\0\0\0\x31\0\0\0\0\x01\0\0\x20\0\0\0\x35\0\0\0\x20\x01\0\0\x20\0\0\0\
\x37\0\0\0\x40\x01\0\0\x20\0\0\0\x38\0\0\0\x60\x01\0\0\x20\0\0\0\x3e\0\0\0\x80\
\x01\0\0\x10\0\0\0\x42\0\0\0\x90\x01\0\0\x10\0\0\0\x43\0\0\0\xa0\x01\0\0\x10\0\
\0\0\x47\0\0\0\xb0\x01\0\0\x10\0\0\0\x48\0\0\0\xc0\x01\0\0\x10\0\0\0\x49\0\0\0\
\xd0\x01\0\0\x10\0\0\0\x52\x75\0\0\x07\0\0\x0f\x40\0\0\0\xdf\x01\0\0\0\0\0\0\
\x01\0\0\0\xe3\x01\0\0\x04\0\0\0\x04\0\0\0\xe8\x01\0\0\x08\0\0\0\x08\0\0\0\xea\
\x01\0\0\x10\0\0\0\x0c\0\0\0\xeb\x01\0\0\x1c\0\0\0\x0c\0\0\0\xec\x01\0\0\x28\0\
\0\0\x0c\0\0\0\xed\x01\0\0\x34\0\0\0\x0c\0\0\0\0\x69\x6e\x74\0\x5f\x5f\x41\x52\
\x52\x41\x59\x5f\x53\x49\x5a\x45\x5f\x54\x59\x50\x45\x5f\x5f\0\x74\x79\x70\x65\
\0\x6b\x65\x79\x5f\x73\x69\x7a\x65\0\x76\x61\x6c\x75\x65\x5f\x73\x69\x7a\x65\0\
\x6d\x61\x78\x5f\x65\x6e\x74\x72\x69\x65\x73\0\x74\x61\x73\x6b\x5f\x63\x70\x75\
\x5f\x75\x73\x61\x67\x65\x5f\x6d\x61\x70\0\x63\x70\x75\x5f\x75\x73\x61\x67\x65\
\x5f\x74\x69\x6d\x65\x73\x5f\x6d\x61\x70\0\x63\x70\x75\x5f\x75\x73\x61\x67\x65\
\x5f\x70\x65\x72\x63\x65\x6e\x74\x5f\x6d\x61\x70\0\x72\x75\x6e\x71\x6c\x61\x74\
\x5f\x6d\x61\x70\0\x74\x68\x72\x65\x61\x64\x5f\x6f\x63\x63\x75\x70\x69\x65\x64\
\x5f\x6d\x61\x70\0\x72\x75\x6e\x71\x6c\x61\x74\x5f\x77\x69\x74\x68\x6f\x75\x74\
\x5f\x62\x61\x64\x5f\x6d\x61\x70\0\x73\x74\x61\x63\x6b\x5f\x74\x72\x61\x63\x65\
\x73\x5f\x6d\x61\x70\0\x74\x61\x73\x6b\x5f\x74\x72\x61\x63\x65\x5f\x64\x61\x74\
\x61\x5f\x6d\x61\x70\0\x63\x70\x75\x5f\x75\x73\x72\x5f\x6d\x61\x70\0\x63\x70\
\x75\x5f\x65\x6d\x61\x5f\x63\x74\x72\x6c\x5f\x6d\x61\x70\0\x70\x72\x6f\x63\x65\
\x73\x73\x5f\x6d\x61\x70\0\x70\x72\x6f\x63\x65\x73\x73\x5f\x6f\x63\x63\x75\x70\
\x69\x65\x64\x5f\x6d\x61\x70\0\x63\x70\x75\x5f\x75\x73\x61\x67\x65\x5f\x62\x75\
\x66\x66\x65\x72\0\x74\x61\x73\x6b\x5f\x6f\x63\x63\x75\x70\x69\x65\x64\x5f\x62\
\x75\x66\x66\x65\x72\0\x70\x72\x6f\x63\x65\x73\x73\x5f\x6f\x63\x63\x75\x70\x69\
\x65\x64\x5f\x62\x75\x66\x66\x65\x72\0\x72\x75\x6e\x71\x6c\x61\x74\x5f\x62\x75\
\x66\x66\x65\x72\0\x72\x75\x6e\x71\x6c\x61\x74\x5f\x77\x69\x74\x68\x6f\x75\x74\
\x5f\x62\x61\x64\x5f\x62\x75\x66\x66\x65\x72\0\x74\x61\x73\x6b\x5f\x62\x61\x63\
\x6b\x74\x72\x61\x63\x65\x5f\x62\x75\x66\x66\x65\x72\0\x75\x6e\x73\x69\x67\x6e\
\x65\x64\x20\x6c\x6f\x6e\x67\x20\x6c\x6f\x6e\x67\0\x63\x74\x78\0\x68\x61\x6e\
\x64\x6c\x65\x5f\x73\x63\x68\x65\x64\x5f\x77\x61\x6b\x65\x75\x70\0\x74\x61\x73\
\x6b\x5f\x73\x74\x72\x75\x63\x74\0\x74\x68\x72\x65\x61\x64\x5f\x69\x6e\x66\x6f\
\0\x5f\x5f\x73\x74\x61\x74\x65\0\x73\x61\x76\x65\x64\x5f\x73\x74\x61\x74\x65\0\
\x73\x74\x61\x63\x6b\0\x75\x73\x61\x67\x65\0\x66\x6c\x61\x67\x73\0\x70\x74\x72\
\x61\x63\x65\0\x6f\x6e\x5f\x63\x70\x75\0\x77\x61\x6b\x65\x5f\x65\x6e\x74\x72\
\x79\0\x77\x61\x6b\x65\x65\x5f\x66\x6c\x69\x70\x73\0\x77\x61\x6b\x65\x65\x5f\
\x66\x6c\x69\x70\x5f\x64\x65\x63\x61\x79\x5f\x74\x73\0\x6c\x61\x73\x74\x5f\x77\
\x61\x6b\x65\x65\0\x72\x65\x63\x65\x6e\x74\x5f\x75\x73\x65\x64\x5f\x63\x70\x75\
\0\x77\x61\x6b\x65\x5f\x63\x70\x75\0\x6f\x6e\x5f\x72\x71\0\x70\x72\x69\x6f\0\
\x73\x74\x61\x74\x69\x63\x5f\x70\x72\x69\x6f\0\x6e\x6f\x72\x6d\x61\x6c\x5f\x70\
\x72\x69\x6f\0\x72\x74\x5f\x70\x72\x69\x6f\x72\x69\x74\x79\0\x73\x65\0\x72\x74\
\0\x64\x6c\0\x64\x6c\x5f\x73\x65\x72\x76\x65\x72\0\x73\x63\x78\0\x73\x63\x68\
\x65\x64\x5f\x63\x6c\x61\x73\x73\0\x63\x6f\x72\x65\x5f\x6e\x6f\x64\x65\0\x63\
\x6f\x72\x65\x5f\x63\x6f\x6f\x6b\x69\x65\0\x63\x6f\x72\x65\x5f\x6f\x63\x63\x75\
\x70\x61\x74\x69\x6f\x6e\0\x73\x63\x68\x65\x64\x5f\x74\x61\x73\x6b\x5f\x67\x72\
\x6f\x75\x70\0\x75\x63\x6c\x61\x6d\x70\x5f\x72\x65\x71\0\x75\x63\x6c\x61\x6d\
\x70\0\x73\x74\x61\x74\x73\0\x70\x72\x65\x65\x6d\x70\x74\x5f\x6e\x6f\x74\x69\
\x66\x69\x65\x72\x73\0\x62\x74\x72\x61\x63\x65\x5f\x73\x65\x71\0\x70\x6f\x6c\
\x69\x63\x79\0\x6d\x61\x78\x5f\x61\x6c\x6c\x6f\x77\x65\x64\x5f\x63\x61\x70\x61\
\x63\x69\x74\x79\0\x6e\x72\x5f\x63\x70\x75\x73\x5f\x61\x6c\x6c\x6f\x77\x65\x64\
\0\x63\x70\x75\x73\x5f\x70\x74\x72\0\x75\x73\x65\x72\x5f\x63\x70\x75\x73\x5f\
\x70\x74\x72\0\x63\x70\x75\x73\x5f\x6d\x61\x73\x6b\0\x6d\x69\x67\x72\x61\x74\
\x69\x6f\x6e\x5f\x70\x65\x6e\x64\x69\x6e\x67\0\x6d\x69\x67\x72\x61\x74\x69\x6f\
\x6e\x5f\x64\x69\x73\x61\x62\x6c\x65\x64\0\x6d\x69\x67\x72\x61\x74\x69\x6f\x6e\
\x5f\x66\x6c\x61\x67\x73\0\x72\x63\x75\x5f\x72\x65\x61\x64\x5f\x6c\x6f\x63\x6b\
\x5f\x6e\x65\x73\x74\x69\x6e\x67\0\x72\x63\x75\x5f\x72\x65\x61\x64\x5f\x75\x6e\
\x6c\x6f\x63\x6b\x5f\x73\x70\x65\x63\x69\x61\x6c\0\x72\x63\x75\x5f\x6e\x6f\x64\
\x65\x5f\x65\x6e\x74\x72\x79\0\x72\x63\x75\x5f\x62\x6c\x6f\x63\x6b\x65\x64\x5f\
\x6e\x6f\x64\x65\0\x72\x63\x75\x5f\x74\x61\x73\x6b\x73\x5f\x6e\x76\x63\x73\x77\
\0\x72\x63\x75\x5f\x74\x61\x73\x6b\x73\x5f\x68\x6f\x6c\x64\x6f\x75\x74\0\x72\
\x63\x75\x5f\x74\x61\x73\x6b\x73\x5f\x69\x64\x78\0\x72\x63\x75\x5f\x74\x61\x73\
\x6b\x73\x5f\x69\x64\x6c\x65\x5f\x63\x70\x75\0\x72\x63\x75\x5f\x74\x61\x73\x6b\
\x73\x5f\x68\x6f\x6c\x64\x6f\x75\x74\x5f\x6c\x69\x73\x74\0\x72\x63\x75\x5f\x74\
\x61\x73\x6b\x73\x5f\x65\x78\x69\x74\x5f\x63\x70\x75\0\x72\x63\x75\x5f\x74\x61\
\x73\x6b\x73\x5f\x65\x78\x69\x74\x5f\x6c\x69\x73\x74\0\x74\x72\x63\x5f\x72\x65\
\x61\x64\x65\x72\x5f\x6e\x65\x73\x74\x69\x6e\x67\0\x74\x72\x63\x5f\x69\x70\x69\
\x5f\x74\x6f\x5f\x63\x70\x75\0\x74\x72\x63\x5f\x72\x65\x61\x64\x65\x72\x5f\x73\
\x70\x65\x63\x69\x61\x6c\0\x74\x72\x63\x5f\x68\x6f\x6c\x64\x6f\x75\x74\x5f\x6c\
\x69\x73\x74\0\x74\x72\x63\x5f\x62\x6c\x6b\x64\x5f\x6e\x6f\x64\x65\0\x74\x72\
\x63\x5f\x62\x6c\x6b\x64\x5f\x63\x70\x75\0\x73\x63\x68\x65\x64\x5f\x69\x6e\x66\
\x6f\0\x74\x61\x73\x6b\x73\0\x70\x75\x73\x68\x61\x62\x6c\x65\x5f\x74\x61\x73\
\x6b\x73\0\x70\x75\x73\x68\x61\x62\x6c\x65\x5f\x64\x6c\x5f\x74\x61\x73\x6b\x73\
\0\x6d\x6d\0\x61\x63\x74\x69\x76\x65\x5f\x6d\x6d\0\x66\x61\x75\x6c\x74\x73\x5f\
\x64\x69\x73\x61\x62\x6c\x65\x64\x5f\x6d\x61\x70\x70\x69\x6e\x67\0\x65\x78\x69\
\x74\x5f\x73\x74\x61\x74\x65\0\x65\x78\x69\x74\x5f\x63\x6f\x64\x65\0\x65\x78\
\x69\x74\x5f\x73\x69\x67\x6e\x61\x6c\0\x70\x64\x65\x61\x74\x68\x5f\x73\x69\x67\
\x6e\x61\x6c\0\x6a\x6f\x62\x63\x74\x6c\0\x70\x65\x72\x73\x6f\x6e\x61\x6c\x69\
\x74\x79\0\x73\x63\x68\x65\x64\x5f\x72\x65\x73\x65\x74\x5f\x6f\x6e\x5f\x66\x6f\
\x72\x6b\0\x73\x63\x68\x65\x64\x5f\x63\x6f\x6e\x74\x72\x69\x62\x75\x74\x65\x73\
\x5f\x74\x6f\x5f\x6c\x6f\x61\x64\0\x73\x63\x68\x65\x64\x5f\x6d\x69\x67\x72\x61\
\x74\x65\x64\0\x73\x63\x68\x65\x64\x5f\x72\x65\x6d\x6f\x74\x65\x5f\x77\x61\x6b\
\x65\x75\x70\0\x73\x63\x68\x65\x64\x5f\x72\x74\x5f\x6d\x75\x74\x65\x78\0\x69\
\x6e\x5f\x65\x78\x65\x63\x76\x65\0\x69\x6e\x5f\x69\x6f\x77\x61\x69\x74\0\x72\
\x65\x73\x74\x6f\x72\x65\x5f\x73\x69\x67\x6d\x61\x73\x6b\0\x69\x6e\x5f\x6c\x72\
\x75\x5f\x66\x61\x75\x6c\x74\0\x6e\x6f\x5f\x63\x67\x72\x6f\x75\x70\x5f\x6d\x69\
\x67\x72\x61\x74\x69\x6f\x6e\0\x66\x72\x6f\x7a\x65\x6e\0\x75\x73\x65\x5f\x6d\
\x65\x6d\x64\x65\x6c\x61\x79\0\x69\x6e\x5f\x6d\x65\x6d\x73\x74\x61\x6c\x6c\0\
\x69\x6e\x5f\x65\x76\x65\x6e\x74\x66\x64\0\x70\x61\x73\x69\x64\x5f\x61\x63\x74\
\x69\x76\x61\x74\x65\x64\0\x72\x65\x70\x6f\x72\x74\x65\x64\x5f\x73\x70\x6c\x69\
\x74\x5f\x6c\x6f\x63\x6b\0\x69\x6e\x5f\x74\x68\x72\x61\x73\x68\x69\x6e\x67\0\
\x61\x74\x6f\x6d\x69\x63\x5f\x66\x6c\x61\x67\x73\0\x72\x65\x73\x74\x61\x72\x74\
\x5f\x62\x6c\x6f\x63\x6b\0\x70\x69\x64\0\x74\x67\x69\x64\0\x73\x74\x61\x63\x6b\
\x5f\x63\x61\x6e\x61\x72\x79\0\x72\x65\x61\x6c\x5f\x70\x61\x72\x65\x6e\x74\0\
\x70\x61\x72\x65\x6e\x74\0\x63\x68\x69\x6c\x64\x72\x65\x6e\0\x73\x69\x62\x6c\
\x69\x6e\x67\0\x67\x72\x6f\x75\x70\x5f\x6c\x65\x61\x64\x65\x72\0\x70\x74\x72\
\x61\x63\x65\x64\0\x70\x74\x72\x61\x63\x65\x5f\x65\x6e\x74\x72\x79\0\x74\x68\
\x72\x65\x61\x64\x5f\x70\x69\x64\0\x70\x69\x64\x5f\x6c\x69\x6e\x6b\x73\0\x74\
\x68\x72\x65\x61\x64\x5f\x6e\x6f\x64\x65\0\x76\x66\x6f\x72\x6b\x5f\x64\x6f\x6e\
\x65\0\x73\x65\x74\x5f\x63\x68\x69\x6c\x64\x5f\x74\x69\x64\0\x63\x6c\x65\x61\
\x72\x5f\x63\x68\x69\x6c\x64\x5f\x74\x69\x64\0\x77\x6f\x72\x6b\x65\x72\x5f\x70\
\x72\x69\x76\x61\x74\x65\0\x75\x74\x69\x6d\x65\0\x73\x74\x69\x6d\x65\0\x67\x74\
\x69\x6d\x65\0\x70\x72\x65\x76\x5f\x63\x70\x75\x74\x69\x6d\x65\0\x76\x74\x69\
\x6d\x65\0\x74\x69\x63\x6b\x5f\x64\x65\x70\x5f\x6d\x61\x73\x6b\0\x6e\x76\x63\
\x73\x77\0\x6e\x69\x76\x63\x73\x77\0\x73\x74\x61\x72\x74\x5f\x74\x69\x6d\x65\0\
\x73\x74\x61\x72\x74\x5f\x62\x6f\x6f\x74\x74\x69\x6d\x65\0\x6d\x69\x6e\x5f\x66\
\x6c\x74\0\x6d\x61\x6a\x5f\x66\x6c\x74\0\x70\x6f\x73\x69\x78\x5f\x63\x70\x75\
\x74\x69\x6d\x65\x72\x73\0\x70\x6f\x73\x69\x78\x5f\x63\x70\x75\x74\x69\x6d\x65\
\x72\x73\x5f\x77\x6f\x72\x6b\0\x70\x74\x72\x61\x63\x65\x72\x5f\x63\x72\x65\x64\
\0\x72\x65\x61\x6c\x5f\x63\x72\x65\x64\0\x63\x72\x65\x64\0\x63\x61\x63\x68\x65\
\x64\x5f\x72\x65\x71\x75\x65\x73\x74\x65\x64\x5f\x6b\x65\x79\0\x63\x6f\x6d\x6d\
\0\x6e\x61\x6d\x65\x69\x64\x61\x74\x61\0\x73\x79\x73\x76\x73\x65\x6d\0\x73\x79\
\x73\x76\x73\x68\x6d\0\x6c\x61\x73\x74\x5f\x73\x77\x69\x74\x63\x68\x5f\x63\x6f\
\x75\x6e\x74\0\x6c\x61\x73\x74\x5f\x73\x77\x69\x74\x63\x68\x5f\x74\x69\x6d\x65\
\0\x66\x73\0\x66\x69\x6c\x65\x73\0\x69\x6f\x5f\x75\x72\x69\x6e\x67\0\x6e\x73\
\x70\x72\x6f\x78\x79\0\x73\x69\x67\x6e\x61\x6c\0\x73\x69\x67\x68\x61\x6e\x64\0\
\x62\x6c\x6f\x63\x6b\x65\x64\0\x72\x65\x61\x6c\x5f\x62\x6c\x6f\x63\x6b\x65\x64\
\0\x73\x61\x76\x65\x64\x5f\x73\x69\x67\x6d\x61\x73\x6b\0\x70\x65\x6e\x64\x69\
\x6e\x67\0\x73\x61\x73\x5f\x73\x73\x5f\x73\x70\0\x73\x61\x73\x5f\x73\x73\x5f\
\x73\x69\x7a\x65\0\x73\x61\x73\x5f\x73\x73\x5f\x66\x6c\x61\x67\x73\0\x74\x61\
\x73\x6b\x5f\x77\x6f\x72\x6b\x73\0\x61\x75\x64\x69\x74\x5f\x63\x6f\x6e\x74\x65\
\x78\x74\0\x6c\x6f\x67\x69\x6e\x75\x69\x64\0\x73\x65\x73\x73\x69\x6f\x6e\x69\
\x64\0\x73\x65\x63\x63\x6f\x6d\x70\0\x73\x79\x73\x63\x61\x6c\x6c\x5f\x64\x69\
\x73\x70\x61\x74\x63\x68\0\x70\x61\x72\x65\x6e\x74\x5f\x65\x78\x65\x63\x5f\x69\
\x64\0\x73\x65\x6c\x66\x5f\x65\x78\x65\x63\x5f\x69\x64\0\x61\x6c\x6c\x6f\x63\
\x5f\x6c\x6f\x63\x6b\0\x70\x69\x5f\x6c\x6f\x63\x6b\0\x77\x61\x6b\x65\x5f\x71\0\
\x70\x69\x5f\x77\x61\x69\x74\x65\x72\x73\0\x70\x69\x5f\x74\x6f\x70\x5f\x74\x61\
\x73\x6b\0\x70\x69\x5f\x62\x6c\x6f\x63\x6b\x65\x64\x5f\x6f\x6e\0\x69\x6e\x5f\
\x75\x62\x73\x61\x6e\0\x6a\x6f\x75\x72\x6e\x61\x6c\x5f\x69\x6e\x66\x6f\0\x62\
\x69\x6f\x5f\x6c\x69\x73\x74\0\x70\x6c\x75\x67\0\x72\x65\x63\x6c\x61\x69\x6d\
\x5f\x73\x74\x61\x74\x65\0\x69\x6f\x5f\x63\x6f\x6e\x74\x65\x78\x74\0\x63\x61\
\x70\x74\x75\x72\x65\x5f\x63\x6f\x6e\x74\x72\x6f\x6c\0\x70\x74\x72\x61\x63\x65\
\x5f\x6d\x65\x73\x73\x61\x67\x65\0\x6c\x61\x73\x74\x5f\x73\x69\x67\x69\x6e\x66\
\x6f\0\x69\x6f\x61\x63\0\x70\x73\x69\x5f\x66\x6c\x61\x67\x73\0\x61\x63\x63\x74\
\x5f\x72\x73\x73\x5f\x6d\x65\x6d\x31\0\x61\x63\x63\x74\x5f\x76\x6d\x5f\x6d\x65\
\x6d\x31\0\x61\x63\x63\x74\x5f\x74\x69\x6d\x65\x78\x70\x64\0\x6d\x65\x6d\x73\
\x5f\x61\x6c\x6c\x6f\x77\x65\x64\0\x6d\x65\x6d\x73\x5f\x61\x6c\x6c\x6f\x77\x65\
\x64\x5f\x73\x65\x71\0\x63\x70\x75\x73\x65\x74\x5f\x6d\x65\x6d\x5f\x73\x70\x72\
\x65\x61\x64\x5f\x72\x6f\x74\x6f\x72\0\x63\x67\x72\x6f\x75\x70\x73\0\x63\x67\
\x5f\x6c\x69\x73\x74\0\x63\x6c\x6f\x73\x69\x64\0\x72\x6d\x69\x64\0\x72\x6f\x62\
\x75\x73\x74\x5f\x6c\x69\x73\x74\0\x63\x6f\x6d\x70\x61\x74\x5f\x72\x6f\x62\x75\
\x73\x74\x5f\x6c\x69\x73\x74\0\x70\x69\x5f\x73\x74\x61\x74\x65\x5f\x6c\x69\x73\
\x74\0\x70\x69\x5f\x73\x74\x61\x74\x65\x5f\x63\x61\x63\x68\x65\0\x66\x75\x74\
\x65\x78\x5f\x65\x78\x69\x74\x5f\x6d\x75\x74\x65\x78\0\x66\x75\x74\x65\x78\x5f\
\x73\x74\x61\x74\x65\0\x70\x65\x72\x66\x5f\x72\x65\x63\x75\x72\x73\x69\x6f\x6e\
\0\x70\x65\x72\x66\x5f\x65\x76\x65\x6e\x74\x5f\x63\x74\x78\x70\0\x70\x65\x72\
\x66\x5f\x65\x76\x65\x6e\x74\x5f\x6d\x75\x74\x65\x78\0\x70\x65\x72\x66\x5f\x65\
\x76\x65\x6e\x74\x5f\x6c\x69\x73\x74\0\x6d\x65\x6d\x70\x6f\x6c\x69\x63\x79\0\
\x69\x6c\x5f\x70\x72\x65\x76\0\x69\x6c\x5f\x77\x65\x69\x67\x68\x74\0\x70\x72\
\x65\x66\x5f\x6e\x6f\x64\x65\x5f\x66\x6f\x72\x6b\0\x6e\x75\x6d\x61\x5f\x73\x63\
\x61\x6e\x5f\x73\x65\x71\0\x6e\x75\x6d\x61\x5f\x73\x63\x61\x6e\x5f\x70\x65\x72\
\x69\x6f\x64\0\x6e\x75\x6d\x61\x5f\x73\x63\x61\x6e\x5f\x70\x65\x72\x69\x6f\x64\
\x5f\x6d\x61\x78\0\x6e\x75\x6d\x61\x5f\x70\x72\x65\x66\x65\x72\x72\x65\x64\x5f\
\x6e\x69\x64\0\x6e\x75\x6d\x61\x5f\x6d\x69\x67\x72\x61\x74\x65\x5f\x72\x65\x74\
\x72\x79\0\x6e\x6f\x64\x65\x5f\x73\x74\x61\x6d\x70\0\x6c\x61\x73\x74\x5f\x74\
\x61\x73\x6b\x5f\x6e\x75\x6d\x61\x5f\x70\x6c\x61\x63\x65\x6d\x65\x6e\x74\0\x6c\
\x61\x73\x74\x5f\x73\x75\x6d\x5f\x65\x78\x65\x63\x5f\x72\x75\x6e\x74\x69\x6d\
\x65\0\x6e\x75\x6d\x61\x5f\x77\x6f\x72\x6b\0\x6e\x75\x6d\x61\x5f\x67\x72\x6f\
\x75\x70\0\x6e\x75\x6d\x61\x5f\x66\x61\x75\x6c\x74\x73\0\x74\x6f\x74\x61\x6c\
\x5f\x6e\x75\x6d\x61\x5f\x66\x61\x75\x6c\x74\x73\0\x6e\x75\x6d\x61\x5f\x66\x61\
\x75\x6c\x74\x73\x5f\x6c\x6f\x63\x61\x6c\x69\x74\x79\0\x6e\x75\x6d\x61\x5f\x70\
\x61\x67\x65\x73\x5f\x6d\x69\x67\x72\x61\x74\x65\x64\0\x72\x73\x65\x71\0\x72\
\x73\x65\x71\x5f\x6c\x65\x6e\0\x72\x73\x65\x71\x5f\x73\x69\x67\0\x72\x73\x65\
\x71\x5f\x65\x76\x65\x6e\x74\x5f\x6d\x61\x73\x6b\0\x6d\x6d\x5f\x63\x69\x64\0\
\x6c\x61\x73\x74\x5f\x6d\x6d\x5f\x63\x69\x64\0\x6d\x69\x67\x72\x61\x74\x65\x5f\
\x66\x72\x6f\x6d\x5f\x63\x70\x75\0\x6d\x6d\x5f\x63\x69\x64\x5f\x61\x63\x74\x69\
\x76\x65\0\x63\x69\x64\x5f\x77\x6f\x72\x6b\0\x74\x6c\x62\x5f\x75\x62\x63\0\x73\
\x70\x6c\x69\x63\x65\x5f\x70\x69\x70\x65\0\x74\x61\x73\x6b\x5f\x66\x72\x61\x67\
\0\x64\x65\x6c\x61\x79\x73\0\x6e\x72\x5f\x64\x69\x72\x74\x69\x65\x64\0\x6e\x72\
\x5f\x64\x69\x72\x74\x69\x65\x64\x5f\x70\x61\x75\x73\x65\0\x64\x69\x72\x74\x79\
\x5f\x70\x61\x75\x73\x65\x64\x5f\x77\x68\x65\x6e\0\x6c\x61\x74\x65\x6e\x63\x79\
\x5f\x72\x65\x63\x6f\x72\x64\x5f\x63\x6f\x75\x6e\x74\0\x6c\x61\x74\x65\x6e\x63\
\x79\x5f\x72\x65\x63\x6f\x72\x64\0\x74\x69\x6d\x65\x72\x5f\x73\x6c\x61\x63\x6b\
\x5f\x6e\x73\0\x64\x65\x66\x61\x75\x6c\x74\x5f\x74\x69\x6d\x65\x72\x5f\x73\x6c\
\x61\x63\x6b\x5f\x6e\x73\0\x63\x75\x72\x72\x5f\x72\x65\x74\x5f\x73\x74\x61\x63\
\x6b\0\x63\x75\x72\x72\x5f\x72\x65\x74\x5f\x64\x65\x70\x74\x68\0\x72\x65\x74\
\x5f\x73\x74\x61\x63\x6b\0\x66\x74\x72\x61\x63\x65\x5f\x74\x69\x6d\x65\x73\x74\
\x61\x6d\x70\0\x74\x72\x61\x63\x65\x5f\x6f\x76\x65\x72\x72\x75\x6e\0\x74\x72\
\x61\x63\x69\x6e\x67\x5f\x67\x72\x61\x70\x68\x5f\x70\x61\x75\x73\x65\0\x74\x72\
\x61\x63\x65\x5f\x72\x65\x63\x75\x72\x73\x69\x6f\x6e\0\x6d\x65\x6d\x63\x67\x5f\
\x6e\x72\x5f\x70\x61\x67\x65\x73\x5f\x6f\x76\x65\x72\x5f\x68\x69\x67\x68\0\x61\
\x63\x74\x69\x76\x65\x5f\x6d\x65\x6d\x63\x67\0\x6f\x62\x6a\x63\x67\0\x74\x68\
\x72\x6f\x74\x74\x6c\x65\x5f\x64\x69\x73\x6b\0\x75\x74\x61\x73\x6b\0\x73\x65\
\x71\x75\x65\x6e\x74\x69\x61\x6c\x5f\x69\x6f\0\x73\x65\x71\x75\x65\x6e\x74\x69\
\x61\x6c\x5f\x69\x6f\x5f\x61\x76\x67\0\x6b\x6d\x61\x70\x5f\x63\x74\x72\x6c\0\
\x72\x63\x75\0\x72\x63\x75\x5f\x75\x73\x65\x72\x73\0\x70\x61\x67\x65\x66\x61\
\x75\x6c\x74\x5f\x64\x69\x73\x61\x62\x6c\x65\x64\0\x6f\x6f\x6d\x5f\x72\x65\x61\
\x70\x65\x72\x5f\x6c\x69\x73\x74\0\x6f\x6f\x6d\x5f\x72\x65\x61\x70\x65\x72\x5f\
\x74\x69\x6d\x65\x72\0\x73\x74\x61\x63\x6b\x5f\x76\x6d\x5f\x61\x72\x65\x61\0\
\x73\x74\x61\x63\x6b\x5f\x72\x65\x66\x63\x6f\x75\x6e\x74\0\x70\x61\x74\x63\x68\
\x5f\x73\x74\x61\x74\x65\0\x73\x65\x63\x75\x72\x69\x74\x79\0\x62\x70\x66\x5f\
\x73\x74\x6f\x72\x61\x67\x65\0\x62\x70\x66\x5f\x63\x74\x78\0\x62\x70\x66\x5f\
\x6e\x65\x74\x5f\x63\x6f\x6e\x74\x65\x78\x74\0\x6d\x63\x65\x5f\x76\x61\x64\x64\
\x72\0\x6d\x63\x65\x5f\x6b\x66\x6c\x61\x67\x73\0\x6d\x63\x65\x5f\x61\x64\x64\
\x72\0\x6d\x63\x65\x5f\x72\x69\x70\x76\0\x6d\x63\x65\x5f\x77\x68\x6f\x6c\x65\
\x5f\x70\x61\x67\x65\0\x5f\x5f\x6d\x63\x65\x5f\x72\x65\x73\x65\x72\x76\x65\x64\
\0\x6d\x63\x65\x5f\x6b\x69\x6c\x6c\x5f\x6d\x65\0\x6d\x63\x65\x5f\x63\x6f\x75\
\x6e\x74\0\x6b\x72\x65\x74\x70\x72\x6f\x62\x65\x5f\x69\x6e\x73\x74\x61\x6e\x63\
\x65\x73\0\x72\x65\x74\x68\x6f\x6f\x6b\x73\0\x6c\x31\x64\x5f\x66\x6c\x75\x73\
\x68\x5f\x6b\x69\x6c\x6c\0\x72\x76\0\x75\x73\x65\x72\x5f\x65\x76\x65\x6e\x74\
\x5f\x6d\x6d\0\x74\x68\x72\x65\x61\x64\0\x73\x79\x73\x63\x61\x6c\x6c\x5f\x77\
\x6f\x72\x6b\0\x73\x74\x61\x74\x75\x73\0\x63\x70\x75\0\x75\x6e\x73\x69\x67\x6e\
\x65\x64\x20\x6c\x6f\x6e\x67\0\x75\x33\x32\0\x5f\x5f\x75\x33\x32\0\x75\x6e\x73\
\x69\x67\x6e\x65\x64\x20\x69\x6e\x74\0\x72\x65\x66\x63\x6f\x75\x6e\x74\x5f\x74\
\0\x72\x65\x66\x63\x6f\x75\x6e\x74\x5f\x73\x74\x72\x75\x63\x74\0\x72\x65\x66\
\x73\0\x61\x74\x6f\x6d\x69\x63\x5f\x74\0\x63\x6f\x75\x6e\x74\x65\x72\0\x5f\x5f\
\x63\x61\x6c\x6c\x5f\x73\x69\x6e\x67\x6c\x65\x5f\x6e\x6f\x64\x65\0\x6c\x6c\x69\
\x73\x74\0\x73\x72\x63\0\x64\x73\x74\0\x6c\x6c\x69\x73\x74\x5f\x6e\x6f\x64\x65\
\0\x6e\x65\x78\x74\0\x75\x5f\x66\x6c\x61\x67\x73\0\x61\x5f\x66\x6c\x61\x67\x73\
\0\x75\x31\x36\0\x5f\x5f\x75\x31\x36\0\x75\x6e\x73\x69\x67\x6e\x65\x64\x20\x73\
\x68\x6f\x72\x74\0\x73\x63\x68\x65\x64\x5f\x65\x6e\x74\x69\x74\x79\0\x6c\x6f\
\x61\x64\0\x72\x75\x6e\x5f\x6e\x6f\x64\x65\0\x64\x65\x61\x64\x6c\x69\x6e\x65\0\
\x6d\x69\x6e\x5f\x76\x72\x75\x6e\x74\x69\x6d\x65\0\x6d\x69\x6e\x5f\x73\x6c\x69\
\x63\x65\0\x67\x72\x6f\x75\x70\x5f\x6e\x6f\x64\x65\0\x73\x63\x68\x65\x64\x5f\
\x64\x65\x6c\x61\x79\x65\x64\0\x72\x65\x6c\x5f\x64\x65\x61\x64\x6c\x69\x6e\x65\
\0\x63\x75\x73\x74\x6f\x6d\x5f\x73\x6c\x69\x63\x65\0\x65\x78\x65\x63\x5f\x73\
\x74\x61\x72\x74\0\x73\x75\x6d\x5f\x65\x78\x65\x63\x5f\x72\x75\x6e\x74\x69\x6d\
\x65\0\x70\x72\x65\x76\x5f\x73\x75\x6d\x5f\x65\x78\x65\x63\x5f\x72\x75\x6e\x74\
\x69\x6d\x65\0\x76\x72\x75\x6e\x74\x69\x6d\x65\0\x76\x6c\x61\x67\0\x73\x6c\x69\
\x63\x65\0\x6e\x72\x5f\x6d\x69\x67\x72\x61\x74\x69\x6f\x6e\x73\0\x64\x65\x70\
\x74\x68\0\x63\x66\x73\x5f\x72\x71\0\x6d\x79\x5f\x71\0\x72\x75\x6e\x6e\x61\x62\
\x6c\x65\x5f\x77\x65\x69\x67\x68\x74\0\x61\x76\x67\0\x6c\x6f\x61\x64\x5f\x77\
\x65\x69\x67\x68\x74\0\x77\x65\x69\x67\x68\x74\0\x69\x6e\x76\x5f\x77\x65\x69\
\x67\x68\x74\0\x72\x62\x5f\x6e\x6f\x64\x65\0\x5f\x5f\x72\x62\x5f\x70\x61\x72\
\x65\x6e\x74\x5f\x63\x6f\x6c\x6f\x72\0\x72\x62\x5f\x72\x69\x67\x68\x74\0\x72\
\x62\x5f\x6c\x65\x66\x74\0\x75\x36\x34\0\x5f\x5f\x75\x36\x34\0\x6c\x69\x73\x74\
\x5f\x68\x65\x61\x64\0\x70\x72\x65\x76\0\x75\x6e\x73\x69\x67\x6e\x65\x64\x20\
\x63\x68\x61\x72\0\x73\x36\x34\0\x5f\x5f\x73\x36\x34\0\x6c\x6f\x6e\x67\x20\x6c\
\x6f\x6e\x67\0\x73\x63\x68\x65\x64\x5f\x61\x76\x67\0\x6c\x61\x73\x74\x5f\x75\
\x70\x64\x61\x74\x65\x5f\x74\x69\x6d\x65\0\x6c\x6f\x61\x64\x5f\x73\x75\x6d\0\
\x72\x75\x6e\x6e\x61\x62\x6c\x65\x5f\x73\x75\x6d\0\x75\x74\x69\x6c\x5f\x73\x75\
\x6d\0\x70\x65\x72\x69\x6f\x64\x5f\x63\x6f\x6e\x74\x72\x69\x62\0\x6c\x6f\x61\
\x64\x5f\x61\x76\x67\0\x72\x75\x6e\x6e\x61\x62\x6c\x65\x5f\x61\x76\x67\0\x75\
\x74\x69\x6c\x5f\x61\x76\x67\0\x75\x74\x69\x6c\x5f\x65\x73\x74\0\x73\x63\x68\
\x65\x64\x5f\x72\x74\x5f\x65\x6e\x74\x69\x74\x79\0\x72\x75\x6e\x5f\x6c\x69\x73\
\x74\0\x74\x69\x6d\x65\x6f\x75\x74\0\x77\x61\x74\x63\x68\x64\x6f\x67\x5f\x73\
\x74\x61\x6d\x70\0\x74\x69\x6d\x65\x5f\x73\x6c\x69\x63\x65\0\x6f\x6e\x5f\x6c\
\x69\x73\x74\0\x62\x61\x63\x6b\0\x73\x63\x68\x65\x64\x5f\x64\x6c\x5f\x65\x6e\
\x74\x69\x74\x79\0\x64\x6c\x5f\x72\x75\x6e\x74\x69\x6d\x65\0\x64\x6c\x5f\x64\
\x65\x61\x64\x6c\x69\x6e\x65\0\x64\x6c\x5f\x70\x65\x72\x69\x6f\x64\0\x64\x6c\
\x5f\x62\x77\0\x64\x6c\x5f\x64\x65\x6e\x73\x69\x74\x79\0\x72\x75\x6e\x74\x69\
\x6d\x65\0\x64\x6c\x5f\x74\x68\x72\x6f\x74\x74\x6c\x65\x64\0\x64\x6c\x5f\x79\
\x69\x65\x6c\x64\x65\x64\0\x64\x6c\x5f\x6e\x6f\x6e\x5f\x63\x6f\x6e\x74\x65\x6e\
\x64\x69\x6e\x67\0\x64\x6c\x5f\x6f\x76\x65\x72\x72\x75\x6e\0\x64\x6c\x5f\x64\
\x65\x66\x65\x72\0\x64\x6c\x5f\x64\x65\x66\x65\x72\x5f\x61\x72\x6d\x65\x64\0\
\x64\x6c\x5f\x64\x65\x66\x65\x72\x5f\x72\x75\x6e\x6e\x69\x6e\x67\0\x64\x6c\x5f\
\x74\x69\x6d\x65\x72\0\x69\x6e\x61\x63\x74\x69\x76\x65\x5f\x74\x69\x6d\x65\x72\
\0\x72\x71\0\x73\x65\x72\x76\x65\x72\x5f\x68\x61\x73\x5f\x74\x61\x73\x6b\x73\0\
\x73\x65\x72\x76\x65\x72\x5f\x70\x69\x63\x6b\x5f\x74\x61\x73\x6b\0\x70\x69\x5f\
\x73\x65\0\x68\x72\x74\x69\x6d\x65\x72\0\x6e\x6f\x64\x65\0\x5f\x73\x6f\x66\x74\
\x65\x78\x70\x69\x72\x65\x73\0\x66\x75\x6e\x63\x74\x69\x6f\x6e\0\x62\x61\x73\
\x65\0\x73\x74\x61\x74\x65\0\x69\x73\x5f\x72\x65\x6c\0\x69\x73\x5f\x73\x6f\x66\
\x74\0\x69\x73\x5f\x68\x61\x72\x64\0\x74\x69\x6d\x65\x72\x71\x75\x65\x75\x65\
\x5f\x6e\x6f\x64\x65\0\x65\x78\x70\x69\x72\x65\x73\0\x6b\x74\x69\x6d\x65\x5f\
\x74\0\x68\x72\x74\x69\x6d\x65\x72\x5f\x72\x65\x73\x74\x61\x72\x74\0\x48\x52\
\x54\x49\x4d\x45\x52\x5f\x4e\x4f\x52\x45\x53\x54\x41\x52\x54\0\x48\x52\x54\x49\
\x4d\x45\x52\x5f\x52\x45\x53\x54\x41\x52\x54\0\x75\x38\0\x5f\x5f\x75\x38\0\x64\
\x6c\x5f\x73\x65\x72\x76\x65\x72\x5f\x68\x61\x73\x5f\x74\x61\x73\x6b\x73\x5f\
\x66\0\x62\x6f\x6f\x6c\0\x5f\x42\x6f\x6f\x6c\0\x64\x6c\x5f\x73\x65\x72\x76\x65\
\x72\x5f\x70\x69\x63\x6b\x5f\x66\0\x73\x63\x68\x65\x64\x5f\x65\x78\x74\x5f\x65\
\x6e\x74\x69\x74\x79\0\x64\x73\x71\0\x64\x73\x71\x5f\x6c\x69\x73\x74\0\x64\x73\
\x71\x5f\x70\x72\x69\x71\0\x64\x73\x71\x5f\x73\x65\x71\0\x64\x73\x71\x5f\x66\
\x6c\x61\x67\x73\0\x73\x74\x69\x63\x6b\x79\x5f\x63\x70\x75\0\x68\x6f\x6c\x64\
\x69\x6e\x67\x5f\x63\x70\x75\0\x6b\x66\x5f\x6d\x61\x73\x6b\0\x6b\x66\x5f\x74\
\x61\x73\x6b\x73\0\x6f\x70\x73\x5f\x73\x74\x61\x74\x65\0\x72\x75\x6e\x6e\x61\
\x62\x6c\x65\x5f\x6e\x6f\x64\x65\0\x72\x75\x6e\x6e\x61\x62\x6c\x65\x5f\x61\x74\
\0\x63\x6f\x72\x65\x5f\x73\x63\x68\x65\x64\x5f\x61\x74\0\x64\x64\x73\x70\x5f\
\x64\x73\x71\x5f\x69\x64\0\x64\x64\x73\x70\x5f\x65\x6e\x71\x5f\x66\x6c\x61\x67\
\x73\0\x64\x73\x71\x5f\x76\x74\x69\x6d\x65\0\x64\x69\x73\x61\x6c\x6c\x6f\x77\0\
\x63\x67\x72\x70\x5f\x6d\x6f\x76\x69\x6e\x67\x5f\x66\x72\x6f\x6d\0\x74\x61\x73\
\x6b\x73\x5f\x6e\x6f\x64\x65\0\x73\x63\x78\x5f\x64\x73\x71\x5f\x6c\x69\x73\x74\
\x5f\x6e\x6f\x64\x65\0\x70\x72\x69\x76\0\x73\x33\x32\0\x5f\x5f\x73\x33\x32\0\
\x61\x74\x6f\x6d\x69\x63\x5f\x6c\x6f\x6e\x67\x5f\x74\0\x61\x74\x6f\x6d\x69\x63\
\x36\x34\x5f\x74\0\x75\x63\x6c\x61\x6d\x70\x5f\x73\x65\0\x76\x61\x6c\x75\x65\0\
\x62\x75\x63\x6b\x65\x74\x5f\x69\x64\0\x61\x63\x74\x69\x76\x65\0\x75\x73\x65\
\x72\x5f\x64\x65\x66\x69\x6e\x65\x64\0\x73\x63\x68\x65\x64\x5f\x73\x74\x61\x74\
\x69\x73\x74\x69\x63\x73\0\x77\x61\x69\x74\x5f\x73\x74\x61\x72\x74\0\x77\x61\
\x69\x74\x5f\x6d\x61\x78\0\x77\x61\x69\x74\x5f\x63\x6f\x75\x6e\x74\0\x77\x61\
\x69\x74\x5f\x73\x75\x6d\0\x69\x6f\x77\x61\x69\x74\x5f\x63\x6f\x75\x6e\x74\0\
\x69\x6f\x77\x61\x69\x74\x5f\x73\x75\x6d\0\x73\x6c\x65\x65\x70\x5f\x73\x74\x61\
\x72\x74\0\x73\x6c\x65\x65\x70\x5f\x6d\x61\x78\0\x73\x75\x6d\x5f\x73\x6c\x65\
\x65\x70\x5f\x72\x75\x6e\x74\x69\x6d\x65\0\x62\x6c\x6f\x63\x6b\x5f\x73\x74\x61\
\x72\x74\0\x62\x6c\x6f\x63\x6b\x5f\x6d\x61\x78\0\x73\x75\x6d\x5f\x62\x6c\x6f\
\x63\x6b\x5f\x72\x75\x6e\x74\x69\x6d\x65\0\x65\x78\x65\x63\x5f\x6d\x61\x78\0\
\x73\x6c\x69\x63\x65\x5f\x6d\x61\x78\0\x6e\x72\x5f\x6d\x69\x67\x72\x61\x74\x69\
\x6f\x6e\x73\x5f\x63\x6f\x6c\x64\0\x6e\x72\x5f\x66\x61\x69\x6c\x65\x64\x5f\x6d\
\x69\x67\x72\x61\x74\x69\x6f\x6e\x73\x5f\x61\x66\x66\x69\x6e\x65\0\x6e\x72\x5f\
\x66\x61\x69\x6c\x65\x64\x5f\x6d\x69\x67\x72\x61\x74\x69\x6f\x6e\x73\x5f\x72\
\x75\x6e\x6e\x69\x6e\x67\0\x6e\x72\x5f\x66\x61\x69\x6c\x65\x64\x5f\x6d\x69\x67\
\x72\x61\x74\x69\x6f\x6e\x73\x5f\x68\x6f\x74\0\x6e\x72\x5f\x66\x6f\x72\x63\x65\
\x64\x5f\x6d\x69\x67\x72\x61\x74\x69\x6f\x6e\x73\0\x6e\x72\x5f\x77\x61\x6b\x65\
\x75\x70\x73\0\x6e\x72\x5f\x77\x61\x6b\x65\x75\x70\x73\x5f\x73\x79\x6e\x63\0\
\x6e\x72\x5f\x77\x61\x6b\x65\x75\x70\x73\x5f\x6d\x69\x67\x72\x61\x74\x65\0\x6e\
\x72\x5f\x77\x61\x6b\x65\x75\x70\x73\x5f\x6c\x6f\x63\x61\x6c\0\x6e\x72\x5f\x77\
\x61\x6b\x65\x75\x70\x73\x5f\x72\x65\x6d\x6f\x74\x65\0\x6e\x72\x5f\x77\x61\x6b\
\x65\x75\x70\x73\x5f\x61\x66\x66\x69\x6e\x65\0\x6e\x72\x5f\x77\x61\x6b\x65\x75\
\x70\x73\x5f\x61\x66\x66\x69\x6e\x65\x5f\x61\x74\x74\x65\x6d\x70\x74\x73\0\x6e\
\x72\x5f\x77\x61\x6b\x65\x75\x70\x73\x5f\x70\x61\x73\x73\x69\x76\x65\0\x6e\x72\
\x5f\x77\x61\x6b\x65\x75\x70\x73\x5f\x69\x64\x6c\x65\0\x63\x6f\x72\x65\x5f\x66\
\x6f\x72\x63\x65\x69\x64\x6c\x65\x5f\x73\x75\x6d\0\x68\x6c\x69\x73\x74\x5f\x68\
\x65\x61\x64\0\x66\x69\x72\x73\x74\0\x63\x70\x75\x6d\x61\x73\x6b\x5f\x74\0\x63\
\x70\x75\x6d\x61\x73\x6b\0\x62\x69\x74\x73\0\x72\x63\x75\x5f\x73\x70\x65\x63\
\x69\x61\x6c\0\x62\0\x73\0\x6e\x65\x65\x64\x5f\x71\x73\0\x65\x78\x70\x5f\x68\
\x69\x6e\x74\0\x6e\x65\x65\x64\x5f\x6d\x62\0\x70\x63\x6f\x75\x6e\x74\0\x72\x75\
\x6e\x5f\x64\x65\x6c\x61\x79\0\x6c\x61\x73\x74\x5f\x61\x72\x72\x69\x76\x61\x6c\
\0\x6c\x61\x73\x74\x5f\x71\x75\x65\x75\x65\x64\0\x70\x6c\x69\x73\x74\x5f\x6e\
\x6f\x64\x65\0\x70\x72\x69\x6f\x5f\x6c\x69\x73\x74\0\x6e\x6f\x64\x65\x5f\x6c\
\x69\x73\x74\0\x61\x72\x63\x68\x5f\x64\x61\x74\x61\0\x66\x6e\0\x6c\x6f\x6e\x67\
\0\x66\x75\x74\x65\x78\0\x6e\x61\x6e\x6f\x73\x6c\x65\x65\x70\0\x70\x6f\x6c\x6c\
\0\x75\x61\x64\x64\x72\0\x76\x61\x6c\0\x62\x69\x74\x73\x65\x74\0\x74\x69\x6d\
\x65\0\x75\x61\x64\x64\x72\x32\0\x63\x6c\x6f\x63\x6b\x69\x64\0\x63\x6c\x6f\x63\
\x6b\x69\x64\x5f\x74\0\x5f\x5f\x6b\x65\x72\x6e\x65\x6c\x5f\x63\x6c\x6f\x63\x6b\
\x69\x64\x5f\x74\0\x74\x69\x6d\x65\x73\x70\x65\x63\x5f\x74\x79\x70\x65\0\x54\
\x54\x5f\x4e\x4f\x4e\x45\0\x54\x54\x5f\x4e\x41\x54\x49\x56\x45\0\x54\x54\x5f\
\x43\x4f\x4d\x50\x41\x54\0\x72\x6d\x74\x70\0\x63\x6f\x6d\x70\x61\x74\x5f\x72\
\x6d\x74\x70\0\x75\x66\x64\x73\0\x6e\x66\x64\x73\0\x68\x61\x73\x5f\x74\x69\x6d\
\x65\x6f\x75\x74\0\x74\x76\x5f\x73\x65\x63\0\x74\x76\x5f\x6e\x73\x65\x63\0\x70\
\x69\x64\x5f\x74\0\x5f\x5f\x6b\x65\x72\x6e\x65\x6c\x5f\x70\x69\x64\x5f\x74\0\
\x68\x6c\x69\x73\x74\x5f\x6e\x6f\x64\x65\0\x70\x70\x72\x65\x76\0\x6c\x6f\x63\
\x6b\0\x72\x61\x77\x5f\x73\x70\x69\x6e\x6c\x6f\x63\x6b\x5f\x74\0\x72\x61\x77\
\x5f\x73\x70\x69\x6e\x6c\x6f\x63\x6b\0\x72\x61\x77\x5f\x6c\x6f\x63\x6b\0\x61\
\x72\x63\x68\x5f\x73\x70\x69\x6e\x6c\x6f\x63\x6b\x5f\x74\0\x71\x73\x70\x69\x6e\
\x6c\x6f\x63\x6b\0\x6c\x6f\x63\x6b\x65\x64\0\x6c\x6f\x63\x6b\x65\x64\x5f\x70\
\x65\x6e\x64\x69\x6e\x67\0\x74\x61\x69\x6c\0\x73\x65\x71\x63\x6f\x75\x6e\x74\0\
\x73\x74\x61\x72\x74\x74\x69\x6d\x65\0\x73\x65\x71\x63\x6f\x75\x6e\x74\x5f\x74\
\0\x73\x65\x71\x75\x65\x6e\x63\x65\0\x76\x74\x69\x6d\x65\x5f\x73\x74\x61\x74\
\x65\0\x56\x54\x49\x4d\x45\x5f\x49\x4e\x41\x43\x54\x49\x56\x45\0\x56\x54\x49\
\x4d\x45\x5f\x49\x44\x4c\x45\0\x56\x54\x49\x4d\x45\x5f\x53\x59\x53\0\x56\x54\
\x49\x4d\x45\x5f\x55\x53\x45\x52\0\x56\x54\x49\x4d\x45\x5f\x47\x55\x45\x53\x54\
\0\x62\x61\x73\x65\x73\0\x74\x69\x6d\x65\x72\x73\x5f\x61\x63\x74\x69\x76\x65\0\
\x65\x78\x70\x69\x72\x79\x5f\x61\x63\x74\x69\x76\x65\0\x70\x6f\x73\x69\x78\x5f\
\x63\x70\x75\x74\x69\x6d\x65\x72\x5f\x62\x61\x73\x65\0\x6e\x65\x78\x74\x65\x76\
\x74\0\x74\x71\x68\x65\x61\x64\0\x74\x69\x6d\x65\x72\x71\x75\x65\x75\x65\x5f\
\x68\x65\x61\x64\0\x72\x62\x5f\x72\x6f\x6f\x74\0\x72\x62\x5f\x72\x6f\x6f\x74\
\x5f\x63\x61\x63\x68\x65\x64\0\x72\x62\x5f\x6c\x65\x66\x74\x6d\x6f\x73\x74\0\
\x77\x6f\x72\x6b\0\x6d\x75\x74\x65\x78\0\x73\x63\x68\x65\x64\x75\x6c\x65\x64\0\
\x63\x61\x6c\x6c\x62\x61\x63\x6b\x5f\x68\x65\x61\x64\0\x66\x75\x6e\x63\0\x6f\
\x77\x6e\x65\x72\0\x77\x61\x69\x74\x5f\x6c\x6f\x63\x6b\0\x6f\x73\x71\0\x77\x61\
\x69\x74\x5f\x6c\x69\x73\x74\0\x6f\x70\x74\x69\x6d\x69\x73\x74\x69\x63\x5f\x73\
\x70\x69\x6e\x5f\x71\x75\x65\x75\x65\0\x75\x69\x64\0\x67\x69\x64\0\x73\x75\x69\
\x64\0\x73\x67\x69\x64\0\x65\x75\x69\x64\0\x65\x67\x69\x64\0\x66\x73\x75\x69\
\x64\0\x66\x73\x67\x69\x64\0\x73\x65\x63\x75\x72\x65\x62\x69\x74\x73\0\x63\x61\
\x70\x5f\x69\x6e\x68\x65\x72\x69\x74\x61\x62\x6c\x65\0\x63\x61\x70\x5f\x70\x65\
\x72\x6d\x69\x74\x74\x65\x64\0\x63\x61\x70\x5f\x65\x66\x66\x65\x63\x74\x69\x76\
\x65\0\x63\x61\x70\x5f\x62\x73\x65\x74\0\x63\x61\x70\x5f\x61\x6d\x62\x69\x65\
\x6e\x74\0\x6a\x69\x74\x5f\x6b\x65\x79\x72\x69\x6e\x67\0\x73\x65\x73\x73\x69\
\x6f\x6e\x5f\x6b\x65\x79\x72\x69\x6e\x67\0\x70\x72\x6f\x63\x65\x73\x73\x5f\x6b\
\x65\x79\x72\x69\x6e\x67\0\x74\x68\x72\x65\x61\x64\x5f\x6b\x65\x79\x72\x69\x6e\
\x67\0\x72\x65\x71\x75\x65\x73\x74\x5f\x6b\x65\x79\x5f\x61\x75\x74\x68\0\x75\
\x73\x65\x72\0\x75\x73\x65\x72\x5f\x6e\x73\0\x75\x63\x6f\x75\x6e\x74\x73\0\x67\
\x72\x6f\x75\x70\x5f\x69\x6e\x66\x6f\0\x6b\x75\x69\x64\x5f\x74\0\x75\x69\x64\
\x5f\x74\0\x5f\x5f\x6b\x65\x72\x6e\x65\x6c\x5f\x75\x69\x64\x33\x32\x5f\x74\0\
\x6b\x67\x69\x64\x5f\x74\0\x67\x69\x64\x5f\x74\0\x5f\x5f\x6b\x65\x72\x6e\x65\
\x6c\x5f\x67\x69\x64\x33\x32\x5f\x74\0\x6b\x65\x72\x6e\x65\x6c\x5f\x63\x61\x70\
\x5f\x74\0\x6e\x6f\x6e\x5f\x72\x63\x75\0\x63\x68\x61\x72\0\x73\x79\x73\x76\x5f\
\x73\x65\x6d\0\x75\x6e\x64\x6f\x5f\x6c\x69\x73\x74\0\x73\x79\x73\x76\x5f\x73\
\x68\x6d\0\x73\x68\x6d\x5f\x63\x6c\x69\x73\x74\0\x73\x69\x67\x73\x65\x74\x5f\
\x74\0\x73\x69\x67\0\x73\x69\x67\x70\x65\x6e\x64\x69\x6e\x67\0\x6c\x69\x73\x74\
\0\x73\x69\x7a\x65\x5f\x74\0\x5f\x5f\x6b\x65\x72\x6e\x65\x6c\x5f\x73\x69\x7a\
\x65\x5f\x74\0\x5f\x5f\x6b\x65\x72\x6e\x65\x6c\x5f\x75\x6c\x6f\x6e\x67\x5f\x74\
\0\x6d\x6f\x64\x65\0\x66\x69\x6c\x74\x65\x72\x5f\x63\x6f\x75\x6e\x74\0\x66\x69\
\x6c\x74\x65\x72\0\x73\x79\x73\x63\x61\x6c\x6c\x5f\x75\x73\x65\x72\x5f\x64\x69\
\x73\x70\x61\x74\x63\x68\0\x73\x65\x6c\x65\x63\x74\x6f\x72\0\x6f\x66\x66\x73\
\x65\x74\0\x6c\x65\x6e\0\x6f\x6e\x5f\x64\x69\x73\x70\x61\x74\x63\x68\0\x73\x70\
\x69\x6e\x6c\x6f\x63\x6b\x5f\x74\0\x73\x70\x69\x6e\x6c\x6f\x63\x6b\0\x72\x6c\
\x6f\x63\x6b\0\x77\x61\x6b\x65\x5f\x71\x5f\x6e\x6f\x64\x65\0\x6b\x65\x72\x6e\
\x65\x6c\x5f\x73\x69\x67\x69\x6e\x66\x6f\x5f\x74\0\x74\x61\x73\x6b\x5f\x69\x6f\
\x5f\x61\x63\x63\x6f\x75\x6e\x74\x69\x6e\x67\0\x72\x63\x68\x61\x72\0\x77\x63\
\x68\x61\x72\0\x73\x79\x73\x63\x72\0\x73\x79\x73\x63\x77\0\x72\x65\x61\x64\x5f\
\x62\x79\x74\x65\x73\0\x77\x72\x69\x74\x65\x5f\x62\x79\x74\x65\x73\0\x63\x61\
\x6e\x63\x65\x6c\x6c\x65\x64\x5f\x77\x72\x69\x74\x65\x5f\x62\x79\x74\x65\x73\0\
\x6e\x6f\x64\x65\x6d\x61\x73\x6b\x5f\x74\0\x73\x65\x71\x63\x6f\x75\x6e\x74\x5f\
\x73\x70\x69\x6e\x6c\x6f\x63\x6b\x5f\x74\0\x73\x65\x71\x63\x6f\x75\x6e\x74\x5f\
\x73\x70\x69\x6e\x6c\x6f\x63\x6b\0\x73\x68\x6f\x72\x74\0\x74\x6c\x62\x66\x6c\
\x75\x73\x68\x5f\x75\x6e\x6d\x61\x70\x5f\x62\x61\x74\x63\x68\0\x61\x72\x63\x68\
\0\x66\x6c\x75\x73\x68\x5f\x72\x65\x71\x75\x69\x72\x65\x64\0\x77\x72\x69\x74\
\x61\x62\x6c\x65\0\x61\x72\x63\x68\x5f\x74\x6c\x62\x66\x6c\x75\x73\x68\x5f\x75\
\x6e\x6d\x61\x70\x5f\x62\x61\x74\x63\x68\0\x70\x61\x67\x65\x5f\x66\x72\x61\x67\
\0\x70\x61\x67\x65\0\x73\x69\x7a\x65\0\x62\x61\x63\x6b\x74\x72\x61\x63\x65\0\
\x63\x6f\x75\x6e\x74\0\x6d\x61\x78\0\x74\x69\x6d\x65\x72\x5f\x6c\x69\x73\x74\0\
\x65\x6e\x74\x72\x79\0\x6c\x6c\x69\x73\x74\x5f\x68\x65\x61\x64\0\x72\x76\x5f\
\x74\x61\x73\x6b\x5f\x6d\x6f\x6e\x69\x74\x6f\x72\0\x64\x61\x5f\x6d\x6f\x6e\0\
\x64\x61\x5f\x6d\x6f\x6e\x69\x74\x6f\x72\0\x6d\x6f\x6e\x69\x74\x6f\x72\x69\x6e\
\x67\0\x63\x75\x72\x72\x5f\x73\x74\x61\x74\x65\0\x74\x68\x72\x65\x61\x64\x5f\
\x73\x74\x72\x75\x63\x74\0\x74\x6c\x73\x5f\x61\x72\x72\x61\x79\0\x73\x70\0\x65\
\x73\0\x64\x73\0\x66\x73\x69\x6e\x64\x65\x78\0\x67\x73\x69\x6e\x64\x65\x78\0\
\x66\x73\x62\x61\x73\x65\0\x67\x73\x62\x61\x73\x65\0\x70\x74\x72\x61\x63\x65\
\x5f\x62\x70\x73\0\x76\x69\x72\x74\x75\x61\x6c\x5f\x64\x72\x36\0\x70\x74\x72\
\x61\x63\x65\x5f\x64\x72\x37\0\x63\x72\x32\0\x74\x72\x61\x70\x5f\x6e\x72\0\x65\
\x72\x72\x6f\x72\x5f\x63\x6f\x64\x65\0\x69\x6f\x5f\x62\x69\x74\x6d\x61\x70\0\
\x69\x6f\x70\x6c\x5f\x65\x6d\x75\x6c\0\x69\x6f\x70\x6c\x5f\x77\x61\x72\x6e\0\
\x70\x6b\x72\x75\0\x66\x65\x61\x74\x75\x72\x65\x73\0\x66\x65\x61\x74\x75\x72\
\x65\x73\x5f\x6c\x6f\x63\x6b\x65\x64\0\x73\x68\x73\x74\x6b\0\x66\x70\x75\0\x64\
\x65\x73\x63\x5f\x73\x74\x72\x75\x63\x74\0\x6c\x69\x6d\x69\x74\x30\0\x62\x61\
\x73\x65\x30\0\x62\x61\x73\x65\x31\0\x64\x70\x6c\0\x70\0\x6c\x69\x6d\x69\x74\
\x31\0\x61\x76\x6c\0\x6c\0\x64\0\x67\0\x62\x61\x73\x65\x32\0\x70\x65\x72\x66\
\x5f\x65\x76\x65\x6e\x74\0\x65\x76\x65\x6e\x74\x5f\x65\x6e\x74\x72\x79\0\x73\
\x69\x62\x6c\x69\x6e\x67\x5f\x6c\x69\x73\x74\0\x61\x63\x74\x69\x76\x65\x5f\x6c\
\x69\x73\x74\0\x67\x72\x6f\x75\x70\x5f\x69\x6e\x64\x65\x78\0\x6d\x69\x67\x72\
\x61\x74\x65\x5f\x65\x6e\x74\x72\x79\0\x68\x6c\x69\x73\x74\x5f\x65\x6e\x74\x72\
\x79\0\x61\x63\x74\x69\x76\x65\x5f\x65\x6e\x74\x72\x79\0\x6e\x72\x5f\x73\x69\
\x62\x6c\x69\x6e\x67\x73\0\x65\x76\x65\x6e\x74\x5f\x63\x61\x70\x73\0\x67\x72\
\x6f\x75\x70\x5f\x63\x61\x70\x73\0\x67\x72\x6f\x75\x70\x5f\x67\x65\x6e\x65\x72\
\x61\x74\x69\x6f\x6e\0\x70\x6d\x75\0\x70\x6d\x75\x5f\x70\x72\x69\x76\x61\x74\
\x65\0\x61\x74\x74\x61\x63\x68\x5f\x73\x74\x61\x74\x65\0\x63\x68\x69\x6c\x64\
\x5f\x63\x6f\x75\x6e\x74\0\x74\x6f\x74\x61\x6c\x5f\x74\x69\x6d\x65\x5f\x65\x6e\
\x61\x62\x6c\x65\x64\0\x74\x6f\x74\x61\x6c\x5f\x74\x69\x6d\x65\x5f\x72\x75\x6e\
\x6e\x69\x6e\x67\0\x74\x73\x74\x61\x6d\x70\0\x61\x74\x74\x72\0\x68\x65\x61\x64\
\x65\x72\x5f\x73\x69\x7a\x65\0\x69\x64\x5f\x68\x65\x61\x64\x65\x72\x5f\x73\x69\
\x7a\x65\0\x72\x65\x61\x64\x5f\x73\x69\x7a\x65\0\x68\x77\0\x70\x6d\x75\x5f\x63\
\x74\x78\0\x72\x65\x66\x63\x6f\x75\x6e\x74\0\x63\x68\x69\x6c\x64\x5f\x74\x6f\
\x74\x61\x6c\x5f\x74\x69\x6d\x65\x5f\x65\x6e\x61\x62\x6c\x65\x64\0\x63\x68\x69\
\x6c\x64\x5f\x74\x6f\x74\x61\x6c\x5f\x74\x69\x6d\x65\x5f\x72\x75\x6e\x6e\x69\
\x6e\x67\0\x63\x68\x69\x6c\x64\x5f\x6d\x75\x74\x65\x78\0\x63\x68\x69\x6c\x64\
\x5f\x6c\x69\x73\x74\0\x6f\x6e\x63\x70\x75\0\x6f\x77\x6e\x65\x72\x5f\x65\x6e\
\x74\x72\x79\0\x6d\x6d\x61\x70\x5f\x6d\x75\x74\x65\x78\0\x6d\x6d\x61\x70\x5f\
\x63\x6f\x75\x6e\x74\0\x72\x62\0\x72\x62\x5f\x65\x6e\x74\x72\x79\0\x72\x63\x75\
\x5f\x62\x61\x74\x63\x68\x65\x73\0\x72\x63\x75\x5f\x70\x65\x6e\x64\x69\x6e\x67\
\0\x77\x61\x69\x74\x71\0\x66\x61\x73\x79\x6e\x63\0\x70\x65\x6e\x64\x69\x6e\x67\
\x5f\x77\x61\x6b\x65\x75\x70\0\x70\x65\x6e\x64\x69\x6e\x67\x5f\x6b\x69\x6c\x6c\
\0\x70\x65\x6e\x64\x69\x6e\x67\x5f\x64\x69\x73\x61\x62\x6c\x65\0\x70\x65\x6e\
\x64\x69\x6e\x67\x5f\x61\x64\x64\x72\0\x70\x65\x6e\x64\x69\x6e\x67\x5f\x69\x72\
\x71\0\x70\x65\x6e\x64\x69\x6e\x67\x5f\x64\x69\x73\x61\x62\x6c\x65\x5f\x69\x72\
\x71\0\x70\x65\x6e\x64\x69\x6e\x67\x5f\x74\x61\x73\x6b\0\x70\x65\x6e\x64\x69\
\x6e\x67\x5f\x77\x6f\x72\x6b\0\x70\x65\x6e\x64\x69\x6e\x67\x5f\x77\x6f\x72\x6b\
\x5f\x77\x61\x69\x74\0\x65\x76\x65\x6e\x74\x5f\x6c\x69\x6d\x69\x74\0\x61\x64\
\x64\x72\x5f\x66\x69\x6c\x74\x65\x72\x73\0\x61\x64\x64\x72\x5f\x66\x69\x6c\x74\
\x65\x72\x5f\x72\x61\x6e\x67\x65\x73\0\x61\x64\x64\x72\x5f\x66\x69\x6c\x74\x65\
\x72\x73\x5f\x67\x65\x6e\0\x61\x75\x78\x5f\x65\x76\x65\x6e\x74\0\x64\x65\x73\
\x74\x72\x6f\x79\0\x6e\x73\0\x69\x64\0\x6c\x6f\x73\x74\x5f\x73\x61\x6d\x70\x6c\
\x65\x73\0\x63\x6c\x6f\x63\x6b\0\x6f\x76\x65\x72\x66\x6c\x6f\x77\x5f\x68\x61\
\x6e\x64\x6c\x65\x72\0\x6f\x76\x65\x72\x66\x6c\x6f\x77\x5f\x68\x61\x6e\x64\x6c\
\x65\x72\x5f\x63\x6f\x6e\x74\x65\x78\x74\0\x70\x72\x6f\x67\0\x62\x70\x66\x5f\
\x63\x6f\x6f\x6b\x69\x65\0\x74\x70\x5f\x65\x76\x65\x6e\x74\0\x66\x74\x72\x61\
\x63\x65\x5f\x6f\x70\x73\0\x63\x67\x72\x70\0\x73\x62\x5f\x6c\x69\x73\x74\0\x6f\
\x72\x69\x67\x5f\x74\x79\x70\x65\0\x70\x65\x72\x66\x5f\x65\x76\x65\x6e\x74\x5f\
\x73\x74\x61\x74\x65\0\x50\x45\x52\x46\x5f\x45\x56\x45\x4e\x54\x5f\x53\x54\x41\
\x54\x45\x5f\x44\x45\x41\x44\0\x50\x45\x52\x46\x5f\x45\x56\x45\x4e\x54\x5f\x53\
\x54\x41\x54\x45\x5f\x45\x58\x49\x54\0\x50\x45\x52\x46\x5f\x45\x56\x45\x4e\x54\
\x5f\x53\x54\x41\x54\x45\x5f\x45\x52\x52\x4f\x52\0\x50\x45\x52\x46\x5f\x45\x56\
\x45\x4e\x54\x5f\x53\x54\x41\x54\x45\x5f\x4f\x46\x46\0\x50\x45\x52\x46\x5f\x45\
\x56\x45\x4e\x54\x5f\x53\x54\x41\x54\x45\x5f\x49\x4e\x41\x43\x54\x49\x56\x45\0\
\x50\x45\x52\x46\x5f\x45\x56\x45\x4e\x54\x5f\x53\x54\x41\x54\x45\x5f\x41\x43\
\x54\x49\x56\x45\0\x6c\x6f\x63\x61\x6c\x36\x34\x5f\x74\0\x61\0\x6c\x6f\x63\x61\
\x6c\x5f\x74\0\x70\x65\x72\x66\x5f\x65\x76\x65\x6e\x74\x5f\x61\x74\x74\x72\0\
\x63\x6f\x6e\x66\x69\x67\0\x73\x61\x6d\x70\x6c\x65\x5f\x74\x79\x70\x65\0\x72\
\x65\x61\x64\x5f\x66\x6f\x72\x6d\x61\x74\0\x64\x69\x73\x61\x62\x6c\x65\x64\0\
\x69\x6e\x68\x65\x72\x69\x74\0\x70\x69\x6e\x6e\x65\x64\0\x65\x78\x63\x6c\x75\
\x73\x69\x76\x65\0\x65\x78\x63\x6c\x75\x64\x65\x5f\x75\x73\x65\x72\0\x65\x78\
\x63\x6c\x75\x64\x65\x5f\x6b\x65\x72\x6e\x65\x6c\0\x65\x78\x63\x6c\x75\x64\x65\
\x5f\x68\x76\0\x65\x78\x63\x6c\x75\x64\x65\x5f\x69\x64\x6c\x65\0\x6d\x6d\x61\
\x70\0\x66\x72\x65\x71\0\x69\x6e\x68\x65\x72\x69\x74\x5f\x73\x74\x61\x74\0\x65\
\x6e\x61\x62\x6c\x65\x5f\x6f\x6e\x5f\x65\x78\x65\x63\0\x74\x61\x73\x6b\0\x77\
\x61\x74\x65\x72\x6d\x61\x72\x6b\0\x70\x72\x65\x63\x69\x73\x65\x5f\x69\x70\0\
\x6d\x6d\x61\x70\x5f\x64\x61\x74\x61\0\x73\x61\x6d\x70\x6c\x65\x5f\x69\x64\x5f\
\x61\x6c\x6c\0\x65\x78\x63\x6c\x75\x64\x65\x5f\x68\x6f\x73\x74\0\x65\x78\x63\
\x6c\x75\x64\x65\x5f\x67\x75\x65\x73\x74\0\x65\x78\x63\x6c\x75\x64\x65\x5f\x63\
\x61\x6c\x6c\x63\x68\x61\x69\x6e\x5f\x6b\x65\x72\x6e\x65\x6c\0\x65\x78\x63\x6c\
\x75\x64\x65\x5f\x63\x61\x6c\x6c\x63\x68\x61\x69\x6e\x5f\x75\x73\x65\x72\0\x6d\
\x6d\x61\x70\x32\0\x63\x6f\x6d\x6d\x5f\x65\x78\x65\x63\0\x75\x73\x65\x5f\x63\
\x6c\x6f\x63\x6b\x69\x64\0\x63\x6f\x6e\x74\x65\x78\x74\x5f\x73\x77\x69\x74\x63\
\x68\0\x77\x72\x69\x74\x65\x5f\x62\x61\x63\x6b\x77\x61\x72\x64\0\x6e\x61\x6d\
\x65\x73\x70\x61\x63\x65\x73\0\x6b\x73\x79\x6d\x62\x6f\x6c\0\x62\x70\x66\x5f\
\x65\x76\x65\x6e\x74\0\x61\x75\x78\x5f\x6f\x75\x74\x70\x75\x74\0\x63\x67\x72\
\x6f\x75\x70\0\x74\x65\x78\x74\x5f\x70\x6f\x6b\x65\0\x62\x75\x69\x6c\x64\x5f\
\x69\x64\0\x69\x6e\x68\x65\x72\x69\x74\x5f\x74\x68\x72\x65\x61\x64\0\x72\x65\
\x6d\x6f\x76\x65\x5f\x6f\x6e\x5f\x65\x78\x65\x63\0\x73\x69\x67\x74\x72\x61\x70\
\0\x5f\x5f\x72\x65\x73\x65\x72\x76\x65\x64\x5f\x31\0\x62\x70\x5f\x74\x79\x70\
\x65\0\x62\x72\x61\x6e\x63\x68\x5f\x73\x61\x6d\x70\x6c\x65\x5f\x74\x79\x70\x65\
\0\x73\x61\x6d\x70\x6c\x65\x5f\x72\x65\x67\x73\x5f\x75\x73\x65\x72\0\x73\x61\
\x6d\x70\x6c\x65\x5f\x73\x74\x61\x63\x6b\x5f\x75\x73\x65\x72\0\x73\x61\x6d\x70\
\x6c\x65\x5f\x72\x65\x67\x73\x5f\x69\x6e\x74\x72\0\x61\x75\x78\x5f\x77\x61\x74\
\x65\x72\x6d\x61\x72\x6b\0\x73\x61\x6d\x70\x6c\x65\x5f\x6d\x61\x78\x5f\x73\x74\
\x61\x63\x6b\0\x5f\x5f\x72\x65\x73\x65\x72\x76\x65\x64\x5f\x32\0\x61\x75\x78\
\x5f\x73\x61\x6d\x70\x6c\x65\x5f\x73\x69\x7a\x65\0\x5f\x5f\x72\x65\x73\x65\x72\
\x76\x65\x64\x5f\x33\0\x73\x69\x67\x5f\x64\x61\x74\x61\0\x63\x6f\x6e\x66\x69\
\x67\x33\0\x73\x61\x6d\x70\x6c\x65\x5f\x70\x65\x72\x69\x6f\x64\0\x73\x61\x6d\
\x70\x6c\x65\x5f\x66\x72\x65\x71\0\x77\x61\x6b\x65\x75\x70\x5f\x65\x76\x65\x6e\
\x74\x73\0\x77\x61\x6b\x65\x75\x70\x5f\x77\x61\x74\x65\x72\x6d\x61\x72\x6b\0\
\x62\x70\x5f\x61\x64\x64\x72\0\x6b\x70\x72\x6f\x62\x65\x5f\x66\x75\x6e\x63\0\
\x75\x70\x72\x6f\x62\x65\x5f\x70\x61\x74\x68\0\x63\x6f\x6e\x66\x69\x67\x31\0\
\x62\x70\x5f\x6c\x65\x6e\0\x6b\x70\x72\x6f\x62\x65\x5f\x61\x64\x64\x72\0\x70\
\x72\x6f\x62\x65\x5f\x6f\x66\x66\x73\x65\x74\0\x63\x6f\x6e\x66\x69\x67\x32\0\
\x68\x77\x5f\x70\x65\x72\x66\x5f\x65\x76\x65\x6e\x74\0\x74\x61\x72\x67\x65\x74\
\0\x70\x72\x65\x76\x5f\x63\x6f\x75\x6e\x74\0\x69\x6e\x74\x65\x72\x72\x75\x70\
\x74\x73\x5f\x73\x65\x71\0\x69\x6e\x74\x65\x72\x72\x75\x70\x74\x73\0\x66\x72\
\x65\x71\x5f\x74\x69\x6d\x65\x5f\x73\x74\x61\x6d\x70\0\x66\x72\x65\x71\x5f\x63\
\x6f\x75\x6e\x74\x5f\x73\x74\x61\x6d\x70\0\x6c\x61\x73\x74\x5f\x74\x61\x67\0\
\x63\x6f\x6e\x66\x69\x67\x5f\x62\x61\x73\x65\0\x65\x76\x65\x6e\x74\x5f\x62\x61\
\x73\x65\0\x65\x76\x65\x6e\x74\x5f\x62\x61\x73\x65\x5f\x72\x64\x70\x6d\x63\0\
\x69\x64\x78\0\x6c\x61\x73\x74\x5f\x63\x70\x75\0\x65\x78\x74\x72\x61\x5f\x72\
\x65\x67\0\x62\x72\x61\x6e\x63\x68\x5f\x72\x65\x67\0\x68\x77\x5f\x70\x65\x72\
\x66\x5f\x65\x76\x65\x6e\x74\x5f\x65\x78\x74\x72\x61\0\x72\x65\x67\0\x61\x6c\
\x6c\x6f\x63\0\x61\x75\x78\x5f\x63\x6f\x6e\x66\x69\x67\0\x74\x70\x5f\x6c\x69\
\x73\x74\0\x70\x77\x72\x5f\x61\x63\x63\0\x70\x74\x73\x63\0\x69\x6e\x66\x6f\0\
\x62\x70\x5f\x6c\x69\x73\x74\0\x61\x72\x63\x68\x5f\x68\x77\x5f\x62\x72\x65\x61\
\x6b\x70\x6f\x69\x6e\x74\0\x61\x64\x64\x72\x65\x73\x73\0\x6d\x61\x73\x6b\0\x72\
\x68\x6c\x69\x73\x74\x5f\x68\x65\x61\x64\0\x72\x68\x65\x61\x64\0\x72\x68\x61\
\x73\x68\x5f\x68\x65\x61\x64\0\x69\x6f\x6d\x6d\x75\x5f\x62\x61\x6e\x6b\0\x69\
\x6f\x6d\x6d\x75\x5f\x63\x6e\x74\x72\0\x70\x61\x64\x64\x69\x6e\x67\0\x63\x6f\
\x6e\x66\0\x63\x6f\x6e\x66\x31\0\x6c\x61\x73\x74\x5f\x70\x65\x72\x69\x6f\x64\0\
\x70\x65\x72\x69\x6f\x64\x5f\x6c\x65\x66\x74\0\x73\x61\x76\x65\x64\x5f\x6d\x65\
\x74\x72\x69\x63\0\x73\x61\x76\x65\x64\x5f\x73\x6c\x6f\x74\x73\0\x77\x61\x69\
\x74\x5f\x71\x75\x65\x75\x65\x5f\x68\x65\x61\x64\x5f\x74\0\x77\x61\x69\x74\x5f\
\x71\x75\x65\x75\x65\x5f\x68\x65\x61\x64\0\x68\x65\x61\x64\0\x69\x72\x71\x5f\
\x77\x6f\x72\x6b\0\x69\x72\x71\x77\x61\x69\x74\0\x72\x63\x75\x77\x61\x69\x74\0\
\x70\x65\x72\x66\x5f\x61\x64\x64\x72\x5f\x66\x69\x6c\x74\x65\x72\x73\x5f\x68\
\x65\x61\x64\0\x6e\x72\x5f\x66\x69\x6c\x65\x5f\x66\x69\x6c\x74\x65\x72\x73\0\
\x70\x65\x72\x66\x5f\x6f\x76\x65\x72\x66\x6c\x6f\x77\x5f\x68\x61\x6e\x64\x6c\
\x65\x72\x5f\x74\0\x70\x65\x72\x66\x5f\x73\x61\x6d\x70\x6c\x65\x5f\x64\x61\x74\
\x61\0\x73\x61\x6d\x70\x6c\x65\x5f\x66\x6c\x61\x67\x73\0\x70\x65\x72\x69\x6f\
\x64\0\x64\x79\x6e\x5f\x73\x69\x7a\x65\0\x74\x69\x64\x5f\x65\x6e\x74\x72\x79\0\
\x63\x70\x75\x5f\x65\x6e\x74\x72\x79\0\x69\x70\0\x63\x61\x6c\x6c\x63\x68\x61\
\x69\x6e\0\x72\x61\x77\0\x62\x72\x5f\x73\x74\x61\x63\x6b\0\x62\x72\x5f\x73\x74\
\x61\x63\x6b\x5f\x63\x6e\x74\x72\0\x64\x61\x74\x61\x5f\x73\x72\x63\0\x74\x78\
\x6e\0\x72\x65\x67\x73\x5f\x75\x73\x65\x72\0\x72\x65\x67\x73\x5f\x69\x6e\x74\
\x72\0\x73\x74\x61\x63\x6b\x5f\x75\x73\x65\x72\x5f\x73\x69\x7a\x65\0\x73\x74\
\x72\x65\x61\x6d\x5f\x69\x64\0\x61\x64\x64\x72\0\x70\x68\x79\x73\x5f\x61\x64\
\x64\x72\0\x64\x61\x74\x61\x5f\x70\x61\x67\x65\x5f\x73\x69\x7a\x65\0\x63\x6f\
\x64\x65\x5f\x70\x61\x67\x65\x5f\x73\x69\x7a\x65\0\x61\x75\x78\x5f\x73\x69\x7a\
\x65\0\x74\x69\x64\0\x72\x65\x73\x65\x72\x76\x65\x64\0\x70\x65\x72\x66\x5f\x73\
\x61\x6d\x70\x6c\x65\x5f\x77\x65\x69\x67\x68\x74\0\x66\x75\x6c\x6c\0\x76\x61\
\x72\x31\x5f\x64\x77\0\x76\x61\x72\x32\x5f\x77\0\x76\x61\x72\x33\x5f\x77\0\x70\
\x65\x72\x66\x5f\x6d\x65\x6d\x5f\x64\x61\x74\x61\x5f\x73\x72\x63\0\x6d\x65\x6d\
\x5f\x6f\x70\0\x6d\x65\x6d\x5f\x6c\x76\x6c\0\x6d\x65\x6d\x5f\x73\x6e\x6f\x6f\
\x70\0\x6d\x65\x6d\x5f\x6c\x6f\x63\x6b\0\x6d\x65\x6d\x5f\x64\x74\x6c\x62\0\x6d\
\x65\x6d\x5f\x6c\x76\x6c\x5f\x6e\x75\x6d\0\x6d\x65\x6d\x5f\x72\x65\x6d\x6f\x74\
\x65\0\x6d\x65\x6d\x5f\x73\x6e\x6f\x6f\x70\x78\0\x6d\x65\x6d\x5f\x62\x6c\x6b\0\
\x6d\x65\x6d\x5f\x68\x6f\x70\x73\0\x6d\x65\x6d\x5f\x72\x73\x76\x64\0\x70\x65\
\x72\x66\x5f\x72\x65\x67\x73\0\x61\x62\x69\0\x72\x65\x67\x73\0\x70\x74\x5f\x72\
\x65\x67\x73\0\x72\x31\x35\0\x72\x31\x34\0\x72\x31\x33\0\x72\x31\x32\0\x62\x70\
\0\x62\x78\0\x72\x31\x31\0\x72\x31\x30\0\x72\x39\0\x72\x38\0\x61\x78\0\x63\x78\
\0\x64\x78\0\x73\x69\0\x64\x69\0\x6f\x72\x69\x67\x5f\x61\x78\0\x63\x73\0\x63\
\x73\x78\0\x66\x72\x65\x64\x5f\x63\x73\0\x73\x6c\0\x77\x66\x65\0\x73\x73\0\x73\
\x73\x78\0\x66\x72\x65\x64\x5f\x73\x73\0\x73\x74\x69\0\x73\x77\x65\x76\x65\x6e\
\x74\0\x6e\x6d\x69\0\x76\x65\x63\x74\x6f\x72\0\x65\x6e\x63\x6c\x61\x76\x65\0\
\x6c\x6d\0\x6e\x65\x73\x74\x65\x64\0\x69\x6e\x73\x6e\x6c\x65\x6e\0\x70\x72\x69\
\x76\x61\x74\x65\0\x73\x61\x76\x65\x64\x5f\x66\x75\x6e\x63\0\x6c\x6f\x63\x61\
\x6c\x5f\x68\x61\x73\x68\0\x66\x75\x6e\x63\x5f\x68\x61\x73\x68\0\x6f\x6c\x64\
\x5f\x68\x61\x73\x68\0\x74\x72\x61\x6d\x70\x6f\x6c\x69\x6e\x65\0\x74\x72\x61\
\x6d\x70\x6f\x6c\x69\x6e\x65\x5f\x73\x69\x7a\x65\0\x73\x75\x62\x6f\x70\x5f\x6c\
\x69\x73\x74\0\x6f\x70\x73\x5f\x66\x75\x6e\x63\0\x6d\x61\x6e\x61\x67\x65\x64\0\
\x64\x69\x72\x65\x63\x74\x5f\x63\x61\x6c\x6c\0\x66\x74\x72\x61\x63\x65\x5f\x66\
\x75\x6e\x63\x5f\x74\0\x66\x74\x72\x61\x63\x65\x5f\x72\x65\x67\x73\0\x66\x74\
\x72\x61\x63\x65\x5f\x6f\x70\x73\x5f\x68\x61\x73\x68\0\x6e\x6f\x74\x72\x61\x63\
\x65\x5f\x68\x61\x73\x68\0\x66\x69\x6c\x74\x65\x72\x5f\x68\x61\x73\x68\0\x72\
\x65\x67\x65\x78\x5f\x6c\x6f\x63\x6b\0\x66\x74\x72\x61\x63\x65\x5f\x6f\x70\x73\
\x5f\x66\x75\x6e\x63\x5f\x74\0\x66\x74\x72\x61\x63\x65\x5f\x6f\x70\x73\x5f\x63\
\x6d\x64\0\x46\x54\x52\x41\x43\x45\x5f\x4f\x50\x53\x5f\x43\x4d\x44\x5f\x45\x4e\
\x41\x42\x4c\x45\x5f\x53\x48\x41\x52\x45\x5f\x49\x50\x4d\x4f\x44\x49\x46\x59\
\x5f\x53\x45\x4c\x46\0\x46\x54\x52\x41\x43\x45\x5f\x4f\x50\x53\x5f\x43\x4d\x44\
\x5f\x45\x4e\x41\x42\x4c\x45\x5f\x53\x48\x41\x52\x45\x5f\x49\x50\x4d\x4f\x44\
\x49\x46\x59\x5f\x50\x45\x45\x52\0\x46\x54\x52\x41\x43\x45\x5f\x4f\x50\x53\x5f\
\x43\x4d\x44\x5f\x44\x49\x53\x41\x42\x4c\x45\x5f\x53\x48\x41\x52\x45\x5f\x49\
\x50\x4d\x4f\x44\x49\x46\x59\x5f\x50\x45\x45\x52\0\x74\x68\x72\x65\x61\x64\x5f\
\x73\x68\x73\x74\x6b\0\x61\x76\x78\x35\x31\x32\x5f\x74\x69\x6d\x65\x73\x74\x61\
\x6d\x70\0\x66\x70\x73\x74\x61\x74\x65\0\x5f\x5f\x74\x61\x73\x6b\x5f\x66\x70\
\x73\x74\x61\x74\x65\0\x70\x65\x72\x6d\0\x67\x75\x65\x73\x74\x5f\x70\x65\x72\
\x6d\0\x5f\x5f\x66\x70\x73\x74\x61\x74\x65\0\x66\x70\x75\x5f\x73\x74\x61\x74\
\x65\x5f\x70\x65\x72\x6d\0\x5f\x5f\x73\x74\x61\x74\x65\x5f\x70\x65\x72\x6d\0\
\x5f\x5f\x73\x74\x61\x74\x65\x5f\x73\x69\x7a\x65\0\x5f\x5f\x75\x73\x65\x72\x5f\
\x73\x74\x61\x74\x65\x5f\x73\x69\x7a\x65\0\x75\x73\x65\x72\x5f\x73\x69\x7a\x65\
\0\x78\x66\x65\x61\x74\x75\x72\x65\x73\0\x75\x73\x65\x72\x5f\x78\x66\x65\x61\
\x74\x75\x72\x65\x73\0\x78\x66\x64\0\x69\x73\x5f\x76\x61\x6c\x6c\x6f\x63\0\x69\
\x73\x5f\x67\x75\x65\x73\x74\0\x69\x73\x5f\x63\x6f\x6e\x66\x69\x64\x65\x6e\x74\
\x69\x61\x6c\0\x69\x6e\x5f\x75\x73\x65\0\x66\x70\x72\x65\x67\x73\x5f\x73\x74\
\x61\x74\x65\0\x66\x73\x61\x76\x65\0\x66\x78\x73\x61\x76\x65\0\x73\x6f\x66\x74\
\0\x78\x73\x61\x76\x65\0\x5f\x5f\x70\x61\x64\x64\x69\x6e\x67\0\x66\x72\x65\x67\
\x73\x5f\x73\x74\x61\x74\x65\0\x63\x77\x64\0\x73\x77\x64\0\x74\x77\x64\0\x66\
\x69\x70\0\x66\x63\x73\0\x66\x6f\x6f\0\x66\x6f\x73\0\x73\x74\x5f\x73\x70\x61\
\x63\x65\0\x66\x78\x72\x65\x67\x73\x5f\x73\x74\x61\x74\x65\0\x66\x6f\x70\0\x6d\
\x78\x63\x73\x72\0\x6d\x78\x63\x73\x72\x5f\x6d\x61\x73\x6b\0\x78\x6d\x6d\x5f\
\x73\x70\x61\x63\x65\0\x72\x69\x70\0\x72\x64\x70\0\x70\x61\x64\x64\x69\x6e\x67\
\x31\0\x73\x77\x5f\x72\x65\x73\x65\x72\x76\x65\x64\0\x73\x77\x72\x65\x67\x73\
\x5f\x73\x74\x61\x74\x65\0\x66\x74\x6f\x70\0\x63\x68\x61\x6e\x67\x65\x64\0\x6c\
\x6f\x6f\x6b\x61\x68\x65\x61\x64\0\x6e\x6f\x5f\x75\x70\x64\x61\x74\x65\0\x72\
\x6d\0\x61\x6c\x69\x6d\x69\x74\0\x65\x6e\x74\x72\x79\x5f\x65\x69\x70\0\x78\x72\
\x65\x67\x73\x5f\x73\x74\x61\x74\x65\0\x69\x33\x38\x37\0\x68\x65\x61\x64\x65\
\x72\0\x65\x78\x74\x65\x6e\x64\x65\x64\x5f\x73\x74\x61\x74\x65\x5f\x61\x72\x65\
\x61\0\x78\x73\x74\x61\x74\x65\x5f\x68\x65\x61\x64\x65\x72\0\x78\x63\x6f\x6d\
\x70\x5f\x62\x76\0\x68\x61\x6e\x64\x6c\x65\x5f\x73\x63\x68\x65\x64\x5f\x77\x61\
\x6b\x65\x75\x70\x5f\x6e\x65\x77\0\x74\x72\x61\x63\x65\x5f\x65\x76\x65\x6e\x74\
\x5f\x72\x61\x77\x5f\x73\x63\x68\x65\x64\x5f\x70\x72\x6f\x63\x65\x73\x73\x5f\
\x66\x6f\x72\x6b\0\x65\x6e\x74\0\x70\x61\x72\x65\x6e\x74\x5f\x63\x6f\x6d\x6d\0\
\x70\x61\x72\x65\x6e\x74\x5f\x70\x69\x64\0\x63\x68\x69\x6c\x64\x5f\x63\x6f\x6d\
\x6d\0\x63\x68\x69\x6c\x64\x5f\x70\x69\x64\0\x5f\x5f\x64\x61\x74\x61\0\x74\x72\
\x61\x63\x65\x5f\x65\x6e\x74\x72\x79\0\x70\x72\x65\x65\x6d\x70\x74\x5f\x63\x6f\
\x75\x6e\x74\0\x68\x61\x6e\x64\x6c\x65\x5f\x74\x61\x73\x6b\x5f\x63\x72\x65\x61\
\x74\x65\0\x68\x61\x6e\x64\x6c\x65\x5f\x74\x61\x73\x6b\x5f\x65\x78\x69\x74\0\
\x74\x72\x61\x63\x65\x5f\x65\x76\x65\x6e\x74\x5f\x72\x61\x77\x5f\x73\x63\x68\
\x65\x64\x5f\x73\x77\x69\x74\x63\x68\0\x70\x72\x65\x76\x5f\x63\x6f\x6d\x6d\0\
\x70\x72\x65\x76\x5f\x70\x69\x64\0\x70\x72\x65\x76\x5f\x70\x72\x69\x6f\0\x70\
\x72\x65\x76\x5f\x73\x74\x61\x74\x65\0\x6e\x65\x78\x74\x5f\x63\x6f\x6d\x6d\0\
\x6e\x65\x78\x74\x5f\x70\x69\x64\0\x6e\x65\x78\x74\x5f\x70\x72\x69\x6f\0\x72\
\x65\x63\x6f\x72\x64\x5f\x74\x61\x73\x6b\x5f\x73\x77\x69\x74\x63\x68\0\x75\x69\
\x6e\x74\x36\x34\x5f\x74\0\x64\x65\x6c\x74\x61\0\x72\x65\x73\x65\x74\0\x6c\x61\
\x73\x74\x5f\x63\x70\x75\x5f\x63\x6c\x65\x61\x72\0\x70\x72\x6f\x63\x65\x73\x73\
\x5f\x75\x70\x64\x61\x74\x65\x5f\x72\x75\x6e\x74\x69\x6d\x65\0\x72\x65\x63\x6f\
\x72\x64\x5f\x62\x61\x63\x6b\x74\x72\x61\x63\x65\0\x63\x70\x75\x5f\x69\x64\x6c\
\x65\x5f\x61\x72\x67\x73\0\x63\x6f\x6d\x6d\x6f\x6e\x5f\x74\x79\x70\x65\0\x63\
\x6f\x6d\x6d\x6f\x6e\x5f\x66\x6c\x61\x67\x73\0\x63\x6f\x6d\x6d\x6f\x6e\x5f\x70\
\x72\x65\x65\x6d\x70\x74\x5f\x63\x6f\x75\x6e\x74\0\x63\x6f\x6d\x6d\x6f\x6e\x5f\
\x70\x69\x64\0\x63\x70\x75\x5f\x69\x64\0\x72\x65\x63\x6f\x72\x64\x5f\x63\x70\
\x75\x5f\x69\x64\x6c\x65\0\x74\x72\x61\x63\x65\x5f\x73\x79\x73\x5f\x65\x6e\x74\
\x65\x72\0\x74\x72\x61\x63\x65\x5f\x73\x79\x73\x5f\x65\x78\x69\x74\0\x74\x72\
\x61\x63\x65\x5f\x63\x70\x75\x5f\x73\x6f\x66\x74\x69\x72\x71\x5f\x65\x6e\x74\
\x72\x79\0\x74\x72\x61\x63\x65\x5f\x63\x70\x75\x5f\x73\x6f\x66\x74\x69\x72\x71\
\x5f\x65\x78\x69\x74\0\x74\x72\x61\x63\x65\x5f\x63\x70\x75\x5f\x69\x72\x71\x5f\
\x65\x6e\x74\x72\x79\0\x74\x72\x61\x63\x65\x5f\x63\x70\x75\x5f\x69\x72\x71\x5f\
\x65\x78\x69\x74\0\x62\x70\x66\x5f\x70\x65\x72\x66\x5f\x65\x76\x65\x6e\x74\x5f\
\x64\x61\x74\x61\0\x62\x70\x66\x5f\x75\x73\x65\x72\x5f\x70\x74\x5f\x72\x65\x67\
\x73\x5f\x74\0\x68\x61\x6e\x64\x6c\x65\x5f\x63\x70\x75\x5f\x65\x76\x65\x6e\x74\
\0\x68\x61\x6e\x64\x6c\x65\x5f\x73\x79\x73\x5f\x6c\x61\x74\x65\x6e\x63\x79\x5f\
\x65\x76\x65\x6e\x74\0\x68\x61\x6e\x64\x6c\x65\x5f\x73\x79\x73\x5f\x6c\x61\x74\
\x65\x6e\x63\x79\x5f\x77\x69\x74\x68\x6f\x75\x74\x5f\x62\x61\x64\x5f\x65\x76\
\x65\x6e\x74\0\x4c\x49\x43\x45\x4e\x53\x45\0\x7a\x65\x72\x6f\0\x6f\x6e\x65\0\
\x72\x65\x63\x6f\x72\x64\x5f\x62\x61\x63\x6b\x74\x72\x61\x63\x65\x2e\x5f\x5f\
\x5f\x5f\x66\x6d\x74\0\x72\x65\x63\x6f\x72\x64\x5f\x62\x61\x63\x6b\x74\x72\x61\
\x63\x65\x2e\x5f\x5f\x5f\x5f\x66\x6d\x74\x2e\x31\0\x69\x6e\x69\x74\x5f\x63\x70\
\x75\x73\x5f\x6e\x75\x6d\0\x68\x61\x6e\x64\x6c\x65\x5f\x63\x70\x75\x5f\x65\x76\
\x65\x6e\x74\x2e\x5f\x5f\x5f\x5f\x66\x6d\x74\0\x6e\x72\x5f\x63\x70\x75\x73\0\
\x68\x61\x6e\x64\x6c\x65\x5f\x63\x70\x75\x5f\x65\x76\x65\x6e\x74\x2e\x5f\x5f\
\x5f\x5f\x66\x6d\x74\x2e\x32\0\x74\x69\x6d\x65\x5f\x77\x69\x6e\x64\x6f\x77\0\
\x75\x6e\x69\x74\0\x6d\x75\x6c\x74\x69\x70\x6c\x69\x65\x72\0\x74\x69\x6d\x65\
\x5f\x75\x6e\x69\x74\0\x4d\x49\x43\x52\x4f\x53\x45\x43\x4f\x4e\x44\x53\0\x55\
\x4e\x49\x54\x5f\x4d\x49\x4c\x4c\x49\x53\x45\x43\x4f\x4e\x44\x53\0\x6c\x61\x74\
\x65\x6e\x63\x79\x5f\x62\x6b\x5f\x77\x69\x6e\x64\x6f\x77\0\x65\x6d\x61\x5f\x70\
\x61\x72\x61\0\x77\x69\x6e\x64\x6f\x77\0\x70\x65\x72\x63\x65\x6e\x74\0\x6c\x61\
\x74\x65\x6e\x63\x79\x5f\x65\x6d\x61\0\x75\x73\x61\x67\x65\x5f\x65\x6d\x61\0\
\x74\x61\x73\x6b\x5f\x63\x73\x77\x5f\x65\x6d\x61\0\x74\x61\x73\x6b\x5f\x70\x72\
\x65\x65\x6d\x70\x74\x5f\x65\x6d\x61\0\x74\x61\x73\x6b\x5f\x63\x6f\x6e\x63\x65\
\x72\x6e\x65\x64\x5f\x75\x70\x64\x61\x74\x65\x2e\x5f\x5f\x5f\x5f\x66\x6d\x74\0\
\x70\x65\x72\x66\x5f\x74\x61\x73\x6b\x5f\x62\x61\x63\x6b\x74\x72\x61\x63\x65\
\x2e\x5f\x5f\x5f\x5f\x66\x6d\x74\0\x70\x72\x6f\x63\x65\x73\x73\x5f\x63\x6f\x6e\
\x63\x65\x72\x6e\x65\x64\x5f\x75\x70\x64\x61\x74\x65\x2e\x5f\x5f\x5f\x5f\x66\
\x6d\x74\0\x75\x70\x64\x61\x74\x65\x5f\x63\x70\x75\x5f\x75\x73\x61\x67\x65\x5f\
\x70\x65\x72\x63\x65\x6e\x74\x2e\x5f\x5f\x5f\x5f\x66\x6d\x74\0\x5f\x5f\x75\x70\
\x64\x61\x74\x65\x5f\x70\x65\x72\x63\x70\x75\x5f\x75\x73\x61\x67\x65\x5f\x70\
\x65\x72\x63\x65\x6e\x74\x2e\x5f\x5f\x5f\x5f\x66\x6d\x74\0\x70\x65\x72\x66\x5f\
\x72\x75\x6e\x71\x6c\x61\x74\x2e\x5f\x5f\x5f\x5f\x66\x6d\x74\0\x70\x65\x72\x66\
\x5f\x72\x75\x6e\x71\x6c\x61\x74\x5f\x77\x69\x74\x68\x6f\x75\x74\x5f\x62\x61\
\x64\x2e\x5f\x5f\x5f\x5f\x66\x6d\x74\0\x73\x63\x78\x5f\x64\x69\x73\x70\x61\x74\
\x63\x68\x5f\x71\0\x68\x72\x74\x69\x6d\x65\x72\x5f\x63\x6c\x6f\x63\x6b\x5f\x62\
\x61\x73\x65\0\x6d\x6d\x5f\x73\x74\x72\x75\x63\x74\0\x61\x64\x64\x72\x65\x73\
\x73\x5f\x73\x70\x61\x63\x65\0\x63\x6f\x6d\x70\x6c\x65\x74\x69\x6f\x6e\0\x6f\
\x62\x6a\x5f\x63\x67\x72\x6f\x75\x70\0\x6d\x65\x6d\x5f\x63\x67\x72\x6f\x75\x70\
\0\x75\x73\x65\x72\x5f\x6e\x61\x6d\x65\x73\x70\x61\x63\x65\0\x70\x69\x64\x5f\
\x6e\x61\x6d\x65\x73\x70\x61\x63\x65\0\x63\x73\x73\x5f\x73\x65\x74\0\x62\x70\
\x66\x5f\x70\x72\x6f\x67\0\x62\x70\x66\x5f\x6c\x6f\x63\x61\x6c\x5f\x73\x74\x6f\
\x72\x61\x67\x65\0\x66\x74\x72\x61\x63\x65\x5f\x68\x61\x73\x68\0\x76\x6d\x5f\
\x73\x74\x72\x75\x63\x74\0\x75\x73\x65\x72\x5f\x73\x74\x72\x75\x63\x74\0\x66\
\x73\x5f\x73\x74\x72\x75\x63\x74\0\x6b\x65\x79\0\x70\x69\x70\x65\x5f\x69\x6e\
\x6f\x64\x65\x5f\x69\x6e\x66\x6f\0\x66\x61\x73\x79\x6e\x63\x5f\x73\x74\x72\x75\
\x63\x74\0\x67\x65\x6e\x64\x69\x73\x6b\0\x73\x65\x6d\x5f\x75\x6e\x64\x6f\x5f\
\x6c\x69\x73\x74\0\x66\x69\x6c\x65\x73\x5f\x73\x74\x72\x75\x63\x74\0\x69\x6f\
\x5f\x75\x72\x69\x6e\x67\x5f\x74\x61\x73\x6b\0\x74\x72\x61\x63\x65\x5f\x65\x76\
\x65\x6e\x74\x5f\x63\x61\x6c\x6c\0\x65\x76\x65\x6e\x74\x5f\x66\x69\x6c\x74\x65\
\x72\0\x70\x65\x72\x66\x5f\x65\x76\x65\x6e\x74\x5f\x70\x6d\x75\x5f\x63\x6f\x6e\
\x74\x65\x78\x74\0\x70\x65\x72\x66\x5f\x65\x76\x65\x6e\x74\x5f\x63\x6f\x6e\x74\
\x65\x78\x74\0\x70\x65\x72\x66\x5f\x62\x75\x66\x66\x65\x72\0\x70\x65\x72\x66\
\x5f\x61\x64\x64\x72\x5f\x66\x69\x6c\x74\x65\x72\x5f\x72\x61\x6e\x67\x65\0\x70\
\x65\x72\x66\x5f\x63\x61\x6c\x6c\x63\x68\x61\x69\x6e\x5f\x65\x6e\x74\x72\x79\0\
\x70\x65\x72\x66\x5f\x72\x61\x77\x5f\x72\x65\x63\x6f\x72\x64\0\x70\x65\x72\x66\
\x5f\x62\x72\x61\x6e\x63\x68\x5f\x73\x74\x61\x63\x6b\0\x70\x65\x72\x66\x5f\x63\
\x67\x72\x6f\x75\x70\0\x6b\x65\x72\x6e\x65\x6c\x5f\x73\x69\x67\x69\x6e\x66\x6f\
\0\x74\x61\x73\x6b\x5f\x67\x72\x6f\x75\x70\0\x72\x63\x75\x5f\x6e\x6f\x64\x65\0\
\x73\x69\x67\x6e\x61\x6c\x5f\x73\x74\x72\x75\x63\x74\0\x5f\x5f\x6b\x65\x72\x6e\
\x65\x6c\x5f\x74\x69\x6d\x65\x73\x70\x65\x63\0\x6f\x6c\x64\x5f\x74\x69\x6d\x65\
\x73\x70\x65\x63\x33\x32\0\x70\x6f\x6c\x6c\x66\x64\0\x62\x6c\x6b\x5f\x70\x6c\
\x75\x67\0\x73\x69\x67\x68\x61\x6e\x64\x5f\x73\x74\x72\x75\x63\x74\0\x73\x65\
\x63\x63\x6f\x6d\x70\x5f\x66\x69\x6c\x74\x65\x72\0\x72\x74\x5f\x6d\x75\x74\x65\
\x78\x5f\x77\x61\x69\x74\x65\x72\0\x72\x6f\x62\x75\x73\x74\x5f\x6c\x69\x73\x74\
\x5f\x68\x65\x61\x64\0\x63\x6f\x6d\x70\x61\x74\x5f\x72\x6f\x62\x75\x73\x74\x5f\
\x6c\x69\x73\x74\x5f\x68\x65\x61\x64\0\x66\x75\x74\x65\x78\x5f\x70\x69\x5f\x73\
\x74\x61\x74\x65\0\x74\x61\x73\x6b\x5f\x64\x65\x6c\x61\x79\x5f\x69\x6e\x66\x6f\
\0\x75\x70\x72\x6f\x62\x65\x5f\x74\x61\x73\x6b\0\x62\x70\x66\x5f\x72\x75\x6e\
\x5f\x63\x74\x78\0\x6d\x61\x74\x68\x5f\x65\x6d\x75\x5f\x69\x6e\x66\x6f\0\x2f\
\x68\x6f\x6d\x65\x2f\x6e\x65\x31\x2f\x73\x79\x73\x5f\x63\x6f\x6d\x70\x65\x74\
\x69\x74\x69\x6f\x6e\x2f\x72\x61\x63\x65\x2f\x62\x70\x66\x2f\x63\x70\x75\x5f\
\x73\x74\x61\x74\x73\x2e\x62\x70\x66\x2e\x63\0\x69\x6e\x74\x20\x42\x50\x46\x5f\
\x50\x52\x4f\x47\x28\x68\x61\x6e\x64\x6c\x65\x5f\x73\x63\x68\x65\x64\x5f\x77\
\x61\x6b\x65\x75\x70\x2c\x20\x73\x74\x72\x75\x63\x74\x20\x74\x61\x73\x6b\x5f\
\x73\x74\x72\x75\x63\x74\x20\x2a\x70\x29\0\x20\x20\x20\x20\x75\x33\x32\x20\x70\
\x69\x64\x20\x3d\x20\x42\x50\x46\x5f\x43\x4f\x52\x45\x5f\x52\x45\x41\x44\x28\
\x70\x2c\x70\x69\x64\x29\x3b\0\x20\x20\x20\x20\x69\x66\x28\x70\x69\x64\x20\x3d\
\x3d\x20\x30\x29\0\x20\x20\x20\x20\x75\x33\x32\x20\x74\x67\x69\x64\x20\x3d\x20\
\x42\x50\x46\x5f\x43\x4f\x52\x45\x5f\x52\x45\x41\x44\x28\x70\x2c\x74\x67\x69\
\x64\x29\x3b\0\x20\x20\x20\x20\x75\x33\x32\x20\x63\x70\x75\x5f\x69\x64\x20\x3d\
\x20\x62\x70\x66\x5f\x67\x65\x74\x5f\x73\x6d\x70\x5f\x70\x72\x6f\x63\x65\x73\
\x73\x6f\x72\x5f\x69\x64\x28\x29\x3b\0\x20\x20\x20\x20\x73\x74\x72\x75\x63\x74\
\x20\x74\x61\x73\x6b\x5f\x63\x70\x75\x5f\x75\x73\x61\x67\x65\x20\x2a\x74\x61\
\x73\x6b\x5f\x75\x73\x65\x20\x3d\x20\x62\x70\x66\x5f\x6d\x61\x70\x5f\x6c\x6f\
\x6f\x6b\x75\x70\x5f\x65\x6c\x65\x6d\x28\x26\x74\x61\x73\x6b\x5f\x63\x70\x75\
\x5f\x75\x73\x61\x67\x65\x5f\x6d\x61\x70\x2c\x26\x70\x69\x64\x29\x3b\0\x20\x20\
\x20\x20\x69\x66\x28\x21\x74\x61\x73\x6b\x5f\x75\x73\x65\x29\x7b\0\x20\x20\x20\
\x20\x20\x20\x20\x20\x2e\x70\x69\x64\x20\x3d\x20\x42\x50\x46\x5f\x43\x4f\x52\
\x45\x5f\x52\x45\x41\x44\x28\x70\x2c\x70\x69\x64\x29\x2c\x20\0\x20\x20\x20\x20\
\x20\x20\x20\x20\x2e\x74\x67\x69\x64\x20\x3d\x20\x42\x50\x46\x5f\x43\x4f\x52\
\x45\x5f\x52\x45\x41\x44\x28\x70\x2c\x74\x67\x69\x64\x29\x2c\0\x20\x20\x20\x20\
\x73\x74\x72\x75\x63\x74\x20\x74\x61\x73\x6b\x5f\x69\x6e\x66\x6f\x5f\x73\x69\
\x6d\x70\x6c\x65\x20\x69\x6e\x66\x6f\x20\x3d\x20\x7b\0\x20\x20\x20\x20\x20\x20\
\x20\x20\x2e\x63\x6f\x6d\x6d\x20\x3d\x20\x7b\x7d\x2c\0\x20\x20\x20\x20\x62\x70\
\x66\x5f\x70\x72\x6f\x62\x65\x5f\x72\x65\x61\x64\x5f\x6b\x65\x72\x6e\x65\x6c\
\x5f\x73\x74\x72\x28\x69\x6e\x66\x6f\x2e\x63\x6f\x6d\x6d\x2c\x20\x73\x69\x7a\
\x65\x6f\x66\x28\x69\x6e\x66\x6f\x2e\x63\x6f\x6d\x6d\x29\x2c\x20\x42\x50\x46\
\x5f\x43\x4f\x52\x45\x5f\x52\x45\x41\x44\x28\x70\x2c\x20\x63\x6f\x6d\x6d\x29\
\x29\x3b\0\x20\x20\x20\x20\x20\x20\x20\x20\x69\x6e\x69\x74\x5f\x74\x61\x73\x6b\
\x2e\x74\x61\x73\x6b\x5f\x69\x6e\x66\x6f\x20\x3d\x20\x69\x6e\x66\x6f\x3b\0\x20\
\x20\x20\x20\x20\x20\x20\x20\x6d\x65\x6d\x73\x65\x74\x28\x26\x69\x6e\x69\x74\
\x5f\x74\x61\x73\x6b\x2c\x30\x2c\x73\x69\x7a\x65\x6f\x66\x28\x73\x74\x72\x75\
\x63\x74\x20\x74\x61\x73\x6b\x5f\x63\x70\x75\x5f\x75\x73\x61\x67\x65\x29\x29\
\x3b\0\x20\x20\x20\x20\x20\x20\x20\x20\x69\x6e\x69\x74\x5f\x74\x61\x73\x6b\x2e\
\x6c\x61\x73\x74\x5f\x65\x6e\x71\x65\x75\x65\x5f\x74\x69\x6d\x65\x20\x3d\x20\
\x62\x70\x66\x5f\x6b\x74\x69\x6d\x65\x5f\x67\x65\x74\x5f\x6e\x73\x28\x29\x3b\0\
\x20\x20\x20\x20\x20\x20\x20\x20\x62\x70\x66\x5f\x6d\x61\x70\x5f\x75\x70\x64\
\x61\x74\x65\x5f\x65\x6c\x65\x6d\x28\x26\x74\x61\x73\x6b\x5f\x63\x70\x75\x5f\
\x75\x73\x61\x67\x65\x5f\x6d\x61\x70\x2c\x20\x26\x70\x69\x64\x2c\x20\x26\x69\
\x6e\x69\x74\x5f\x74\x61\x73\x6b\x2c\x20\x42\x50\x46\x5f\x41\x4e\x59\x29\x3b\0\
\x20\x20\x20\x20\x20\x20\x20\x20\x69\x6e\x73\x65\x72\x74\x5f\x70\x69\x64\x5f\
\x74\x6f\x5f\x70\x72\x6f\x63\x65\x73\x73\x28\x74\x67\x69\x64\x2c\x70\x69\x64\
\x29\x3b\0\x20\x20\x20\x20\x69\x66\x28\x74\x67\x69\x64\x20\x3d\x3d\x20\x30\x29\
\0\x20\x20\x20\x20\x73\x74\x72\x75\x63\x74\x20\x70\x72\x6f\x63\x65\x73\x73\x5f\
\x73\x74\x72\x75\x63\x74\x20\x2a\x70\x73\x20\x3d\x20\x62\x70\x66\x5f\x6d\x61\
\x70\x5f\x6c\x6f\x6f\x6b\x75\x70\x5f\x65\x6c\x65\x6d\x28\x26\x70\x72\x6f\x63\
\x65\x73\x73\x5f\x6d\x61\x70\x2c\x26\x74\x67\x69\x64\x29\x3b\0\x20\x20\x20\x20\
\x69\x66\x28\x21\x70\x73\x29\x7b\0\x20\x20\x20\x20\x20\x20\x20\x20\x69\x6e\x69\
\x74\x5f\x70\x72\x6f\x63\x65\x73\x73\x28\x74\x67\x69\x64\x2c\x70\x69\x64\x29\
\x3b\0\x20\x20\x20\x20\x69\x66\x28\x74\x67\x69\x64\x20\x21\x3d\x20\x70\x69\x64\
\x29\0\x20\x20\x20\x20\x70\x73\x2e\x74\x67\x69\x64\x20\x3d\x20\x74\x67\x69\x64\
\x3b\0\x20\x20\x20\x20\x62\x70\x66\x5f\x6d\x61\x70\x5f\x75\x70\x64\x61\x74\x65\
\x5f\x65\x6c\x65\x6d\x28\x26\x70\x72\x6f\x63\x65\x73\x73\x5f\x6d\x61\x70\x2c\
\x26\x74\x67\x69\x64\x2c\x26\x70\x73\x2c\x42\x50\x46\x5f\x41\x4e\x59\x29\x3b\0\
\x20\x20\x20\x20\x20\x20\x20\x20\x74\x61\x73\x6b\x5f\x75\x73\x65\x2d\x3e\x6c\
\x61\x73\x74\x5f\x65\x6e\x71\x65\x75\x65\x5f\x74\x69\x6d\x65\x20\x3d\x20\x62\
\x70\x66\x5f\x6b\x74\x69\x6d\x65\x5f\x67\x65\x74\x5f\x6e\x73\x28\x29\x3b\0\x20\
\x20\x20\x20\x20\x20\x20\x20\x62\x70\x66\x5f\x6d\x61\x70\x5f\x75\x70\x64\x61\
\x74\x65\x5f\x65\x6c\x65\x6d\x28\x26\x74\x61\x73\x6b\x5f\x63\x70\x75\x5f\x75\
\x73\x61\x67\x65\x5f\x6d\x61\x70\x2c\x26\x70\x69\x64\x2c\x74\x61\x73\x6b\x5f\
\x75\x73\x65\x2c\x42\x50\x46\x5f\x41\x4e\x59\x29\x3b\0\x20\x20\x20\x20\x20\x20\
\x20\x20\x70\x73\x2d\x3e\x6b\x69\x64\x73\x5f\x6c\x65\x6e\x67\x74\x68\x20\x2b\
\x3d\x20\x31\x3b\0\x20\x20\x20\x20\x20\x20\x20\x20\x62\x70\x66\x5f\x6d\x61\x70\
\x5f\x75\x70\x64\x61\x74\x65\x5f\x65\x6c\x65\x6d\x28\x26\x70\x72\x6f\x63\x65\
\x73\x73\x5f\x6d\x61\x70\x2c\x26\x74\x67\x69\x64\x2c\x70\x73\x2c\x42\x50\x46\
\x5f\x41\x4e\x59\x29\x3b\0\x20\x20\x20\x20\x69\x66\x28\x21\x69\x6e\x69\x74\x5f\
\x63\x70\x75\x73\x5f\x6e\x75\x6d\x29\x7b\0\x20\x20\x20\x20\x20\x20\x20\x20\x6e\
\x72\x5f\x63\x70\x75\x73\x5f\x70\x74\x72\x20\x3d\x20\x62\x70\x66\x5f\x6d\x61\
\x70\x5f\x6c\x6f\x6f\x6b\x75\x70\x5f\x65\x6c\x65\x6d\x28\x26\x63\x70\x75\x5f\
\x75\x73\x72\x5f\x6d\x61\x70\x2c\x26\x7a\x65\x72\x6f\x29\x3b\0\x20\x20\x20\x20\
\x20\x20\x20\x20\x69\x66\x28\x21\x6e\x72\x5f\x63\x70\x75\x73\x5f\x70\x74\x72\
\x29\x7b\0\x20\x20\x20\x20\x20\x20\x20\x20\x6e\x72\x5f\x63\x70\x75\x73\x20\x3d\
\x20\x2a\x6e\x72\x5f\x63\x70\x75\x73\x5f\x70\x74\x72\x3b\0\x20\x20\x20\x20\x20\
\x20\x20\x20\x69\x6e\x69\x74\x5f\x63\x70\x75\x73\x5f\x6e\x75\x6d\x20\x3d\x20\
\x74\x72\x75\x65\x3b\0\x20\x20\x20\x20\x75\x36\x34\x20\x6e\x6f\x77\x20\x3d\x20\
\x62\x70\x66\x5f\x6b\x74\x69\x6d\x65\x5f\x67\x65\x74\x5f\x6e\x73\x28\x29\x3b\0\
\x20\x20\x20\x20\x62\x70\x66\x5f\x6d\x61\x70\x5f\x75\x70\x64\x61\x74\x65\x5f\
\x65\x6c\x65\x6d\x28\x26\x63\x70\x75\x5f\x75\x73\x61\x67\x65\x5f\x70\x65\x72\
\x63\x65\x6e\x74\x5f\x6d\x61\x70\x2c\x26\x63\x70\x75\x5f\x69\x64\x2c\x73\x74\
\x61\x74\x73\x2c\x42\x50\x46\x5f\x41\x4e\x59\x29\x3b\0\x20\x20\x20\x20\x64\x61\
\x74\x61\x2d\x3e\x73\x6f\x66\x74\x69\x72\x71\x5f\x74\x69\x6d\x65\x73\x20\x3d\
\x20\x30\x3b\0\x20\x20\x20\x20\x64\x61\x74\x61\x2d\x3e\x6b\x65\x72\x6e\x65\x6c\
\x5f\x74\x69\x6d\x65\x73\x20\x3d\x20\x30\x3b\0\x20\x20\x20\x20\x62\x70\x66\x5f\
\x6d\x61\x70\x5f\x75\x70\x64\x61\x74\x65\x5f\x65\x6c\x65\x6d\x28\x26\x63\x70\
\x75\x5f\x75\x73\x61\x67\x65\x5f\x74\x69\x6d\x65\x73\x5f\x6d\x61\x70\x2c\x26\
\x63\x70\x75\x5f\x69\x64\x2c\x64\x61\x74\x61\x2c\x42\x50\x46\x5f\x41\x4e\x59\
\x29\x3b\0\x20\x20\x20\x20\x72\x69\x6e\x67\x62\x75\x66\x5f\x64\x61\x74\x61\x20\
\x3d\x20\x62\x70\x66\x5f\x72\x69\x6e\x67\x62\x75\x66\x5f\x72\x65\x73\x65\x72\
\x76\x65\x28\x26\x63\x70\x75\x5f\x75\x73\x61\x67\x65\x5f\x62\x75\x66\x66\x65\
\x72\x2c\x20\x73\x69\x7a\x65\x6f\x66\x28\x73\x74\x72\x75\x63\x74\x20\x63\x70\
\x75\x5f\x75\x73\x61\x67\x65\x5f\x73\x74\x61\x74\x73\x29\x2c\x20\x30\x29\x3b\0\
\x20\x20\x20\x20\x69\x66\x20\x28\x21\x72\x69\x6e\x67\x62\x75\x66\x5f\x64\x61\
\x74\x61\x29\x20\x7b\0\x20\x20\x20\x20\x20\x20\x20\x20\x6d\x65\x6d\x73\x65\x74\
\x28\x72\x69\x6e\x67\x62\x75\x66\x5f\x64\x61\x74\x61\x2c\x20\x30\x2c\x20\x73\
\x69\x7a\x65\x6f\x66\x28\x73\x74\x72\x75\x63\x74\x20\x63\x70\x75\x5f\x75\x73\
\x61\x67\x65\x5f\x73\x74\x61\x74\x73\x29\x29\x3b\0\x20\x20\x20\x20\x20\x20\x20\
\x20\x72\x69\x6e\x67\x62\x75\x66\x5f\x64\x61\x74\x61\x2d\x3e\x63\x70\x75\x5f\
\x69\x64\x20\x3d\x20\x73\x74\x61\x74\x73\x2d\x3e\x63\x70\x75\x5f\x69\x64\x3b\0\
\x20\x20\x20\x20\x20\x20\x20\x20\x72\x69\x6e\x67\x62\x75\x66\x5f\x64\x61\x74\
\x61\x2d\x3e\x69\x64\x6c\x65\x5f\x70\x65\x72\x63\x65\x6e\x74\x20\x3d\x20\x73\
\x74\x61\x74\x73\x2d\x3e\x69\x64\x6c\x65\x5f\x70\x65\x72\x63\x65\x6e\x74\x3b\0\
\x20\x20\x20\x20\x20\x20\x20\x20\x72\x69\x6e\x67\x62\x75\x66\x5f\x64\x61\x74\
\x61\x2d\x3e\x6b\x65\x72\x6e\x65\x6c\x5f\x70\x65\x72\x63\x65\x6e\x74\x20\x3d\
\x20\x73\x74\x61\x74\x73\x2d\x3e\x6b\x65\x72\x6e\x65\x6c\x5f\x70\x65\x72\x63\
\x65\x6e\x74\x3b\0\x20\x20\x20\x20\x20\x20\x20\x20\x72\x69\x6e\x67\x62\x75\x66\
\x5f\x64\x61\x74\x61\x2d\x3e\x75\x73\x65\x72\x5f\x70\x65\x72\x63\x65\x6e\x74\
\x20\x3d\x20\x73\x74\x61\x74\x73\x2d\x3e\x75\x73\x65\x72\x5f\x70\x65\x72\x63\
\x65\x6e\x74\x3b\0\x20\x20\x20\x20\x20\x20\x20\x20\x62\x70\x66\x5f\x72\x69\x6e\
\x67\x62\x75\x66\x5f\x73\x75\x62\x6d\x69\x74\x28\x72\x69\x6e\x67\x62\x75\x66\
\x5f\x64\x61\x74\x61\x2c\x20\x30\x29\x3b\0\x20\x20\x20\x20\x66\x6f\x72\x28\x63\
\x70\x75\x5f\x69\x64\x20\x3d\x20\x30\x3b\x63\x70\x75\x5f\x69\x64\x20\x3c\x20\
\x31\x32\x38\x20\x26\x26\x20\x63\x70\x75\x5f\x69\x64\x20\x3c\x20\x6e\x72\x5f\
\x63\x70\x75\x73\x3b\x63\x70\x75\x5f\x69\x64\x2b\x2b\x29\x7b\0\x20\x20\x20\x20\
\x20\x20\x20\x20\x63\x75\x72\x5f\x69\x64\x20\x3d\x20\x63\x70\x75\x5f\x69\x64\
\x3b\0\x20\x20\x20\x20\x20\x20\x20\x20\x64\x61\x74\x61\x20\x3d\x20\x62\x70\x66\
\x5f\x6d\x61\x70\x5f\x6c\x6f\x6f\x6b\x75\x70\x5f\x65\x6c\x65\x6d\x28\x26\x63\
\x70\x75\x5f\x75\x73\x61\x67\x65\x5f\x74\x69\x6d\x65\x73\x5f\x6d\x61\x70\x2c\
\x26\x63\x75\x72\x5f\x69\x64\x29\x3b\0\x20\x20\x20\x20\x20\x20\x20\x20\x69\x66\
\x28\x64\x61\x74\x61\x20\x21\x3d\x20\x4e\x55\x4c\x4c\x29\x7b\0\x20\x20\x20\x20\
\x20\x20\x20\x20\x20\x20\x20\x20\x73\x74\x61\x74\x73\x20\x3d\x20\x62\x70\x66\
\x5f\x6d\x61\x70\x5f\x6c\x6f\x6f\x6b\x75\x70\x5f\x65\x6c\x65\x6d\x28\x26\x63\
\x70\x75\x5f\x75\x73\x61\x67\x65\x5f\x70\x65\x72\x63\x65\x6e\x74\x5f\x6d\x61\
\x70\x2c\x26\x63\x75\x72\x5f\x69\x64\x29\x3b\0\x20\x20\x20\x20\x20\x20\x20\x20\
\x20\x20\x20\x20\x69\x66\x28\x21\x73\x74\x61\x74\x73\x29\x7b\0\x20\x20\x20\x20\
\x20\x20\x20\x20\x20\x20\x20\x20\x20\x20\x20\x20\x73\x74\x72\x75\x63\x74\x20\
\x63\x70\x75\x5f\x75\x73\x61\x67\x65\x5f\x73\x74\x61\x74\x73\x20\x69\x6e\x69\
\x74\x5f\x73\x74\x61\x74\x73\x20\x3d\x20\x7b\0\x20\x20\x20\x20\x20\x20\x20\x20\
\x20\x20\x20\x20\x20\x20\x20\x20\x20\x20\x20\x20\x2e\x63\x70\x75\x5f\x69\x64\
\x20\x3d\x20\x63\x75\x72\x5f\x69\x64\x2c\0\x20\x20\x20\x20\x20\x20\x20\x20\x20\
\x20\x20\x20\x20\x20\x20\x20\x62\x70\x66\x5f\x6d\x61\x70\x5f\x75\x70\x64\x61\
\x74\x65\x5f\x65\x6c\x65\x6d\x28\x26\x63\x70\x75\x5f\x75\x73\x61\x67\x65\x5f\
\x70\x65\x72\x63\x65\x6e\x74\x5f\x6d\x61\x70\x2c\x26\x63\x75\x72\x5f\x69\x64\
\x2c\x26\x69\x6e\x69\x74\x5f\x73\x74\x61\x74\x73\x2c\x42\x50\x46\x5f\x41\x4e\
\x59\x29\x3b\0\x20\x20\x20\x20\x20\x20\x20\x20\x20\x20\x20\x20\x20\x20\x20\x20\
\x73\x74\x61\x74\x73\x20\x3d\x20\x62\x70\x66\x5f\x6d\x61\x70\x5f\x6c\x6f\x6f\
\x6b\x75\x70\x5f\x65\x6c\x65\x6d\x28\x26\x63\x70\x75\x5f\x75\x73\x61\x67\x65\
\x5f\x70\x65\x72\x63\x65\x6e\x74\x5f\x6d\x61\x70\x2c\x26\x63\x75\x72\x5f\x69\
\x64\x29\x3b\0\x20\x20\x20\x20\x20\x20\x20\x20\x20\x20\x20\x20\x64\x61\x74\x61\
\x2d\x3e\x6c\x61\x73\x74\x5f\x63\x6c\x65\x61\x72\x5f\x74\x69\x6d\x65\x20\x3d\
\x20\x6e\x6f\x77\x3b\0\x20\x20\x20\x20\x20\x20\x20\x20\x20\x20\x20\x20\x72\x65\
\x73\x20\x3d\x20\x5f\x5f\x75\x70\x64\x61\x74\x65\x5f\x70\x65\x72\x63\x70\x75\
\x5f\x75\x73\x61\x67\x65\x5f\x70\x65\x72\x63\x65\x6e\x74\x28\x63\x75\x72\x5f\
\x69\x64\x2c\x64\x61\x74\x61\x2c\x73\x74\x61\x74\x73\x29\x3b\0\x20\x20\x20\x20\
\x73\x74\x61\x74\x73\x2d\x3e\x63\x70\x75\x5f\x69\x64\x20\x3d\x20\x63\x70\x75\
\x5f\x69\x64\x3b\0\x20\x20\x20\x20\x69\x66\x28\x73\x74\x61\x74\x73\x2d\x3e\x69\
\x64\x6c\x65\x5f\x70\x65\x72\x63\x65\x6e\x74\x20\x3d\x3d\x20\x30\x20\x26\x26\
\x20\x73\x74\x61\x74\x73\x2d\x3e\x6b\x65\x72\x6e\x65\x6c\x5f\x70\x65\x72\x63\
\x65\x6e\x74\x20\x3d\x3d\x20\x30\x20\x26\x26\x20\x73\x74\x61\x74\x73\x2d\x3e\
\x75\x73\x65\x72\x5f\x70\x65\x72\x63\x65\x6e\x74\x20\x3d\x3d\x20\x30\x29\x7b\0\
\x20\x20\x20\x20\x20\x20\x20\x20\x73\x74\x61\x74\x73\x2d\x3e\x6b\x65\x72\x6e\
\x65\x6c\x5f\x70\x65\x72\x63\x65\x6e\x74\x20\x3d\x20\x73\x74\x61\x74\x73\x2d\
\x3e\x6b\x65\x72\x6e\x65\x6c\x5f\x70\x65\x72\x63\x65\x6e\x74\x2a\x36\x30\x2f\
\x31\x30\x30\x20\x2b\x20\x64\x61\x74\x61\x2d\x3e\x6b\x65\x72\x6e\x65\x6c\x5f\
\x74\x69\x6d\x65\x73\x20\x2a\x34\x30\x2f\x48\x41\x4c\x46\x5f\x53\x45\x43\x4f\
\x4e\x44\x3b\0\x20\x20\x20\x20\x20\x20\x20\x20\x73\x74\x61\x74\x73\x2d\x3e\x75\
\x73\x65\x72\x5f\x70\x65\x72\x63\x65\x6e\x74\x20\x3d\x20\x73\x74\x61\x74\x73\
\x2d\x3e\x75\x73\x65\x72\x5f\x70\x65\x72\x63\x65\x6e\x74\x20\x2a\x20\x36\x30\
\x2f\x31\x30\x30\x20\x2b\x20\x64\x61\x74\x61\x2d\x3e\x75\x73\x72\x5f\x74\x69\
\x6d\x65\x73\x20\x2a\x20\x34\x30\x20\x2f\x20\x48\x41\x4c\x46\x5f\x53\x45\x43\
\x4f\x4e\x44\x3b\0\x20\x20\x20\x20\x20\x20\x20\x20\x73\x74\x61\x74\x73\x2d\x3e\
\x69\x64\x6c\x65\x5f\x70\x65\x72\x63\x65\x6e\x74\x20\x3d\x20\x73\x74\x61\x74\
\x73\x2d\x3e\x69\x64\x6c\x65\x5f\x70\x65\x72\x63\x65\x6e\x74\x2a\x36\x30\x2f\
\x31\x30\x30\x20\x2b\x20\x64\x61\x74\x61\x2d\x3e\x69\x64\x6c\x65\x5f\x74\x69\
\x6d\x65\x73\x2a\x34\x30\x2f\x48\x41\x4c\x46\x5f\x53\x45\x43\x4f\x4e\x44\x3b\0\
\x20\x20\x20\x20\x20\x20\x20\x20\x73\x74\x61\x74\x73\x2d\x3e\x73\x6f\x66\x74\
\x69\x72\x71\x5f\x70\x65\x72\x63\x65\x6e\x74\x20\x3d\x20\x73\x74\x61\x74\x73\
\x2d\x3e\x73\x6f\x66\x74\x69\x72\x71\x5f\x70\x65\x72\x63\x65\x6e\x74\x2a\x36\
\x30\x2f\x31\x30\x30\x20\x2b\x20\x64\x61\x74\x61\x2d\x3e\x73\x6f\x66\x74\x69\
\x72\x71\x5f\x74\x69\x6d\x65\x73\x2a\x34\x30\x20\x2f\x20\x48\x41\x4c\x46\x5f\
\x53\x45\x43\x4f\x4e\x44\x3b\0\x20\x20\x20\x20\x20\x20\x20\x20\x73\x74\x61\x74\
\x73\x2d\x3e\x69\x72\x71\x5f\x70\x65\x72\x63\x65\x6e\x74\x20\x3d\x20\x73\x74\
\x61\x74\x73\x2d\x3e\x69\x64\x6c\x65\x5f\x70\x65\x72\x63\x65\x6e\x74\x2a\x36\
\x30\x2f\x31\x30\x30\x20\x2b\x20\x64\x61\x74\x61\x2d\x3e\x69\x72\x71\x5f\x74\
\x69\x6d\x65\x73\x2a\x34\x30\x20\x2f\x20\x48\x41\x4c\x46\x5f\x53\x45\x43\x4f\
\x4e\x44\x3b\0\x20\x20\x20\x20\x20\x20\x20\x20\x20\x20\x20\x20\x62\x70\x66\x5f\
\x70\x72\x69\x6e\x74\x6b\x28\x22\x64\x61\x74\x61\x20\x6e\x6f\x74\x20\x66\x6f\
\x75\x6e\x64\x20\x66\x6f\x72\x20\x63\x70\x75\x20\x25\x75\x5c\x6e\x22\x2c\x20\
\x63\x75\x72\x5f\x69\x64\x29\x3b\0\x20\x20\x20\x20\x20\x20\x20\x20\x73\x74\x61\
\x74\x73\x2d\x3e\x75\x73\x65\x72\x5f\x70\x65\x72\x63\x65\x6e\x74\x20\x3d\x20\
\x64\x61\x74\x61\x2d\x3e\x75\x73\x72\x5f\x74\x69\x6d\x65\x73\x20\x2a\x20\x31\
\x30\x30\x20\x2f\x20\x48\x41\x4c\x46\x5f\x53\x45\x43\x4f\x4e\x44\x3b\0\x20\x20\
\x20\x20\x20\x20\x20\x20\x73\x74\x61\x74\x73\x2d\x3e\x6b\x65\x72\x6e\x65\x6c\
\x5f\x70\x65\x72\x63\x65\x6e\x74\x20\x3d\x20\x64\x61\x74\x61\x2d\x3e\x6b\x65\
\x72\x6e\x65\x6c\x5f\x74\x69\x6d\x65\x73\x20\x2a\x20\x31\x30\x30\x20\x2f\x20\
\x48\x41\x4c\x46\x5f\x53\x45\x43\x4f\x4e\x44\x3b\0\x20\x20\x20\x20\x20\x20\x20\
\x20\x73\x74\x61\x74\x73\x2d\x3e\x69\x64\x6c\x65\x5f\x70\x65\x72\x63\x65\x6e\
\x74\x20\x3d\x20\x64\x61\x74\x61\x2d\x3e\x69\x64\x6c\x65\x5f\x74\x69\x6d\x65\
\x73\x20\x2a\x31\x30\x30\x20\x2f\x20\x48\x41\x4c\x46\x5f\x53\x45\x43\x4f\x4e\
\x44\x3b\0\x20\x20\x20\x20\x20\x20\x20\x20\x73\x74\x61\x74\x73\x2d\x3e\x73\x6f\
\x66\x74\x69\x72\x71\x5f\x70\x65\x72\x63\x65\x6e\x74\x20\x3d\x20\x64\x61\x74\
\x61\x2d\x3e\x73\x6f\x66\x74\x69\x72\x71\x5f\x74\x69\x6d\x65\x73\x2a\x31\x30\
\x30\x20\x2f\x20\x48\x41\x4c\x46\x5f\x53\x45\x43\x4f\x4e\x44\x3b\0\x20\x20\x20\
\x20\x20\x20\x20\x20\x73\x74\x61\x74\x73\x2d\x3e\x69\x72\x71\x5f\x70\x65\x72\
\x63\x65\x6e\x74\x20\x3d\x20\x64\x61\x74\x61\x2d\x3e\x69\x72\x71\x5f\x74\x69\
\x6d\x65\x73\x2a\x31\x30\x30\x20\x2f\x20\x48\x41\x4c\x46\x5f\x53\x45\x43\x4f\
\x4e\x44\x3b\0\x20\x20\x20\x20\x20\x20\x20\x20\x20\x20\x20\x20\x62\x70\x66\x5f\
\x70\x72\x69\x6e\x74\x6b\x28\x22\x67\x65\x74\x20\x63\x70\x75\x20\x6e\x75\x6d\
\x73\x20\x65\x72\x72\x6f\x72\x5c\x6e\x22\x29\x3b\0\x20\x20\x20\x20\x20\x20\x20\
\x20\x62\x70\x66\x5f\x70\x72\x69\x6e\x74\x6b\x28\x22\x52\x69\x6e\x67\x20\x62\
\x75\x66\x66\x65\x72\x20\x72\x65\x73\x65\x72\x76\x65\x20\x66\x61\x69\x6c\x65\
\x64\x5c\x6e\x22\x29\x3b\0\x20\x20\x20\x20\x20\x20\x20\x20\x62\x70\x66\x5f\x70\
\x72\x69\x6e\x74\x6b\x28\x22\x75\x70\x64\x61\x74\x65\x20\x65\x72\x72\x6f\x72\
\x5c\x6e\x22\x29\x3b\0\x7d\0\x20\x20\x20\x20\x73\x74\x72\x75\x63\x74\x20\x72\
\x75\x6e\x71\x6c\x61\x74\x5f\x70\x65\x72\x66\x5f\x64\x61\x74\x61\x20\x2a\x62\
\x75\x66\x66\x20\x3d\x20\x62\x70\x66\x5f\x72\x69\x6e\x67\x62\x75\x66\x5f\x72\
\x65\x73\x65\x72\x76\x65\x28\x26\x72\x75\x6e\x71\x6c\x61\x74\x5f\x62\x75\x66\
\x66\x65\x72\x2c\x73\x69\x7a\x65\x6f\x66\x28\x73\x74\x72\x75\x63\x74\x20\x72\
\x75\x6e\x71\x6c\x61\x74\x5f\x70\x65\x72\x66\x5f\x64\x61\x74\x61\x29\x2c\x30\
\x29\x3b\0\x20\x20\x20\x20\x69\x66\x28\x21\x62\x75\x66\x66\x29\0\x20\x20\x20\
\x20\x20\x20\x20\x20\x62\x70\x66\x5f\x70\x72\x69\x6e\x74\x6b\x28\x22\x72\x75\
\x6e\x71\x6c\x61\x74\x20\x72\x69\x6e\x67\x62\x75\x66\x66\x20\x72\x65\x73\x65\
\x72\x76\x65\x20\x66\x61\x69\x6c\x65\x64\x5c\x6e\x22\x29\x3b\0\x20\x20\x20\x20\
\x20\x20\x20\x20\x72\x65\x74\x75\x72\x6e\x20\x30\x3b\0\x20\x20\x20\x20\x6d\x65\
\x6d\x73\x65\x74\x28\x62\x75\x66\x66\x2c\x30\x2c\x73\x69\x7a\x65\x6f\x66\x28\
\x73\x74\x72\x75\x63\x74\x20\x72\x75\x6e\x71\x6c\x61\x74\x5f\x70\x65\x72\x66\
\x5f\x64\x61\x74\x61\x29\x29\x3b\0\x20\x20\x20\x20\x20\x20\x20\x20\x75\x33\x32\
\x20\x69\x20\x3d\x20\x69\x6e\x64\x65\x78\x3b\0\x20\x20\x20\x20\x20\x20\x20\x20\
\x75\x33\x32\x20\x2a\x73\x69\x7a\x65\x20\x3d\x20\x62\x70\x66\x5f\x6d\x61\x70\
\x5f\x6c\x6f\x6f\x6b\x75\x70\x5f\x65\x6c\x65\x6d\x28\x26\x72\x75\x6e\x71\x6c\
\x61\x74\x5f\x6d\x61\x70\x2c\x26\x69\x29\x3b\0\x20\x20\x20\x20\x20\x20\x20\x20\
\x69\x66\x28\x21\x73\x69\x7a\x65\x29\0\x20\x20\x20\x20\x20\x20\x20\x20\x20\x20\
\x20\x20\x62\x75\x66\x66\x2d\x3e\x64\x61\x74\x61\x5b\x69\x6e\x64\x65\x78\x5d\
\x20\x3d\x20\x2a\x73\x69\x7a\x65\x3b\0\x20\x20\x20\x20\x62\x70\x66\x5f\x72\x69\
\x6e\x67\x62\x75\x66\x5f\x73\x75\x62\x6d\x69\x74\x28\x62\x75\x66\x66\x2c\x30\
\x29\x3b\0\x20\x20\x20\x20\x72\x65\x74\x75\x72\x6e\x20\x30\x3b\0\x20\x20\x20\
\x20\x73\x74\x72\x75\x63\x74\x20\x72\x75\x6e\x71\x6c\x61\x74\x5f\x70\x65\x72\
\x66\x5f\x64\x61\x74\x61\x20\x2a\x62\x75\x66\x66\x20\x3d\x20\x62\x70\x66\x5f\
\x72\x69\x6e\x67\x62\x75\x66\x5f\x72\x65\x73\x65\x72\x76\x65\x28\x26\x72\x75\
\x6e\x71\x6c\x61\x74\x5f\x77\x69\x74\x68\x6f\x75\x74\x5f\x62\x61\x64\x5f\x62\
\x75\x66\x66\x65\x72\x2c\x73\x69\x7a\x65\x6f\x66\x28\x73\x74\x72\x75\x63\x74\
\x20\x72\x75\x6e\x71\x6c\x61\x74\x5f\x70\x65\x72\x66\x5f\x64\x61\x74\x61\x29\
\x2c\x30\x29\x3b\0\x20\x20\x20\x20\x20\x20\x20\x20\x75\x33\x32\x20\x2a\x73\x69\
\x7a\x65\x20\x3d\x20\x62\x70\x66\x5f\x6d\x61\x70\x5f\x6c\x6f\x6f\x6b\x75\x70\
\x5f\x65\x6c\x65\x6d\x28\x26\x72\x75\x6e\x71\x6c\x61\x74\x5f\x77\x69\x74\x68\
\x6f\x75\x74\x5f\x62\x61\x64\x5f\x6d\x61\x70\x2c\x26\x69\x29\x3b\0\x69\x6e\x74\
\x20\x42\x50\x46\x5f\x50\x52\x4f\x47\x28\x68\x61\x6e\x64\x6c\x65\x5f\x73\x63\
\x68\x65\x64\x5f\x77\x61\x6b\x65\x75\x70\x5f\x6e\x65\x77\x2c\x20\x73\x74\x72\
\x75\x63\x74\x20\x74\x61\x73\x6b\x5f\x73\x74\x72\x75\x63\x74\x20\x2a\x70\x29\
\x7b\0\x69\x6e\x74\x20\x68\x61\x6e\x64\x6c\x65\x5f\x74\x61\x73\x6b\x5f\x63\x72\
\x65\x61\x74\x65\x28\x73\x74\x72\x75\x63\x74\x20\x74\x72\x61\x63\x65\x5f\x65\
\x76\x65\x6e\x74\x5f\x72\x61\x77\x5f\x73\x63\x68\x65\x64\x5f\x70\x72\x6f\x63\
\x65\x73\x73\x5f\x66\x6f\x72\x6b\x20\x2a\x63\x74\x78\x29\x7b\0\x20\x20\x20\x20\
\x75\x33\x32\x20\x70\x69\x64\x5f\x6e\x65\x77\x20\x3d\x20\x63\x74\x78\x2d\x3e\
\x63\x68\x69\x6c\x64\x5f\x70\x69\x64\x3b\0\x20\x20\x20\x20\x73\x74\x72\x75\x63\
\x74\x20\x74\x61\x73\x6b\x5f\x63\x70\x75\x5f\x75\x73\x61\x67\x65\x20\x2a\x74\
\x6b\x20\x3d\x20\x62\x70\x66\x5f\x6d\x61\x70\x5f\x6c\x6f\x6f\x6b\x75\x70\x5f\
\x65\x6c\x65\x6d\x28\x26\x74\x61\x73\x6b\x5f\x63\x70\x75\x5f\x75\x73\x61\x67\
\x65\x5f\x6d\x61\x70\x2c\x26\x70\x69\x64\x5f\x6e\x65\x77\x29\x3b\0\x20\x20\x20\
\x20\x69\x66\x28\x21\x74\x6b\x29\x7b\0\x20\x20\x20\x20\x20\x20\x20\x20\x73\x74\
\x72\x75\x63\x74\x20\x74\x61\x73\x6b\x5f\x69\x6e\x66\x6f\x5f\x73\x69\x6d\x70\
\x6c\x65\x20\x69\x6e\x66\x6f\x20\x3d\x20\x7b\0\x20\x20\x20\x20\x20\x20\x20\x20\
\x20\x20\x20\x20\x20\x20\x20\x20\x2e\x70\x69\x64\x20\x3d\x20\x70\x69\x64\x5f\
\x6e\x65\x77\x2c\0\x20\x20\x20\x20\x20\x20\x20\x20\x62\x70\x66\x5f\x70\x72\x6f\
\x62\x65\x5f\x72\x65\x61\x64\x5f\x6b\x65\x72\x6e\x65\x6c\x5f\x73\x74\x72\x28\
\x69\x6e\x66\x6f\x2e\x63\x6f\x6d\x6d\x2c\x73\x69\x7a\x65\x6f\x66\x28\x63\x74\
\x78\x2d\x3e\x63\x68\x69\x6c\x64\x5f\x63\x6f\x6d\x6d\x29\x2c\x63\x74\x78\x2d\
\x3e\x63\x68\x69\x6c\x64\x5f\x63\x6f\x6d\x6d\x29\x3b\0\x20\x20\x20\x20\x20\x20\
\x20\x20\x62\x70\x66\x5f\x6d\x61\x70\x5f\x75\x70\x64\x61\x74\x65\x5f\x65\x6c\
\x65\x6d\x28\x26\x74\x61\x73\x6b\x5f\x63\x70\x75\x5f\x75\x73\x61\x67\x65\x5f\
\x6d\x61\x70\x2c\x26\x70\x69\x64\x5f\x6e\x65\x77\x2c\x26\x69\x6e\x69\x74\x5f\
\x74\x61\x73\x6b\x2c\x42\x50\x46\x5f\x41\x4e\x59\x29\x3b\0\x20\x20\x20\x20\x75\
\x36\x34\x20\x70\x69\x64\x5f\x74\x67\x69\x64\x20\x3d\x20\x62\x70\x66\x5f\x67\
\x65\x74\x5f\x63\x75\x72\x72\x65\x6e\x74\x5f\x70\x69\x64\x5f\x74\x67\x69\x64\
\x28\x29\x3b\0\x20\x20\x20\x20\x75\x33\x32\x20\x70\x69\x64\x20\x3d\x20\x70\x69\
\x64\x5f\x74\x67\x69\x64\x20\x26\x20\x30\x78\x46\x46\x46\x46\x46\x46\x46\x46\
\x3b\x20\x20\0\x20\x20\x20\x20\x75\x33\x32\x20\x74\x67\x69\x64\x20\x3d\x20\x70\
\x69\x64\x5f\x74\x67\x69\x64\x20\x3e\x3e\x20\x33\x32\x3b\x20\x20\0\x20\x20\x20\
\x20\x69\x66\x28\x70\x69\x64\x20\x3d\x3d\x20\x30\x20\x7c\x7c\x20\x74\x67\x69\
\x64\x20\x3d\x3d\x20\x30\x29\0\x20\x20\x20\x20\x62\x70\x66\x5f\x6d\x61\x70\x5f\
\x64\x65\x6c\x65\x74\x65\x5f\x65\x6c\x65\x6d\x28\x26\x74\x61\x73\x6b\x5f\x63\
\x70\x75\x5f\x75\x73\x61\x67\x65\x5f\x6d\x61\x70\x2c\x26\x70\x69\x64\x29\x3b\0\
\x20\x20\x20\x20\x69\x66\x28\x70\x73\x20\x21\x3d\x20\x4e\x55\x4c\x4c\x29\x7b\0\
\x20\x20\x20\x20\x20\x20\x20\x20\x69\x66\x28\x70\x73\x2d\x3e\x6b\x69\x64\x73\
\x5f\x6c\x65\x6e\x67\x74\x68\x20\x3e\x20\x30\x29\0\x20\x20\x20\x20\x20\x20\x20\
\x20\x20\x20\x20\x20\x70\x73\x2d\x3e\x6b\x69\x64\x73\x5f\x6c\x65\x6e\x67\x74\
\x68\x20\x2d\x3d\x20\x31\x3b\0\x20\x20\x20\x20\x20\x20\x20\x20\x75\x33\x32\x20\
\x2a\x69\x6e\x20\x3d\x20\x62\x70\x66\x5f\x6d\x61\x70\x5f\x6c\x6f\x6f\x6b\x75\
\x70\x5f\x65\x6c\x65\x6d\x28\x26\x74\x68\x72\x65\x61\x64\x5f\x6f\x63\x63\x75\
\x70\x69\x65\x64\x5f\x6d\x61\x70\x2c\x26\x70\x69\x64\x29\x3b\0\x20\x20\x20\x20\
\x20\x20\x20\x20\x69\x66\x28\x69\x6e\x20\x21\x3d\x20\x4e\x55\x4c\x4c\x29\x7b\0\
\x20\x20\x20\x20\x20\x20\x20\x20\x20\x20\x20\x20\x62\x70\x66\x5f\x6d\x61\x70\
\x5f\x64\x65\x6c\x65\x74\x65\x5f\x65\x6c\x65\x6d\x28\x26\x74\x68\x72\x65\x61\
\x64\x5f\x6f\x63\x63\x75\x70\x69\x65\x64\x5f\x6d\x61\x70\x2c\x26\x70\x69\x64\
\x29\x3b\0\x20\x20\x20\x20\x20\x20\x20\x20\x62\x70\x66\x5f\x6d\x61\x70\x5f\x64\
\x65\x6c\x65\x74\x65\x5f\x65\x6c\x65\x6d\x28\x26\x74\x61\x73\x6b\x5f\x74\x72\
\x61\x63\x65\x5f\x64\x61\x74\x61\x5f\x6d\x61\x70\x2c\x26\x70\x69\x64\x29\x3b\0\
\x20\x20\x20\x20\x20\x20\x20\x20\x69\x66\x28\x70\x73\x21\x3d\x4e\x55\x4c\x4c\
\x20\x26\x26\x20\x70\x73\x2d\x3e\x6b\x69\x64\x73\x5f\x6c\x65\x6e\x67\x74\x68\
\x20\x3d\x3d\x20\x30\x29\0\x20\x20\x20\x20\x20\x20\x20\x20\x20\x20\x20\x20\x62\
\x70\x66\x5f\x6d\x61\x70\x5f\x64\x65\x6c\x65\x74\x65\x5f\x65\x6c\x65\x6d\x28\
\x26\x70\x72\x6f\x63\x65\x73\x73\x5f\x6d\x61\x70\x2c\x26\x74\x67\x69\x64\x29\
\x3b\0\x20\x20\x20\x20\x20\x20\x20\x20\x20\x20\x20\x20\x69\x6e\x20\x3d\x20\x62\
\x70\x66\x5f\x6d\x61\x70\x5f\x6c\x6f\x6f\x6b\x75\x70\x5f\x65\x6c\x65\x6d\x28\
\x26\x70\x72\x6f\x63\x65\x73\x73\x5f\x6f\x63\x63\x75\x70\x69\x65\x64\x5f\x6d\
\x61\x70\x2c\x26\x74\x67\x69\x64\x29\x3b\0\x20\x20\x20\x20\x20\x20\x20\x20\x20\
\x20\x20\x20\x69\x66\x28\x69\x6e\x20\x21\x3d\x20\x4e\x55\x4c\x4c\x29\x7b\0\x20\
\x20\x20\x20\x20\x20\x20\x20\x20\x20\x20\x20\x20\x20\x20\x20\x62\x70\x66\x5f\
\x6d\x61\x70\x5f\x64\x65\x6c\x65\x74\x65\x5f\x65\x6c\x65\x6d\x28\x26\x70\x72\
\x6f\x63\x65\x73\x73\x5f\x6f\x63\x63\x75\x70\x69\x65\x64\x5f\x6d\x61\x70\x2c\
\x26\x74\x67\x69\x64\x29\x3b\0\x69\x6e\x74\x20\x42\x50\x46\x5f\x50\x52\x4f\x47\
\x28\x68\x61\x6e\x64\x6c\x65\x5f\x74\x61\x73\x6b\x5f\x65\x78\x69\x74\x29\x7b\0\
\x69\x6e\x74\x20\x72\x65\x63\x6f\x72\x64\x5f\x74\x61\x73\x6b\x5f\x73\x77\x69\
\x74\x63\x68\x28\x73\x74\x72\x75\x63\x74\x20\x74\x72\x61\x63\x65\x5f\x65\x76\
\x65\x6e\x74\x5f\x72\x61\x77\x5f\x73\x63\x68\x65\x64\x5f\x73\x77\x69\x74\x63\
\x68\x20\x2a\x63\x74\x78\x29\0\x20\x20\x20\x20\x75\x33\x32\x20\x70\x72\x65\x76\
\x5f\x70\x69\x64\x20\x3d\x20\x63\x74\x78\x2d\x3e\x70\x72\x65\x76\x5f\x70\x69\
\x64\x3b\0\x20\x20\x20\x20\x75\x33\x32\x20\x6e\x65\x78\x74\x5f\x70\x69\x64\x20\
\x3d\x20\x63\x74\x78\x2d\x3e\x6e\x65\x78\x74\x5f\x70\x69\x64\x3b\0\x20\x20\x20\
\x20\x63\x70\x75\x5f\x75\x73\x61\x67\x65\x20\x3d\x20\x62\x70\x66\x5f\x6d\x61\
\x70\x5f\x6c\x6f\x6f\x6b\x75\x70\x5f\x65\x6c\x65\x6d\x28\x26\x63\x70\x75\x5f\
\x75\x73\x61\x67\x65\x5f\x74\x69\x6d\x65\x73\x5f\x6d\x61\x70\x2c\x20\x26\x63\
\x70\x75\x5f\x69\x64\x29\x3b\0\x20\x20\x20\x20\x69\x66\x20\x28\x63\x70\x75\x5f\
\x75\x73\x61\x67\x65\x20\x3d\x3d\x20\x4e\x55\x4c\x4c\x29\x20\x7b\0\x20\x20\x20\
\x20\x20\x20\x20\x20\x73\x74\x72\x75\x63\x74\x20\x63\x70\x75\x5f\x75\x73\x61\
\x67\x65\x5f\x74\x69\x6d\x65\x73\x20\x69\x6e\x69\x74\x5f\x63\x70\x75\x20\x3d\
\x20\x7b\x7d\x3b\0\x20\x20\x20\x20\x20\x20\x20\x20\x62\x70\x66\x5f\x6d\x61\x70\
\x5f\x75\x70\x64\x61\x74\x65\x5f\x65\x6c\x65\x6d\x28\x26\x63\x70\x75\x5f\x75\
\x73\x61\x67\x65\x5f\x74\x69\x6d\x65\x73\x5f\x6d\x61\x70\x2c\x20\x26\x63\x70\
\x75\x5f\x69\x64\x2c\x20\x26\x69\x6e\x69\x74\x5f\x63\x70\x75\x2c\x20\x42\x50\
\x46\x5f\x41\x4e\x59\x29\x3b\0\x20\x20\x20\x20\x20\x20\x20\x20\x73\x74\x72\x75\
\x63\x74\x20\x63\x70\x75\x5f\x75\x73\x61\x67\x65\x5f\x73\x74\x61\x74\x73\x20\
\x69\x6e\x69\x74\x5f\x73\x74\x61\x74\x73\x20\x3d\x20\x7b\0\x20\x20\x20\x20\x20\
\x20\x20\x20\x20\x20\x20\x20\x2e\x63\x70\x75\x5f\x69\x64\x20\x3d\x20\x63\x70\
\x75\x5f\x69\x64\x2c\0\x20\x20\x20\x20\x20\x20\x20\x20\x62\x70\x66\x5f\x6d\x61\
\x70\x5f\x75\x70\x64\x61\x74\x65\x5f\x65\x6c\x65\x6d\x28\x26\x63\x70\x75\x5f\
\x75\x73\x61\x67\x65\x5f\x70\x65\x72\x63\x65\x6e\x74\x5f\x6d\x61\x70\x2c\x20\
\x26\x63\x70\x75\x5f\x69\x64\x2c\x20\x26\x69\x6e\x69\x74\x5f\x73\x74\x61\x74\
\x73\x2c\x20\x42\x50\x46\x5f\x41\x4e\x59\x29\x3b\0\x20\x20\x20\x20\x69\x66\x20\
\x28\x63\x70\x75\x5f\x75\x73\x61\x67\x65\x20\x3d\x3d\x20\x4e\x55\x4c\x4c\x29\
\x20\x72\x65\x74\x75\x72\x6e\x20\x2d\x31\x3b\0\x20\x20\x20\x20\x69\x66\x28\x70\
\x72\x65\x76\x5f\x70\x69\x64\x20\x21\x3d\x20\x30\x29\x7b\0\x20\x20\x20\x20\x20\
\x20\x20\x20\x73\x74\x72\x75\x63\x74\x20\x74\x61\x73\x6b\x5f\x63\x70\x75\x5f\
\x75\x73\x61\x67\x65\x20\x2a\x70\x72\x65\x5f\x75\x73\x61\x67\x65\x20\x3d\x20\
\x62\x70\x66\x5f\x6d\x61\x70\x5f\x6c\x6f\x6f\x6b\x75\x70\x5f\x65\x6c\x65\x6d\
\x28\x26\x74\x61\x73\x6b\x5f\x63\x70\x75\x5f\x75\x73\x61\x67\x65\x5f\x6d\x61\
\x70\x2c\x20\x26\x70\x72\x65\x76\x5f\x70\x69\x64\x29\x3b\0\x20\x20\x20\x20\x20\
\x20\x20\x20\x69\x66\x20\x28\x21\x70\x72\x65\x5f\x75\x73\x61\x67\x65\x29\x20\
\x7b\0\x20\x20\x20\x20\x20\x20\x20\x20\x20\x20\x20\x20\x20\x20\x20\x20\x2e\x70\
\x69\x64\x20\x3d\x20\x70\x72\x65\x76\x5f\x70\x69\x64\x2c\0\x20\x20\x20\x20\x20\
\x20\x20\x20\x20\x20\x20\x20\x73\x74\x72\x75\x63\x74\x20\x74\x61\x73\x6b\x5f\
\x69\x6e\x66\x6f\x5f\x73\x69\x6d\x70\x6c\x65\x20\x69\x6e\x66\x6f\x20\x3d\x20\
\x7b\0\x20\x20\x20\x20\x20\x20\x20\x20\x20\x20\x20\x20\x20\x20\x20\x20\x2e\x63\
\x70\x75\x5f\x69\x64\x20\x3d\x20\x63\x70\x75\x5f\x69\x64\0\x20\x20\x20\x20\x20\
\x20\x20\x20\x20\x20\x20\x20\x62\x70\x66\x5f\x70\x72\x6f\x62\x65\x5f\x72\x65\
\x61\x64\x5f\x6b\x65\x72\x6e\x65\x6c\x5f\x73\x74\x72\x28\x69\x6e\x66\x6f\x2e\
\x63\x6f\x6d\x6d\x2c\x73\x69\x7a\x65\x6f\x66\x28\x63\x74\x78\x2d\x3e\x70\x72\
\x65\x76\x5f\x63\x6f\x6d\x6d\x29\x2c\x63\x74\x78\x2d\x3e\x70\x72\x65\x76\x5f\
\x63\x6f\x6d\x6d\x29\x3b\0\x20\x20\x20\x20\x20\x20\x20\x20\x20\x20\x20\x20\x69\
\x6e\x69\x74\x5f\x74\x61\x73\x6b\x2e\x74\x61\x73\x6b\x5f\x69\x6e\x66\x6f\x20\
\x3d\x20\x69\x6e\x66\x6f\x3b\0\x20\x20\x20\x20\x20\x20\x20\x20\x20\x20\x20\x20\
\x6d\x65\x6d\x73\x65\x74\x28\x26\x69\x6e\x69\x74\x5f\x74\x61\x73\x6b\x2c\x30\
\x2c\x73\x69\x7a\x65\x6f\x66\x28\x73\x74\x72\x75\x63\x74\x20\x74\x61\x73\x6b\
\x5f\x63\x70\x75\x5f\x75\x73\x61\x67\x65\x29\x29\x3b\0\x20\x20\x20\x20\x20\x20\
\x20\x20\x20\x20\x20\x20\x69\x6e\x69\x74\x5f\x74\x61\x73\x6b\x2e\x6c\x61\x73\
\x74\x5f\x72\x75\x6e\x5f\x74\x69\x6d\x65\x20\x3d\x20\x6e\x6f\x77\x3b\0\x20\x20\
\x20\x20\x20\x20\x20\x20\x20\x20\x20\x20\x69\x6e\x69\x74\x5f\x74\x61\x73\x6b\
\x2e\x6c\x61\x73\x74\x5f\x63\x6c\x65\x61\x72\x5f\x74\x69\x6d\x65\x20\x3d\x20\
\x6e\x6f\x77\x3b\0\x20\x20\x20\x20\x20\x20\x20\x20\x20\x20\x20\x20\x62\x70\x66\
\x5f\x6d\x61\x70\x5f\x75\x70\x64\x61\x74\x65\x5f\x65\x6c\x65\x6d\x28\x26\x74\
\x61\x73\x6b\x5f\x63\x70\x75\x5f\x75\x73\x61\x67\x65\x5f\x6d\x61\x70\x2c\x20\
\x26\x70\x72\x65\x76\x5f\x70\x69\x64\x2c\x20\x26\x69\x6e\x69\x74\x5f\x74\x61\
\x73\x6b\x2c\x20\x42\x50\x46\x5f\x41\x4e\x59\x29\x3b\0\x20\x20\x20\x20\x20\x20\
\x20\x20\x20\x20\x20\x20\x70\x72\x65\x5f\x75\x73\x61\x67\x65\x2d\x3e\x74\x61\
\x73\x6b\x5f\x69\x6e\x66\x6f\x2e\x70\x69\x64\x20\x3d\x20\x70\x72\x65\x76\x5f\
\x70\x69\x64\x3b\0\x20\x20\x20\x20\x20\x20\x20\x20\x20\x20\x20\x20\x69\x66\x20\
\x28\x70\x72\x65\x5f\x75\x73\x61\x67\x65\x2d\x3e\x6c\x61\x73\x74\x5f\x72\x75\
\x6e\x5f\x74\x69\x6d\x65\x20\x21\x3d\x20\x30\x29\x20\x7b\0\x20\x20\x20\x20\x20\
\x20\x20\x20\x20\x20\x20\x20\x20\x20\x20\x20\x69\x66\x20\x28\x70\x72\x65\x5f\
\x75\x73\x61\x67\x65\x2d\x3e\x69\x6e\x5f\x6b\x65\x72\x6e\x65\x6c\x29\x20\x7b\0\
\x20\x20\x20\x20\x20\x20\x20\x20\x20\x20\x20\x20\x20\x20\x20\x20\x75\x36\x34\
\x20\x64\x65\x6c\x74\x61\x20\x3d\x20\x6e\x6f\x77\x20\x2d\x20\x70\x72\x65\x5f\
\x75\x73\x61\x67\x65\x2d\x3e\x6c\x61\x73\x74\x5f\x72\x75\x6e\x5f\x74\x69\x6d\
\x65\x3b\0\x20\x20\x20\x20\x20\x20\x20\x20\x20\x20\x20\x20\x20\x20\x20\x20\x70\
\x72\x65\x5f\x75\x73\x61\x67\x65\x2d\x3e\x74\x6f\x74\x61\x6c\x5f\x74\x69\x6d\
\x65\x5f\x6e\x73\x20\x2b\x3d\x20\x64\x65\x6c\x74\x61\x3b\0\x20\x20\x20\x20\x75\
\x33\x32\x20\x70\x69\x64\x20\x3d\x20\x74\x61\x73\x6b\x5f\x75\x73\x61\x67\x65\
\x2d\x3e\x74\x61\x73\x6b\x5f\x69\x6e\x66\x6f\x2e\x70\x69\x64\x3b\0\x20\x20\x20\
\x20\x69\x66\x28\x74\x61\x73\x6b\x5f\x75\x73\x61\x67\x65\x2d\x3e\x6c\x61\x73\
\x74\x5f\x63\x6c\x65\x61\x72\x5f\x74\x69\x6d\x65\x20\x3d\x3d\x20\x30\x29\0\x20\
\x20\x20\x20\x20\x20\x20\x20\x74\x61\x73\x6b\x5f\x75\x73\x61\x67\x65\x2d\x3e\
\x6c\x61\x73\x74\x5f\x63\x6c\x65\x61\x72\x5f\x74\x69\x6d\x65\x20\x3d\x20\x6e\
\x6f\x77\x3b\0\x20\x20\x20\x20\x69\x66\x28\x21\x74\x61\x73\x6b\x5f\x75\x73\x61\
\x67\x65\x2d\x3e\x61\x6c\x72\x65\x61\x64\x79\x5f\x6f\x75\x74\x70\x75\x74\x20\
\x26\x26\x20\x76\x61\x6c\x75\x65\x20\x3e\x3d\x20\x74\x68\x72\x65\x73\x68\x6f\
\x6c\x64\x20\x26\x26\x20\x6e\x6f\x77\x20\x2d\x20\x74\x61\x73\x6b\x5f\x75\x73\
\x61\x67\x65\x2d\x3e\x6c\x61\x73\x74\x5f\x63\x6c\x65\x61\x72\x5f\x74\x69\x6d\
\x65\x20\x3c\x20\x48\x41\x4c\x46\x5f\x53\x45\x43\x4f\x4e\x44\x29\0\x20\x20\x20\
\x20\x20\x20\x20\x20\x62\x70\x66\x5f\x6d\x61\x70\x5f\x75\x70\x64\x61\x74\x65\
\x5f\x65\x6c\x65\x6d\x28\x26\x74\x68\x72\x65\x61\x64\x5f\x6f\x63\x63\x75\x70\
\x69\x65\x64\x5f\x6d\x61\x70\x2c\x26\x70\x69\x64\x2c\x26\x70\x69\x64\x2c\x42\
\x50\x46\x5f\x41\x4e\x59\x29\x3b\0\x20\x20\x20\x20\x20\x20\x20\x20\x73\x74\x72\
\x75\x63\x74\x20\x74\x61\x73\x6b\x5f\x63\x70\x75\x5f\x75\x73\x61\x67\x65\x20\
\x2a\x62\x75\x66\x66\x20\x3d\x20\x62\x70\x66\x5f\x72\x69\x6e\x67\x62\x75\x66\
\x5f\x72\x65\x73\x65\x72\x76\x65\x28\x26\x74\x61\x73\x6b\x5f\x6f\x63\x63\x75\
\x70\x69\x65\x64\x5f\x62\x75\x66\x66\x65\x72\x2c\x73\x69\x7a\x65\x6f\x66\x28\
\x73\x74\x72\x75\x63\x74\x20\x74\x61\x73\x6b\x5f\x63\x70\x75\x5f\x75\x73\x61\
\x67\x65\x29\x2c\x30\x29\x3b\0\x20\x20\x20\x20\x20\x20\x20\x20\x69\x66\x28\x21\
\x62\x75\x66\x66\x29\x7b\0\x20\x20\x20\x20\x20\x20\x20\x20\x20\x20\x20\x20\x62\
\x70\x66\x5f\x70\x72\x69\x6e\x74\x6b\x28\x22\x74\x68\x65\x20\x74\x61\x73\x6b\
\x5f\x63\x70\x75\x20\x62\x75\x66\x66\x65\x72\x20\x69\x73\x20\x66\x75\x6c\x6c\
\x5c\x6e\x22\x29\x3b\0\x20\x20\x20\x20\x20\x20\x20\x20\x20\x20\x20\x20\x72\x65\
\x74\x75\x72\x6e\x20\x30\x3b\0\x20\x20\x20\x20\x20\x20\x20\x20\x69\x66\x28\x6e\
\x6f\x77\x20\x2d\x20\x74\x61\x73\x6b\x5f\x75\x73\x61\x67\x65\x2d\x3e\x6c\x61\
\x73\x74\x5f\x63\x6c\x65\x61\x72\x5f\x74\x69\x6d\x65\x20\x3e\x20\x48\x41\x4c\
\x46\x5f\x53\x45\x43\x4f\x4e\x44\x29\0\x20\x20\x20\x20\x20\x20\x20\x20\x20\x20\
\x20\x20\x69\x66\x28\x74\x61\x73\x6b\x5f\x75\x73\x61\x67\x65\x2d\x3e\x61\x6c\
\x72\x65\x61\x64\x79\x5f\x6f\x75\x74\x70\x75\x74\x20\x3d\x3d\x20\x66\x61\x6c\
\x73\x65\x29\0\x20\x20\x20\x20\x20\x20\x20\x20\x20\x20\x20\x20\x20\x20\x20\x20\
\x62\x70\x66\x5f\x6d\x61\x70\x5f\x64\x65\x6c\x65\x74\x65\x5f\x65\x6c\x65\x6d\
\x28\x26\x74\x68\x72\x65\x61\x64\x5f\x6f\x63\x63\x75\x70\x69\x65\x64\x5f\x6d\
\x61\x70\x2c\x26\x70\x69\x64\x29\x3b\0\x20\x20\x20\x20\x20\x20\x20\x20\x20\x20\
\x20\x20\x74\x61\x73\x6b\x5f\x75\x73\x61\x67\x65\x2d\x3e\x61\x6c\x72\x65\x61\
\x64\x79\x5f\x6f\x75\x74\x70\x75\x74\x20\x3d\x20\x66\x61\x6c\x73\x65\x3b\0\x20\
\x20\x20\x20\x20\x20\x20\x20\x20\x20\x20\x20\x74\x61\x73\x6b\x5f\x75\x73\x61\
\x67\x65\x2d\x3e\x6c\x61\x73\x74\x5f\x63\x6c\x65\x61\x72\x5f\x74\x69\x6d\x65\
\x20\x3d\x20\x6e\x6f\x77\x3b\0\x20\x20\x20\x20\x20\x20\x20\x20\x20\x20\x20\x20\
\x74\x61\x73\x6b\x5f\x75\x73\x61\x67\x65\x2d\x3e\x75\x73\x65\x72\x5f\x74\x69\
\x6d\x65\x5f\x6e\x73\x20\x3d\x20\x30\x3b\0\x20\x20\x20\x20\x20\x20\x20\x20\x6d\
\x65\x6d\x73\x65\x74\x28\x62\x75\x66\x66\x2c\x30\x2c\x73\x69\x7a\x65\x6f\x66\
\x28\x73\x74\x72\x75\x63\x74\x20\x74\x61\x73\x6b\x5f\x63\x70\x75\x5f\x75\x73\
\x61\x67\x65\x29\x29\x3b\0\x20\x20\x20\x20\x20\x20\x20\x20\x62\x75\x66\x66\x2d\
\x3e\x74\x61\x73\x6b\x5f\x69\x6e\x66\x6f\x20\x3d\x20\x74\x61\x73\x6b\x5f\x75\
\x73\x61\x67\x65\x2d\x3e\x74\x61\x73\x6b\x5f\x69\x6e\x66\x6f\x3b\0\x20\x20\x20\
\x20\x20\x20\x20\x20\x75\x36\x34\x20\x64\x65\x6c\x74\x61\x20\x3d\x20\x28\x48\
\x41\x4c\x46\x5f\x53\x45\x43\x4f\x4e\x44\x20\x2b\x20\x74\x61\x73\x6b\x5f\x75\
\x73\x61\x67\x65\x2d\x3e\x6c\x61\x73\x74\x5f\x63\x6c\x65\x61\x72\x5f\x74\x69\
\x6d\x65\x20\x2d\x20\x6e\x6f\x77\x20\x29\x2a\x31\x30\x20\x2f\x20\x48\x41\x4c\
\x46\x5f\x53\x45\x43\x4f\x4e\x44\x3b\0\x20\x20\x20\x20\x20\x20\x20\x20\x62\x75\
\x66\x66\x2d\x3e\x74\x6f\x74\x61\x6c\x5f\x70\x65\x72\x63\x65\x6e\x74\x20\x3d\
\x20\x74\x61\x73\x6b\x5f\x75\x73\x61\x67\x65\x2d\x3e\x74\x6f\x74\x61\x6c\x5f\
\x74\x69\x6d\x65\x5f\x6e\x73\x20\x2a\x20\x31\x30\x30\x20\x2a\x20\x64\x65\x6c\
\x74\x61\x2f\x20\x48\x41\x4c\x46\x5f\x53\x45\x43\x4f\x4e\x44\x3b\0\x20\x20\x20\
\x20\x20\x20\x20\x20\x62\x75\x66\x66\x2d\x3e\x6b\x65\x72\x6e\x65\x6c\x5f\x70\
\x65\x72\x63\x65\x6e\x74\x20\x3d\x20\x74\x61\x73\x6b\x5f\x75\x73\x61\x67\x65\
\x2d\x3e\x6b\x65\x72\x6e\x65\x6c\x5f\x74\x69\x6d\x65\x5f\x6e\x73\x20\x2f\x20\
\x74\x61\x73\x6b\x5f\x75\x73\x61\x67\x65\x2d\x3e\x74\x6f\x74\x61\x6c\x5f\x74\
\x69\x6d\x65\x5f\x6e\x73\x3b\0\x20\x20\x20\x20\x20\x20\x20\x20\x62\x75\x66\x66\
\x2d\x3e\x75\x73\x65\x72\x5f\x70\x65\x72\x63\x65\x6e\x74\x20\x3d\x20\x74\x61\
\x73\x6b\x5f\x75\x73\x61\x67\x65\x2d\x3e\x75\x73\x65\x72\x5f\x74\x69\x6d\x65\
\x5f\x6e\x73\x20\x2f\x20\x74\x61\x73\x6b\x5f\x75\x73\x61\x67\x65\x2d\x3e\x74\
\x6f\x74\x61\x6c\x5f\x74\x69\x6d\x65\x5f\x6e\x73\x3b\0\x20\x20\x20\x20\x20\x20\
\x20\x20\x62\x70\x66\x5f\x72\x69\x6e\x67\x62\x75\x66\x5f\x73\x75\x62\x6d\x69\
\x74\x28\x62\x75\x66\x66\x2c\x30\x29\x3b\0\x20\x20\x20\x20\x20\x20\x20\x20\x74\
\x61\x73\x6b\x5f\x75\x73\x61\x67\x65\x2d\x3e\x61\x6c\x72\x65\x61\x64\x79\x5f\
\x6f\x75\x74\x70\x75\x74\x20\x3d\x20\x74\x72\x75\x65\x3b\0\x20\x20\x20\x20\x20\
\x20\x20\x20\x69\x66\x28\x74\x61\x73\x6b\x5f\x75\x73\x61\x67\x65\x2d\x3e\x6c\
\x61\x73\x74\x5f\x74\x72\x61\x63\x65\x5f\x74\x69\x6d\x65\x20\x3d\x3d\x20\x30\
\x20\x7c\x7c\x20\x6e\x6f\x77\x20\x2d\x20\x74\x61\x73\x6b\x5f\x75\x73\x61\x67\
\x65\x2d\x3e\x6c\x61\x73\x74\x5f\x74\x72\x61\x63\x65\x5f\x74\x69\x6d\x65\x20\
\x3e\x20\x31\x30\x20\x2a\x20\x48\x41\x4c\x46\x5f\x53\x45\x43\x4f\x4e\x44\x29\
\x2f\x2f\x20\xe9\x97\xb4\xe9\x9a\x94\xe8\x87\xb3\xe5\xb0\x91\x35\x73\0\x20\x20\
\x20\x20\x20\x20\x20\x20\x20\x20\x20\x20\x70\x65\x72\x66\x5f\x74\x61\x73\x6b\
\x5f\x62\x61\x63\x6b\x74\x72\x61\x63\x65\x28\x70\x69\x64\x29\x3b\0\x20\x20\x20\
\x20\x74\x61\x73\x6b\x20\x3d\x20\x62\x70\x66\x5f\x6d\x61\x70\x5f\x6c\x6f\x6f\
\x6b\x75\x70\x5f\x65\x6c\x65\x6d\x28\x26\x74\x61\x73\x6b\x5f\x74\x72\x61\x63\
\x65\x5f\x64\x61\x74\x61\x5f\x6d\x61\x70\x2c\x26\x70\x69\x64\x29\x3b\0\x20\x20\
\x20\x20\x69\x66\x28\x21\x74\x61\x73\x6b\x29\0\x20\x20\x20\x20\x73\x74\x72\x75\
\x63\x74\x20\x74\x61\x73\x6b\x5f\x74\x72\x61\x63\x65\x5f\x65\x76\x65\x6e\x74\
\x20\x2a\x62\x75\x66\x66\x20\x3d\x20\x62\x70\x66\x5f\x72\x69\x6e\x67\x62\x75\
\x66\x5f\x72\x65\x73\x65\x72\x76\x65\x28\x26\x74\x61\x73\x6b\x5f\x62\x61\x63\
\x6b\x74\x72\x61\x63\x65\x5f\x62\x75\x66\x66\x65\x72\x2c\x73\x69\x7a\x65\x6f\
\x66\x28\x73\x74\x72\x75\x63\x74\x20\x74\x61\x73\x6b\x5f\x74\x72\x61\x63\x65\
\x5f\x65\x76\x65\x6e\x74\x29\x2c\x30\x29\x3b\0\x20\x20\x20\x20\x69\x66\x28\x21\
\x62\x75\x66\x66\x29\x7b\0\x20\x20\x20\x20\x20\x20\x20\x20\x62\x70\x66\x5f\x70\
\x72\x69\x6e\x74\x6b\x28\x22\x62\x61\x63\x6b\x74\x72\x61\x63\x65\x20\x62\x75\
\x66\x66\x20\x61\x6c\x6c\x6f\x63\x61\x74\x65\x20\x66\x61\x69\x6c\x65\x64\x5c\
\x6e\x22\x29\x3b\0\x20\x20\x20\x20\x6d\x65\x6d\x73\x65\x74\x28\x62\x75\x66\x66\
\x2c\x30\x2c\x73\x69\x7a\x65\x6f\x66\x28\x73\x74\x72\x75\x63\x74\x20\x74\x61\
\x73\x6b\x5f\x74\x72\x61\x63\x65\x5f\x65\x76\x65\x6e\x74\x29\x29\x3b\0\x20\x20\
\x20\x20\x62\x75\x66\x66\x2d\x3e\x70\x69\x64\x20\x3d\x20\x70\x69\x64\x3b\0\x20\
\x20\x20\x20\x62\x70\x66\x5f\x70\x72\x6f\x62\x65\x5f\x72\x65\x61\x64\x5f\x73\
\x74\x72\x28\x62\x75\x66\x66\x2d\x3e\x63\x6f\x6d\x6d\x2c\x73\x69\x7a\x65\x6f\
\x66\x28\x74\x61\x73\x6b\x2d\x3e\x63\x6f\x6d\x6d\x29\x2c\x74\x61\x73\x6b\x2d\
\x3e\x63\x6f\x6d\x6d\x29\x3b\0\x20\x20\x20\x20\x62\x75\x66\x66\x2d\x3e\x6b\x73\
\x74\x61\x63\x6b\x5f\x73\x7a\x20\x3d\x20\x74\x61\x73\x6b\x2d\x3e\x6b\x73\x74\
\x61\x63\x6b\x5f\x73\x7a\x3b\0\x20\x20\x20\x20\x62\x75\x66\x66\x2d\x3e\x75\x73\
\x74\x61\x63\x6b\x5f\x73\x7a\x20\x3d\x20\x74\x61\x73\x6b\x2d\x3e\x75\x73\x74\
\x61\x63\x6b\x5f\x73\x7a\x3b\0\x20\x20\x20\x20\x20\x20\x20\x20\x20\x20\x20\x20\
\x69\x66\x28\x6a\x20\x3e\x20\x74\x61\x73\x6b\x2d\x3e\x6b\x73\x74\x61\x63\x6b\
\x5f\x73\x7a\x29\0\x20\x20\x20\x20\x20\x20\x20\x20\x20\x20\x20\x20\x62\x75\x66\
\x66\x2d\x3e\x6b\x5f\x73\x74\x61\x63\x6b\x5b\x6a\x5d\x20\x3d\x20\x74\x61\x73\
\x6b\x2d\x3e\x6b\x5f\x73\x74\x61\x63\x6b\x5b\x6a\x5d\x3b\0\x20\x20\x20\x20\x20\
\x20\x20\x20\x20\x20\x20\x20\x69\x66\x28\x6a\x20\x3e\x20\x74\x61\x73\x6b\x2d\
\x3e\x75\x73\x74\x61\x63\x6b\x5f\x73\x7a\x29\0\x20\x20\x20\x20\x20\x20\x20\x20\
\x20\x20\x20\x20\x62\x75\x66\x66\x2d\x3e\x75\x5f\x73\x74\x61\x63\x6b\x5b\x6a\
\x5d\x20\x3d\x20\x74\x61\x73\x6b\x2d\x3e\x75\x5f\x73\x74\x61\x63\x6b\x5b\x6a\
\x5d\x3b\0\x20\x20\x20\x20\x62\x70\x66\x5f\x72\x69\x6e\x67\x62\x75\x66\x5f\x73\
\x75\x62\x6d\x69\x74\x28\x62\x75\x66\x66\x2c\x20\x30\x29\x3b\0\x20\x20\x20\x20\
\x20\x20\x20\x20\x20\x20\x20\x20\x74\x61\x73\x6b\x5f\x75\x73\x61\x67\x65\x2d\
\x3e\x6c\x61\x73\x74\x5f\x74\x72\x61\x63\x65\x5f\x74\x69\x6d\x65\x20\x3d\x20\
\x6e\x6f\x77\x3b\0\x20\x20\x20\x20\x20\x20\x20\x20\x20\x20\x20\x20\x20\x20\x20\
\x20\x69\x66\x28\x70\x72\x65\x5f\x75\x73\x61\x67\x65\x2d\x3e\x74\x61\x73\x6b\
\x5f\x69\x6e\x66\x6f\x2e\x74\x67\x69\x64\x20\x21\x3d\x20\x30\x29\x7b\0\x20\x20\
\x20\x20\x20\x20\x20\x20\x20\x20\x20\x20\x20\x20\x20\x20\x20\x20\x20\x20\x70\
\x72\x6f\x63\x65\x73\x73\x5f\x75\x70\x64\x61\x74\x65\x5f\x72\x75\x6e\x74\x69\
\x6d\x65\x28\x74\x67\x69\x64\x2c\x64\x65\x6c\x74\x61\x2c\x66\x61\x6c\x73\x65\
\x2c\x63\x70\x75\x5f\x75\x73\x61\x67\x65\x2d\x3e\x6c\x61\x73\x74\x5f\x63\x6c\
\x65\x61\x72\x5f\x74\x69\x6d\x65\x29\x3b\0\x20\x20\x20\x20\x20\x20\x20\x20\x20\
\x20\x20\x20\x70\x72\x65\x5f\x75\x73\x61\x67\x65\x2d\x3e\x6c\x61\x73\x74\x5f\
\x72\x75\x6e\x5f\x74\x69\x6d\x65\x20\x3d\x20\x6e\x6f\x77\x3b\0\x20\x20\x20\x20\
\x20\x20\x20\x20\x20\x20\x20\x20\x62\x70\x66\x5f\x6d\x61\x70\x5f\x75\x70\x64\
\x61\x74\x65\x5f\x65\x6c\x65\x6d\x28\x26\x74\x61\x73\x6b\x5f\x63\x70\x75\x5f\
\x75\x73\x61\x67\x65\x5f\x6d\x61\x70\x2c\x20\x26\x70\x72\x65\x76\x5f\x70\x69\
\x64\x2c\x20\x70\x72\x65\x5f\x75\x73\x61\x67\x65\x2c\x20\x42\x50\x46\x5f\x41\
\x4e\x59\x29\x3b\0\x20\x20\x20\x20\x69\x66\x28\x6e\x65\x78\x74\x5f\x70\x69\x64\
\x20\x21\x3d\x20\x30\x29\x7b\0\x20\x20\x20\x20\x20\x20\x20\x20\x73\x74\x72\x75\
\x63\x74\x20\x74\x61\x73\x6b\x5f\x63\x70\x75\x5f\x75\x73\x61\x67\x65\x20\x2a\
\x6e\x65\x78\x74\x5f\x75\x73\x61\x67\x65\x20\x3d\x20\x62\x70\x66\x5f\x6d\x61\
\x70\x5f\x6c\x6f\x6f\x6b\x75\x70\x5f\x65\x6c\x65\x6d\x28\x26\x74\x61\x73\x6b\
\x5f\x63\x70\x75\x5f\x75\x73\x61\x67\x65\x5f\x6d\x61\x70\x2c\x20\x26\x6e\x65\
\x78\x74\x5f\x70\x69\x64\x29\x3b\0\x20\x20\x20\x20\x20\x20\x20\x20\x69\x66\x20\
\x28\x21\x6e\x65\x78\x74\x5f\x75\x73\x61\x67\x65\x29\x20\x7b\0\x20\x20\x20\x20\
\x20\x20\x20\x20\x20\x20\x20\x20\x20\x20\x20\x20\x2e\x70\x69\x64\x20\x3d\x20\
\x6e\x65\x78\x74\x5f\x70\x69\x64\x2c\0\x20\x20\x20\x20\x20\x20\x20\x20\x20\x20\
\x20\x20\x62\x70\x66\x5f\x70\x72\x6f\x62\x65\x5f\x72\x65\x61\x64\x5f\x6b\x65\
\x72\x6e\x65\x6c\x5f\x73\x74\x72\x28\x69\x6e\x66\x6f\x2e\x63\x6f\x6d\x6d\x2c\
\x73\x69\x7a\x65\x6f\x66\x28\x63\x74\x78\x2d\x3e\x6e\x65\x78\x74\x5f\x63\x6f\
\x6d\x6d\x29\x2c\x63\x74\x78\x2d\x3e\x6e\x65\x78\x74\x5f\x63\x6f\x6d\x6d\x29\
\x3b\0\x20\x20\x20\x20\x20\x20\x20\x20\x20\x20\x20\x20\x62\x70\x66\x5f\x6d\x61\
\x70\x5f\x75\x70\x64\x61\x74\x65\x5f\x65\x6c\x65\x6d\x28\x26\x74\x61\x73\x6b\
\x5f\x63\x70\x75\x5f\x75\x73\x61\x67\x65\x5f\x6d\x61\x70\x2c\x20\x26\x6e\x65\
\x78\x74\x5f\x70\x69\x64\x2c\x20\x26\x69\x6e\x69\x74\x5f\x74\x61\x73\x6b\x2c\
\x20\x42\x50\x46\x5f\x41\x4e\x59\x29\x3b\0\x20\x20\x20\x20\x20\x20\x20\x20\x20\
\x20\x20\x20\x6e\x65\x78\x74\x5f\x75\x73\x61\x67\x65\x2d\x3e\x74\x61\x73\x6b\
\x5f\x69\x6e\x66\x6f\x2e\x70\x69\x64\x20\x3d\x20\x6e\x65\x78\x74\x5f\x70\x69\
\x64\x3b\0\x20\x20\x20\x20\x20\x20\x20\x20\x20\x20\x20\x20\x75\x36\x34\x20\x6c\
\x61\x74\x65\x6e\x63\x79\x5f\x62\x75\x63\x6b\x65\x74\x20\x3d\x20\x6e\x6f\x77\
\x20\x2d\x20\x6e\x65\x78\x74\x5f\x75\x73\x61\x67\x65\x2d\x3e\x6c\x61\x73\x74\
\x5f\x65\x6e\x71\x65\x75\x65\x5f\x74\x69\x6d\x65\x3b\0\x20\x20\x20\x20\x20\x20\
\x20\x20\x20\x20\x20\x20\x6e\x65\x78\x74\x5f\x75\x73\x61\x67\x65\x2d\x3e\x77\
\x61\x69\x74\x5f\x74\x69\x6d\x65\x20\x3d\x20\x6c\x61\x74\x65\x6e\x63\x79\x5f\
\x62\x75\x63\x6b\x65\x74\x3b\0\x20\x20\x20\x20\x20\x20\x20\x20\x20\x20\x20\x20\
\x69\x66\x28\x6c\x61\x74\x65\x6e\x63\x79\x5f\x62\x75\x63\x6b\x65\x74\x20\x3d\
\x3d\x20\x30\x29\0\x20\x20\x20\x20\x20\x20\x20\x20\x20\x20\x20\x20\x65\x6c\x73\
\x65\x20\x69\x66\x28\x6c\x61\x74\x65\x6e\x63\x79\x5f\x62\x75\x63\x6b\x65\x74\
\x20\x3c\x20\x35\x29\0\x20\x20\x20\x20\x20\x20\x20\x20\x20\x20\x20\x20\x65\x6c\
\x73\x65\x20\x69\x66\x28\x6c\x61\x74\x65\x6e\x63\x79\x5f\x62\x75\x63\x6b\x65\
\x74\x20\x3c\x20\x31\x37\x29\0\x20\x20\x20\x20\x20\x20\x20\x20\x20\x20\x20\x20\
\x65\x6c\x73\x65\x20\x69\x66\x28\x6c\x61\x74\x65\x6e\x63\x79\x5f\x62\x75\x63\
\x6b\x65\x74\x20\x3c\x20\x36\x35\x29\0\x20\x20\x20\x20\x20\x20\x20\x20\x20\x20\
\x20\x20\x65\x6c\x73\x65\x20\x69\x66\x28\x6c\x61\x74\x65\x6e\x63\x79\x5f\x62\
\x75\x63\x6b\x65\x74\x20\x3c\x20\x32\x35\x37\x29\0\x20\x20\x20\x20\x20\x20\x20\
\x20\x20\x20\x20\x20\x65\x6c\x73\x65\x20\x69\x66\x28\x6c\x61\x74\x65\x6e\x63\
\x79\x5f\x62\x75\x63\x6b\x65\x74\x20\x3c\x20\x31\x30\x30\x30\x29\0\x20\x20\x20\
\x20\x20\x20\x20\x20\x20\x20\x20\x20\x75\x33\x32\x20\x2a\x6c\x61\x74\x65\x6e\
\x63\x79\x20\x3d\x20\x62\x70\x66\x5f\x6d\x61\x70\x5f\x6c\x6f\x6f\x6b\x75\x70\
\x5f\x65\x6c\x65\x6d\x28\x26\x72\x75\x6e\x71\x6c\x61\x74\x5f\x6d\x61\x70\x2c\
\x26\x62\x75\x63\x6b\x65\x74\x29\x3b\0\x20\x20\x20\x20\x20\x20\x20\x20\x20\x20\
\x20\x20\x69\x66\x28\x21\x6c\x61\x74\x65\x6e\x63\x79\x29\x7b\0\x20\x20\x20\x20\
\x20\x20\x20\x20\x20\x20\x20\x20\x20\x20\x20\x20\x2a\x6c\x61\x74\x65\x6e\x63\
\x79\x20\x3d\x20\x2a\x6c\x61\x74\x65\x6e\x63\x79\x20\x2b\x20\x31\x3b\0\x20\x20\
\x20\x20\x20\x20\x20\x20\x20\x20\x20\x20\x75\x33\x32\x20\x2a\x69\x73\x5f\x62\
\x61\x64\x20\x3d\x20\x62\x70\x66\x5f\x6d\x61\x70\x5f\x6c\x6f\x6f\x6b\x75\x70\
\x5f\x65\x6c\x65\x6d\x28\x26\x74\x68\x72\x65\x61\x64\x5f\x6f\x63\x63\x75\x70\
\x69\x65\x64\x5f\x6d\x61\x70\x2c\x26\x6e\x65\x78\x74\x5f\x70\x69\x64\x29\x3b\0\
\x20\x20\x20\x20\x20\x20\x20\x20\x20\x20\x20\x20\x69\x66\x28\x69\x73\x5f\x62\
\x61\x64\x20\x21\x3d\x20\x4e\x55\x4c\x4c\x29\x7b\0\x20\x20\x20\x20\x20\x20\x20\
\x20\x20\x20\x20\x20\x20\x20\x20\x20\x75\x33\x32\x20\x2a\x72\x75\x6e\x5f\x63\
\x6f\x75\x6e\x74\x20\x3d\x20\x62\x70\x66\x5f\x6d\x61\x70\x5f\x6c\x6f\x6f\x6b\
\x75\x70\x5f\x65\x6c\x65\x6d\x28\x26\x72\x75\x6e\x71\x6c\x61\x74\x5f\x77\x69\
\x74\x68\x6f\x75\x74\x5f\x62\x61\x64\x5f\x6d\x61\x70\x2c\x26\x62\x75\x63\x6b\
\x65\x74\x29\x3b\0\x20\x20\x20\x20\x20\x20\x20\x20\x20\x20\x20\x20\x20\x20\x20\
\x20\x69\x66\x28\x21\x72\x75\x6e\x5f\x63\x6f\x75\x6e\x74\x29\x7b\0\x20\x20\x20\
\x20\x20\x20\x20\x20\x20\x20\x20\x20\x20\x20\x20\x20\x20\x20\x20\x20\x2a\x72\
\x75\x6e\x5f\x63\x6f\x75\x6e\x74\x20\x3d\x20\x2a\x72\x75\x6e\x5f\x63\x6f\x75\
\x6e\x74\x20\x2b\x20\x31\x3b\0\x20\x20\x20\x20\x20\x20\x20\x20\x20\x20\x20\x20\
\x69\x66\x28\x6e\x65\x78\x74\x5f\x75\x73\x61\x67\x65\x2d\x3e\x6c\x61\x73\x74\
\x5f\x72\x75\x6e\x5f\x74\x69\x6d\x65\x20\x3c\x20\x63\x70\x75\x5f\x75\x73\x61\
\x67\x65\x2d\x3e\x6c\x61\x73\x74\x5f\x63\x6c\x65\x61\x72\x5f\x74\x69\x6d\x65\
\x29\x7b\0\x20\x20\x20\x20\x20\x20\x20\x20\x20\x20\x20\x20\x20\x20\x20\x20\x6e\
\x65\x78\x74\x5f\x75\x73\x61\x67\x65\x2d\x3e\x6b\x65\x72\x6e\x65\x6c\x5f\x74\
\x69\x6d\x65\x5f\x6e\x73\x20\x3d\x20\x30\x3b\0\x20\x20\x20\x20\x20\x20\x20\x20\
\x20\x20\x20\x20\x20\x20\x20\x20\x69\x66\x28\x6e\x65\x78\x74\x5f\x75\x73\x61\
\x67\x65\x2d\x3e\x74\x61\x73\x6b\x5f\x69\x6e\x66\x6f\x2e\x74\x67\x69\x64\x20\
\x21\x3d\x20\x30\x29\0\x20\x20\x20\x20\x20\x20\x20\x20\x20\x20\x20\x20\x20\x20\
\x20\x20\x20\x20\x20\x20\x70\x72\x6f\x63\x65\x73\x73\x5f\x75\x70\x64\x61\x74\
\x65\x5f\x72\x75\x6e\x74\x69\x6d\x65\x28\x6e\x65\x78\x74\x5f\x75\x73\x61\x67\
\x65\x2d\x3e\x74\x61\x73\x6b\x5f\x69\x6e\x66\x6f\x2e\x74\x67\x69\x64\x2c\x30\
\x2c\x74\x72\x75\x65\x2c\x63\x70\x75\x5f\x75\x73\x61\x67\x65\x2d\x3e\x6c\x61\
\x73\x74\x5f\x63\x6c\x65\x61\x72\x5f\x74\x69\x6d\x65\x29\x3b\0\x20\x20\x20\x20\
\x20\x20\x20\x20\x20\x20\x20\x20\x6e\x65\x78\x74\x5f\x75\x73\x61\x67\x65\x2d\
\x3e\x6c\x61\x73\x74\x5f\x72\x75\x6e\x5f\x74\x69\x6d\x65\x20\x3d\x20\x6e\x6f\
\x77\x3b\0\x20\x20\x20\x20\x20\x20\x20\x20\x20\x20\x20\x20\x62\x70\x66\x5f\x6d\
\x61\x70\x5f\x75\x70\x64\x61\x74\x65\x5f\x65\x6c\x65\x6d\x28\x26\x74\x61\x73\
\x6b\x5f\x63\x70\x75\x5f\x75\x73\x61\x67\x65\x5f\x6d\x61\x70\x2c\x20\x26\x6e\
\x65\x78\x74\x5f\x70\x69\x64\x2c\x20\x6e\x65\x78\x74\x5f\x75\x73\x61\x67\x65\
\x2c\x20\x42\x50\x46\x5f\x41\x4e\x59\x29\x3b\0\x20\x20\x20\x20\x62\x70\x66\x5f\
\x6d\x61\x70\x5f\x75\x70\x64\x61\x74\x65\x5f\x65\x6c\x65\x6d\x28\x26\x63\x70\
\x75\x5f\x75\x73\x61\x67\x65\x5f\x74\x69\x6d\x65\x73\x5f\x6d\x61\x70\x2c\x26\
\x63\x70\x75\x5f\x69\x64\x2c\x63\x70\x75\x5f\x75\x73\x61\x67\x65\x2c\x42\x50\
\x46\x5f\x41\x4e\x59\x29\x3b\0\x69\x6e\x74\x20\x72\x65\x63\x6f\x72\x64\x5f\x62\
\x61\x63\x6b\x74\x72\x61\x63\x65\x28\x73\x74\x72\x75\x63\x74\x20\x74\x72\x61\
\x63\x65\x5f\x65\x76\x65\x6e\x74\x5f\x72\x61\x77\x5f\x73\x63\x68\x65\x64\x5f\
\x73\x77\x69\x74\x63\x68\x20\x2a\x63\x74\x78\x29\0\x20\x20\x20\x20\x75\x33\x32\
\x20\x70\x69\x64\x20\x3d\x20\x63\x74\x78\x2d\x3e\x70\x72\x65\x76\x5f\x70\x69\
\x64\x3b\0\x20\x20\x20\x20\x69\x66\x28\x70\x69\x64\x20\x3d\x3d\x20\x30\x20\x7c\
\x7c\x20\x62\x70\x66\x5f\x6d\x61\x70\x5f\x6c\x6f\x6f\x6b\x75\x70\x5f\x65\x6c\
\x65\x6d\x28\x26\x74\x68\x72\x65\x61\x64\x5f\x6f\x63\x63\x75\x70\x69\x65\x64\
\x5f\x6d\x61\x70\x2c\x26\x70\x69\x64\x29\x20\x3d\x3d\x20\x4e\x55\x4c\x4c\x29\0\
\x20\x20\x20\x20\x69\x6e\x74\x20\x73\x74\x61\x63\x6b\x5f\x69\x64\x20\x3d\x20\
\x62\x70\x66\x5f\x67\x65\x74\x5f\x73\x74\x61\x63\x6b\x69\x64\x28\x63\x74\x78\
\x2c\x26\x73\x74\x61\x63\x6b\x5f\x74\x72\x61\x63\x65\x73\x5f\x6d\x61\x70\x2c\
\x42\x50\x46\x5f\x46\x5f\x52\x45\x55\x53\x45\x5f\x53\x54\x41\x43\x4b\x49\x44\
\x29\x3b\0\x20\x20\x20\x20\x69\x66\x28\x73\x74\x61\x63\x6b\x5f\x69\x64\x20\x3c\
\x20\x30\x29\x7b\0\x20\x20\x20\x20\x20\x20\x20\x20\x62\x70\x66\x5f\x70\x72\x69\
\x6e\x74\x6b\x28\x22\x67\x65\x74\x20\x73\x74\x61\x63\x6b\x20\x65\x72\x72\x6f\
\x72\x2c\x20\x65\x72\x72\x6f\x72\x20\x63\x6f\x64\x65\x20\x69\x73\x20\x25\x69\
\x22\x2c\x73\x74\x61\x63\x6b\x5f\x69\x64\x29\x3b\0\x20\x20\x20\x20\x73\x74\x72\
\x75\x63\x74\x20\x74\x61\x73\x6b\x5f\x74\x72\x61\x63\x65\x5f\x65\x76\x65\x6e\
\x74\x20\x2a\x74\x72\x61\x63\x65\x20\x3d\x20\x62\x70\x66\x5f\x6d\x61\x70\x5f\
\x6c\x6f\x6f\x6b\x75\x70\x5f\x65\x6c\x65\x6d\x28\x26\x74\x61\x73\x6b\x5f\x74\
\x72\x61\x63\x65\x5f\x64\x61\x74\x61\x5f\x6d\x61\x70\x2c\x26\x70\x69\x64\x29\
\x3b\0\x20\x20\x20\x20\x69\x66\x28\x21\x74\x72\x61\x63\x65\x29\x7b\0\x20\x20\
\x20\x20\x20\x20\x20\x20\x69\x6e\x69\x74\x2e\x70\x69\x64\x20\x3d\x20\x70\x69\
\x64\x3b\0\x20\x20\x20\x20\x20\x20\x20\x20\x73\x74\x72\x75\x63\x74\x20\x74\x61\
\x73\x6b\x5f\x63\x70\x75\x5f\x75\x73\x61\x67\x65\x20\x2a\x74\x61\x73\x6b\x20\
\x3d\x20\x62\x70\x66\x5f\x6d\x61\x70\x5f\x6c\x6f\x6f\x6b\x75\x70\x5f\x65\x6c\
\x65\x6d\x28\x26\x74\x61\x73\x6b\x5f\x63\x70\x75\x5f\x75\x73\x61\x67\x65\x5f\
\x6d\x61\x70\x2c\x26\x70\x69\x64\x29\x3b\0\x20\x20\x20\x20\x20\x20\x20\x20\x69\
\x66\x28\x74\x61\x73\x6b\x20\x21\x3d\x20\x4e\x55\x4c\x4c\x29\x7b\0\x20\x20\x20\
\x20\x20\x20\x20\x20\x20\x20\x20\x20\x62\x70\x66\x5f\x70\x72\x6f\x62\x65\x5f\
\x72\x65\x61\x64\x5f\x6b\x65\x72\x6e\x65\x6c\x5f\x73\x74\x72\x28\x69\x6e\x69\
\x74\x2e\x63\x6f\x6d\x6d\x2c\x73\x69\x7a\x65\x6f\x66\x28\x74\x61\x73\x6b\x2d\
\x3e\x74\x61\x73\x6b\x5f\x69\x6e\x66\x6f\x2e\x63\x6f\x6d\x6d\x29\x2c\x74\x61\
\x73\x6b\x2d\x3e\x74\x61\x73\x6b\x5f\x69\x6e\x66\x6f\x2e\x63\x6f\x6d\x6d\x29\
\x3b\0\x20\x20\x20\x20\x20\x20\x20\x20\x69\x6e\x69\x74\x2e\x75\x73\x74\x61\x63\
\x6b\x5f\x73\x7a\x20\x3d\x20\x30\x3b\0\x20\x20\x20\x20\x20\x20\x20\x20\x69\x6e\
\x69\x74\x2e\x6b\x73\x74\x61\x63\x6b\x5f\x73\x7a\x20\x3d\x20\x30\x3b\0\x20\x20\
\x20\x20\x20\x20\x20\x20\x62\x70\x66\x5f\x6d\x61\x70\x5f\x75\x70\x64\x61\x74\
\x65\x5f\x65\x6c\x65\x6d\x28\x26\x74\x61\x73\x6b\x5f\x74\x72\x61\x63\x65\x5f\
\x64\x61\x74\x61\x5f\x6d\x61\x70\x2c\x26\x70\x69\x64\x2c\x26\x69\x6e\x69\x74\
\x2c\x42\x50\x46\x5f\x41\x4e\x59\x29\x3b\0\x20\x20\x20\x20\x7d\0\x20\x20\x20\
\x20\x20\x20\x20\x20\x73\x74\x72\x75\x63\x74\x20\x74\x61\x73\x6b\x5f\x63\x70\
\x75\x5f\x75\x73\x61\x67\x65\x20\x2a\x75\x73\x65\x20\x3d\x20\x62\x70\x66\x5f\
\x6d\x61\x70\x5f\x6c\x6f\x6f\x6b\x75\x70\x5f\x65\x6c\x65\x6d\x28\x26\x74\x61\
\x73\x6b\x5f\x63\x70\x75\x5f\x75\x73\x61\x67\x65\x5f\x6d\x61\x70\x2c\x26\x70\
\x69\x64\x29\x3b\0\x20\x20\x20\x20\x74\x72\x61\x63\x65\x20\x3d\x20\x62\x70\x66\
\x5f\x6d\x61\x70\x5f\x6c\x6f\x6f\x6b\x75\x70\x5f\x65\x6c\x65\x6d\x28\x26\x74\
\x61\x73\x6b\x5f\x74\x72\x61\x63\x65\x5f\x64\x61\x74\x61\x5f\x6d\x61\x70\x2c\
\x26\x70\x69\x64\x29\x3b\0\x20\x20\x20\x20\x69\x66\x28\x21\x74\x72\x61\x63\x65\
\x29\0\x20\x20\x20\x20\x20\x20\x20\x20\x62\x70\x66\x5f\x70\x72\x69\x6e\x74\x6b\
\x28\x22\x62\x61\x63\x6b\x74\x72\x61\x63\x65\x20\x73\x74\x72\x75\x63\x74\x20\
\x69\x6e\x69\x74\x20\x66\x61\x69\x6c\x65\x64\x5c\x6e\x22\x29\x3b\0\x20\x20\x20\
\x20\x74\x72\x61\x63\x65\x2d\x3e\x6b\x73\x74\x61\x63\x6b\x5f\x73\x7a\x20\x3d\
\x20\x73\x74\x61\x63\x6b\x5f\x69\x64\x3b\0\x20\x20\x20\x20\x75\x36\x34\x20\x2a\
\x6b\x5f\x73\x74\x61\x63\x6b\x5f\x64\x61\x74\x61\x20\x3d\x20\x28\x75\x36\x34\
\x20\x2a\x29\x28\x73\x74\x61\x63\x6b\x5f\x69\x64\x20\x2a\x20\x73\x69\x7a\x65\
\x6f\x66\x28\x75\x36\x34\x29\x29\x3b\0\x20\x20\x20\x20\x69\x66\x20\x28\x6b\x5f\
\x73\x74\x61\x63\x6b\x5f\x64\x61\x74\x61\x29\x20\x7b\0\x20\x20\x20\x20\x20\x20\
\x20\x20\x62\x70\x66\x5f\x70\x72\x6f\x62\x65\x5f\x72\x65\x61\x64\x5f\x6b\x65\
\x72\x6e\x65\x6c\x28\x26\x74\x72\x61\x63\x65\x2d\x3e\x6b\x5f\x73\x74\x61\x63\
\x6b\x2c\x20\x73\x69\x7a\x65\x6f\x66\x28\x74\x72\x61\x63\x65\x2d\x3e\x6b\x5f\
\x73\x74\x61\x63\x6b\x29\x2c\x20\x6b\x5f\x73\x74\x61\x63\x6b\x5f\x64\x61\x74\
\x61\x29\x3b\0\x20\x20\x20\x20\x69\x6e\x74\x20\x75\x5f\x73\x74\x61\x63\x6b\x5f\
\x69\x64\x20\x3d\x20\x62\x70\x66\x5f\x67\x65\x74\x5f\x73\x74\x61\x63\x6b\x69\
\x64\x28\x63\x74\x78\x2c\x20\x26\x73\x74\x61\x63\x6b\x5f\x74\x72\x61\x63\x65\
\x73\x5f\x6d\x61\x70\x2c\x20\x42\x50\x46\x5f\x46\x5f\x55\x53\x45\x52\x5f\x53\
\x54\x41\x43\x4b\x20\x7c\x20\x42\x50\x46\x5f\x46\x5f\x52\x45\x55\x53\x45\x5f\
\x53\x54\x41\x43\x4b\x49\x44\x29\x3b\0\x20\x20\x20\x20\x69\x66\x20\x28\x75\x5f\
\x73\x74\x61\x63\x6b\x5f\x69\x64\x20\x3e\x3d\x20\x30\x29\x20\x7b\0\x20\x20\x20\
\x20\x20\x20\x20\x20\x74\x72\x61\x63\x65\x2d\x3e\x75\x73\x74\x61\x63\x6b\x5f\
\x73\x7a\x20\x3d\x20\x75\x5f\x73\x74\x61\x63\x6b\x5f\x69\x64\x3b\0\x20\x20\x20\
\x20\x20\x20\x20\x20\x75\x36\x34\x20\x2a\x75\x5f\x73\x74\x61\x63\x6b\x5f\x64\
\x61\x74\x61\x20\x3d\x20\x28\x75\x36\x34\x20\x2a\x29\x28\x75\x5f\x73\x74\x61\
\x63\x6b\x5f\x69\x64\x20\x2a\x20\x73\x69\x7a\x65\x6f\x66\x28\x75\x36\x34\x29\
\x29\x3b\0\x20\x20\x20\x20\x20\x20\x20\x20\x69\x66\x20\x28\x75\x5f\x73\x74\x61\
\x63\x6b\x5f\x64\x61\x74\x61\x29\x20\x7b\0\x20\x20\x20\x20\x20\x20\x20\x20\x20\
\x20\x20\x20\x62\x70\x66\x5f\x70\x72\x6f\x62\x65\x5f\x72\x65\x61\x64\x5f\x6b\
\x65\x72\x6e\x65\x6c\x28\x26\x74\x72\x61\x63\x65\x2d\x3e\x75\x5f\x73\x74\x61\
\x63\x6b\x2c\x20\x73\x69\x7a\x65\x6f\x66\x28\x74\x72\x61\x63\x65\x2d\x3e\x75\
\x5f\x73\x74\x61\x63\x6b\x29\x2c\x20\x75\x5f\x73\x74\x61\x63\x6b\x5f\x64\x61\
\x74\x61\x29\x3b\0\x20\x20\x20\x20\x62\x70\x66\x5f\x6d\x61\x70\x5f\x75\x70\x64\
\x61\x74\x65\x5f\x65\x6c\x65\x6d\x28\x26\x74\x61\x73\x6b\x5f\x74\x72\x61\x63\
\x65\x5f\x64\x61\x74\x61\x5f\x6d\x61\x70\x2c\x26\x70\x69\x64\x2c\x74\x72\x61\
\x63\x65\x2c\x42\x50\x46\x5f\x41\x4e\x59\x29\x3b\0\x73\x74\x61\x74\x69\x63\x20\
\x69\x6e\x74\x20\x70\x72\x6f\x63\x65\x73\x73\x5f\x75\x70\x64\x61\x74\x65\x5f\
\x72\x75\x6e\x74\x69\x6d\x65\x28\x75\x33\x32\x20\x74\x67\x69\x64\x2c\x75\x36\
\x34\x20\x64\x65\x6c\x74\x61\x2c\x62\x6f\x6f\x6c\x20\x72\x65\x73\x65\x74\x2c\
\x20\x75\x36\x34\x20\x6c\x61\x73\x74\x5f\x63\x70\x75\x5f\x63\x6c\x65\x61\x72\
\x29\x7b\0\x20\x20\x20\x20\x20\x20\x20\x20\x69\x6e\x69\x74\x5f\x70\x72\x6f\x63\
\x65\x73\x73\x28\x74\x67\x69\x64\x2c\x74\x67\x69\x64\x29\x3b\0\x20\x20\x20\x20\
\x20\x20\x20\x20\x70\x73\x20\x3d\x20\x62\x70\x66\x5f\x6d\x61\x70\x5f\x6c\x6f\
\x6f\x6b\x75\x70\x5f\x65\x6c\x65\x6d\x28\x26\x70\x72\x6f\x63\x65\x73\x73\x5f\
\x6d\x61\x70\x2c\x26\x74\x67\x69\x64\x29\x3b\0\x20\x20\x20\x20\x20\x20\x20\x20\
\x69\x66\x28\x21\x70\x73\x29\0\x20\x20\x20\x20\x70\x73\x2d\x3e\x74\x67\x69\x64\
\x20\x3d\x20\x74\x67\x69\x64\x3b\0\x20\x20\x20\x20\x69\x66\x28\x72\x65\x73\x65\
\x74\x20\x3d\x3d\x20\x74\x72\x75\x65\x20\x26\x26\x20\x70\x73\x2d\x3e\x6c\x61\
\x73\x74\x5f\x74\x6f\x74\x61\x6c\x5f\x63\x6c\x65\x61\x72\x20\x3c\x20\x6c\x61\
\x73\x74\x5f\x63\x70\x75\x5f\x63\x6c\x65\x61\x72\x29\0\x20\x20\x20\x20\x20\x20\
\x20\x20\x70\x73\x2d\x3e\x74\x6f\x74\x61\x6c\x5f\x75\x73\x65\x5f\x74\x69\x6d\
\x65\x20\x3d\x20\x30\x3b\0\x20\x20\x20\x20\x20\x20\x20\x20\x70\x73\x2d\x3e\x6c\
\x61\x73\x74\x5f\x74\x6f\x74\x61\x6c\x5f\x63\x6c\x65\x61\x72\x20\x3d\x20\x62\
\x70\x66\x5f\x6b\x74\x69\x6d\x65\x5f\x67\x65\x74\x5f\x6e\x73\x28\x29\x3b\0\x20\
\x20\x20\x20\x70\x73\x2d\x3e\x74\x6f\x74\x61\x6c\x5f\x75\x73\x65\x5f\x74\x69\
\x6d\x65\x20\x2b\x3d\x20\x64\x65\x6c\x74\x61\x3b\0\x20\x20\x20\x20\x62\x70\x66\
\x5f\x6d\x61\x70\x5f\x75\x70\x64\x61\x74\x65\x5f\x65\x6c\x65\x6d\x28\x26\x70\
\x72\x6f\x63\x65\x73\x73\x5f\x6d\x61\x70\x2c\x26\x74\x67\x69\x64\x2c\x70\x73\
\x2c\x42\x50\x46\x5f\x41\x4e\x59\x29\x3b\0\x20\x20\x20\x20\x75\x33\x32\x20\x76\
\x61\x6c\x75\x65\x20\x3d\x20\x70\x73\x2d\x3e\x74\x6f\x74\x61\x6c\x5f\x75\x73\
\x65\x5f\x74\x69\x6d\x65\x20\x2a\x20\x31\x30\x30\x20\x2f\x20\x48\x41\x4c\x46\
\x5f\x53\x45\x43\x4f\x4e\x44\x3b\0\x20\x20\x20\x20\x75\x33\x32\x20\x74\x67\x69\
\x64\x20\x3d\x20\x70\x73\x2d\x3e\x74\x67\x69\x64\x3b\0\x20\x20\x20\x20\x69\x66\
\x28\x70\x73\x2d\x3e\x6c\x61\x73\x74\x5f\x63\x6c\x65\x61\x72\x5f\x74\x69\x6d\
\x65\x20\x3d\x3d\x20\x30\x29\x7b\0\x20\x20\x20\x20\x20\x20\x20\x20\x70\x73\x2d\
\x3e\x6c\x61\x73\x74\x5f\x63\x6c\x65\x61\x72\x5f\x74\x69\x6d\x65\x20\x3d\x20\
\x6e\x6f\x77\x3b\0\x20\x20\x20\x20\x69\x66\x28\x21\x70\x73\x2d\x3e\x61\x6c\x72\
\x65\x61\x64\x79\x5f\x6f\x75\x74\x70\x75\x74\x20\x26\x26\x20\x76\x61\x6c\x75\
\x65\x20\x3e\x3d\x20\x74\x68\x72\x65\x73\x68\x6f\x6c\x64\x20\x26\x26\x20\x6e\
\x6f\x77\x20\x2d\x20\x70\x73\x2d\x3e\x6c\x61\x73\x74\x5f\x63\x6c\x65\x61\x72\
\x5f\x74\x69\x6d\x65\x20\x3c\x20\x48\x41\x4c\x46\x5f\x53\x45\x43\x4f\x4e\x44\
\x29\0\x20\x20\x20\x20\x20\x20\x20\x20\x62\x70\x66\x5f\x6d\x61\x70\x5f\x75\x70\
\x64\x61\x74\x65\x5f\x65\x6c\x65\x6d\x28\x26\x70\x72\x6f\x63\x65\x73\x73\x5f\
\x6f\x63\x63\x75\x70\x69\x65\x64\x5f\x6d\x61\x70\x2c\x26\x74\x67\x69\x64\x2c\
\x26\x74\x67\x69\x64\x2c\x42\x50\x46\x5f\x41\x4e\x59\x29\x3b\0\x20\x20\x20\x20\
\x20\x20\x20\x20\x73\x74\x72\x75\x63\x74\x20\x70\x72\x6f\x63\x65\x73\x73\x5f\
\x73\x74\x72\x75\x63\x74\x20\x2a\x62\x75\x66\x66\x20\x3d\x20\x62\x70\x66\x5f\
\x72\x69\x6e\x67\x62\x75\x66\x5f\x72\x65\x73\x65\x72\x76\x65\x28\x26\x70\x72\
\x6f\x63\x65\x73\x73\x5f\x6f\x63\x63\x75\x70\x69\x65\x64\x5f\x62\x75\x66\x66\
\x65\x72\x2c\x73\x69\x7a\x65\x6f\x66\x28\x73\x74\x72\x75\x63\x74\x20\x70\x72\
\x6f\x63\x65\x73\x73\x5f\x73\x74\x72\x75\x63\x74\x29\x2c\x30\x29\x3b\0\x20\x20\
\x20\x20\x20\x20\x20\x20\x20\x20\x20\x20\x62\x70\x66\x5f\x70\x72\x69\x6e\x74\
\x6b\x28\x22\x70\x72\x6f\x63\x65\x73\x73\x5f\x63\x70\x75\x20\x62\x75\x66\x66\
\x65\x72\x20\x69\x73\x20\x66\x75\x6c\x6c\x5c\x6e\x22\x29\x3b\0\x20\x20\x20\x20\
\x20\x20\x20\x20\x69\x66\x28\x6e\x6f\x77\x20\x2d\x20\x70\x73\x2d\x3e\x6c\x61\
\x73\x74\x5f\x63\x6c\x65\x61\x72\x5f\x74\x69\x6d\x65\x20\x3e\x20\x48\x41\x4c\
\x46\x5f\x53\x45\x43\x4f\x4e\x44\x29\0\x20\x20\x20\x20\x20\x20\x20\x20\x20\x20\
\x20\x20\x69\x66\x28\x70\x73\x2d\x3e\x61\x6c\x72\x65\x61\x64\x79\x5f\x6f\x75\
\x74\x70\x75\x74\x20\x3d\x3d\x20\x66\x61\x6c\x73\x65\x29\0\x20\x20\x20\x20\x20\
\x20\x20\x20\x20\x20\x20\x20\x70\x73\x2d\x3e\x6c\x61\x73\x74\x5f\x63\x6c\x65\
\x61\x72\x5f\x74\x69\x6d\x65\x20\x3d\x20\x6e\x6f\x77\x3b\0\x20\x20\x20\x20\x20\
\x20\x20\x20\x20\x20\x20\x20\x70\x73\x2d\x3e\x61\x6c\x72\x65\x61\x64\x79\x5f\
\x6f\x75\x74\x70\x75\x74\x20\x3d\x20\x66\x61\x6c\x73\x65\x3b\0\x20\x20\x20\x20\
\x20\x20\x20\x20\x20\x20\x20\x20\x70\x73\x2d\x3e\x74\x6f\x74\x61\x6c\x5f\x75\
\x73\x65\x5f\x74\x69\x6d\x65\x20\x3d\x20\x30\x3b\0\x20\x20\x20\x20\x20\x20\x20\
\x20\x6d\x65\x6d\x73\x65\x74\x28\x62\x75\x66\x66\x2c\x30\x2c\x73\x69\x7a\x65\
\x6f\x66\x28\x73\x74\x72\x75\x63\x74\x20\x70\x72\x6f\x63\x65\x73\x73\x5f\x73\
\x74\x72\x75\x63\x74\x29\x29\x3b\0\x20\x20\x20\x20\x20\x20\x20\x20\x75\x36\x34\
\x20\x64\x65\x6c\x74\x61\x20\x3d\x20\x28\x48\x41\x4c\x46\x5f\x53\x45\x43\x4f\
\x4e\x44\x20\x2b\x20\x70\x73\x2d\x3e\x6c\x61\x73\x74\x5f\x63\x6c\x65\x61\x72\
\x5f\x74\x69\x6d\x65\x20\x2d\x20\x6e\x6f\x77\x29\x20\x2a\x20\x31\x30\x20\x2f\
\x20\x48\x41\x4c\x46\x5f\x53\x45\x43\x4f\x4e\x44\x3b\0\x20\x20\x20\x20\x20\x20\
\x20\x20\x62\x75\x66\x66\x2d\x3e\x74\x67\x69\x64\x20\x3d\x20\x74\x67\x69\x64\
\x3b\0\x20\x20\x20\x20\x20\x20\x20\x20\x62\x75\x66\x66\x2d\x3e\x6b\x69\x64\x73\
\x5f\x6c\x65\x6e\x67\x74\x68\x20\x3d\x20\x70\x73\x2d\x3e\x6b\x69\x64\x73\x5f\
\x6c\x65\x6e\x67\x74\x68\x3b\0\x20\x20\x20\x20\x20\x20\x20\x20\x62\x75\x66\x66\
\x2d\x3e\x74\x6f\x74\x61\x6c\x5f\x75\x73\x65\x5f\x70\x65\x72\x63\x65\x6e\x74\
\x20\x3d\x20\x70\x73\x2d\x3e\x74\x6f\x74\x61\x6c\x5f\x75\x73\x65\x5f\x74\x69\
\x6d\x65\x20\x2a\x20\x31\x30\x30\x20\x2a\x20\x64\x65\x6c\x74\x61\x20\x2f\x20\
\x48\x41\x4c\x46\x5f\x53\x45\x43\x4f\x4e\x44\x3b\0\x20\x20\x20\x20\x20\x20\x20\
\x20\x70\x73\x2d\x3e\x61\x6c\x72\x65\x61\x64\x79\x5f\x6f\x75\x74\x70\x75\x74\
\x20\x3d\x20\x74\x72\x75\x65\x3b\0\x20\x20\x20\x20\x75\x33\x32\x20\x63\x70\x75\
\x5f\x69\x64\x20\x3d\x20\x63\x74\x78\x2d\x3e\x63\x70\x75\x5f\x69\x64\x3b\0\x20\
\x20\x20\x20\x75\x33\x32\x20\x73\x74\x61\x74\x65\x20\x3d\x20\x63\x74\x78\x2d\
\x3e\x73\x74\x61\x74\x65\x3b\0\x20\x20\x20\x20\x69\x66\x28\x73\x74\x61\x74\x65\
\x20\x3d\x3d\x20\x28\x75\x33\x32\x29\x28\x2d\x31\x29\x29\x7b\0\x20\x20\x20\x20\
\x20\x20\x20\x20\x69\x66\x28\x63\x70\x75\x5f\x75\x73\x61\x67\x65\x2d\x3e\x6c\
\x61\x73\x74\x5f\x69\x64\x6c\x65\x5f\x74\x69\x6d\x65\x20\x3d\x3d\x20\x30\x29\0\
\x20\x20\x20\x20\x20\x20\x20\x20\x63\x70\x75\x5f\x75\x73\x61\x67\x65\x2d\x3e\
\x69\x64\x6c\x65\x5f\x74\x69\x6d\x65\x73\x20\x2b\x3d\x20\x6e\x6f\x77\x20\x2d\
\x20\x63\x70\x75\x5f\x75\x73\x61\x67\x65\x2d\x3e\x6c\x61\x73\x74\x5f\x69\x64\
\x6c\x65\x5f\x74\x69\x6d\x65\x3b\0\x20\x20\x20\x20\x7d\x65\x6c\x73\x65\x7b\0\
\x20\x20\x20\x20\x20\x20\x20\x20\x63\x70\x75\x5f\x75\x73\x61\x67\x65\x2d\x3e\
\x6c\x61\x73\x74\x5f\x69\x64\x6c\x65\x5f\x74\x69\x6d\x65\x20\x3d\x20\x6e\x6f\
\x77\x3b\0\x20\x20\x20\x20\x62\x70\x66\x5f\x6d\x61\x70\x5f\x75\x70\x64\x61\x74\
\x65\x5f\x65\x6c\x65\x6d\x28\x26\x63\x70\x75\x5f\x75\x73\x61\x67\x65\x5f\x74\
\x69\x6d\x65\x73\x5f\x6d\x61\x70\x2c\x20\x26\x63\x70\x75\x5f\x69\x64\x2c\x20\
\x63\x70\x75\x5f\x75\x73\x61\x67\x65\x2c\x20\x42\x50\x46\x5f\x41\x4e\x59\x29\
\x3b\0\x20\x20\x20\x20\x73\x74\x72\x75\x63\x74\x20\x74\x61\x73\x6b\x5f\x73\x74\
\x72\x75\x63\x74\x20\x2a\x74\x61\x73\x6b\x20\x3d\x20\x28\x73\x74\x72\x75\x63\
\x74\x20\x74\x61\x73\x6b\x5f\x73\x74\x72\x75\x63\x74\x20\x2a\x29\x62\x70\x66\
\x5f\x67\x65\x74\x5f\x63\x75\x72\x72\x65\x6e\x74\x5f\x74\x61\x73\x6b\x28\x29\
\x3b\0\x20\x20\x20\x20\x75\x33\x32\x20\x70\x69\x64\x20\x3d\x20\x42\x50\x46\x5f\
\x43\x4f\x52\x45\x5f\x52\x45\x41\x44\x28\x74\x61\x73\x6b\x2c\x20\x70\x69\x64\
\x29\x3b\0\x20\x20\x20\x20\x75\x33\x32\x20\x74\x67\x69\x64\x20\x3d\x20\x42\x50\
\x46\x5f\x43\x4f\x52\x45\x5f\x52\x45\x41\x44\x28\x74\x61\x73\x6b\x2c\x74\x67\
\x69\x64\x29\x3b\0\x20\x20\x20\x20\x73\x74\x72\x75\x63\x74\x20\x74\x61\x73\x6b\
\x5f\x63\x70\x75\x5f\x75\x73\x61\x67\x65\x20\x2a\x75\x73\x61\x67\x65\x20\x3d\
\x20\x62\x70\x66\x5f\x6d\x61\x70\x5f\x6c\x6f\x6f\x6b\x75\x70\x5f\x65\x6c\x65\
\x6d\x28\x26\x74\x61\x73\x6b\x5f\x63\x70\x75\x5f\x75\x73\x61\x67\x65\x5f\x6d\
\x61\x70\x2c\x20\x26\x70\x69\x64\x29\x3b\0\x20\x20\x20\x20\x69\x66\x28\x21\x75\
\x73\x61\x67\x65\x29\x7b\0\x20\x20\x20\x20\x20\x20\x20\x20\x75\x33\x32\x20\x63\
\x70\x75\x5f\x69\x64\x20\x3d\x20\x62\x70\x66\x5f\x67\x65\x74\x5f\x73\x6d\x70\
\x5f\x70\x72\x6f\x63\x65\x73\x73\x6f\x72\x5f\x69\x64\x28\x29\x3b\0\x20\x20\x20\
\x20\x20\x20\x20\x20\x20\x20\x20\x20\x2e\x74\x61\x73\x6b\x5f\x69\x6e\x66\x6f\
\x20\x3d\x20\x69\x6e\x66\x6f\x2c\0\x20\x20\x20\x20\x20\x20\x20\x20\x73\x74\x72\
\x75\x63\x74\x20\x74\x61\x73\x6b\x5f\x63\x70\x75\x5f\x75\x73\x61\x67\x65\x20\
\x69\x6e\x69\x74\x5f\x75\x73\x61\x67\x65\x20\x3d\x20\x7b\0\x20\x20\x20\x20\x20\
\x20\x20\x20\x62\x70\x66\x5f\x6d\x61\x70\x5f\x75\x70\x64\x61\x74\x65\x5f\x65\
\x6c\x65\x6d\x28\x26\x74\x61\x73\x6b\x5f\x63\x70\x75\x5f\x75\x73\x61\x67\x65\
\x5f\x6d\x61\x70\x2c\x20\x26\x70\x69\x64\x2c\x20\x26\x69\x6e\x69\x74\x5f\x75\
\x73\x61\x67\x65\x2c\x20\x42\x50\x46\x5f\x41\x4e\x59\x29\x3b\0\x20\x20\x20\x20\
\x20\x20\x20\x20\x69\x66\x28\x75\x73\x61\x67\x65\x2d\x3e\x74\x61\x73\x6b\x5f\
\x69\x6e\x66\x6f\x2e\x74\x67\x69\x64\x20\x3d\x3d\x20\x30\x29\0\x20\x20\x20\x20\
\x20\x20\x20\x20\x20\x20\x20\x20\x75\x73\x61\x67\x65\x2d\x3e\x74\x61\x73\x6b\
\x5f\x69\x6e\x66\x6f\x2e\x74\x67\x69\x64\x20\x3d\x20\x74\x67\x69\x64\x3b\0\x20\
\x20\x20\x20\x20\x20\x20\x20\x20\x20\x20\x20\x69\x6e\x73\x65\x72\x74\x5f\x70\
\x69\x64\x5f\x74\x6f\x5f\x70\x72\x6f\x63\x65\x73\x73\x28\x74\x67\x69\x64\x2c\
\x70\x69\x64\x29\x3b\0\x20\x20\x20\x20\x20\x20\x20\x20\x75\x73\x61\x67\x65\x2d\
\x3e\x69\x6e\x5f\x6b\x65\x72\x6e\x65\x6c\x20\x3d\x20\x74\x72\x75\x65\x3b\0\x20\
\x20\x20\x20\x20\x20\x20\x20\x62\x70\x66\x5f\x6d\x61\x70\x5f\x75\x70\x64\x61\
\x74\x65\x5f\x65\x6c\x65\x6d\x28\x26\x74\x61\x73\x6b\x5f\x63\x70\x75\x5f\x75\
\x73\x61\x67\x65\x5f\x6d\x61\x70\x2c\x20\x26\x70\x69\x64\x2c\x20\x75\x73\x61\
\x67\x65\x2c\x20\x42\x50\x46\x5f\x41\x4e\x59\x29\x3b\0\x69\x6e\x74\x20\x42\x50\
\x46\x5f\x50\x52\x4f\x47\x28\x74\x72\x61\x63\x65\x5f\x73\x79\x73\x5f\x65\x6e\
\x74\x65\x72\x29\x7b\0\x20\x20\x20\x20\x20\x20\x20\x20\x75\x73\x61\x67\x65\x2d\
\x3e\x69\x6e\x5f\x6b\x65\x72\x6e\x65\x6c\x20\x3d\x20\x66\x61\x6c\x73\x65\x3b\0\
\x69\x6e\x74\x20\x42\x50\x46\x5f\x50\x52\x4f\x47\x28\x74\x72\x61\x63\x65\x5f\
\x73\x79\x73\x5f\x65\x78\x69\x74\x29\x7b\x20\0\x20\x20\x20\x20\x20\x20\x20\x20\
\x63\x70\x75\x5f\x69\x6e\x69\x74\x28\x63\x70\x75\x5f\x69\x64\x29\x3b\0\x20\x20\
\x20\x20\x73\x74\x72\x75\x63\x74\x20\x63\x70\x75\x5f\x75\x73\x61\x67\x65\x5f\
\x74\x69\x6d\x65\x73\x2a\x20\x63\x70\x75\x5f\x75\x73\x61\x67\x65\x20\x3d\x20\
\x62\x70\x66\x5f\x6d\x61\x70\x5f\x6c\x6f\x6f\x6b\x75\x70\x5f\x65\x6c\x65\x6d\
\x28\x26\x63\x70\x75\x5f\x75\x73\x61\x67\x65\x5f\x74\x69\x6d\x65\x73\x5f\x6d\
\x61\x70\x2c\x20\x26\x63\x70\x75\x5f\x69\x64\x29\x3b\0\x20\x20\x20\x20\x69\x66\
\x28\x21\x63\x70\x75\x5f\x75\x73\x61\x67\x65\x29\0\x20\x20\x20\x20\x73\x74\x72\
\x75\x63\x74\x20\x63\x70\x75\x5f\x75\x73\x61\x67\x65\x5f\x74\x69\x6d\x65\x73\
\x20\x69\x6e\x69\x74\x5f\x63\x70\x75\x20\x3d\x20\x7b\x7d\x3b\0\x20\x20\x20\x20\
\x62\x70\x66\x5f\x6d\x61\x70\x5f\x75\x70\x64\x61\x74\x65\x5f\x65\x6c\x65\x6d\
\x28\x26\x63\x70\x75\x5f\x75\x73\x61\x67\x65\x5f\x74\x69\x6d\x65\x73\x5f\x6d\
\x61\x70\x2c\x20\x26\x63\x70\x75\x5f\x69\x64\x2c\x20\x26\x69\x6e\x69\x74\x5f\
\x63\x70\x75\x2c\x20\x42\x50\x46\x5f\x41\x4e\x59\x29\x3b\0\x20\x20\x20\x20\x73\
\x74\x72\x75\x63\x74\x20\x63\x70\x75\x5f\x75\x73\x61\x67\x65\x5f\x73\x74\x61\
\x74\x73\x20\x69\x6e\x69\x74\x5f\x73\x74\x61\x74\x73\x20\x3d\x20\x7b\0\x20\x20\
\x20\x20\x20\x20\x20\x20\x2e\x63\x70\x75\x5f\x69\x64\x20\x3d\x20\x63\x70\x75\
\x5f\x69\x64\x2c\0\x20\x20\x20\x20\x62\x70\x66\x5f\x6d\x61\x70\x5f\x75\x70\x64\
\x61\x74\x65\x5f\x65\x6c\x65\x6d\x28\x26\x63\x70\x75\x5f\x75\x73\x61\x67\x65\
\x5f\x70\x65\x72\x63\x65\x6e\x74\x5f\x6d\x61\x70\x2c\x20\x26\x63\x70\x75\x5f\
\x69\x64\x2c\x20\x26\x69\x6e\x69\x74\x5f\x73\x74\x61\x74\x73\x2c\x20\x42\x50\
\x46\x5f\x41\x4e\x59\x29\x3b\0\x20\x20\x20\x20\x20\x20\x20\x20\x63\x70\x75\x5f\
\x75\x73\x61\x67\x65\x20\x3d\x20\x62\x70\x66\x5f\x6d\x61\x70\x5f\x6c\x6f\x6f\
\x6b\x75\x70\x5f\x65\x6c\x65\x6d\x28\x26\x63\x70\x75\x5f\x75\x73\x61\x67\x65\
\x5f\x74\x69\x6d\x65\x73\x5f\x6d\x61\x70\x2c\x20\x26\x63\x70\x75\x5f\x69\x64\
\x29\x3b\0\x20\x20\x20\x20\x20\x20\x20\x20\x69\x66\x28\x63\x70\x75\x5f\x75\x73\
\x61\x67\x65\x20\x3d\x3d\x20\x4e\x55\x4c\x4c\x29\x20\x72\x65\x74\x75\x72\x6e\
\x20\x30\x3b\0\x20\x20\x20\x20\x63\x70\x75\x5f\x75\x73\x61\x67\x65\x2d\x3e\x6c\
\x61\x73\x74\x5f\x73\x6f\x66\x74\x69\x72\x71\x5f\x74\x69\x6d\x65\x20\x3d\x20\
\x6e\x6f\x77\x3b\0\x69\x6e\x74\x20\x42\x50\x46\x5f\x50\x52\x4f\x47\x28\x74\x72\
\x61\x63\x65\x5f\x63\x70\x75\x5f\x73\x6f\x66\x74\x69\x72\x71\x5f\x65\x6e\x74\
\x72\x79\x29\x7b\0\x20\x20\x20\x20\x63\x70\x75\x5f\x75\x73\x61\x67\x65\x2d\x3e\
\x73\x6f\x66\x74\x69\x72\x71\x5f\x74\x69\x6d\x65\x73\x20\x2b\x3d\x20\x6e\x6f\
\x77\x20\x2d\x20\x63\x70\x75\x5f\x75\x73\x61\x67\x65\x2d\x3e\x6c\x61\x73\x74\
\x5f\x73\x6f\x66\x74\x69\x72\x71\x5f\x74\x69\x6d\x65\x3b\0\x69\x6e\x74\x20\x42\
\x50\x46\x5f\x50\x52\x4f\x47\x28\x74\x72\x61\x63\x65\x5f\x63\x70\x75\x5f\x73\
\x6f\x66\x74\x69\x72\x71\x5f\x65\x78\x69\x74\x29\x7b\0\x20\x20\x20\x20\x63\x70\
\x75\x5f\x75\x73\x61\x67\x65\x2d\x3e\x6c\x61\x73\x74\x5f\x69\x72\x71\x5f\x74\
\x69\x6d\x65\x20\x3d\x20\x6e\x6f\x77\x3b\0\x69\x6e\x74\x20\x42\x50\x46\x5f\x50\
\x52\x4f\x47\x28\x74\x72\x61\x63\x65\x5f\x63\x70\x75\x5f\x69\x72\x71\x5f\x65\
\x6e\x74\x72\x79\x29\x7b\0\x20\x20\x20\x20\x63\x70\x75\x5f\x75\x73\x61\x67\x65\
\x2d\x3e\x69\x72\x71\x5f\x74\x69\x6d\x65\x73\x20\x2b\x3d\x20\x6e\x6f\x77\x20\
\x2d\x20\x63\x70\x75\x5f\x75\x73\x61\x67\x65\x2d\x3e\x6c\x61\x73\x74\x5f\x69\
\x72\x71\x5f\x74\x69\x6d\x65\x3b\0\x69\x6e\x74\x20\x42\x50\x46\x5f\x50\x52\x4f\
\x47\x28\x74\x72\x61\x63\x65\x5f\x63\x70\x75\x5f\x69\x72\x71\x5f\x65\x78\x69\
\x74\x29\x7b\0\x30\x3a\x39\x32\0\x30\x3a\x39\x33\0\x30\x3a\x31\x32\x37\0\x30\
\x3a\x34\0\x30\x3a\x33\0\x30\x3a\x32\0\x30\x3a\x36\0\x30\x3a\x31\0\x30\x3a\x35\
\0\x6c\x69\x63\x65\x6e\x73\x65\0\x2e\x72\x6f\x64\x61\x74\x61\0\x2e\x6d\x61\x70\
\x73\0\x2e\x62\x73\x73\0\x2e\x74\x65\x78\x74\0\x72\x61\x77\x5f\x74\x70\x2f\x73\
\x63\x68\x65\x64\x5f\x77\x61\x6b\x65\x75\x70\0\x72\x61\x77\x5f\x74\x70\x2f\x73\
\x63\x68\x65\x64\x5f\x77\x61\x6b\x65\x75\x70\x5f\x6e\x65\x77\0\x74\x72\x61\x63\
\x65\x70\x6f\x69\x6e\x74\x2f\x73\x63\x68\x65\x64\x2f\x73\x63\x68\x65\x64\x5f\
\x70\x72\x6f\x63\x65\x73\x73\x5f\x66\x6f\x72\x6b\0\x74\x72\x61\x63\x65\x70\x6f\
\x69\x6e\x74\x2f\x73\x63\x68\x65\x64\x2f\x73\x63\x68\x65\x64\x5f\x70\x72\x6f\
\x63\x65\x73\x73\x5f\x65\x78\x69\x74\0\x74\x72\x61\x63\x65\x70\x6f\x69\x6e\x74\
\x2f\x73\x63\x68\x65\x64\x2f\x73\x63\x68\x65\x64\x5f\x73\x77\x69\x74\x63\x68\0\
\x74\x72\x61\x63\x65\x70\x6f\x69\x6e\x74\x2f\x70\x6f\x77\x65\x72\x2f\x63\x70\
\x75\x5f\x69\x64\x6c\x65\0\x74\x72\x61\x63\x65\x70\x6f\x69\x6e\x74\x2f\x72\x61\
\x77\x5f\x73\x79\x73\x63\x61\x6c\x6c\x73\x2f\x73\x79\x73\x5f\x65\x6e\x74\x65\
\x72\0\x74\x72\x61\x63\x65\x70\x6f\x69\x6e\x74\x2f\x72\x61\x77\x5f\x73\x79\x73\
\x63\x61\x6c\x6c\x73\x2f\x73\x79\x73\x5f\x65\x78\x69\x74\0\x74\x72\x61\x63\x65\
\x70\x6f\x69\x6e\x74\x2f\x69\x72\x71\x2f\x73\x6f\x66\x74\x69\x72\x71\x5f\x65\
\x6e\x74\x72\x79\0\x74\x72\x61\x63\x65\x70\x6f\x69\x6e\x74\x2f\x69\x72\x71\x2f\
\x73\x6f\x66\x74\x69\x72\x71\x5f\x65\x78\x69\x74\0\x74\x72\x61\x63\x65\x70\x6f\
\x69\x6e\x74\x2f\x69\x72\x71\x2f\x69\x72\x71\x5f\x68\x61\x6e\x64\x6c\x65\x72\
\x5f\x65\x6e\x74\x72\x79\0\x74\x72\x61\x63\x65\x70\x6f\x69\x6e\x74\x2f\x69\x72\
\x71\x2f\x69\x72\x71\x5f\x68\x61\x6e\x64\x6c\x65\x72\x5f\x65\x78\x69\x74\0\0\0\
\0\0\0\0\x9f\xeb\x01\0\x20\0\0\0\0\0\0\0\xfc\0\0\0\xfc\0\0\0\x44\x36\0\0\x40\
\x37\0\0\xc4\x01\0\0\x08\0\0\0\x57\x75\0\0\x01\0\0\0\0\0\0\0\xc1\x01\0\0\x5d\
\x75\0\0\x01\0\0\0\0\0\0\0\x4d\0\0\0\x71\x75\0\0\x01\0\0\0\0\0\0\0\xb1\x01\0\0\
\x89\x75\0\0\x01\0\0\0\0\0\0\0\xb7\x01\0\0\xad\x75\0\0\x01\0\0\0\0\0\0\0\xb8\
\x01\0\0\xd1\x75\0\0\x02\0\0\0\0\0\0\0\xbc\x01\0\0\x98\x14\0\0\xc2\x01\0\0\xef\
\x75\0\0\x01\0\0\0\0\0\0\0\xc6\x01\0\0\x09\x76\0\0\x01\0\0\0\0\0\0\0\xc7\x01\0\
\0\x2b\x76\0\0\x01\0\0\0\0\0\0\0\xc8\x01\0\0\x4c\x76\0\0\x01\0\0\0\0\0\0\0\xc9\
\x01\0\0\x69\x76\0\0\x01\0\0\0\0\0\0\0\xca\x01\0\0\x85\x76\0\0\x01\0\0\0\0\0\0\
\0\xcb\x01\0\0\xa6\x76\0\0\x01\0\0\0\0\0\0\0\xcc\x01\0\0\x70\x1e\0\0\x03\0\0\0\
\0\0\0\0\xd1\x01\0\0\x98\x06\0\0\xd2\x01\0\0\x20\x0a\0\0\xd3\x01\0\0\x10\0\0\0\
\x57\x75\0\0\x37\0\0\0\0\0\0\0\x85\x34\0\0\xa0\x67\0\0\0\xdc\x07\0\x30\0\0\0\
\x85\x34\0\0\xdd\x37\0\0\x21\xe8\x07\0\x50\0\0\0\x85\x34\0\0\x26\x38\0\0\x08\
\xec\x07\0\x58\0\0\0\x85\x34\0\0\xf6\x67\0\0\x16\xf0\x07\0\x78\0\0\0\x85\x34\0\
\0\x67\x38\0\0\x0d\xf0\x03\0\xa0\0\0\0\x85\x34\0\0\x7b\x38\0\0\x05\x14\x04\0\
\xd0\0\0\0\x85\x34\0\0\x17\x68\0\0\x0e\xf4\x07\0\xf0\0\0\0\x85\x34\0\0\x4d\x68\
\0\0\x0c\xf8\x07\0\xf8\0\0\0\x85\x34\0\0\x5d\x68\0\0\x10\x08\x08\0\0\x01\0\0\
\x85\x34\0\0\x5d\x68\0\0\x0e\x08\x08\0\x08\x01\0\0\x85\x34\0\0\x72\x68\0\0\x16\
\x0c\x08\0\x10\x01\0\0\x85\x34\0\0\x72\x68\0\0\x1d\x0c\x08\0\x18\x01\0\0\x85\
\x34\0\0\x72\x68\0\0\x16\x0c\x08\0\x28\x01\0\0\x85\x34\0\0\xb1\x68\0\0\x1c\x14\
\x08\0\x30\x01\0\0\x85\x34\0\0\xd1\x68\0\0\x20\x18\x08\0\x38\x01\0\0\x85\x34\0\
\0\xd1\x68\0\0\x1e\x18\x08\0\x40\x01\0\0\x85\x34\0\0\x04\x69\0\0\x18\x20\x08\0\
\x68\x01\0\0\x85\x34\0\0\x25\x69\0\0\x05\x28\x08\0\x90\x01\0\0\x85\x34\0\0\x5d\
\x69\0\0\x15\x34\x07\0\x98\x01\0\0\x85\x34\0\0\x3e\x3a\0\0\x0f\x38\x07\0\xa0\
\x01\0\0\x85\x34\0\0\x95\x69\0\0\x14\x3c\x07\0\xa8\x01\0\0\x85\x34\0\0\x95\x69\
\0\0\x09\x3c\x07\0\xb0\x01\0\0\x85\x34\0\0\xae\x69\0\0\x0c\x40\x07\0\xb8\x01\0\
\0\x85\x34\0\0\xae\x69\0\0\x1c\x40\x07\0\xc0\x01\0\0\x85\x34\0\0\xd0\x69\0\0\
\x1d\x44\x07\0\xe0\x01\0\0\x85\x34\0\0\xf3\x69\0\0\x0d\x54\x07\0\xe8\x01\0\0\
\x85\x34\0\0\xf3\x69\0\0\x1c\x54\x07\0\x30\x02\0\0\x85\x34\0\0\x50\x6a\0\0\x09\
\x5c\x07\0\x58\x02\0\0\x85\x34\0\0\x98\x6a\0\0\x27\x64\x07\0\x80\x02\0\0\x85\
\x34\0\0\x97\x52\0\0\x0c\x68\x07\0\x88\x02\0\0\x85\x34\0\0\x0d\x6b\0\0\x0d\x6c\
\x07\0\xa8\x02\0\0\x85\x34\0\0\xe3\x52\0\0\x0d\x70\x07\0\xb0\x02\0\0\x85\x34\0\
\0\x45\x6b\0\0\x26\xa8\x07\0\xb8\x02\0\0\x85\x34\0\0\x79\x6b\0\0\x23\xb0\x07\0\
\xd0\x02\0\0\x85\x34\0\0\xff\x4a\0\0\x11\xb4\x07\0\xf8\x02\0\0\x85\x34\0\0\xa5\
\x6b\0\0\x21\xb8\x07\0\x08\x03\0\0\x85\x34\0\0\xcc\x6b\0\0\x20\xc0\x07\0\x18\
\x03\0\0\x85\x34\0\0\xf4\x6b\0\0\x20\xbc\x07\0\x28\x03\0\0\x85\x34\0\0\x18\x6c\
\0\0\x09\x78\x07\0\x68\x03\0\0\x85\x34\0\0\x4e\x6c\0\0\x28\x80\x07\0\x70\x03\0\
\0\x85\x34\0\0\xa0\x6c\0\0\x16\x84\x07\0\x78\x03\0\0\x85\x34\0\0\xa0\x6c\0\0\
\x14\x84\x07\0\x80\x03\0\0\x85\x34\0\0\xbb\x6c\0\0\x21\x88\x07\0\x88\x03\0\0\
\x85\x34\0\0\xbb\x6c\0\0\x1b\x88\x07\0\x90\x03\0\0\x85\x34\0\0\x4e\x6c\0\0\x38\
\x80\x07\0\x98\x03\0\0\x85\x34\0\0\x4e\x6c\0\0\x3f\x80\x07\0\xb8\x03\0\0\x85\
\x34\0\0\x4e\x6c\0\0\x44\x80\x07\0\xc0\x03\0\0\x85\x34\0\0\xe8\x6c\0\0\x27\x8c\
\x07\0\xc8\x03\0\0\x85\x34\0\0\xe8\x6c\0\0\x36\x8c\x07\0\xd0\x03\0\0\x85\x34\0\
\0\xe8\x6c\0\0\x3c\x8c\x07\0\xd8\x03\0\0\x85\x34\0\0\xe8\x6c\0\0\x44\x8c\x07\0\
\xe0\x03\0\0\x85\x34\0\0\xe8\x6c\0\0\x21\x8c\x07\0\xe8\x03\0\0\x85\x34\0\0\xf0\
\x55\0\0\x09\x90\x07\0\x08\x04\0\0\x85\x34\0\0\x3a\x6d\0\0\x1c\x98\x07\0\x48\
\x04\0\0\x85\x34\0\0\xe7\x43\0\0\x01\x38\x08\0\x5d\x75\0\0\x28\0\0\0\0\0\0\0\
\x85\x34\0\0\xb8\x34\0\0\0\x60\x04\0\x08\0\0\0\x85\x34\0\0\xb8\x34\0\0\x05\x60\
\x04\0\x30\0\0\0\x85\x34\0\0\xf1\x34\0\0\x0f\x68\x04\0\x40\0\0\0\x85\x34\0\0\
\xf1\x34\0\0\x0f\x68\x04\0\x48\0\0\0\x85\x34\0\0\xf1\x34\0\0\x09\x68\x04\0\x50\
\0\0\0\x85\x34\0\0\x15\x35\0\0\x0c\x6c\x04\0\x80\0\0\0\x85\x34\0\0\x26\x35\0\0\
\x10\x74\x04\0\x98\0\0\0\x85\x34\0\0\x26\x35\0\0\x10\x74\x04\0\xa0\0\0\0\x85\
\x34\0\0\x4c\x35\0\0\x12\x78\x04\0\xc8\0\0\0\x85\x34\0\0\x79\x35\0\0\x27\x7c\
\x04\0\xe8\0\0\0\x85\x34\0\0\xce\x35\0\0\x08\x80\x04\0\x18\x01\0\0\x85\x34\0\0\
\xe1\x35\0\0\x10\x10\x02\0\x38\x01\0\0\x85\x34\0\0\x07\x36\0\0\x11\x14\x02\0\
\x50\x01\0\0\x85\x34\0\0\x2e\x36\0\0\x24\x08\x02\0\x58\x01\0\0\x85\x34\0\0\x07\
\x36\0\0\x11\x14\x02\0\x60\x01\0\0\x85\x34\0\0\x2e\x36\0\0\x24\x08\x02\0\x80\
\x01\0\0\x85\x34\0\0\x53\x36\0\0\x11\x0c\x02\0\xb0\x01\0\0\x85\x34\0\0\x67\x36\
\0\0\x3d\x20\x02\0\xd0\x01\0\0\x85\x34\0\0\x53\x36\0\0\x11\x0c\x02\0\xe0\x01\0\
\0\x85\x34\0\0\x67\x36\0\0\x05\x20\x02\0\xf8\x01\0\0\x85\x34\0\0\xbc\x36\0\0\
\x1f\x90\x04\0\x38\x02\0\0\x85\x34\0\0\xe0\x36\0\0\x09\x8c\x04\0\xe8\x02\0\0\
\x85\x34\0\0\xbc\x36\0\0\x1f\x90\x04\0\x30\x03\0\0\x85\x34\0\0\x1c\x37\0\0\x26\
\x94\x04\0\x38\x03\0\0\x85\x34\0\0\x1c\x37\0\0\x24\x94\x04\0\x60\x03\0\0\x85\
\x34\0\0\x55\x37\0\0\x09\x98\x04\0\x80\x03\0\0\x85\x34\0\0\xa2\x37\0\0\x24\x9c\
\x04\0\x98\x03\0\0\x85\x34\0\0\xcb\x37\0\0\x0d\x2c\x04\0\xb0\x03\0\0\x85\x34\0\
\0\xdd\x37\0\0\x21\x34\x04\0\xc8\x03\0\0\x85\x34\0\0\x26\x38\0\0\x08\x38\x04\0\
\xd8\x03\0\0\x85\x34\0\0\x33\x38\0\0\x16\x3c\x04\0\xe0\x03\0\0\x85\x34\0\0\x53\
\x38\0\0\x0d\xfc\x03\0\0\x04\0\0\x85\x34\0\0\x67\x38\0\0\x0d\xf0\x03\0\x28\x04\
\0\0\x85\x34\0\0\x7b\x38\0\0\x05\x14\x04\0\x40\x04\0\0\x85\x34\0\0\xb4\x38\0\0\
\x26\xa8\x04\0\x48\x04\0\0\x85\x34\0\0\xb4\x38\0\0\x24\xa8\x04\0\x60\x04\0\0\
\x85\x34\0\0\xed\x38\0\0\x09\xac\x04\0\x88\x04\0\0\x85\x34\0\0\xb8\x34\0\0\x05\
\x60\x04\0\x98\x04\0\0\x85\x34\0\0\x35\x39\0\0\x19\x48\x04\0\xc0\x04\0\0\x85\
\x34\0\0\x53\x39\0\0\x09\x4c\x04\0\x71\x75\0\0\x28\0\0\0\0\0\0\0\x85\x34\0\0\
\x5d\x46\0\0\0\xc8\x04\0\x08\0\0\0\x85\x34\0\0\x5d\x46\0\0\x05\xc8\x04\0\x30\0\
\0\0\x85\x34\0\0\xf1\x34\0\0\x0f\xcc\x04\0\x40\0\0\0\x85\x34\0\0\xf1\x34\0\0\
\x0f\xcc\x04\0\x48\0\0\0\x85\x34\0\0\xf1\x34\0\0\x09\xcc\x04\0\x50\0\0\0\x85\
\x34\0\0\x15\x35\0\0\x0c\xd0\x04\0\x80\0\0\0\x85\x34\0\0\x26\x35\0\0\x10\xd8\
\x04\0\x98\0\0\0\x85\x34\0\0\x26\x35\0\0\x10\xd8\x04\0\xa0\0\0\0\x85\x34\0\0\
\x4c\x35\0\0\x12\xdc\x04\0\xc8\0\0\0\x85\x34\0\0\x79\x35\0\0\x27\xe0\x04\0\xe8\
\0\0\0\x85\x34\0\0\xce\x35\0\0\x08\xe4\x04\0\x18\x01\0\0\x85\x34\0\0\xe1\x35\0\
\0\x10\x10\x02\0\x38\x01\0\0\x85\x34\0\0\x07\x36\0\0\x11\x14\x02\0\x50\x01\0\0\
\x85\x34\0\0\x2e\x36\0\0\x24\x08\x02\0\x58\x01\0\0\x85\x34\0\0\x07\x36\0\0\x11\
\x14\x02\0\x60\x01\0\0\x85\x34\0\0\x2e\x36\0\0\x24\x08\x02\0\x80\x01\0\0\x85\
\x34\0\0\x53\x36\0\0\x11\x0c\x02\0\xb0\x01\0\0\x85\x34\0\0\x67\x36\0\0\x3d\x20\
\x02\0\xd0\x01\0\0\x85\x34\0\0\x53\x36\0\0\x11\x0c\x02\0\xe0\x01\0\0\x85\x34\0\
\0\x67\x36\0\0\x05\x20\x02\0\xf8\x01\0\0\x85\x34\0\0\xbc\x36\0\0\x1f\xf4\x04\0\
\x38\x02\0\0\x85\x34\0\0\xe0\x36\0\0\x09\xf0\x04\0\xe8\x02\0\0\x85\x34\0\0\xbc\
\x36\0\0\x1f\xf4\x04\0\x30\x03\0\0\x85\x34\0\0\x1c\x37\0\0\x26\xf8\x04\0\x38\
\x03\0\0\x85\x34\0\0\x1c\x37\0\0\x24\xf8\x04\0\x60\x03\0\0\x85\x34\0\0\x55\x37\
\0\0\x09\xfc\x04\0\x80\x03\0\0\x85\x34\0\0\xa2\x37\0\0\x24\x04\x05\0\x98\x03\0\
\0\x85\x34\0\0\xcb\x37\0\0\x0d\x2c\x04\0\xb0\x03\0\0\x85\x34\0\0\xdd\x37\0\0\
\x21\x34\x04\0\xc8\x03\0\0\x85\x34\0\0\x26\x38\0\0\x08\x38\x04\0\xd8\x03\0\0\
\x85\x34\0\0\x33\x38\0\0\x16\x3c\x04\0\xe0\x03\0\0\x85\x34\0\0\x53\x38\0\0\x0d\
\xfc\x03\0\0\x04\0\0\x85\x34\0\0\x67\x38\0\0\x0d\xf0\x03\0\x28\x04\0\0\x85\x34\
\0\0\x7b\x38\0\0\x05\x14\x04\0\x40\x04\0\0\x85\x34\0\0\xb4\x38\0\0\x26\x10\x05\
\0\x48\x04\0\0\x85\x34\0\0\xb4\x38\0\0\x24\x10\x05\0\x60\x04\0\0\x85\x34\0\0\
\xed\x38\0\0\x09\x14\x05\0\x88\x04\0\0\x85\x34\0\0\x5d\x46\0\0\x05\xc8\x04\0\
\x98\x04\0\0\x85\x34\0\0\x35\x39\0\0\x19\x48\x04\0\xc0\x04\0\0\x85\x34\0\0\x53\
\x39\0\0\x09\x4c\x04\0\x89\x75\0\0\x0f\0\0\0\0\0\0\0\x85\x34\0\0\x9b\x46\0\0\0\
\x30\x05\0\x08\0\0\0\x85\x34\0\0\xe3\x46\0\0\x18\x34\x05\0\x10\0\0\0\x85\x34\0\
\0\xe3\x46\0\0\x09\x34\x05\0\x18\0\0\0\x85\x34\0\0\x4c\x35\0\0\x12\x38\x05\0\
\x38\0\0\0\x85\x34\0\0\x05\x47\0\0\x21\x3c\x05\0\x50\0\0\0\x85\x34\0\0\x58\x47\
\0\0\x08\x40\x05\0\x58\0\0\0\x85\x34\0\0\x65\x47\0\0\x28\x4c\x05\0\x60\0\0\0\
\x85\x34\0\0\x8e\x47\0\0\x18\x50\x05\0\x68\0\0\0\x85\x34\0\0\x65\x47\0\0\x28\
\x4c\x05\0\xc8\0\0\0\x85\x34\0\0\xae\x47\0\0\x09\x5c\x05\0\xe0\0\0\0\x85\x34\0\
\0\xbc\x36\0\0\x1f\x60\x05\0\x20\x01\0\0\x85\x34\0\0\xe0\x36\0\0\x09\x48\x05\0\
\xc8\x01\0\0\x85\x34\0\0\xbc\x36\0\0\x1f\x60\x05\0\x30\x02\0\0\x85\x34\0\0\x04\
\x48\0\0\x09\x64\x05\0\x50\x02\0\0\x85\x34\0\0\x8f\x45\0\0\x05\x6c\x05\0\xad\
\x75\0\0\x16\0\0\0\0\0\0\0\x85\x34\0\0\x52\x48\0\0\x14\x80\x05\0\x08\0\0\0\x85\
\x34\0\0\x81\x48\0\0\x09\x84\x05\0\x10\0\0\0\x85\x34\0\0\xa8\x48\0\0\x19\x88\
\x05\0\x20\0\0\0\x85\x34\0\0\xa8\x48\0\0\x09\x88\x05\0\x38\0\0\0\x85\x34\0\0\
\xc9\x48\0\0\x11\x8c\x05\0\x58\0\0\0\x85\x34\0\0\xe7\x48\0\0\x05\x98\x05\0\x80\
\0\0\0\x85\x34\0\0\xdd\x37\0\0\x21\x9c\x05\0\xa0\0\0\0\x85\x34\0\0\x1a\x49\0\0\
\x0b\xa0\x05\0\xa8\0\0\0\x85\x34\0\0\x2e\x49\0\0\x10\xa4\x05\0\xb0\0\0\0\x85\
\x34\0\0\x2e\x49\0\0\x1c\xa4\x05\0\xb8\0\0\0\x85\x34\0\0\x4e\x49\0\0\x1d\xa8\
\x05\0\xd8\0\0\0\x85\x34\0\0\x70\x49\0\0\x13\xb0\x05\0\xf0\0\0\0\x85\x34\0\0\
\xb2\x49\0\0\x0f\xb4\x05\0\x08\x01\0\0\x85\x34\0\0\xca\x49\0\0\x0d\xb8\x05\0\
\x30\x01\0\0\x85\x34\0\0\x06\x4a\0\0\x09\xc8\x05\0\x48\x01\0\0\x85\x34\0\0\x3e\
\x4a\0\0\x1c\xd0\x05\0\x50\x01\0\0\x85\x34\0\0\x3e\x4a\0\0\x15\xd0\x05\0\x68\
\x01\0\0\x85\x34\0\0\x6b\x4a\0\0\x0d\xd8\x05\0\x88\x01\0\0\x85\x34\0\0\xa0\x4a\
\0\0\x12\x1c\x06\0\xa8\x01\0\0\x85\x34\0\0\xe3\x4a\0\0\x13\x20\x06\0\xc0\x01\0\
\0\x85\x34\0\0\xff\x4a\0\0\x11\x24\x06\0\xd8\x01\0\0\x85\x34\0\0\x41\x4b\0\0\
\x05\x7c\x05\0\xd1\x75\0\0\x3e\x01\0\0\0\0\0\0\x85\x34\0\0\x61\x4b\0\0\0\x44\
\x08\0\x08\0\0\0\x85\x34\0\0\xa2\x4b\0\0\x19\x50\x08\0\x10\0\0\0\x85\x34\0\0\
\xa2\x4b\0\0\x09\x50\x08\0\x18\0\0\0\x85\x34\0\0\xc4\x4b\0\0\x19\x54\x08\0\x20\
\0\0\0\x85\x34\0\0\xc4\x4b\0\0\x09\x54\x08\0\x28\0\0\0\x85\x34\0\0\x4c\x35\0\0\
\x12\x58\x08\0\x30\0\0\0\x85\x34\0\0\x4c\x35\0\0\x09\x58\x08\0\x38\0\0\0\x85\
\x34\0\0\x3e\x3a\0\0\x0f\x5c\x08\0\x58\0\0\0\x85\x34\0\0\xe6\x4b\0\0\x11\x68\
\x08\0\x70\0\0\0\x85\x34\0\0\x2a\x4c\0\0\x13\x6c\x08\0\x80\0\0\0\x85\x34\0\0\
\x47\x4c\0\0\x20\x70\x08\0\xf0\0\0\0\x85\x34\0\0\x75\x4c\0\0\x09\x74\x08\0\x20\
\x01\0\0\x85\x34\0\0\xc5\x4c\0\0\x2d\x7c\x08\0\x28\x01\0\0\x85\x34\0\0\xc5\x4c\
\0\0\x20\x7c\x08\0\x30\x01\0\0\x85\x34\0\0\xf3\x4c\0\0\x17\x80\x08\0\x38\x01\0\
\0\x85\x34\0\0\xc5\x4c\0\0\x2d\x7c\x08\0\x40\x01\0\0\x85\x34\0\0\xc5\x4c\0\0\
\x20\x7c\x08\0\x70\x01\0\0\x85\x34\0\0\x11\x4d\0\0\x09\x8c\x08\0\xa8\x01\0\0\
\x85\x34\0\0\xe6\x4b\0\0\x11\x94\x08\0\xd0\x01\0\0\x85\x34\0\0\x65\x4d\0\0\x13\
\x98\x08\0\xe0\x01\0\0\x85\x34\0\0\x8b\x4d\0\0\x08\xb4\x08\0\xe8\x01\0\0\x85\
\x34\0\0\x8b\x4d\0\0\x11\xb4\x08\0\x08\x02\0\0\x85\x34\0\0\xa2\x4d\0\0\x2c\xb8\
\x08\0\x20\x02\0\0\x85\x34\0\0\x02\x4e\0\0\x0d\xbc\x08\0\x28\x02\0\0\x85\x34\0\
\0\x1c\x4e\0\0\x18\xcc\x08\0\x30\x02\0\0\x85\x34\0\0\x3d\x4e\0\0\x2c\xc8\x08\0\
\x38\x02\0\0\x85\x34\0\0\x6a\x4e\0\0\x1b\xd0\x08\0\x40\x02\0\0\x85\x34\0\0\x3d\
\x4e\0\0\x2c\xc8\x08\0\xa8\x02\0\0\x85\x34\0\0\x8b\x4e\0\0\x0d\xd8\x08\0\xb8\
\x02\0\0\x85\x34\0\0\xe3\x4e\0\0\x23\xdc\x08\0\xf8\x02\0\0\x85\x34\0\0\x0b\x4f\
\0\0\x0d\xc4\x08\0\xa0\x03\0\0\x85\x34\0\0\xe3\x4e\0\0\x23\xdc\x08\0\xf0\x03\0\
\0\x85\x34\0\0\x4b\x4f\0\0\x25\xe4\x08\0\xf8\x03\0\0\x85\x34\0\0\x76\x4f\0\0\
\x27\xe0\x08\0\x20\x04\0\0\x85\x34\0\0\xa3\x4f\0\0\x0d\xe8\x08\0\x40\x04\0\0\
\x85\x34\0\0\xf9\x4f\0\0\x28\xf0\x08\0\x48\x04\0\0\x85\x34\0\0\xf9\x4f\0\0\x26\
\xf0\x08\0\x50\x04\0\0\x85\x34\0\0\x2a\x50\0\0\x1c\xf4\x08\0\x58\x04\0\0\x85\
\x34\0\0\x2a\x50\0\0\x2a\xf4\x08\0\x60\x04\0\0\x85\x34\0\0\x5b\x50\0\0\x20\xfc\
\x08\0\x80\x04\0\0\x85\x34\0\0\x87\x50\0\0\x21\xf8\x08\0\xd0\x04\0\0\x85\x34\0\
\0\xc3\x50\0\0\x2a\x18\x09\0\xf0\x04\0\0\x85\x34\0\0\xf6\x50\0\0\x09\x5c\x06\0\
\xf8\x04\0\0\x85\x34\0\0\x3e\x3a\0\0\x0f\x60\x06\0\0\x05\0\0\x85\x34\0\0\x1f\
\x51\0\0\x14\x64\x06\0\x08\x05\0\0\x85\x34\0\0\x1f\x51\0\0\x24\x64\x06\0\x10\
\x05\0\0\x85\x34\0\0\x48\x51\0\0\x25\x6c\x06\0\x30\x05\0\0\x85\x34\0\0\x73\x51\
\0\0\x15\x7c\x06\0\x38\x05\0\0\x85\x34\0\0\x73\x51\0\0\x24\x7c\x06\0\x80\x05\0\
\0\x85\x34\0\0\xe0\x51\0\0\x09\x84\x06\0\xa8\x05\0\0\x85\x34\0\0\x25\x52\0\0\
\x27\x8c\x06\0\xd0\x05\0\0\x85\x34\0\0\x97\x52\0\0\x0c\x90\x06\0\xd8\x05\0\0\
\x85\x34\0\0\xaa\x52\0\0\x0d\x94\x06\0\xf8\x05\0\0\x85\x34\0\0\xe3\x52\0\0\x0d\
\x98\x06\0\0\x06\0\0\x85\x34\0\0\xf9\x52\0\0\x2e\xf0\x06\0\x08\x06\0\0\x85\x34\
\0\0\x35\x53\0\0\x2b\xf8\x06\0\x20\x06\0\0\x85\x34\0\0\x69\x53\0\0\x11\xfc\x06\
\0\x50\x06\0\0\x85\x34\0\0\xa9\x53\0\0\x28\x10\x07\0\x58\x06\0\0\x85\x34\0\0\
\xd9\x53\0\0\x29\0\x07\0\x68\x06\0\0\x85\x34\0\0\x08\x54\0\0\x26\x08\x07\0\x88\
\x06\0\0\x85\x34\0\0\x32\x54\0\0\x09\xa0\x06\0\xf8\x06\0\0\x85\x34\0\0\x68\x54\
\0\0\x27\xa4\x06\0\x38\x07\0\0\x85\x34\0\0\x99\x54\0\0\x30\xac\x06\0\x48\x07\0\
\0\x85\x34\0\0\x99\x54\0\0\x40\xac\x06\0\x50\x07\0\0\x85\x34\0\0\x99\x54\0\0\
\x47\xac\x06\0\x70\x07\0\0\x85\x34\0\0\x99\x54\0\0\x4b\xac\x06\0\x78\x07\0\0\
\x85\x34\0\0\xf2\x54\0\0\x2b\xb0\x06\0\x80\x07\0\0\x85\x34\0\0\xf2\x54\0\0\x39\
\xb0\x06\0\x90\x07\0\0\x85\x34\0\0\xf2\x54\0\0\x3f\xb0\x06\0\x98\x07\0\0\x85\
\x34\0\0\xf2\x54\0\0\x46\xb0\x06\0\xa0\x07\0\0\x85\x34\0\0\xf2\x54\0\0\x1d\xb0\
\x06\0\xa8\x07\0\0\x85\x34\0\0\x46\x55\0\0\x2c\xb4\x06\0\xb0\x07\0\0\x85\x34\0\
\0\x46\x55\0\0\x3b\xb4\x06\0\xb8\x07\0\0\x85\x34\0\0\x46\x55\0\0\x1e\xb4\x06\0\
\xc0\x07\0\0\x85\x34\0\0\x9d\x55\0\0\x2a\xb8\x06\0\xc8\x07\0\0\x85\x34\0\0\x9d\
\x55\0\0\x37\xb8\x06\0\xd0\x07\0\0\x85\x34\0\0\x9d\x55\0\0\x1c\xb8\x06\0\xd8\
\x07\0\0\x85\x34\0\0\xf0\x55\0\0\x09\xbc\x06\0\xf8\x07\0\0\x85\x34\0\0\x14\x56\
\0\0\x24\xc4\x06\0\0\x08\0\0\x85\x34\0\0\x3f\x56\0\0\x18\xd0\x06\0\x08\x08\0\0\
\x85\x34\0\0\x3f\x56\0\0\x2d\xd0\x06\0\x28\x08\0\0\x85\x34\0\0\xb5\x56\0\0\x21\
\xd8\x06\0\x38\x08\0\0\x85\x34\0\0\x3e\x3a\0\0\x0f\x38\x02\0\x40\x08\0\0\x85\
\x34\0\0\x15\x35\0\0\x0c\x40\x02\0\x58\x08\0\0\x85\x34\0\0\xdb\x56\0\0\x0c\x48\
\x02\0\x70\x08\0\0\x85\x34\0\0\x16\x57\0\0\x08\x4c\x02\0\x88\x08\0\0\x85\x34\0\
\0\x24\x57\0\0\x25\x58\x02\0\xb0\x08\0\0\x85\x34\0\0\x97\x57\0\0\x08\x5c\x02\0\
\xb8\x08\0\0\x85\x34\0\0\xa6\x57\0\0\x09\x60\x02\0\xd8\x08\0\0\x85\x34\0\0\x9e\
\x44\0\0\x09\x64\x02\0\xe0\x08\0\0\x85\x34\0\0\xde\x57\0\0\x05\x6c\x02\0\x40\
\x0a\0\0\x85\x34\0\0\x12\x58\0\0\x11\x70\x02\0\x48\x0a\0\0\x85\x34\0\0\x12\x58\
\0\0\x0f\x70\x02\0\x50\x0a\0\0\x85\x34\0\0\x27\x58\0\0\x1e\x74\x02\0\x68\x0a\0\
\0\x85\x34\0\0\x27\x58\0\0\x3c\x74\x02\0\x78\x0a\0\0\x85\x34\0\0\x27\x58\0\0\
\x05\x74\x02\0\x98\x0a\0\0\x85\x34\0\0\x69\x58\0\0\x1d\x78\x02\0\xa0\x0a\0\0\
\x85\x34\0\0\x69\x58\0\0\x15\x78\x02\0\xa8\x0a\0\0\x85\x34\0\0\x90\x58\0\0\x1d\
\x7c\x02\0\xb0\x0a\0\0\x85\x34\0\0\x90\x58\0\0\x15\x7c\x02\0\xb8\x0a\0\0\x85\
\x34\0\0\xb7\x58\0\0\x12\x84\x02\0\xc0\x0a\0\0\x85\x34\0\0\xdb\x58\0\0\x20\x8c\
\x02\0\xc8\x0a\0\0\x85\x34\0\0\xdb\x58\0\0\x1e\x8c\x02\0\xd0\x0a\0\0\x85\x34\0\
\0\xb7\x58\0\0\x12\x84\x02\0\xd8\x0a\0\0\x85\x34\0\0\xdb\x58\0\0\x20\x8c\x02\0\
\xe0\x0a\0\0\x85\x34\0\0\xdb\x58\0\0\x1e\x8c\x02\0\xe8\x0a\0\0\x85\x34\0\0\xb7\
\x58\0\0\x12\x84\x02\0\xf0\x0a\0\0\x85\x34\0\0\xdb\x58\0\0\x20\x8c\x02\0\xf8\
\x0a\0\0\x85\x34\0\0\xdb\x58\0\0\x1e\x8c\x02\0\0\x0b\0\0\x85\x34\0\0\xb7\x58\0\
\0\x12\x84\x02\0\x08\x0b\0\0\x85\x34\0\0\xdb\x58\0\0\x20\x8c\x02\0\x10\x0b\0\0\
\x85\x34\0\0\xdb\x58\0\0\x1e\x8c\x02\0\x18\x0b\0\0\x85\x34\0\0\xb7\x58\0\0\x12\
\x84\x02\0\x20\x0b\0\0\x85\x34\0\0\xdb\x58\0\0\x20\x8c\x02\0\x28\x0b\0\0\x85\
\x34\0\0\xdb\x58\0\0\x1e\x8c\x02\0\x30\x0b\0\0\x85\x34\0\0\xb7\x58\0\0\x12\x84\
\x02\0\x38\x0b\0\0\x85\x34\0\0\xdb\x58\0\0\x20\x8c\x02\0\x40\x0b\0\0\x85\x34\0\
\0\xdb\x58\0\0\x1e\x8c\x02\0\x48\x0b\0\0\x85\x34\0\0\xb7\x58\0\0\x12\x84\x02\0\
\x50\x0b\0\0\x85\x34\0\0\xdb\x58\0\0\x20\x8c\x02\0\x58\x0b\0\0\x85\x34\0\0\xdb\
\x58\0\0\x1e\x8c\x02\0\x60\x0b\0\0\x85\x34\0\0\xb7\x58\0\0\x12\x84\x02\0\x68\
\x0b\0\0\x85\x34\0\0\xdb\x58\0\0\x20\x8c\x02\0\x70\x0b\0\0\x85\x34\0\0\xdb\x58\
\0\0\x1e\x8c\x02\0\x78\x0b\0\0\x85\x34\0\0\xb7\x58\0\0\x12\x84\x02\0\x80\x0b\0\
\0\x85\x34\0\0\xdb\x58\0\0\x20\x8c\x02\0\x88\x0b\0\0\x85\x34\0\0\xdb\x58\0\0\
\x1e\x8c\x02\0\x90\x0b\0\0\x85\x34\0\0\xb7\x58\0\0\x12\x84\x02\0\x98\x0b\0\0\
\x85\x34\0\0\xdb\x58\0\0\x20\x8c\x02\0\xa0\x0b\0\0\x85\x34\0\0\xdb\x58\0\0\x1e\
\x8c\x02\0\xa8\x0b\0\0\x85\x34\0\0\xb7\x58\0\0\x12\x84\x02\0\xb0\x0b\0\0\x85\
\x34\0\0\xdb\x58\0\0\x20\x8c\x02\0\xb8\x0b\0\0\x85\x34\0\0\xdb\x58\0\0\x1e\x8c\
\x02\0\xc0\x0b\0\0\x85\x34\0\0\xb7\x58\0\0\x12\x84\x02\0\xc8\x0b\0\0\x85\x34\0\
\0\xdb\x58\0\0\x20\x8c\x02\0\xd0\x0b\0\0\x85\x34\0\0\xdb\x58\0\0\x1e\x8c\x02\0\
\xd8\x0b\0\0\x85\x34\0\0\xb7\x58\0\0\x12\x84\x02\0\xe0\x0b\0\0\x85\x34\0\0\xdb\
\x58\0\0\x20\x8c\x02\0\xe8\x0b\0\0\x85\x34\0\0\xdb\x58\0\0\x1e\x8c\x02\0\xf0\
\x0b\0\0\x85\x34\0\0\xb7\x58\0\0\x12\x84\x02\0\xf8\x0b\0\0\x85\x34\0\0\xdb\x58\
\0\0\x20\x8c\x02\0\0\x0c\0\0\x85\x34\0\0\xdb\x58\0\0\x1e\x8c\x02\0\x08\x0c\0\0\
\x85\x34\0\0\xb7\x58\0\0\x12\x84\x02\0\x10\x0c\0\0\x85\x34\0\0\xdb\x58\0\0\x20\
\x8c\x02\0\x18\x0c\0\0\x85\x34\0\0\xdb\x58\0\0\x1e\x8c\x02\0\x20\x0c\0\0\x85\
\x34\0\0\xb7\x58\0\0\x12\x84\x02\0\x28\x0c\0\0\x85\x34\0\0\xdb\x58\0\0\x20\x8c\
\x02\0\x30\x0c\0\0\x85\x34\0\0\xdb\x58\0\0\x1e\x8c\x02\0\x38\x0c\0\0\x85\x34\0\
\0\xb7\x58\0\0\x12\x84\x02\0\x40\x0c\0\0\x85\x34\0\0\xdb\x58\0\0\x20\x8c\x02\0\
\x48\x0c\0\0\x85\x34\0\0\xdb\x58\0\0\x1e\x8c\x02\0\x50\x0c\0\0\x85\x34\0\0\xb7\
\x58\0\0\x12\x84\x02\0\x58\x0c\0\0\x85\x34\0\0\xdb\x58\0\0\x20\x8c\x02\0\x60\
\x0c\0\0\x85\x34\0\0\xdb\x58\0\0\x1e\x8c\x02\0\x68\x0c\0\0\x85\x34\0\0\xb7\x58\
\0\0\x12\x84\x02\0\x70\x0c\0\0\x85\x34\0\0\xdb\x58\0\0\x20\x8c\x02\0\x78\x0c\0\
\0\x85\x34\0\0\xdb\x58\0\0\x1e\x8c\x02\0\x80\x0c\0\0\x85\x34\0\0\xb7\x58\0\0\
\x12\x84\x02\0\x88\x0c\0\0\x85\x34\0\0\xdb\x58\0\0\x20\x8c\x02\0\x90\x0c\0\0\
\x85\x34\0\0\xdb\x58\0\0\x1e\x8c\x02\0\x98\x0c\0\0\x85\x34\0\0\x0c\x59\0\0\x12\
\x98\x02\0\xa0\x0c\0\0\x85\x34\0\0\x30\x59\0\0\x20\xa0\x02\0\xa8\x0c\0\0\x85\
\x34\0\0\x30\x59\0\0\x1e\xa0\x02\0\xb0\x0c\0\0\x85\x34\0\0\x0c\x59\0\0\x12\x98\
\x02\0\xb8\x0c\0\0\x85\x34\0\0\x30\x59\0\0\x20\xa0\x02\0\xc0\x0c\0\0\x85\x34\0\
\0\x30\x59\0\0\x1e\xa0\x02\0\xc8\x0c\0\0\x85\x34\0\0\x0c\x59\0\0\x12\x98\x02\0\
\xd0\x0c\0\0\x85\x34\0\0\x30\x59\0\0\x20\xa0\x02\0\xd8\x0c\0\0\x85\x34\0\0\x30\
\x59\0\0\x1e\xa0\x02\0\xe0\x0c\0\0\x85\x34\0\0\x0c\x59\0\0\x12\x98\x02\0\xe8\
\x0c\0\0\x85\x34\0\0\x30\x59\0\0\x20\xa0\x02\0\xf0\x0c\0\0\x85\x34\0\0\x30\x59\
\0\0\x1e\xa0\x02\0\xf8\x0c\0\0\x85\x34\0\0\x0c\x59\0\0\x12\x98\x02\0\0\x0d\0\0\
\x85\x34\0\0\x30\x59\0\0\x20\xa0\x02\0\x08\x0d\0\0\x85\x34\0\0\x30\x59\0\0\x1e\
\xa0\x02\0\x10\x0d\0\0\x85\x34\0\0\x0c\x59\0\0\x12\x98\x02\0\x18\x0d\0\0\x85\
\x34\0\0\x30\x59\0\0\x20\xa0\x02\0\x20\x0d\0\0\x85\x34\0\0\x30\x59\0\0\x1e\xa0\
\x02\0\x28\x0d\0\0\x85\x34\0\0\x0c\x59\0\0\x12\x98\x02\0\x30\x0d\0\0\x85\x34\0\
\0\x30\x59\0\0\x20\xa0\x02\0\x38\x0d\0\0\x85\x34\0\0\x30\x59\0\0\x1e\xa0\x02\0\
\x40\x0d\0\0\x85\x34\0\0\x0c\x59\0\0\x12\x98\x02\0\x48\x0d\0\0\x85\x34\0\0\x30\
\x59\0\0\x20\xa0\x02\0\x50\x0d\0\0\x85\x34\0\0\x30\x59\0\0\x1e\xa0\x02\0\x58\
\x0d\0\0\x85\x34\0\0\x0c\x59\0\0\x12\x98\x02\0\x60\x0d\0\0\x85\x34\0\0\x30\x59\
\0\0\x20\xa0\x02\0\x68\x0d\0\0\x85\x34\0\0\x30\x59\0\0\x1e\xa0\x02\0\x70\x0d\0\
\0\x85\x34\0\0\x0c\x59\0\0\x12\x98\x02\0\x78\x0d\0\0\x85\x34\0\0\x30\x59\0\0\
\x20\xa0\x02\0\x80\x0d\0\0\x85\x34\0\0\x30\x59\0\0\x1e\xa0\x02\0\x88\x0d\0\0\
\x85\x34\0\0\x0c\x59\0\0\x12\x98\x02\0\x90\x0d\0\0\x85\x34\0\0\x30\x59\0\0\x20\
\xa0\x02\0\x98\x0d\0\0\x85\x34\0\0\x30\x59\0\0\x1e\xa0\x02\0\xa0\x0d\0\0\x85\
\x34\0\0\x0c\x59\0\0\x12\x98\x02\0\xa8\x0d\0\0\x85\x34\0\0\x30\x59\0\0\x20\xa0\
\x02\0\xb0\x0d\0\0\x85\x34\0\0\x30\x59\0\0\x1e\xa0\x02\0\xb8\x0d\0\0\x85\x34\0\
\0\x0c\x59\0\0\x12\x98\x02\0\xc0\x0d\0\0\x85\x34\0\0\x30\x59\0\0\x20\xa0\x02\0\
\xc8\x0d\0\0\x85\x34\0\0\x30\x59\0\0\x1e\xa0\x02\0\xd0\x0d\0\0\x85\x34\0\0\x0c\
\x59\0\0\x12\x98\x02\0\xd8\x0d\0\0\x85\x34\0\0\x30\x59\0\0\x20\xa0\x02\0\xe0\
\x0d\0\0\x85\x34\0\0\x30\x59\0\0\x1e\xa0\x02\0\xe8\x0d\0\0\x85\x34\0\0\x0c\x59\
\0\0\x12\x98\x02\0\xf0\x0d\0\0\x85\x34\0\0\x30\x59\0\0\x20\xa0\x02\0\xf8\x0d\0\
\0\x85\x34\0\0\x30\x59\0\0\x1e\xa0\x02\0\0\x0e\0\0\x85\x34\0\0\x0c\x59\0\0\x12\
\x98\x02\0\x08\x0e\0\0\x85\x34\0\0\x30\x59\0\0\x20\xa0\x02\0\x10\x0e\0\0\x85\
\x34\0\0\x30\x59\0\0\x1e\xa0\x02\0\x18\x0e\0\0\x85\x34\0\0\x0c\x59\0\0\x12\x98\
\x02\0\x20\x0e\0\0\x85\x34\0\0\x30\x59\0\0\x20\xa0\x02\0\x28\x0e\0\0\x85\x34\0\
\0\x30\x59\0\0\x1e\xa0\x02\0\x30\x0e\0\0\x85\x34\0\0\x0c\x59\0\0\x12\x98\x02\0\
\x38\x0e\0\0\x85\x34\0\0\x30\x59\0\0\x20\xa0\x02\0\x40\x0e\0\0\x85\x34\0\0\x30\
\x59\0\0\x1e\xa0\x02\0\x48\x0e\0\0\x85\x34\0\0\x0c\x59\0\0\x12\x98\x02\0\x50\
\x0e\0\0\x85\x34\0\0\x30\x59\0\0\x20\xa0\x02\0\x58\x0e\0\0\x85\x34\0\0\x30\x59\
\0\0\x1e\xa0\x02\0\x60\x0e\0\0\x85\x34\0\0\x0c\x59\0\0\x12\x98\x02\0\x68\x0e\0\
\0\x85\x34\0\0\x30\x59\0\0\x20\xa0\x02\0\x70\x0e\0\0\x85\x34\0\0\x30\x59\0\0\
\x1e\xa0\x02\0\x78\x0e\0\0\x85\x34\0\0\x61\x59\0\0\x05\xa8\x02\0\x88\x0e\0\0\
\x85\x34\0\0\x82\x59\0\0\x29\xdc\x06\0\xd0\x0e\0\0\x85\x34\0\0\xb1\x59\0\0\x29\
\x24\x09\0\xd8\x0e\0\0\x85\x34\0\0\xb1\x59\0\0\x2e\x24\x09\0\xe0\x0e\0\0\x85\
\x34\0\0\xe5\x59\0\0\x48\x2c\x09\0\xf0\x0e\0\0\x85\x34\0\0\xe5\x59\0\0\x15\x2c\
\x09\0\x08\x0f\0\0\x85\x34\0\0\x3e\x5a\0\0\x26\x38\x09\0\x28\x0f\0\0\x85\x34\0\
\0\x6a\x5a\0\0\x0d\x3c\x09\0\x58\x0f\0\0\x85\x34\0\0\xbf\x5a\0\0\x11\x60\x09\0\
\x70\x0f\0\0\x85\x34\0\0\xd6\x5a\0\0\x2d\x64\x09\0\x90\x0f\0\0\x85\x34\0\0\x37\
\x5b\0\0\x0d\x68\x09\0\x98\x0f\0\0\x85\x34\0\0\x52\x5b\0\0\x18\x78\x09\0\xa0\
\x0f\0\0\x85\x34\0\0\x3d\x4e\0\0\x2c\x74\x09\0\xa8\x0f\0\0\x85\x34\0\0\x6a\x4e\
\0\0\x1b\x7c\x09\0\xb0\x0f\0\0\x85\x34\0\0\x3d\x4e\0\0\x2c\x74\x09\0\x10\x10\0\
\0\x85\x34\0\0\x73\x5b\0\0\x0d\x84\x09\0\x28\x10\0\0\x85\x34\0\0\xe3\x4e\0\0\
\x23\x88\x09\0\x68\x10\0\0\x85\x34\0\0\x0b\x4f\0\0\x0d\x70\x09\0\x10\x11\0\0\
\x85\x34\0\0\xe3\x4e\0\0\x23\x88\x09\0\x60\x11\0\0\x85\x34\0\0\x4b\x4f\0\0\x25\
\x90\x09\0\x68\x11\0\0\x85\x34\0\0\x76\x4f\0\0\x27\x8c\x09\0\x90\x11\0\0\x85\
\x34\0\0\xcb\x5b\0\0\x0d\x94\x09\0\xa8\x11\0\0\x85\x34\0\0\x21\x5c\0\0\x29\x9c\
\x09\0\xb0\x11\0\0\x85\x34\0\0\x21\x5c\0\0\x27\x9c\x09\0\xb8\x11\0\0\x85\x34\0\
\0\x53\x5c\0\0\x34\xa4\x09\0\xc0\x11\0\0\x85\x34\0\0\x53\x5c\0\0\x26\xa4\x09\0\
\xd0\x11\0\0\x85\x34\0\0\x98\x5c\0\0\x23\xa8\x09\0\xe0\x11\0\0\x85\x34\0\0\xcc\
\x5c\0\0\x1f\xb8\x09\0\xf0\x11\0\0\x85\x34\0\0\xf0\x5c\0\0\x24\xc0\x09\0\0\x12\
\0\0\x85\x34\0\0\x18\x5d\0\0\x24\xc8\x09\0\x10\x12\0\0\x85\x34\0\0\x41\x5d\0\0\
\x24\xd0\x09\0\x20\x12\0\0\x85\x34\0\0\x6a\x5d\0\0\x24\xd8\x09\0\x30\x12\0\0\
\x85\x34\0\0\x94\x5d\0\0\x24\xe0\x09\0\x68\x12\0\0\x85\x34\0\0\xbf\x5d\0\0\x1c\
\xf8\x09\0\x90\x12\0\0\x85\x34\0\0\x05\x5e\0\0\x10\xfc\x09\0\x98\x12\0\0\x85\
\x34\0\0\x1f\x5e\0\0\x1c\x08\x0a\0\xa0\x12\0\0\x85\x34\0\0\x1f\x5e\0\0\x25\x08\
\x0a\0\xa8\x12\0\0\x85\x34\0\0\x1f\x5e\0\0\x1a\x08\x0a\0\xf8\x12\0\0\x85\x34\0\
\0\x48\x5e\0\0\x1b\x18\x0a\0\x10\x13\0\0\x85\x34\0\0\x97\x5e\0\0\x17\x1c\x0a\0\
\x28\x13\0\0\x85\x34\0\0\xb7\x5e\0\0\x22\x20\x0a\0\x50\x13\0\0\x85\x34\0\0\x0f\
\x5f\0\0\x14\x24\x0a\0\x58\x13\0\0\x85\x34\0\0\x2f\x5f\0\0\x22\x30\x0a\0\x60\
\x13\0\0\x85\x34\0\0\x2f\x5f\0\0\x2d\x30\x0a\0\x68\x13\0\0\x85\x34\0\0\x2f\x5f\
\0\0\x20\x30\x0a\0\xa8\x13\0\0\x85\x34\0\0\x60\x5f\0\0\x37\x44\x0a\0\xb0\x13\0\
\0\x85\x34\0\0\x60\x5f\0\0\x1c\x44\x0a\0\xb8\x13\0\0\x85\x34\0\0\x60\x5f\0\0\
\x2a\x44\x0a\0\xc8\x13\0\0\x85\x34\0\0\xa8\x5f\0\0\x2c\x50\x0a\0\xe0\x13\0\0\
\x85\x34\0\0\xd8\x5f\0\0\x2a\x58\x0a\0\xe8\x13\0\0\x85\x34\0\0\xd8\x5f\0\0\x2f\
\x58\x0a\0\xf0\x13\0\0\x85\x34\0\0\x0c\x60\0\0\x15\x5c\x0a\0\x08\x14\0\0\x85\
\x34\0\0\x76\x60\0\0\x27\x68\x0a\0\x28\x14\0\0\x85\x34\0\0\xa3\x60\0\0\x0d\x6c\
\x0a\0\x60\x14\0\0\x85\x34\0\0\xf9\x60\0\0\x05\x7c\x0a\0\x90\x14\0\0\x85\x34\0\
\0\xe7\x43\0\0\x01\x84\x0a\0\x98\x14\0\0\x85\x34\0\0\x42\x61\0\0\0\x90\x0a\0\
\xa0\x14\0\0\x85\x34\0\0\x81\x61\0\0\x14\x98\x0a\0\xa8\x14\0\0\x85\x34\0\0\x81\
\x61\0\0\x09\x98\x0a\0\xb0\x14\0\0\x85\x34\0\0\x9e\x61\0\0\x11\xa0\x0a\0\xc8\
\x14\0\0\x85\x34\0\0\x9e\x61\0\0\x14\xa0\x0a\0\xe0\x14\0\0\x85\x34\0\0\x9e\x61\
\0\0\x11\xa0\x0a\0\xe8\x14\0\0\x85\x34\0\0\xe9\x61\0\0\x14\xac\x0a\0\x18\x15\0\
\0\x85\x34\0\0\x38\x62\0\0\x11\xb0\x0a\0\x20\x15\0\0\x85\x34\0\0\x4e\x62\0\0\
\x09\xb4\x0a\0\x48\x15\0\0\x85\x34\0\0\x9e\x44\0\0\x09\xb8\x0a\0\x60\x15\0\0\
\x85\x34\0\0\x90\x62\0\0\x26\xc4\x0a\0\x78\x15\0\0\x85\x34\0\0\xe5\x62\0\0\x08\
\xc8\x0a\0\x80\x15\0\0\x85\x34\0\0\xf5\x62\0\0\x14\xd0\x0a\0\x88\x15\0\0\x85\
\x34\0\0\xf5\x62\0\0\x12\xd0\x0a\0\xa0\x15\0\0\x85\x34\0\0\x0d\x63\0\0\x27\xd4\
\x0a\0\xb8\x15\0\0\x85\x34\0\0\x62\x63\0\0\x11\xd8\x0a\0\xc0\x15\0\0\x85\x34\0\
\0\x7c\x63\0\0\x5e\xdc\x0a\0\xc8\x15\0\0\x85\x34\0\0\x7c\x63\0\0\x2c\xdc\x0a\0\
\xd8\x15\0\0\x85\x34\0\0\x7c\x63\0\0\x0d\xdc\x0a\0\xf8\x15\0\0\x85\x34\0\0\xe0\
\x63\0\0\x18\xe8\x0a\0\0\x16\0\0\x85\x34\0\0\xfc\x63\0\0\x18\xe4\x0a\0\x28\x16\
\0\0\x85\x34\0\0\x18\x64\0\0\x09\xec\x0a\0\x48\x16\0\0\x85\x34\0\0\x5e\x64\0\0\
\x05\xf0\x0a\0\x60\x16\0\0\x85\x34\0\0\x64\x64\0\0\x26\xf8\x0a\0\x88\x16\0\0\
\x85\x34\0\0\xb8\x64\0\0\x0d\x08\x0b\0\xa8\x16\0\0\x85\x34\0\0\xf4\x64\0\0\x08\
\x0c\x0b\0\xb0\x16\0\0\x85\x34\0\0\x03\x65\0\0\x09\x14\x0b\0\xd0\x16\0\0\x85\
\x34\0\0\x9e\x44\0\0\x09\x18\x0b\0\xd8\x16\0\0\x85\x34\0\0\x39\x65\0\0\x16\x44\
\x0b\0\xe0\x16\0\0\x85\x34\0\0\x5a\x65\0\0\x2a\x48\x0b\0\0\x17\0\0\x85\x34\0\0\
\x93\x65\0\0\x09\x4c\x0b\0\x08\x17\0\0\x85\x34\0\0\xab\x65\0\0\x27\x54\x0b\0\
\x18\x17\0\0\x85\x34\0\0\xab\x65\0\0\x09\x54\x0b\0\x30\x17\0\0\x85\x34\0\0\x01\
\x66\0\0\x16\x80\x0b\0\x58\x17\0\0\x85\x34\0\0\x67\x66\0\0\x14\x84\x0b\0\x60\
\x17\0\0\x85\x34\0\0\x82\x66\0\0\x1a\x88\x0b\0\x68\x17\0\0\x85\x34\0\0\xa9\x66\
\0\0\x30\x8c\x0b\0\x88\x17\0\0\x85\x34\0\0\xe8\x66\0\0\x0d\x90\x0b\0\x90\x17\0\
\0\x85\x34\0\0\x04\x67\0\0\x2b\x98\x0b\0\xa0\x17\0\0\x85\x34\0\0\x04\x67\0\0\
\x0d\x98\x0b\0\xc8\x17\0\0\x85\x34\0\0\x5e\x67\0\0\x05\xa8\x0b\0\xf0\x17\0\0\
\x85\x34\0\0\xe7\x43\0\0\x01\xb4\x0b\0\xef\x75\0\0\x17\0\0\0\0\0\0\0\x85\x34\0\
\0\x5d\x6d\0\0\x17\x04\x0c\0\x08\0\0\0\x85\x34\0\0\x5d\x6d\0\0\x09\x04\x0c\0\
\x10\0\0\0\x85\x34\0\0\x7b\x6d\0\0\x16\x08\x0c\0\x18\0\0\0\x85\x34\0\0\x3e\x3a\
\0\0\x0f\x10\x0c\0\x38\0\0\0\x85\x34\0\0\xe6\x4b\0\0\x11\x1c\x0c\0\x50\0\0\0\
\x85\x34\0\0\x2a\x4c\0\0\x13\x20\x0c\0\x60\0\0\0\x85\x34\0\0\x47\x4c\0\0\x20\
\x24\x0c\0\xd0\0\0\0\x85\x34\0\0\x75\x4c\0\0\x09\x28\x0c\0\0\x01\0\0\x85\x34\0\
\0\xc5\x4c\0\0\x2d\x30\x0c\0\x08\x01\0\0\x85\x34\0\0\xc5\x4c\0\0\x20\x30\x0c\0\
\x10\x01\0\0\x85\x34\0\0\xf3\x4c\0\0\x17\x34\x0c\0\x18\x01\0\0\x85\x34\0\0\xc5\
\x4c\0\0\x2d\x30\x0c\0\x20\x01\0\0\x85\x34\0\0\xc5\x4c\0\0\x20\x30\x0c\0\x50\
\x01\0\0\x85\x34\0\0\x11\x4d\0\0\x09\x40\x0c\0\x70\x01\0\0\x85\x34\0\0\x97\x6d\
\0\0\x0e\x60\x0c\0\x78\x01\0\0\x85\x34\0\0\xb3\x6d\0\0\x17\x64\x0c\0\x80\x01\0\
\0\x85\x34\0\0\xb3\x6d\0\0\x26\x64\x0c\0\x88\x01\0\0\x85\x34\0\0\xde\x6d\0\0\
\x26\x6c\x0c\0\x90\x01\0\0\x85\x34\0\0\xde\x6d\0\0\x1f\x6c\x0c\0\xa8\x01\0\0\
\x85\x34\0\0\x20\x6e\0\0\x05\x70\x0c\0\xb0\x01\0\0\x85\x34\0\0\x2b\x6e\0\0\x23\
\x74\x0c\0\xc8\x01\0\0\x85\x34\0\0\x54\x6e\0\0\x05\x7c\x0c\0\xf0\x01\0\0\x85\
\x34\0\0\xe7\x43\0\0\x01\x80\x0c\0\x09\x76\0\0\x28\0\0\0\0\0\0\0\x85\x34\0\0\
\xa0\x6e\0\0\x36\x98\x0c\0\x38\0\0\0\x85\x34\0\0\xed\x6e\0\0\x0f\x9c\x0c\0\x48\
\0\0\0\x85\x34\0\0\xed\x6e\0\0\x0f\x9c\x0c\0\x50\0\0\0\x85\x34\0\0\xed\x6e\0\0\
\x09\x9c\x0c\0\x80\0\0\0\x85\x34\0\0\x15\x6f\0\0\x10\xa0\x0c\0\x90\0\0\0\x85\
\x34\0\0\x15\x35\0\0\x0c\xa4\x0c\0\xb0\0\0\0\x85\x34\0\0\x3e\x6f\0\0\x24\xb0\
\x0c\0\xc8\0\0\0\x85\x34\0\0\x91\x6f\0\0\x08\xb4\x0c\0\xd0\0\0\0\x85\x34\0\0\
\xa1\x6f\0\0\x16\xb8\x0c\0\x08\x01\0\0\x85\x34\0\0\xe1\x35\0\0\x10\x10\x02\0\
\x40\x01\0\0\x85\x34\0\0\x07\x36\0\0\x11\x14\x02\0\x50\x01\0\0\x85\x34\0\0\x2e\
\x36\0\0\x24\x08\x02\0\x58\x01\0\0\x85\x34\0\0\x07\x36\0\0\x11\x14\x02\0\x60\
\x01\0\0\x85\x34\0\0\x2e\x36\0\0\x24\x08\x02\0\x80\x01\0\0\x85\x34\0\0\x53\x36\
\0\0\x11\x0c\x02\0\xb0\x01\0\0\x85\x34\0\0\x67\x36\0\0\x3d\x20\x02\0\xd0\x01\0\
\0\x85\x34\0\0\x53\x36\0\0\x11\x0c\x02\0\xe0\x01\0\0\x85\x34\0\0\x67\x36\0\0\
\x05\x20\x02\0\xf8\x01\0\0\x85\x34\0\0\xd2\x6f\0\0\x1a\xcc\x0c\0\x38\x02\0\0\
\x85\x34\0\0\xf1\x6f\0\0\x2c\xc8\x0c\0\xa0\x04\0\0\x85\x34\0\0\xd2\x6f\0\0\x1a\
\xcc\x0c\0\xb8\x04\0\0\x85\x34\0\0\xf1\x6f\0\0\x2c\xc8\x0c\0\xe0\x04\0\0\x85\
\x34\0\0\xd2\x6f\0\0\x1a\xcc\x0c\0\x38\x05\0\0\x85\x34\0\0\x1e\x70\0\0\x09\xdc\
\x0c\0\x50\x05\0\0\x85\x34\0\0\x6c\x70\0\0\x1d\xe8\x0c\0\x58\x05\0\0\x85\x34\0\
\0\x6c\x70\0\0\x22\xe8\x0c\0\x60\x05\0\0\x85\x34\0\0\x93\x70\0\0\x23\xf0\x0c\0\
\x68\x05\0\0\x85\x34\0\0\xbd\x70\0\0\x28\xf4\x0c\0\x78\x05\0\0\x85\x34\0\0\xcb\
\x37\0\0\x0d\x2c\x04\0\x98\x05\0\0\x85\x34\0\0\xdd\x37\0\0\x21\x34\x04\0\xb0\
\x05\0\0\x85\x34\0\0\x26\x38\0\0\x08\x38\x04\0\xc0\x05\0\0\x85\x34\0\0\x33\x38\
\0\0\x16\x3c\x04\0\xc8\x05\0\0\x85\x34\0\0\x53\x38\0\0\x0d\xfc\x03\0\xe8\x05\0\
\0\x85\x34\0\0\x67\x38\0\0\x0d\xf0\x03\0\x10\x06\0\0\x85\x34\0\0\x7b\x38\0\0\
\x05\x14\x04\0\x28\x06\0\0\x85\x34\0\0\x35\x39\0\0\x19\x48\x04\0\x50\x06\0\0\
\x85\x34\0\0\x53\x39\0\0\x09\x4c\x04\0\x88\x06\0\0\x85\x34\0\0\xea\x70\0\0\x1a\
\xfc\x0c\0\xa0\x06\0\0\x85\x34\0\0\x0b\x71\0\0\x09\0\x0d\0\xc8\x06\0\0\x85\x34\
\0\0\x53\x71\0\0\x05\x94\x0c\0\x2b\x76\0\0\x28\0\0\0\0\0\0\0\x85\x34\0\0\xa0\
\x6e\0\0\x36\x20\x0d\0\x38\0\0\0\x85\x34\0\0\xed\x6e\0\0\x0f\x24\x0d\0\x48\0\0\
\0\x85\x34\0\0\xed\x6e\0\0\x0f\x24\x0d\0\x50\0\0\0\x85\x34\0\0\xed\x6e\0\0\x09\
\x24\x0d\0\x80\0\0\0\x85\x34\0\0\x15\x6f\0\0\x10\x28\x0d\0\x90\0\0\0\x85\x34\0\
\0\x15\x35\0\0\x0c\x2c\x0d\0\xb0\0\0\0\x85\x34\0\0\x3e\x6f\0\0\x24\x38\x0d\0\
\xc8\0\0\0\x85\x34\0\0\x91\x6f\0\0\x08\x3c\x0d\0\xd0\0\0\0\x85\x34\0\0\xa1\x6f\
\0\0\x16\x40\x0d\0\x08\x01\0\0\x85\x34\0\0\xe1\x35\0\0\x10\x10\x02\0\x40\x01\0\
\0\x85\x34\0\0\x07\x36\0\0\x11\x14\x02\0\x50\x01\0\0\x85\x34\0\0\x2e\x36\0\0\
\x24\x08\x02\0\x58\x01\0\0\x85\x34\0\0\x07\x36\0\0\x11\x14\x02\0\x60\x01\0\0\
\x85\x34\0\0\x2e\x36\0\0\x24\x08\x02\0\x80\x01\0\0\x85\x34\0\0\x53\x36\0\0\x11\
\x0c\x02\0\xb0\x01\0\0\x85\x34\0\0\x67\x36\0\0\x3d\x20\x02\0\xd0\x01\0\0\x85\
\x34\0\0\x53\x36\0\0\x11\x0c\x02\0\xe0\x01\0\0\x85\x34\0\0\x67\x36\0\0\x05\x20\
\x02\0\xf8\x01\0\0\x85\x34\0\0\xd2\x6f\0\0\x1a\x54\x0d\0\x38\x02\0\0\x85\x34\0\
\0\xf1\x6f\0\0\x2c\x50\x0d\0\xd8\x02\0\0\x85\x34\0\0\xd2\x6f\0\0\x1a\x54\x0d\0\
\xf0\x02\0\0\x85\x34\0\0\xf1\x6f\0\0\x2c\x50\x0d\0\xf8\x02\0\0\x85\x34\0\0\xd2\
\x6f\0\0\x1a\x54\x0d\0\x50\x03\0\0\x85\x34\0\0\x1e\x70\0\0\x09\x64\x0d\0\x68\
\x03\0\0\x85\x34\0\0\x6c\x70\0\0\x1d\x70\x0d\0\x70\x03\0\0\x85\x34\0\0\x6c\x70\
\0\0\x22\x70\x0d\0\x78\x03\0\0\x85\x34\0\0\x93\x70\0\0\x23\x78\x0d\0\x80\x03\0\
\0\x85\x34\0\0\xbd\x70\0\0\x28\x7c\x0d\0\x90\x03\0\0\x85\x34\0\0\xcb\x37\0\0\
\x0d\x2c\x04\0\xb0\x03\0\0\x85\x34\0\0\xdd\x37\0\0\x21\x34\x04\0\xc8\x03\0\0\
\x85\x34\0\0\x26\x38\0\0\x08\x38\x04\0\xd8\x03\0\0\x85\x34\0\0\x33\x38\0\0\x16\
\x3c\x04\0\xe0\x03\0\0\x85\x34\0\0\x53\x38\0\0\x0d\xfc\x03\0\0\x04\0\0\x85\x34\
\0\0\x67\x38\0\0\x0d\xf0\x03\0\x28\x04\0\0\x85\x34\0\0\x7b\x38\0\0\x05\x14\x04\
\0\x40\x04\0\0\x85\x34\0\0\x35\x39\0\0\x19\x48\x04\0\x68\x04\0\0\x85\x34\0\0\
\x53\x39\0\0\x09\x4c\x04\0\xa0\x04\0\0\x85\x34\0\0\x72\x71\0\0\x1a\x84\x0d\0\
\xb8\x04\0\0\x85\x34\0\0\x0b\x71\0\0\x09\x88\x0d\0\xe0\x04\0\0\x85\x34\0\0\x94\
\x71\0\0\x05\x1c\x0d\0\x4c\x76\0\0\x15\0\0\0\0\0\0\0\x85\x34\0\0\x4c\x35\0\0\
\x12\xa8\x0d\0\x08\0\0\0\x85\x34\0\0\x4c\x35\0\0\x09\xa8\x0d\0\x20\0\0\0\x85\
\x34\0\0\xe6\x4b\0\0\x11\xb4\x0d\0\x40\0\0\0\x85\x34\0\0\x2a\x4c\0\0\x13\xb8\
\x0d\0\x48\0\0\0\x85\x34\0\0\xb3\x71\0\0\x12\xbc\x0d\0\x68\0\0\0\x85\x34\0\0\
\xcd\x71\0\0\x29\xc0\x0b\0\x80\0\0\0\x85\x34\0\0\x29\x72\0\0\x08\xc4\x0b\0\x90\
\0\0\0\x85\x34\0\0\x3c\x72\0\0\x1c\xcc\x0b\0\0\x01\0\0\x85\x34\0\0\x66\x72\0\0\
\x05\xd0\x0b\0\x30\x01\0\0\x85\x34\0\0\xb2\x72\0\0\x29\xd8\x0b\0\x38\x01\0\0\
\x85\x34\0\0\xb2\x72\0\0\x1c\xd8\x0b\0\x40\x01\0\0\x85\x34\0\0\xdc\x72\0\0\x13\
\xdc\x0b\0\x48\x01\0\0\x85\x34\0\0\xb2\x72\0\0\x29\xd8\x0b\0\x50\x01\0\0\x85\
\x34\0\0\xb2\x72\0\0\x1c\xd8\x0b\0\x80\x01\0\0\x85\x34\0\0\xf6\x72\0\0\x05\xe8\
\x0b\0\xb8\x01\0\0\x85\x34\0\0\x46\x73\0\0\x15\xc0\x0d\0\xd8\x01\0\0\x85\x34\0\
\0\x8e\x73\0\0\x16\xc4\x0d\0\xe0\x01\0\0\x85\x34\0\0\x3e\x3a\0\0\x0f\xd0\x0d\0\
\xe8\x01\0\0\x85\x34\0\0\xb6\x73\0\0\x22\xd4\x0d\0\0\x02\0\0\x85\x34\0\0\xf9\
\x60\0\0\x05\xd8\x0d\0\x28\x02\0\0\x85\x34\0\0\xde\x73\0\0\x05\xa4\x0d\0\x69\
\x76\0\0\x15\0\0\0\0\0\0\0\x85\x34\0\0\x4c\x35\0\0\x12\xf0\x0d\0\x08\0\0\0\x85\
\x34\0\0\x4c\x35\0\0\x09\xf0\x0d\0\x20\0\0\0\x85\x34\0\0\xe6\x4b\0\0\x11\xfc\
\x0d\0\x40\0\0\0\x85\x34\0\0\x2a\x4c\0\0\x13\0\x0e\0\x48\0\0\0\x85\x34\0\0\xb3\
\x71\0\0\x12\x04\x0e\0\x68\0\0\0\x85\x34\0\0\xcd\x71\0\0\x29\xc0\x0b\0\x80\0\0\
\0\x85\x34\0\0\x29\x72\0\0\x08\xc4\x0b\0\x90\0\0\0\x85\x34\0\0\x3c\x72\0\0\x1c\
\xcc\x0b\0\0\x01\0\0\x85\x34\0\0\x66\x72\0\0\x05\xd0\x0b\0\x30\x01\0\0\x85\x34\
\0\0\xb2\x72\0\0\x29\xd8\x0b\0\x38\x01\0\0\x85\x34\0\0\xb2\x72\0\0\x1c\xd8\x0b\
\0\x40\x01\0\0\x85\x34\0\0\xdc\x72\0\0\x13\xdc\x0b\0\x48\x01\0\0\x85\x34\0\0\
\xb2\x72\0\0\x29\xd8\x0b\0\x50\x01\0\0\x85\x34\0\0\xb2\x72\0\0\x1c\xd8\x0b\0\
\x80\x01\0\0\x85\x34\0\0\xf6\x72\0\0\x05\xe8\x0b\0\xa0\x01\0\0\x85\x34\0\0\x3e\
\x3a\0\0\x0f\x14\x0e\0\xa8\x01\0\0\x85\x34\0\0\x05\x74\0\0\x32\x18\x0e\0\xb0\
\x01\0\0\x85\x34\0\0\x05\x74\0\0\x25\x18\x0e\0\xb8\x01\0\0\x85\x34\0\0\x05\x74\
\0\0\x1e\x18\x0e\0\xe0\x01\0\0\x85\x34\0\0\xf9\x60\0\0\x05\x1c\x0e\0\x08\x02\0\
\0\x85\x34\0\0\x49\x74\0\0\x05\xec\x0d\0\x85\x76\0\0\x15\0\0\0\0\0\0\0\x85\x34\
\0\0\x4c\x35\0\0\x12\x38\x0e\0\x08\0\0\0\x85\x34\0\0\x4c\x35\0\0\x09\x38\x0e\0\
\x20\0\0\0\x85\x34\0\0\xe6\x4b\0\0\x11\x44\x0e\0\x40\0\0\0\x85\x34\0\0\x2a\x4c\
\0\0\x13\x48\x0e\0\x48\0\0\0\x85\x34\0\0\xb3\x71\0\0\x12\x4c\x0e\0\x68\0\0\0\
\x85\x34\0\0\xcd\x71\0\0\x29\xc0\x0b\0\x80\0\0\0\x85\x34\0\0\x29\x72\0\0\x08\
\xc4\x0b\0\x90\0\0\0\x85\x34\0\0\x3c\x72\0\0\x1c\xcc\x0b\0\0\x01\0\0\x85\x34\0\
\0\x66\x72\0\0\x05\xd0\x0b\0\x30\x01\0\0\x85\x34\0\0\xb2\x72\0\0\x29\xd8\x0b\0\
\x38\x01\0\0\x85\x34\0\0\xb2\x72\0\0\x1c\xd8\x0b\0\x40\x01\0\0\x85\x34\0\0\xdc\
\x72\0\0\x13\xdc\x0b\0\x48\x01\0\0\x85\x34\0\0\xb2\x72\0\0\x29\xd8\x0b\0\x50\
\x01\0\0\x85\x34\0\0\xb2\x72\0\0\x1c\xd8\x0b\0\x80\x01\0\0\x85\x34\0\0\xf6\x72\
\0\0\x05\xe8\x0b\0\xb8\x01\0\0\x85\x34\0\0\x46\x73\0\0\x15\x50\x0e\0\xd8\x01\0\
\0\x85\x34\0\0\x8e\x73\0\0\x16\x54\x0e\0\xe0\x01\0\0\x85\x34\0\0\x3e\x3a\0\0\
\x0f\x60\x0e\0\xe8\x01\0\0\x85\x34\0\0\x6f\x74\0\0\x1e\x64\x0e\0\0\x02\0\0\x85\
\x34\0\0\xf9\x60\0\0\x05\x68\x0e\0\x28\x02\0\0\x85\x34\0\0\x93\x74\0\0\x05\x34\
\x0e\0\xa6\x76\0\0\x15\0\0\0\0\0\0\0\x85\x34\0\0\x4c\x35\0\0\x12\x80\x0e\0\x08\
\0\0\0\x85\x34\0\0\x4c\x35\0\0\x09\x80\x0e\0\x20\0\0\0\x85\x34\0\0\xe6\x4b\0\0\
\x11\x8c\x0e\0\x40\0\0\0\x85\x34\0\0\x2a\x4c\0\0\x13\x90\x0e\0\x48\0\0\0\x85\
\x34\0\0\xb3\x71\0\0\x12\x94\x0e\0\x68\0\0\0\x85\x34\0\0\xcd\x71\0\0\x29\xc0\
\x0b\0\x80\0\0\0\x85\x34\0\0\x29\x72\0\0\x08\xc4\x0b\0\x90\0\0\0\x85\x34\0\0\
\x3c\x72\0\0\x1c\xcc\x0b\0\0\x01\0\0\x85\x34\0\0\x66\x72\0\0\x05\xd0\x0b\0\x30\
\x01\0\0\x85\x34\0\0\xb2\x72\0\0\x29\xd8\x0b\0\x38\x01\0\0\x85\x34\0\0\xb2\x72\
\0\0\x1c\xd8\x0b\0\x40\x01\0\0\x85\x34\0\0\xdc\x72\0\0\x13\xdc\x0b\0\x48\x01\0\
\0\x85\x34\0\0\xb2\x72\0\0\x29\xd8\x0b\0\x50\x01\0\0\x85\x34\0\0\xb2\x72\0\0\
\x1c\xd8\x0b\0\x80\x01\0\0\x85\x34\0\0\xf6\x72\0\0\x05\xe8\x0b\0\xa0\x01\0\0\
\x85\x34\0\0\x3e\x3a\0\0\x0f\xa4\x0e\0\xa8\x01\0\0\x85\x34\0\0\xb6\x74\0\0\x2e\
\xa8\x0e\0\xb0\x01\0\0\x85\x34\0\0\xb6\x74\0\0\x21\xa8\x0e\0\xb8\x01\0\0\x85\
\x34\0\0\xb6\x74\0\0\x1a\xa8\x0e\0\xe0\x01\0\0\x85\x34\0\0\xf9\x60\0\0\x05\xac\
\x0e\0\x08\x02\0\0\x85\x34\0\0\xf2\x74\0\0\x05\x7c\x0e\0\x70\x1e\0\0\xb8\0\0\0\
\0\0\0\0\x85\x34\0\0\x8f\x39\0\0\x09\xf4\x10\0\x18\0\0\0\x85\x34\0\0\x8f\x39\0\
\0\x08\xf4\x10\0\x20\0\0\0\x85\x34\0\0\xa7\x39\0\0\x17\xfc\x10\0\x48\0\0\0\x85\
\x34\0\0\xe6\x39\0\0\x0c\0\x11\0\x50\0\0\0\x85\x34\0\0\0\x3a\0\0\x13\x10\x11\0\
\x58\0\0\0\x85\x34\0\0\0\x3a\0\0\x11\x10\x11\0\x70\0\0\0\x85\x34\0\0\x20\x3a\0\
\0\x17\x14\x11\0\x98\0\0\0\x85\x34\0\0\x3e\x3a\0\0\x0f\xb4\x0f\0\xd0\0\0\0\x85\
\x34\0\0\x60\x3a\0\0\x05\x10\x0f\0\x08\x01\0\0\x85\x34\0\0\xa7\x3a\0\0\x19\x2c\
\x0f\0\x10\x01\0\0\x85\x34\0\0\xc4\x3a\0\0\x18\x20\x0f\0\x28\x01\0\0\x85\x34\0\
\0\xe0\x3a\0\0\x05\x34\x0f\0\x58\x01\0\0\x85\x34\0\0\x24\x3b\0\0\x14\x44\x0f\0\
\x80\x01\0\0\x85\x34\0\0\x82\x3b\0\0\x09\x48\x0f\0\x88\x01\0\0\x85\x34\0\0\x9b\
\x3b\0\0\x09\x60\x0f\0\xb8\x01\0\0\x85\x34\0\0\xdc\x3b\0\0\x27\x64\x0f\0\xc0\
\x01\0\0\x85\x34\0\0\xdc\x3b\0\0\x1e\x64\x0f\0\xc8\x01\0\0\x85\x34\0\0\x0a\x3c\
\0\0\x2d\x68\x0f\0\xd0\x01\0\0\x85\x34\0\0\x0a\x3c\0\0\x24\x68\x0f\0\xd8\x01\0\
\0\x85\x34\0\0\x44\x3c\0\0\x2f\x6c\x0f\0\xe0\x01\0\0\x85\x34\0\0\x44\x3c\0\0\
\x26\x6c\x0f\0\xe8\x01\0\0\x85\x34\0\0\x82\x3c\0\0\x2d\x70\x0f\0\xf0\x01\0\0\
\x85\x34\0\0\x82\x3c\0\0\x24\x70\x0f\0\xf8\x01\0\0\x85\x34\0\0\xbc\x3c\0\0\x09\
\x74\x0f\0\x20\x02\0\0\x85\x34\0\0\xe9\x3c\0\0\x3b\xbc\x0f\0\x28\x02\0\0\x85\
\x34\0\0\xe9\x3c\0\0\x21\xbc\x0f\0\x38\x02\0\0\x85\x34\0\0\xe9\x3c\0\0\x2d\xbc\
\x0f\0\x50\x02\0\0\x85\x34\0\0\xe9\x3c\0\0\x05\xbc\x0f\0\x58\x02\0\0\x85\x34\0\
\0\x28\x3d\0\0\x10\xc0\x0f\0\x70\x02\0\0\x85\x34\0\0\x41\x3d\0\0\x10\xc4\x0f\0\
\x90\x02\0\0\x85\x34\0\0\x83\x3d\0\0\x11\xc8\x0f\0\xa8\x02\0\0\x85\x34\0\0\x9d\
\x3d\0\0\x15\xd4\x0f\0\xc8\x02\0\0\x85\x34\0\0\xe6\x3d\0\0\x10\xd8\x0f\0\xd0\
\x02\0\0\x85\x34\0\0\xfe\x3d\0\0\x35\xdc\x0f\0\xe0\x02\0\0\x85\x34\0\0\xfe\x3d\
\0\0\x28\xdc\x0f\0\xe8\x02\0\0\x85\x34\0\0\x34\x3e\0\0\x1f\xe0\x0f\0\xf0\x02\0\
\0\x85\x34\0\0\xfe\x3d\0\0\x35\xdc\x0f\0\xf8\x02\0\0\x85\x34\0\0\xfe\x3d\0\0\
\x28\xdc\x0f\0\x38\x03\0\0\x85\x34\0\0\x5a\x3e\0\0\x11\xec\x0f\0\x60\x03\0\0\
\x85\x34\0\0\xb3\x3e\0\0\x19\xf0\x0f\0\x90\x03\0\0\x85\x34\0\0\0\x3f\0\0\x23\
\xfc\x0f\0\xa0\x03\0\0\x85\x34\0\0\x29\x3f\0\0\x31\0\x10\0\xb0\x03\0\0\x85\x34\
\0\0\x6d\x3f\0\0\x13\xcc\x0e\0\xc0\x03\0\0\x85\x34\0\0\x89\x3f\0\0\x0f\xd4\x0e\
\0\xd0\x03\0\0\x85\x34\0\0\x89\x3f\0\0\x1c\xd4\x0e\0\xe0\x03\0\0\x85\x34\0\0\
\x89\x3f\0\0\x21\xd4\x0e\0\xf0\x03\0\0\x85\x34\0\0\xe5\x3f\0\0\x36\xf8\x0e\0\
\xf8\x03\0\0\x85\x34\0\0\xe5\x3f\0\0\x39\xf8\x0e\0\x08\x04\0\0\x85\x34\0\0\x48\
\x40\0\0\x44\xf4\x0e\0\x10\x04\0\0\x85\x34\0\0\x48\x40\0\0\x4e\xf4\x0e\0\x18\
\x04\0\0\x85\x34\0\0\x48\x40\0\0\x53\xf4\x0e\0\x20\x04\0\0\x85\x34\0\0\x48\x40\
\0\0\x33\xf4\x0e\0\x28\x04\0\0\x85\x34\0\0\x48\x40\0\0\x37\xf4\x0e\0\x38\x04\0\
\0\x85\x34\0\0\x48\x40\0\0\x1f\xf4\x0e\0\x40\x04\0\0\x85\x34\0\0\x48\x40\0\0\
\x1d\xf4\x0e\0\x48\x04\0\0\x85\x34\0\0\xe5\x3f\0\0\x46\xf8\x0e\0\x50\x04\0\0\
\x85\x34\0\0\xe5\x3f\0\0\x53\xf8\x0e\0\x58\x04\0\0\x85\x34\0\0\xe5\x3f\0\0\x56\
\xf8\x0e\0\x60\x04\0\0\x85\x34\0\0\xe5\x3f\0\0\x21\xf8\x0e\0\x68\x04\0\0\x85\
\x34\0\0\xe5\x3f\0\0\x1f\xf8\x0e\0\x70\x04\0\0\x85\x34\0\0\xa9\x40\0\0\x32\xfc\
\x0e\0\x78\x04\0\0\x85\x34\0\0\xa9\x40\0\0\x35\xfc\x0e\0\x88\x04\0\0\x85\x34\0\
\0\xa9\x40\0\0\x42\xfc\x0e\0\x90\x04\0\0\x85\x34\0\0\xa9\x40\0\0\x4c\xfc\x0e\0\
\x98\x04\0\0\x85\x34\0\0\xa9\x40\0\0\x4f\xfc\x0e\0\xa0\x04\0\0\x85\x34\0\0\xa9\
\x40\0\0\x1f\xfc\x0e\0\xa8\x04\0\0\x85\x34\0\0\x05\x41\0\0\x29\x04\x0f\0\xb0\
\x04\0\0\x85\x34\0\0\x05\x41\0\0\x38\x04\x0f\0\xb8\x04\0\0\x85\x34\0\0\x05\x41\
\0\0\x3b\x04\x0f\0\xc8\x04\0\0\x85\x34\0\0\xa9\x40\0\0\x1d\xfc\x0e\0\xd0\x04\0\
\0\x85\x34\0\0\x05\x41\0\0\x48\x04\x0f\0\xd8\x04\0\0\x85\x34\0\0\x05\x41\0\0\
\x55\x04\x0f\0\xe0\x04\0\0\x85\x34\0\0\x05\x41\0\0\x59\x04\x0f\0\xe8\x04\0\0\
\x85\x34\0\0\x05\x41\0\0\x22\x04\x0f\0\xf0\x04\0\0\x85\x34\0\0\x05\x41\0\0\x20\
\x04\x0f\0\xf8\x04\0\0\x85\x34\0\0\x6c\x41\0\0\x31\x08\x0f\0\0\x05\0\0\x85\x34\
\0\0\x6c\x41\0\0\x34\x08\x0f\0\x10\x05\0\0\x85\x34\0\0\x6c\x41\0\0\x41\x08\x0f\
\0\x18\x05\0\0\x85\x34\0\0\x6c\x41\0\0\x4a\x08\x0f\0\x20\x05\0\0\x85\x34\0\0\
\x6c\x41\0\0\x4e\x08\x0f\0\x28\x05\0\0\x85\x34\0\0\x6c\x41\0\0\x1e\x08\x0f\0\
\x38\x05\0\0\x85\x34\0\0\xc8\x41\0\0\x0d\x24\x10\0\x70\x05\0\0\x85\x34\0\0\x89\
\x3f\0\0\x3f\xd4\x0e\0\x78\x05\0\0\x85\x34\0\0\x07\x42\0\0\x25\xd8\x0e\0\x80\
\x05\0\0\x85\x34\0\0\x07\x42\0\0\x2f\xd8\x0e\0\x88\x05\0\0\x85\x34\0\0\x07\x42\
\0\0\x35\xd8\x0e\0\x90\x05\0\0\x85\x34\0\0\x07\x42\0\0\x1d\xd8\x0e\0\x98\x05\0\
\0\x85\x34\0\0\x4a\x42\0\0\x27\xdc\x0e\0\xa0\x05\0\0\x85\x34\0\0\x4a\x42\0\0\
\x34\xdc\x0e\0\xa8\x05\0\0\x85\x34\0\0\x4a\x42\0\0\x3a\xdc\x0e\0\xb0\x05\0\0\
\x85\x34\0\0\x4a\x42\0\0\x1f\xdc\x0e\0\xb8\x05\0\0\x85\x34\0\0\x92\x42\0\0\x25\
\xe0\x0e\0\xc0\x05\0\0\x85\x34\0\0\x92\x42\0\0\x30\xe0\x0e\0\xc8\x05\0\0\x85\
\x34\0\0\x92\x42\0\0\x35\xe0\x0e\0\xd0\x05\0\0\x85\x34\0\0\x92\x42\0\0\x1d\xe0\
\x0e\0\xd8\x05\0\0\x85\x34\0\0\xd5\x42\0\0\x28\xe4\x0e\0\xe0\x05\0\0\x85\x34\0\
\0\xd5\x42\0\0\x35\xe4\x0e\0\xe8\x05\0\0\x85\x34\0\0\xd5\x42\0\0\x3a\xe4\x0e\0\
\xf0\x05\0\0\x85\x34\0\0\xd5\x42\0\0\x20\xe4\x0e\0\xf8\x05\0\0\x85\x34\0\0\x1d\
\x43\0\0\x24\xe8\x0e\0\0\x06\0\0\x85\x34\0\0\x1d\x43\0\0\x2d\xe8\x0e\0\x08\x06\
\0\0\x85\x34\0\0\x1d\x43\0\0\x32\xe8\x0e\0\x18\x06\0\0\x85\x34\0\0\x5d\x43\0\0\
\x0d\x04\x11\0\x48\x06\0\0\x85\x34\0\0\x8d\x43\0\0\x09\x50\x0f\0\x68\x06\0\0\
\x85\x34\0\0\xc1\x43\0\0\x09\x24\x11\0\x90\x06\0\0\x85\x34\0\0\xe7\x43\0\0\x01\
\x2c\x11\0\x98\x06\0\0\x85\x34\0\0\xe9\x43\0\0\x26\x48\x10\0\xc8\x06\0\0\x85\
\x34\0\0\x57\x44\0\0\x08\x4c\x10\0\xd0\x06\0\0\x85\x34\0\0\x65\x44\0\0\x09\x54\
\x10\0\xf0\x06\0\0\x85\x34\0\0\x9e\x44\0\0\x09\x58\x10\0\0\x07\0\0\x85\x34\0\0\
\xb0\x44\0\0\x05\x60\x10\0\x48\x07\0\0\x85\x34\0\0\xe5\x44\0\0\x0d\x68\x10\0\
\x60\x07\0\0\x85\x34\0\0\xfc\x44\0\0\x15\x6c\x10\0\x80\x07\0\0\x85\x34\0\0\x36\
\x45\0\0\x0c\x70\x10\0\x88\x07\0\0\x85\x34\0\0\x48\x45\0\0\x21\x7c\x10\0\xa0\
\x07\0\0\x85\x34\0\0\xe5\x44\0\0\x0d\x68\x10\0\xb8\x07\0\0\x85\x34\0\0\xfc\x44\
\0\0\x15\x6c\x10\0\xd0\x07\0\0\x85\x34\0\0\x36\x45\0\0\x0c\x70\x10\0\xd8\x07\0\
\0\x85\x34\0\0\x48\x45\0\0\x21\x7c\x10\0\xf0\x07\0\0\x85\x34\0\0\xe5\x44\0\0\
\x0d\x68\x10\0\x08\x08\0\0\x85\x34\0\0\xfc\x44\0\0\x15\x6c\x10\0\x30\x08\0\0\
\x85\x34\0\0\x36\x45\0\0\x0c\x70\x10\0\x38\x08\0\0\x85\x34\0\0\x48\x45\0\0\x21\
\x7c\x10\0\x50\x08\0\0\x85\x34\0\0\xe5\x44\0\0\x0d\x68\x10\0\x68\x08\0\0\x85\
\x34\0\0\xfc\x44\0\0\x15\x6c\x10\0\x80\x08\0\0\x85\x34\0\0\x36\x45\0\0\x0c\x70\
\x10\0\x88\x08\0\0\x85\x34\0\0\x48\x45\0\0\x21\x7c\x10\0\xa0\x08\0\0\x85\x34\0\
\0\xe5\x44\0\0\x0d\x68\x10\0\xb8\x08\0\0\x85\x34\0\0\xfc\x44\0\0\x15\x6c\x10\0\
\xe0\x08\0\0\x85\x34\0\0\x36\x45\0\0\x0c\x70\x10\0\xe8\x08\0\0\x85\x34\0\0\x48\
\x45\0\0\x21\x7c\x10\0\0\x09\0\0\x85\x34\0\0\xe5\x44\0\0\x0d\x68\x10\0\x18\x09\
\0\0\x85\x34\0\0\xfc\x44\0\0\x15\x6c\x10\0\x30\x09\0\0\x85\x34\0\0\x36\x45\0\0\
\x0c\x70\x10\0\x38\x09\0\0\x85\x34\0\0\x48\x45\0\0\x21\x7c\x10\0\x50\x09\0\0\
\x85\x34\0\0\xe5\x44\0\0\x0d\x68\x10\0\x68\x09\0\0\x85\x34\0\0\xfc\x44\0\0\x15\
\x6c\x10\0\x90\x09\0\0\x85\x34\0\0\x36\x45\0\0\x0c\x70\x10\0\x98\x09\0\0\x85\
\x34\0\0\x48\x45\0\0\x21\x7c\x10\0\xb0\x09\0\0\x85\x34\0\0\xe5\x44\0\0\x0d\x68\
\x10\0\xc8\x09\0\0\x85\x34\0\0\xfc\x44\0\0\x15\x6c\x10\0\xe0\x09\0\0\x85\x34\0\
\0\x36\x45\0\0\x0c\x70\x10\0\xe8\x09\0\0\x85\x34\0\0\x48\x45\0\0\x21\x7c\x10\0\
\xf8\x09\0\0\x85\x34\0\0\x6f\x45\0\0\x05\x84\x10\0\x10\x0a\0\0\x85\x34\0\0\x8f\
\x45\0\0\x05\x40\x11\0\x20\x0a\0\0\x85\x34\0\0\x9d\x45\0\0\x26\x9c\x10\0\x50\
\x0a\0\0\x85\x34\0\0\x57\x44\0\0\x08\xa0\x10\0\x58\x0a\0\0\x85\x34\0\0\x65\x44\
\0\0\x09\xa8\x10\0\x78\x0a\0\0\x85\x34\0\0\x9e\x44\0\0\x09\xac\x10\0\x88\x0a\0\
\0\x85\x34\0\0\xb0\x44\0\0\x05\xb4\x10\0\xd0\x0a\0\0\x85\x34\0\0\xe5\x44\0\0\
\x0d\xbc\x10\0\xe8\x0a\0\0\x85\x34\0\0\x17\x46\0\0\x15\xc0\x10\0\x08\x0b\0\0\
\x85\x34\0\0\x36\x45\0\0\x0c\xc4\x10\0\x10\x0b\0\0\x85\x34\0\0\x48\x45\0\0\x21\
\xd0\x10\0\x28\x0b\0\0\x85\x34\0\0\xe5\x44\0\0\x0d\xbc\x10\0\x40\x0b\0\0\x85\
\x34\0\0\x17\x46\0\0\x15\xc0\x10\0\x58\x0b\0\0\x85\x34\0\0\x36\x45\0\0\x0c\xc4\
\x10\0\x60\x0b\0\0\x85\x34\0\0\x48\x45\0\0\x21\xd0\x10\0\x78\x0b\0\0\x85\x34\0\
\0\xe5\x44\0\0\x0d\xbc\x10\0\x90\x0b\0\0\x85\x34\0\0\x17\x46\0\0\x15\xc0\x10\0\
\xb8\x0b\0\0\x85\x34\0\0\x36\x45\0\0\x0c\xc4\x10\0\xc0\x0b\0\0\x85\x34\0\0\x48\
\x45\0\0\x21\xd0\x10\0\xd8\x0b\0\0\x85\x34\0\0\xe5\x44\0\0\x0d\xbc\x10\0\xf0\
\x0b\0\0\x85\x34\0\0\x17\x46\0\0\x15\xc0\x10\0\x08\x0c\0\0\x85\x34\0\0\x36\x45\
\0\0\x0c\xc4\x10\0\x10\x0c\0\0\x85\x34\0\0\x48\x45\0\0\x21\xd0\x10\0\x28\x0c\0\
\0\x85\x34\0\0\xe5\x44\0\0\x0d\xbc\x10\0\x40\x0c\0\0\x85\x34\0\0\x17\x46\0\0\
\x15\xc0\x10\0\x68\x0c\0\0\x85\x34\0\0\x36\x45\0\0\x0c\xc4\x10\0\x70\x0c\0\0\
\x85\x34\0\0\x48\x45\0\0\x21\xd0\x10\0\x88\x0c\0\0\x85\x34\0\0\xe5\x44\0\0\x0d\
\xbc\x10\0\xa0\x0c\0\0\x85\x34\0\0\x17\x46\0\0\x15\xc0\x10\0\xb8\x0c\0\0\x85\
\x34\0\0\x36\x45\0\0\x0c\xc4\x10\0\xc0\x0c\0\0\x85\x34\0\0\x48\x45\0\0\x21\xd0\
\x10\0\xd8\x0c\0\0\x85\x34\0\0\xe5\x44\0\0\x0d\xbc\x10\0\xf0\x0c\0\0\x85\x34\0\
\0\x17\x46\0\0\x15\xc0\x10\0\x18\x0d\0\0\x85\x34\0\0\x36\x45\0\0\x0c\xc4\x10\0\
\x20\x0d\0\0\x85\x34\0\0\x48\x45\0\0\x21\xd0\x10\0\x38\x0d\0\0\x85\x34\0\0\xe5\
\x44\0\0\x0d\xbc\x10\0\x50\x0d\0\0\x85\x34\0\0\x17\x46\0\0\x15\xc0\x10\0\x68\
\x0d\0\0\x85\x34\0\0\x36\x45\0\0\x0c\xc4\x10\0\x70\x0d\0\0\x85\x34\0\0\x48\x45\
\0\0\x21\xd0\x10\0\x80\x0d\0\0\x85\x34\0\0\x6f\x45\0\0\x05\xd8\x10\0\x98\x0d\0\
\0\x85\x34\0\0\x8f\x45\0\0\x05\x58\x11\0\x10\0\0\0\x5d\x75\0\0\x04\0\0\0\0\0\0\
\0\x4e\0\0\0\x14\x75\0\0\0\0\0\0\x58\0\0\0\x4e\0\0\0\x19\x75\0\0\0\0\0\0\xf0\0\
\0\0\x4e\0\0\0\x14\x75\0\0\0\0\0\0\x68\x01\0\0\x4e\0\0\0\x1e\x75\0\0\0\0\0\0\
\x71\x75\0\0\x04\0\0\0\0\0\0\0\x4e\0\0\0\x14\x75\0\0\0\0\0\0\x58\0\0\0\x4e\0\0\
\0\x19\x75\0\0\0\0\0\0\xf0\0\0\0\x4e\0\0\0\x14\x75\0\0\0\0\0\0\x68\x01\0\0\x4e\
\0\0\0\x1e\x75\0\0\0\0\0\0\x89\x75\0\0\x02\0\0\0\x08\0\0\0\xb3\x01\0\0\x24\x75\
\0\0\0\0\0\0\x70\0\0\0\xb3\x01\0\0\x28\x75\0\0\0\0\0\0\xd1\x75\0\0\x05\0\0\0\
\x08\0\0\0\xba\x01\0\0\x2c\x75\0\0\0\0\0\0\x18\0\0\0\xba\x01\0\0\x30\x75\0\0\0\
\0\0\0\x48\x02\0\0\xba\x01\0\0\x34\x75\0\0\0\0\0\0\xb8\x0f\0\0\xba\x01\0\0\x38\
\x75\0\0\0\0\0\0\xa0\x14\0\0\xba\x01\0\0\x2c\x75\0\0\0\0\0\0\x09\x76\0\0\x05\0\
\0\0\x10\0\0\0\x4e\0\0\0\x14\x75\0\0\0\0\0\0\x58\0\0\0\x4e\0\0\0\x19\x75\0\0\0\
\0\0\0\xe0\0\0\0\x4e\0\0\0\x14\x75\0\0\0\0\0\0\x18\x01\0\0\x4e\0\0\0\x19\x75\0\
\0\0\0\0\0\x68\x01\0\0\x4e\0\0\0\x1e\x75\0\0\0\0\0\0\x2b\x76\0\0\x05\0\0\0\x10\
\0\0\0\x4e\0\0\0\x14\x75\0\0\0\0\0\0\x58\0\0\0\x4e\0\0\0\x19\x75\0\0\0\0\0\0\
\xe0\0\0\0\x4e\0\0\0\x14\x75\0\0\0\0\0\0\x18\x01\0\0\x4e\0\0\0\x19\x75\0\0\0\0\
\0\0\x68\x01\0\0\x4e\0\0\0\x1e\x75\0\0\0\0\0\0\0\0\0\0\0\0\0\0\0\0\0\0\0\0\0\0\
\0\0\0\0\0\0\0\0\0\0\0\0\0\0\0\0\0\0\0\0\0\0\0\0\0\0\0\0\0\0\0\0\0\0\0\0\0\0\0\
\0\0\0\0\0\0\0\0\0\0\0\0\0\x01\0\0\0\x03\0\0\0\x20\0\0\0\0\0\0\0\0\0\0\0\0\0\0\
\0\x40\0\0\0\0\0\0\0\xd8\x07\0\0\0\0\0\0\0\0\0\0\0\0\0\0\x01\0\0\0\0\0\0\0\0\0\
\0\0\0\0\0\0\x09\0\0\0\x02\0\0\0\0\0\0\0\0\0\0\0\0\0\0\0\0\0\0\0\x18\x08\0\0\0\
\0\0\0\xf0\x06\0\0\0\0\0\0\x01\0\0\0\0\0\0\0\x08\0\0\0\0\0\0\0\x18\0\0\0\0\0\0\
\0\x11\0\0\0\x01\0\0\0\x06\0\0\0\0\0\0\0\0\0\0\0\0\0\0\0\x08\x0f\0\0\0\0\0\0\
\x50\x04\0\0\0\0\0\0\0\0\0\0\0\0\0\0\x08\0\0\0\0\0\0\0\0\0\0\0\0\0\0\0\x17\0\0\
\0\x01\0\0\0\x06\0\0\0\0\0\0\0\0\0\0\0\0\0\0\0\x58\x13\0\0\0\0\0\0\xe0\x04\0\0\
\0\0\0\0\0\0\0\0\0\0\0\0\x08\0\0\0\0\0\0\0\0\0\0\0\0\0\0\0\x2b\0\0\0\x01\0\0\0\
\x06\0\0\0\0\0\0\0\0\0\0\0\0\0\0\0\x38\x18\0\0\0\0\0\0\xe0\x04\0\0\0\0\0\0\0\0\
\0\0\0\0\0\0\x08\0\0\0\0\0\0\0\0\0\0\0\0\0\0\0\x43\0\0\0\x01\0\0\0\x06\0\0\0\0\
\0\0\0\0\0\0\0\0\0\0\0\x18\x1d\0\0\0\0\0\0\x60\x02\0\0\0\0\0\0\0\0\0\0\0\0\0\0\
\x08\0\0\0\0\0\0\0\0\0\0\0\0\0\0\0\x67\0\0\0\x01\0\0\0\x06\0\0\0\0\0\0\0\0\0\0\
\0\0\0\0\0\x78\x1f\0\0\0\0\0\0\xe8\x01\0\0\0\0\0\0\0\0\0\0\0\0\0\0\x08\0\0\0\0\
\0\0\0\0\0\0\0\0\0\0\0\x8b\0\0\0\x01\0\0\0\x06\0\0\0\0\0\0\0\0\0\0\0\0\0\0\0\
\x60\x21\0\0\0\0\0\0\0\x18\0\0\0\0\0\0\0\0\0\0\0\0\0\0\x08\0\0\0\0\0\0\0\0\0\0\
\0\0\0\0\0\xa9\0\0\0\x01\0\0\0\x06\0\0\0\0\0\0\0\0\0\0\0\0\0\0\0\x60\x39\0\0\0\
\0\0\0\0\x02\0\0\0\0\0\0\0\0\0\0\0\0\0\0\x08\0\0\0\0\0\0\0\0\0\0\0\0\0\0\0\xc3\
\0\0\0\x01\0\0\0\x06\0\0\0\0\0\0\0\0\0\0\0\0\0\0\0\x60\x3b\0\0\0\0\0\0\xd8\x06\
\0\0\0\0\0\0\0\0\0\0\0\0\0\0\x08\0\0\0\0\0\0\0\0\0\0\0\0\0\0\0\xe5\0\0\0\x01\0\
\0\0\x06\0\0\0\0\0\0\0\0\0\0\0\0\0\0\0\x38\x42\0\0\0\0\0\0\xf0\x04\0\0\0\0\0\0\
\0\0\0\0\0\0\0\0\x08\0\0\0\0\0\0\0\0\0\0\0\0\0\0\0\x06\x01\0\0\x01\0\0\0\x06\0\
\0\0\0\0\0\0\0\0\0\0\0\0\0\0\x28\x47\0\0\0\0\0\0\x38\x02\0\0\0\0\0\0\0\0\0\0\0\
\0\0\0\x08\0\0\0\0\0\0\0\0\0\0\0\0\0\0\0\x23\x01\0\0\x01\0\0\0\x06\0\0\0\0\0\0\
\0\0\0\0\0\0\0\0\0\x60\x49\0\0\0\0\0\0\x18\x02\0\0\0\0\0\0\0\0\0\0\0\0\0\0\x08\
\0\0\0\0\0\0\0\0\0\0\0\0\0\0\0\x3f\x01\0\0\x01\0\0\0\x06\0\0\0\0\0\0\0\0\0\0\0\
\0\0\0\0\x78\x4b\0\0\0\0\0\0\x38\x02\0\0\0\0\0\0\0\0\0\0\0\0\0\0\x08\0\0\0\0\0\
\0\0\0\0\0\0\0\0\0\0\x60\x01\0\0\x01\0\0\0\x06\0\0\0\0\0\0\0\0\0\0\0\0\0\0\0\
\xb0\x4d\0\0\0\0\0\0\x18\x02\0\0\0\0\0\0\0\0\0\0\0\0\0\0\x08\0\0\0\0\0\0\0\0\0\
\0\0\0\0\0\0\x80\x01\0\0\x01\0\0\0\x06\0\0\0\0\0\0\0\0\0\0\0\0\0\0\0\xc8\x4f\0\
\0\0\0\0\0\xa8\x0d\0\0\0\0\0\0\0\0\0\0\0\0\0\0\x08\0\0\0\0\0\0\0\0\0\0\0\0\0\0\
\0\x8b\x01\0\0\x01\0\0\0\x03\0\0\0\0\0\0\0\0\0\0\0\0\0\0\0\x70\x5d\0\0\0\0\0\0\
\x0d\0\0\0\0\0\0\0\0\0\0\0\0\0\0\0\x01\0\0\0\0\0\0\0\0\0\0\0\0\0\0\0\x93\x01\0\
\0\x01\0\0\0\x02\0\0\0\0\0\0\0\0\0\0\0\0\0\0\0\x80\x5d\0\0\0\0\0\0\x3c\x01\0\0\
\0\0\0\0\0\0\0\0\0\0\0\0\x04\0\0\0\0\0\0\0\0\0\0\0\0\0\0\0\x9b\x01\0\0\x01\0\0\
\0\x03\0\0\0\0\0\0\0\0\0\0\0\0\0\0\0\xc0\x5e\0\0\0\0\0\0\xe0\x01\0\0\0\0\0\0\0\
\0\0\0\0\0\0\0\x08\0\0\0\0\0\0\0\0\0\0\0\0\0\0\0\xa1\x01\0\0\x08\0\0\0\x03\0\0\
\0\0\0\0\0\0\0\0\0\0\0\0\0\xa0\x60\0\0\0\0\0\0\x40\0\0\0\0\0\0\0\0\0\0\0\0\0\0\
\0\x04\0\0\0\0\0\0\0\0\0\0\0\0\0\0\0\x18\x06\0\0\x09\0\0\0\x40\0\0\0\0\0\0\0\0\
\0\0\0\0\0\0\0\xa0\x60\0\0\0\0\0\0\x90\0\0\0\0\0\0\0\x02\0\0\0\x03\0\0\0\x08\0\
\0\0\0\0\0\0\x10\0\0\0\0\0\0\0\x22\x06\0\0\x09\0\0\0\x40\0\0\0\0\0\0\0\0\0\0\0\
\0\0\0\0\x30\x61\0\0\0\0\0\0\x60\0\0\0\0\0\0\0\x02\0\0\0\x04\0\0\0\x08\0\0\0\0\
\0\0\0\x10\0\0\0\0\0\0\0\x3a\x06\0\0\x09\0\0\0\x40\0\0\0\0\0\0\0\0\0\0\0\0\0\0\
\0\x90\x61\0\0\0\0\0\0\x60\0\0\0\0\0\0\0\x02\0\0\0\x05\0\0\0\x08\0\0\0\0\0\0\0\
\x10\0\0\0\0\0\0\0\x56\x06\0\0\x09\0\0\0\x40\0\0\0\0\0\0\0\0\0\0\0\0\0\0\0\xf0\
\x61\0\0\0\0\0\0\x20\0\0\0\0\0\0\0\x02\0\0\0\x06\0\0\0\x08\0\0\0\0\0\0\0\x10\0\
\0\0\0\0\0\0\x7e\x06\0\0\x09\0\0\0\x40\0\0\0\0\0\0\0\0\0\0\0\0\0\0\0\x10\x62\0\
\0\0\0\0\0\x80\0\0\0\0\0\0\0\x02\0\0\0\x07\0\0\0\x08\0\0\0\0\0\0\0\x10\0\0\0\0\
\0\0\0\xa6\x06\0\0\x09\0\0\0\x40\0\0\0\0\0\0\0\0\0\0\0\0\0\0\0\x90\x62\0\0\0\0\
\0\0\x70\x02\0\0\0\0\0\0\x02\0\0\0\x08\0\0\0\x08\0\0\0\0\0\0\0\x10\0\0\0\0\0\0\
\0\xc8\x06\0\0\x09\0\0\0\x40\0\0\0\0\0\0\0\0\0\0\0\0\0\0\0\0\x65\0\0\0\0\0\0\
\x40\0\0\0\0\0\0\0\x02\0\0\0\x09\0\0\0\x08\0\0\0\0\0\0\0\x10\0\0\0\0\0\0\0\xe6\
\x06\0\0\x09\0\0\0\x40\0\0\0\0\0\0\0\0\0\0\0\0\0\0\0\x40\x65\0\0\0\0\0\0\x60\0\
\0\0\0\0\0\0\x02\0\0\0\x0a\0\0\0\x08\0\0\0\0\0\0\0\x10\0\0\0\0\0\0\0\x0c\x07\0\
\0\x09\0\0\0\x40\0\0\0\0\0\0\0\0\0\0\0\0\0\0\0\xa0\x65\0\0\0\0\0\0\x60\0\0\0\0\
\0\0\0\x02\0\0\0\x0b\0\0\0\x08\0\0\0\0\0\0\0\x10\0\0\0\0\0\0\0\x31\x07\0\0\x09\
\0\0\0\x40\0\0\0\0\0\0\0\0\0\0\0\0\0\0\0\0\x66\0\0\0\0\0\0\x60\0\0\0\0\0\0\0\
\x02\0\0\0\x0c\0\0\0\x08\0\0\0\0\0\0\0\x10\0\0\0\0\0\0\0\x52\x07\0\0\x09\0\0\0\
\x40\0\0\0\0\0\0\0\0\0\0\0\0\0\0\0\x60\x66\0\0\0\0\0\0\x50\0\0\0\0\0\0\0\x02\0\
\0\0\x0d\0\0\0\x08\0\0\0\0\0\0\0\x10\0\0\0\0\0\0\0\x72\x07\0\0\x09\0\0\0\x40\0\
\0\0\0\0\0\0\0\0\0\0\0\0\0\0\xb0\x66\0\0\0\0\0\0\x60\0\0\0\0\0\0\0\x02\0\0\0\
\x0e\0\0\0\x08\0\0\0\0\0\0\0\x10\0\0\0\0\0\0\0\x97\x07\0\0\x09\0\0\0\x40\0\0\0\
\0\0\0\0\0\0\0\0\0\0\0\0\x10\x67\0\0\0\0\0\0\x50\0\0\0\0\0\0\0\x02\0\0\0\x0f\0\
\0\0\x08\0\0\0\0\0\0\0\x10\0\0\0\0\0\0\0\xbb\x07\0\0\x09\0\0\0\x40\0\0\0\0\0\0\
\0\0\0\0\0\0\0\0\0\x60\x67\0\0\0\0\0\0\x50\x02\0\0\0\0\0\0\x02\0\0\0\x10\0\0\0\
\x08\0\0\0\0\0\0\0\x10\0\0\0\0\0\0\0\xca\x07\0\0\x01\0\0\0\0\0\0\0\0\0\0\0\0\0\
\0\0\0\0\0\0\xb0\x69\0\0\0\0\0\0\x02\xcc\0\0\0\0\0\0\0\0\0\0\0\0\0\0\x08\0\0\0\
\0\0\0\0\0\0\0\0\0\0\0\0\xcf\x07\0\0\x01\0\0\0\0\0\0\0\0\0\0\0\0\0\0\0\0\0\0\0\
\xb8\x35\x01\0\0\0\0\0\x24\x39\0\0\0\0\0\0\0\0\0\0\0\0\0\0\x08\0\0\0\0\0\0\0\0\
\0\0\0\0\0\0\0";

	*sz = sizeof(data) - 1;
	return (const void *)data;
}

#ifdef __cplusplus
struct cpu_stats_bpf *cpu_stats_bpf::open(const struct bpf_object_open_opts *opts) { return cpu_stats_bpf__open_opts(opts); }
struct cpu_stats_bpf *cpu_stats_bpf::open_and_load() { return cpu_stats_bpf__open_and_load(); }
int cpu_stats_bpf::load(struct cpu_stats_bpf *skel) { return cpu_stats_bpf__load(skel); }
int cpu_stats_bpf::attach(struct cpu_stats_bpf *skel) { return cpu_stats_bpf__attach(skel); }
void cpu_stats_bpf::detach(struct cpu_stats_bpf *skel) { cpu_stats_bpf__detach(skel); }
void cpu_stats_bpf::destroy(struct cpu_stats_bpf *skel) { cpu_stats_bpf__destroy(skel); }
const void *cpu_stats_bpf::elf_bytes(size_t *sz) { return cpu_stats_bpf__elf_bytes(sz); }
#endif /* __cplusplus */

__attribute__((unused)) static void
cpu_stats_bpf__assert(struct cpu_stats_bpf *s __attribute__((unused)))
{
#ifdef __cplusplus
#define _Static_assert static_assert
#endif
	_Static_assert(sizeof(s->rodata->zero) == 4, "unexpected size of 'zero'");
	_Static_assert(sizeof(s->rodata->one) == 4, "unexpected size of 'one'");
	_Static_assert(sizeof(s->bss->latency_bk_window) == 8, "unexpected size of 'latency_bk_window'");
	_Static_assert(sizeof(s->bss->latency_ema) == 12, "unexpected size of 'latency_ema'");
	_Static_assert(sizeof(s->bss->usage_ema) == 12, "unexpected size of 'usage_ema'");
	_Static_assert(sizeof(s->bss->task_csw_ema) == 12, "unexpected size of 'task_csw_ema'");
	_Static_assert(sizeof(s->bss->task_preempt_ema) == 12, "unexpected size of 'task_preempt_ema'");
#ifdef __cplusplus
#undef _Static_assert
#endif
}

#endif /* __CPU_STATS_BPF_SKEL_H__ */
