/* SPDX-License-Identifier: (LGPL-2.1 OR BSD-2-Clause) */

/* THIS FILE IS AUTOGENERATED BY BPFTOOL! */
#ifndef __MM_STATS_BPF_SKEL_H__
#define __MM_STATS_BPF_SKEL_H__

#include <errno.h>
#include <stdlib.h>
#include <bpf/libbpf.h>

#define BPF_SKEL_SUPPORTS_MAP_AUTO_ATTACH 1

struct mm_stats_bpf {
	struct bpf_object_skeleton *skeleton;
	struct bpf_object *obj;
	struct {
		struct bpf_map *task_mm_stats_map;
		struct bpf_map *process_mm_stats_map;
		struct bpf_map *task_mm_occupied_list;
		struct bpf_map *process_mm_occupied_list;
		struct bpf_map *threhold_map;
		struct bpf_map *task_mm_stats_buffer;
		struct bpf_map *process_mm_stats_buffer;
		struct bpf_map *oom_event_buffer;
		struct bpf_map *rodata;
	} maps;
	struct {
		struct bpf_program *oom_kill_process;
		struct bpf_program *trace_kmalloc;
		struct bpf_program *trace_kfree;
		struct bpf_program *trace_page_alloc;
		struct bpf_program *trace_page_free;
		struct bpf_program *trace_cache_alloc;
		struct bpf_program *trace_cache_free;
		struct bpf_program *handle_mm_task_exit;
	} progs;
	struct {
		struct bpf_link *oom_kill_process;
		struct bpf_link *trace_kmalloc;
		struct bpf_link *trace_kfree;
		struct bpf_link *trace_page_alloc;
		struct bpf_link *trace_page_free;
		struct bpf_link *trace_cache_alloc;
		struct bpf_link *trace_cache_free;
		struct bpf_link *handle_mm_task_exit;
	} links;

#ifdef __cplusplus
	static inline struct mm_stats_bpf *open(const struct bpf_object_open_opts *opts = nullptr);
	static inline struct mm_stats_bpf *open_and_load();
	static inline int load(struct mm_stats_bpf *skel);
	static inline int attach(struct mm_stats_bpf *skel);
	static inline void detach(struct mm_stats_bpf *skel);
	static inline void destroy(struct mm_stats_bpf *skel);
	static inline const void *elf_bytes(size_t *sz);
#endif /* __cplusplus */
};

static void
mm_stats_bpf__destroy(struct mm_stats_bpf *obj)
{
	if (!obj)
		return;
	if (obj->skeleton)
		bpf_object__destroy_skeleton(obj->skeleton);
	free(obj);
}

static inline int
mm_stats_bpf__create_skeleton(struct mm_stats_bpf *obj);

static inline struct mm_stats_bpf *
mm_stats_bpf__open_opts(const struct bpf_object_open_opts *opts)
{
	struct mm_stats_bpf *obj;
	int err;

	obj = (struct mm_stats_bpf *)calloc(1, sizeof(*obj));
	if (!obj) {
		errno = ENOMEM;
		return NULL;
	}

	err = mm_stats_bpf__create_skeleton(obj);
	if (err)
		goto err_out;

	err = bpf_object__open_skeleton(obj->skeleton, opts);
	if (err)
		goto err_out;

	return obj;
err_out:
	mm_stats_bpf__destroy(obj);
	errno = -err;
	return NULL;
}

static inline struct mm_stats_bpf *
mm_stats_bpf__open(void)
{
	return mm_stats_bpf__open_opts(NULL);
}

static inline int
mm_stats_bpf__load(struct mm_stats_bpf *obj)
{
	return bpf_object__load_skeleton(obj->skeleton);
}

static inline struct mm_stats_bpf *
mm_stats_bpf__open_and_load(void)
{
	struct mm_stats_bpf *obj;
	int err;

	obj = mm_stats_bpf__open();
	if (!obj)
		return NULL;
	err = mm_stats_bpf__load(obj);
	if (err) {
		mm_stats_bpf__destroy(obj);
		errno = -err;
		return NULL;
	}
	return obj;
}

static inline int
mm_stats_bpf__attach(struct mm_stats_bpf *obj)
{
	return bpf_object__attach_skeleton(obj->skeleton);
}

static inline void
mm_stats_bpf__detach(struct mm_stats_bpf *obj)
{
	bpf_object__detach_skeleton(obj->skeleton);
}

static inline const void *mm_stats_bpf__elf_bytes(size_t *sz);

static inline int
mm_stats_bpf__create_skeleton(struct mm_stats_bpf *obj)
{
	struct bpf_object_skeleton *s;
	struct bpf_map_skeleton *map __attribute__((unused));
	int err;

	s = (struct bpf_object_skeleton *)calloc(1, sizeof(*s));
	if (!s)	{
		err = -ENOMEM;
		goto err;
	}

	s->sz = sizeof(*s);
	s->name = "mm_stats_bpf";
	s->obj = &obj->obj;

	/* maps */
	s->map_cnt = 9;
	s->map_skel_sz = 24;
	s->maps = (struct bpf_map_skeleton *)calloc(s->map_cnt,
			sizeof(*s->maps) > 24 ? sizeof(*s->maps) : 24);
	if (!s->maps) {
		err = -ENOMEM;
		goto err;
	}

	map = (struct bpf_map_skeleton *)((char *)s->maps + 0 * s->map_skel_sz);
	map->name = "task_mm_stats_map";
	map->map = &obj->maps.task_mm_stats_map;

	map = (struct bpf_map_skeleton *)((char *)s->maps + 1 * s->map_skel_sz);
	map->name = "process_mm_stats_map";
	map->map = &obj->maps.process_mm_stats_map;

	map = (struct bpf_map_skeleton *)((char *)s->maps + 2 * s->map_skel_sz);
	map->name = "task_mm_occupied_list";
	map->map = &obj->maps.task_mm_occupied_list;

	map = (struct bpf_map_skeleton *)((char *)s->maps + 3 * s->map_skel_sz);
	map->name = "process_mm_occupied_list";
	map->map = &obj->maps.process_mm_occupied_list;

	map = (struct bpf_map_skeleton *)((char *)s->maps + 4 * s->map_skel_sz);
	map->name = "threhold_map";
	map->map = &obj->maps.threhold_map;

	map = (struct bpf_map_skeleton *)((char *)s->maps + 5 * s->map_skel_sz);
	map->name = "task_mm_stats_buffer";
	map->map = &obj->maps.task_mm_stats_buffer;

	map = (struct bpf_map_skeleton *)((char *)s->maps + 6 * s->map_skel_sz);
	map->name = "process_mm_stats_buffer";
	map->map = &obj->maps.process_mm_stats_buffer;

	map = (struct bpf_map_skeleton *)((char *)s->maps + 7 * s->map_skel_sz);
	map->name = "oom_event_buffer";
	map->map = &obj->maps.oom_event_buffer;

	map = (struct bpf_map_skeleton *)((char *)s->maps + 8 * s->map_skel_sz);
	map->name = "mm_stats.rodata";
	map->map = &obj->maps.rodata;

	/* programs */
	s->prog_cnt = 8;
	s->prog_skel_sz = sizeof(*s->progs);
	s->progs = (struct bpf_prog_skeleton *)calloc(s->prog_cnt, s->prog_skel_sz);
	if (!s->progs) {
		err = -ENOMEM;
		goto err;
	}

	s->progs[0].name = "oom_kill_process";
	s->progs[0].prog = &obj->progs.oom_kill_process;
	s->progs[0].link = &obj->links.oom_kill_process;

	s->progs[1].name = "trace_kmalloc";
	s->progs[1].prog = &obj->progs.trace_kmalloc;
	s->progs[1].link = &obj->links.trace_kmalloc;

	s->progs[2].name = "trace_kfree";
	s->progs[2].prog = &obj->progs.trace_kfree;
	s->progs[2].link = &obj->links.trace_kfree;

	s->progs[3].name = "trace_page_alloc";
	s->progs[3].prog = &obj->progs.trace_page_alloc;
	s->progs[3].link = &obj->links.trace_page_alloc;

	s->progs[4].name = "trace_page_free";
	s->progs[4].prog = &obj->progs.trace_page_free;
	s->progs[4].link = &obj->links.trace_page_free;

	s->progs[5].name = "trace_cache_alloc";
	s->progs[5].prog = &obj->progs.trace_cache_alloc;
	s->progs[5].link = &obj->links.trace_cache_alloc;

	s->progs[6].name = "trace_cache_free";
	s->progs[6].prog = &obj->progs.trace_cache_free;
	s->progs[6].link = &obj->links.trace_cache_free;

	s->progs[7].name = "handle_mm_task_exit";
	s->progs[7].prog = &obj->progs.handle_mm_task_exit;
	s->progs[7].link = &obj->links.handle_mm_task_exit;

	s->data = mm_stats_bpf__elf_bytes(&s->data_sz);

	obj->skeleton = s;
	return 0;
err:
	bpf_object__destroy_skeleton(s);
	return err;
}

static inline const void *mm_stats_bpf__elf_bytes(size_t *sz)
{
	static const char data[] __attribute__((__aligned__(8))) = "\
\x7f\x45\x4c\x46\x02\x01\x01\0\0\0\0\0\0\0\0\0\x01\0\xf7\0\x01\0\0\0\0\0\0\0\0\
\0\0\0\0\0\0\0\0\0\0\0\x58\xcb\0\0\0\0\0\0\0\0\0\0\x40\0\0\0\0\0\x40\0\x1a\0\
\x01\0\0\x2e\x73\x74\x72\x74\x61\x62\0\x2e\x73\x79\x6d\x74\x61\x62\0\x2e\x74\
\x65\x78\x74\0\x6b\x70\x72\x6f\x62\x65\x2f\x6f\x6f\x6d\x5f\x6b\x69\x6c\x6c\x5f\
\x70\x72\x6f\x63\x65\x73\x73\0\x74\x72\x61\x63\x65\x70\x6f\x69\x6e\x74\x2f\x6b\
\x6d\x65\x6d\x2f\x6b\x6d\x61\x6c\x6c\x6f\x63\0\x74\x72\x61\x63\x65\x70\x6f\x69\
\x6e\x74\x2f\x6b\x6d\x65\x6d\x2f\x6b\x66\x72\x65\x65\0\x74\x72\x61\x63\x65\x70\
\x6f\x69\x6e\x74\x2f\x6b\x6d\x65\x6d\x2f\x6d\x6d\x5f\x70\x61\x67\x65\x5f\x61\
\x6c\x6c\x6f\x63\0\x74\x72\x61\x63\x65\x70\x6f\x69\x6e\x74\x2f\x6b\x6d\x65\x6d\
\x2f\x6d\x6d\x5f\x70\x61\x67\x65\x5f\x66\x72\x65\x65\0\x74\x72\x61\x63\x65\x70\
\x6f\x69\x6e\x74\x2f\x6b\x6d\x65\x6d\x2f\x6b\x6d\x65\x6d\x5f\x63\x61\x63\x68\
\x65\x5f\x61\x6c\x6c\x6f\x63\0\x74\x72\x61\x63\x65\x70\x6f\x69\x6e\x74\x2f\x6b\
\x6d\x65\x6d\x2f\x6b\x6d\x65\x6d\x5f\x63\x61\x63\x68\x65\x5f\x66\x72\x65\x65\0\
\x74\x72\x61\x63\x65\x70\x6f\x69\x6e\x74\x2f\x73\x63\x68\x65\x64\x2f\x73\x63\
\x68\x65\x64\x5f\x70\x72\x6f\x63\x65\x73\x73\x5f\x65\x78\x69\x74\0\x6c\x69\x63\
\x65\x6e\x73\x65\0\x2e\x6d\x61\x70\x73\0\x2e\x72\x6f\x64\x61\x74\x61\0\x6d\x6d\
\x5f\x73\x74\x61\x74\x73\x2e\x62\x70\x66\x2e\x63\0\x4c\x42\x42\x30\x5f\x32\0\
\x5f\x5f\x5f\x5f\x6f\x6f\x6d\x5f\x6b\x69\x6c\x6c\x5f\x70\x72\x6f\x63\x65\x73\
\x73\x2e\x5f\x5f\x5f\x5f\x66\x6d\x74\0\x4c\x42\x42\x30\x5f\x33\0\x4c\x42\x42\
\x31\x5f\x37\0\x4c\x42\x42\x31\x5f\x33\0\x4c\x42\x42\x31\x5f\x34\0\x74\x61\x73\
\x6b\x5f\x63\x6f\x6d\x70\x61\x72\x65\x5f\x61\x6e\x64\x5f\x63\x6f\x6d\x6d\x69\
\x74\0\x4c\x42\x42\x31\x5f\x36\0\x70\x72\x6f\x63\x65\x73\x73\x5f\x63\x6f\x6d\
\x70\x61\x72\x65\x5f\x61\x6e\x64\x5f\x63\x6f\x6d\x6d\x69\x74\0\x7a\x65\x72\x6f\
\0\x4c\x42\x42\x32\x5f\x32\0\x74\x61\x73\x6b\x5f\x63\x6f\x6d\x70\x61\x72\x65\
\x5f\x61\x6e\x64\x5f\x63\x6f\x6d\x6d\x69\x74\x2e\x5f\x5f\x5f\x5f\x66\x6d\x74\0\
\x4c\x42\x42\x32\x5f\x31\x32\0\x4c\x42\x42\x32\x5f\x34\0\x4c\x42\x42\x32\x5f\
\x31\x31\0\x4c\x42\x42\x32\x5f\x37\0\x4c\x42\x42\x32\x5f\x31\x30\0\x74\x61\x73\
\x6b\x5f\x63\x6f\x6d\x70\x61\x72\x65\x5f\x61\x6e\x64\x5f\x63\x6f\x6d\x6d\x69\
\x74\x2e\x5f\x5f\x5f\x5f\x66\x6d\x74\x2e\x31\0\x6f\x6e\x65\0\x4c\x42\x42\x33\
\x5f\x32\0\x70\x72\x6f\x63\x65\x73\x73\x5f\x63\x6f\x6d\x70\x61\x72\x65\x5f\x61\
\x6e\x64\x5f\x63\x6f\x6d\x6d\x69\x74\x2e\x5f\x5f\x5f\x5f\x66\x6d\x74\0\x4c\x42\
\x42\x33\x5f\x31\x32\0\x4c\x42\x42\x33\x5f\x34\0\x4c\x42\x42\x33\x5f\x31\x31\0\
\x4c\x42\x42\x33\x5f\x37\0\x4c\x42\x42\x33\x5f\x31\x30\0\x70\x72\x6f\x63\x65\
\x73\x73\x5f\x63\x6f\x6d\x70\x61\x72\x65\x5f\x61\x6e\x64\x5f\x63\x6f\x6d\x6d\
\x69\x74\x2e\x5f\x5f\x5f\x5f\x66\x6d\x74\x2e\x32\0\x4c\x42\x42\x34\x5f\x37\0\
\x4c\x42\x42\x34\x5f\x33\0\x4c\x42\x42\x34\x5f\x34\0\x4c\x42\x42\x34\x5f\x36\0\
\x4c\x42\x42\x35\x5f\x37\0\x4c\x42\x42\x35\x5f\x33\0\x4c\x42\x42\x35\x5f\x34\0\
\x4c\x42\x42\x35\x5f\x36\0\x4c\x42\x42\x36\x5f\x37\0\x4c\x42\x42\x36\x5f\x33\0\
\x4c\x42\x42\x36\x5f\x34\0\x4c\x42\x42\x36\x5f\x36\0\x4c\x42\x42\x37\x5f\x37\0\
\x4c\x42\x42\x37\x5f\x33\0\x4c\x42\x42\x37\x5f\x34\0\x4c\x42\x42\x37\x5f\x36\0\
\x4c\x42\x42\x38\x5f\x37\0\x4c\x42\x42\x38\x5f\x33\0\x4c\x42\x42\x38\x5f\x34\0\
\x4c\x42\x42\x38\x5f\x36\0\x4c\x42\x42\x39\x5f\x34\0\x6f\x6f\x6d\x5f\x6b\x69\
\x6c\x6c\x5f\x70\x72\x6f\x63\x65\x73\x73\0\x6f\x6f\x6d\x5f\x65\x76\x65\x6e\x74\
\x5f\x62\x75\x66\x66\x65\x72\0\x74\x72\x61\x63\x65\x5f\x6b\x6d\x61\x6c\x6c\x6f\
\x63\0\x74\x61\x73\x6b\x5f\x6d\x6d\x5f\x73\x74\x61\x74\x73\x5f\x6d\x61\x70\0\
\x70\x72\x6f\x63\x65\x73\x73\x5f\x6d\x6d\x5f\x73\x74\x61\x74\x73\x5f\x6d\x61\
\x70\0\x74\x68\x72\x65\x68\x6f\x6c\x64\x5f\x6d\x61\x70\0\x74\x61\x73\x6b\x5f\
\x6d\x6d\x5f\x73\x74\x61\x74\x73\x5f\x62\x75\x66\x66\x65\x72\0\x70\x72\x6f\x63\
\x65\x73\x73\x5f\x6d\x6d\x5f\x73\x74\x61\x74\x73\x5f\x62\x75\x66\x66\x65\x72\0\
\x74\x72\x61\x63\x65\x5f\x6b\x66\x72\x65\x65\0\x74\x72\x61\x63\x65\x5f\x70\x61\
\x67\x65\x5f\x61\x6c\x6c\x6f\x63\0\x74\x72\x61\x63\x65\x5f\x70\x61\x67\x65\x5f\
\x66\x72\x65\x65\0\x74\x72\x61\x63\x65\x5f\x63\x61\x63\x68\x65\x5f\x61\x6c\x6c\
\x6f\x63\0\x74\x72\x61\x63\x65\x5f\x63\x61\x63\x68\x65\x5f\x66\x72\x65\x65\0\
\x68\x61\x6e\x64\x6c\x65\x5f\x6d\x6d\x5f\x74\x61\x73\x6b\x5f\x65\x78\x69\x74\0\
\x4c\x49\x43\x45\x4e\x53\x45\0\x74\x61\x73\x6b\x5f\x6d\x6d\x5f\x6f\x63\x63\x75\
\x70\x69\x65\x64\x5f\x6c\x69\x73\x74\0\x70\x72\x6f\x63\x65\x73\x73\x5f\x6d\x6d\
\x5f\x6f\x63\x63\x75\x70\x69\x65\x64\x5f\x6c\x69\x73\x74\0\x2e\x72\x65\x6c\x2e\
\x74\x65\x78\x74\0\x2e\x72\x65\x6c\x6b\x70\x72\x6f\x62\x65\x2f\x6f\x6f\x6d\x5f\
\x6b\x69\x6c\x6c\x5f\x70\x72\x6f\x63\x65\x73\x73\0\x2e\x72\x65\x6c\x74\x72\x61\
\x63\x65\x70\x6f\x69\x6e\x74\x2f\x6b\x6d\x65\x6d\x2f\x6b\x6d\x61\x6c\x6c\x6f\
\x63\0\x2e\x72\x65\x6c\x74\x72\x61\x63\x65\x70\x6f\x69\x6e\x74\x2f\x6b\x6d\x65\
\x6d\x2f\x6b\x66\x72\x65\x65\0\x2e\x72\x65\x6c\x74\x72\x61\x63\x65\x70\x6f\x69\
\x6e\x74\x2f\x6b\x6d\x65\x6d\x2f\x6d\x6d\x5f\x70\x61\x67\x65\x5f\x61\x6c\x6c\
\x6f\x63\0\x2e\x72\x65\x6c\x74\x72\x61\x63\x65\x70\x6f\x69\x6e\x74\x2f\x6b\x6d\
\x65\x6d\x2f\x6d\x6d\x5f\x70\x61\x67\x65\x5f\x66\x72\x65\x65\0\x2e\x72\x65\x6c\
\x74\x72\x61\x63\x65\x70\x6f\x69\x6e\x74\x2f\x6b\x6d\x65\x6d\x2f\x6b\x6d\x65\
\x6d\x5f\x63\x61\x63\x68\x65\x5f\x61\x6c\x6c\x6f\x63\0\x2e\x72\x65\x6c\x74\x72\
\x61\x63\x65\x70\x6f\x69\x6e\x74\x2f\x6b\x6d\x65\x6d\x2f\x6b\x6d\x65\x6d\x5f\
\x63\x61\x63\x68\x65\x5f\x66\x72\x65\x65\0\x2e\x72\x65\x6c\x74\x72\x61\x63\x65\
\x70\x6f\x69\x6e\x74\x2f\x73\x63\x68\x65\x64\x2f\x73\x63\x68\x65\x64\x5f\x70\
\x72\x6f\x63\x65\x73\x73\x5f\x65\x78\x69\x74\0\x2e\x42\x54\x46\0\x2e\x42\x54\
\x46\x2e\x65\x78\x74\0\0\0\0\0\0\0\0\0\0\0\0\0\0\0\0\0\0\0\0\0\0\0\0\0\0\0\x13\
\x01\0\0\x04\0\xf1\xff\0\0\0\0\0\0\0\0\0\0\0\0\0\0\0\0\0\0\0\0\x03\0\x03\0\0\0\
\0\0\0\0\0\0\0\0\0\0\0\0\0\0\0\0\0\0\x03\0\x04\0\0\0\0\0\0\0\0\0\0\0\0\0\0\0\0\
\0\x22\x01\0\0\0\0\x04\0\x68\0\0\0\0\0\0\0\0\0\0\0\0\0\0\0\x29\x01\0\0\x01\0\
\x0e\0\0\0\0\0\0\0\0\0\x1c\0\0\0\0\0\0\0\x46\x01\0\0\0\0\x04\0\x48\x01\0\0\0\0\
\0\0\0\0\0\0\0\0\0\0\0\0\0\0\x03\0\x05\0\0\0\0\0\0\0\0\0\0\0\0\0\0\0\0\0\x4d\
\x01\0\0\0\0\x05\0\xa8\x02\0\0\0\0\0\0\0\0\0\0\0\0\0\0\x54\x01\0\0\0\0\x05\0\
\x28\x01\0\0\0\0\0\0\0\0\0\0\0\0\0\0\x5b\x01\0\0\0\0\x05\0\x88\x01\0\0\0\0\0\0\
\0\0\0\0\0\0\0\0\x62\x01\0\0\x02\0\x03\0\0\0\0\0\0\0\0\0\x90\x02\0\0\0\0\0\0\
\x7a\x01\0\0\0\0\x05\0\x48\x02\0\0\0\0\0\0\0\0\0\0\0\0\0\0\x81\x01\0\0\x02\0\
\x03\0\x90\x02\0\0\0\0\0\0\x38\x02\0\0\0\0\0\0\x9c\x01\0\0\x01\0\x0e\0\x1c\0\0\
\0\0\0\0\0\x04\0\0\0\0\0\0\0\xa1\x01\0\0\0\0\x03\0\x68\0\0\0\0\0\0\0\0\0\0\0\0\
\0\0\0\xa8\x01\0\0\x01\0\x0e\0\x20\0\0\0\0\0\0\0\x1d\0\0\0\0\0\0\0\xc8\x01\0\0\
\0\0\x03\0\xe0\0\0\0\0\0\0\0\0\0\0\0\0\0\0\0\xd0\x01\0\0\0\0\x03\0\xe8\0\0\0\0\
\0\0\0\0\0\0\0\0\0\0\0\xd7\x01\0\0\0\0\x03\0\xb0\0\0\0\0\0\0\0\0\0\0\0\0\0\0\0\
\xdf\x01\0\0\0\0\x03\0\x30\x01\0\0\0\0\0\0\0\0\0\0\0\0\0\0\xe6\x01\0\0\0\0\x03\
\0\xa8\x01\0\0\0\0\0\0\0\0\0\0\0\0\0\0\xee\x01\0\0\x01\0\x0e\0\x3d\0\0\0\0\0\0\
\0\x1c\0\0\0\0\0\0\0\x10\x02\0\0\x01\0\x0e\0\x5c\0\0\0\0\0\0\0\x04\0\0\0\0\0\0\
\0\x14\x02\0\0\0\0\x03\0\xf8\x02\0\0\0\0\0\0\0\0\0\0\0\0\0\0\x1b\x02\0\0\x01\0\
\x0e\0\x60\0\0\0\0\0\0\0\x1d\0\0\0\0\0\0\0\x3e\x02\0\0\0\0\x03\0\x78\x03\0\0\0\
\0\0\0\0\0\0\0\0\0\0\0\x46\x02\0\0\0\0\x03\0\x80\x03\0\0\0\0\0\0\0\0\0\0\0\0\0\
\0\x4d\x02\0\0\0\0\x03\0\x48\x03\0\0\0\0\0\0\0\0\0\0\0\0\0\0\x55\x02\0\0\0\0\
\x03\0\xc8\x03\0\0\0\0\0\0\0\0\0\0\0\0\0\0\x5c\x02\0\0\0\0\x03\0\x38\x04\0\0\0\
\0\0\0\0\0\0\0\0\0\0\0\x64\x02\0\0\x01\0\x0e\0\x7d\0\0\0\0\0\0\0\x1f\0\0\0\0\0\
\0\0\0\0\0\0\x03\0\x06\0\0\0\0\0\0\0\0\0\0\0\0\0\0\0\0\0\x89\x02\0\0\0\0\x06\0\
\xa8\x02\0\0\0\0\0\0\0\0\0\0\0\0\0\0\x90\x02\0\0\0\0\x06\0\x28\x01\0\0\0\0\0\0\
\0\0\0\0\0\0\0\0\x97\x02\0\0\0\0\x06\0\x88\x01\0\0\0\0\0\0\0\0\0\0\0\0\0\0\x9e\
\x02\0\0\0\0\x06\0\x48\x02\0\0\0\0\0\0\0\0\0\0\0\0\0\0\0\0\0\0\x03\0\x07\0\0\0\
\0\0\0\0\0\0\0\0\0\0\0\0\0\0\xa5\x02\0\0\0\0\x07\0\xa8\x02\0\0\0\0\0\0\0\0\0\0\
\0\0\0\0\xac\x02\0\0\0\0\x07\0\x28\x01\0\0\0\0\0\0\0\0\0\0\0\0\0\0\xb3\x02\0\0\
\0\0\x07\0\x88\x01\0\0\0\0\0\0\0\0\0\0\0\0\0\0\xba\x02\0\0\0\0\x07\0\x48\x02\0\
\0\0\0\0\0\0\0\0\0\0\0\0\0\0\0\0\0\x03\0\x08\0\0\0\0\0\0\0\0\0\0\0\0\0\0\0\0\0\
\xc1\x02\0\0\0\0\x08\0\xa8\x02\0\0\0\0\0\0\0\0\0\0\0\0\0\0\xc8\x02\0\0\0\0\x08\
\0\x28\x01\0\0\0\0\0\0\0\0\0\0\0\0\0\0\xcf\x02\0\0\0\0\x08\0\x88\x01\0\0\0\0\0\
\0\0\0\0\0\0\0\0\0\xd6\x02\0\0\0\0\x08\0\x48\x02\0\0\0\0\0\0\0\0\0\0\0\0\0\0\0\
\0\0\0\x03\0\x09\0\0\0\0\0\0\0\0\0\0\0\0\0\0\0\0\0\xdd\x02\0\0\0\0\x09\0\xb0\
\x02\0\0\0\0\0\0\0\0\0\0\0\0\0\0\xe4\x02\0\0\0\0\x09\0\x28\x01\0\0\0\0\0\0\0\0\
\0\0\0\0\0\0\xeb\x02\0\0\0\0\x09\0\x88\x01\0\0\0\0\0\0\0\0\0\0\0\0\0\0\xf2\x02\
\0\0\0\0\x09\0\x50\x02\0\0\0\0\0\0\0\0\0\0\0\0\0\0\0\0\0\0\x03\0\x0a\0\0\0\0\0\
\0\0\0\0\0\0\0\0\0\0\0\0\xf9\x02\0\0\0\0\x0a\0\xb0\x02\0\0\0\0\0\0\0\0\0\0\0\0\
\0\0\0\x03\0\0\0\0\x0a\0\x28\x01\0\0\0\0\0\0\0\0\0\0\0\0\0\0\x07\x03\0\0\0\0\
\x0a\0\x88\x01\0\0\0\0\0\0\0\0\0\0\0\0\0\0\x0e\x03\0\0\0\0\x0a\0\x50\x02\0\0\0\
\0\0\0\0\0\0\0\0\0\0\0\0\0\0\0\x03\0\x0b\0\0\0\0\0\0\0\0\0\0\0\0\0\0\0\0\0\x15\
\x03\0\0\0\0\x0b\0\x98\0\0\0\0\0\0\0\0\0\0\0\0\0\0\0\0\0\0\0\x03\0\x0e\0\0\0\0\
\0\0\0\0\0\0\0\0\0\0\0\0\0\x1c\x03\0\0\x12\0\x04\0\0\0\0\0\0\0\0\0\x58\x01\0\0\
\0\0\0\0\x2d\x03\0\0\x11\0\x0d\0\xc0\0\0\0\0\0\0\0\x10\0\0\0\0\0\0\0\x3e\x03\0\
\0\x12\0\x05\0\0\0\0\0\0\0\0\0\xb8\x02\0\0\0\0\0\0\x4c\x03\0\0\x11\0\x0d\0\0\0\
\0\0\0\0\0\0\x20\0\0\0\0\0\0\0\x5e\x03\0\0\x11\0\x0d\0\x20\0\0\0\0\0\0\0\x20\0\
\0\0\0\0\0\0\x73\x03\0\0\x11\0\x0d\0\x80\0\0\0\0\0\0\0\x20\0\0\0\0\0\0\0\x80\
\x03\0\0\x11\0\x0d\0\xa0\0\0\0\0\0\0\0\x10\0\0\0\0\0\0\0\x95\x03\0\0\x11\0\x0d\
\0\xb0\0\0\0\0\0\0\0\x10\0\0\0\0\0\0\0\xad\x03\0\0\x12\0\x06\0\0\0\0\0\0\0\0\0\
\xb8\x02\0\0\0\0\0\0\xb9\x03\0\0\x12\0\x07\0\0\0\0\0\0\0\0\0\xb8\x02\0\0\0\0\0\
\0\xca\x03\0\0\x12\0\x08\0\0\0\0\0\0\0\0\0\xb8\x02\0\0\0\0\0\0\xda\x03\0\0\x12\
\0\x09\0\0\0\0\0\0\0\0\0\xc0\x02\0\0\0\0\0\0\xec\x03\0\0\x12\0\x0a\0\0\0\0\0\0\
\0\0\0\xc0\x02\0\0\0\0\0\0\xfd\x03\0\0\x12\0\x0b\0\0\0\0\0\0\0\0\0\xa8\0\0\0\0\
\0\0\0\x11\x04\0\0\x11\0\x0c\0\0\0\0\0\0\0\0\0\x0d\0\0\0\0\0\0\0\x19\x04\0\0\
\x11\0\x0d\0\x40\0\0\0\0\0\0\0\x20\0\0\0\0\0\0\0\x2f\x04\0\0\x11\0\x0d\0\x60\0\
\0\0\0\0\0\0\x20\0\0\0\0\0\0\0\xbf\x16\0\0\0\0\0\0\x18\x01\0\0\0\0\0\0\0\0\0\0\
\0\0\0\0\x18\x02\0\0\x1c\0\0\0\0\0\0\0\0\0\0\0\x85\0\0\0\x01\0\0\0\xbf\x07\0\0\
\0\0\0\0\x55\x07\x05\0\0\0\0\0\x18\x01\0\0\x20\0\0\0\0\0\0\0\0\0\0\0\xb7\x02\0\
\0\x1d\0\0\0\x85\0\0\0\x06\0\0\0\x05\0\x0f\0\0\0\0\0\x85\0\0\0\x05\0\0\0\x79\
\x61\x20\0\0\0\0\0\x79\x72\x10\0\0\0\0\0\x0f\x12\0\0\0\0\0\0\x3d\x02\x0b\0\0\0\
\0\0\x7b\x06\x20\0\0\0\0\0\xb7\x01\0\0\0\0\0\0\x7b\x16\x28\0\0\0\0\0\x7b\x16\
\x30\0\0\0\0\0\x18\x01\0\0\0\0\0\0\0\0\0\0\0\0\0\0\xbf\x62\0\0\0\0\0\0\xbf\x63\
\0\0\0\0\0\0\xb7\x04\0\0\0\0\0\0\x85\0\0\0\x02\0\0\0\x95\0\0\0\0\0\0\0\x61\x71\
\0\0\0\0\0\0\x61\x62\x28\0\0\0\0\0\x3d\x12\x06\0\0\0\0\0\x61\x71\x08\0\0\0\0\0\
\x61\x62\x30\0\0\0\0\0\x3d\x12\x03\0\0\0\0\0\x61\x61\x2c\0\0\0\0\0\x61\x72\x04\
\0\0\0\0\0\x2d\x12\xf6\xff\0\0\0\0\x61\x61\x34\0\0\0\0\0\x55\x01\xf4\xff\0\0\0\
\0\xb7\x08\0\0\0\0\0\0\x18\x01\0\0\0\0\0\0\0\0\0\0\0\0\0\0\xb7\x02\0\0\x38\0\0\
\0\xb7\x03\0\0\0\0\0\0\x85\0\0\0\x83\0\0\0\xbf\x07\0\0\0\0\0\0\x55\x07\x05\0\0\
\0\0\0\x18\x01\0\0\x3d\0\0\0\0\0\0\0\0\0\0\0\xb7\x02\0\0\x1c\0\0\0\x85\0\0\0\
\x06\0\0\0\x05\0\xe7\xff\0\0\0\0\x7b\x87\x30\0\0\0\0\0\x7b\x87\x28\0\0\0\0\0\
\x7b\x87\x20\0\0\0\0\0\x7b\x87\x18\0\0\0\0\0\x7b\x87\x10\0\0\0\0\0\x7b\x87\x08\
\0\0\0\0\0\x7b\x87\0\0\0\0\0\0\x61\x61\0\0\0\0\0\0\x63\x17\0\0\0\0\0\0\x61\x61\
\x04\0\0\0\0\0\x63\x17\x04\0\0\0\0\0\xbf\x71\0\0\0\0\0\0\x07\x01\0\0\x0c\0\0\0\
\xbf\x63\0\0\0\0\0\0\x07\x03\0\0\x0c\0\0\0\xb7\x02\0\0\x10\0\0\0\x85\0\0\0\x73\
\0\0\0\x61\x61\x28\0\0\0\0\0\x63\x17\x28\0\0\0\0\0\x61\x61\x30\0\0\0\0\0\x63\
\x17\x30\0\0\0\0\0\x61\x61\x2c\0\0\0\0\0\x63\x17\x2c\0\0\0\0\0\xbf\x71\0\0\0\0\
\0\0\xb7\x02\0\0\0\0\0\0\x85\0\0\0\x84\0\0\0\xb7\x01\0\0\x01\0\0\0\x63\x16\x34\
\0\0\0\0\0\x05\0\xc4\xff\0\0\0\0\xbf\x16\0\0\0\0\0\0\x18\x01\0\0\0\0\0\0\0\0\0\
\0\0\0\0\0\x18\x02\0\0\x5c\0\0\0\0\0\0\0\0\0\0\0\x85\0\0\0\x01\0\0\0\xbf\x07\0\
\0\0\0\0\0\x55\x07\x05\0\0\0\0\0\x18\x01\0\0\x60\0\0\0\0\0\0\0\0\0\0\0\xb7\x02\
\0\0\x1d\0\0\0\x85\0\0\0\x06\0\0\0\x05\0\x10\0\0\0\0\0\x85\0\0\0\x05\0\0\0\x79\
\x61\x10\0\0\0\0\0\x79\x72\x10\0\0\0\0\0\x0f\x12\0\0\0\0\0\0\x3d\x02\x0c\0\0\0\
\0\0\x7b\x06\x10\0\0\0\0\0\xb7\x01\0\0\0\0\0\0\x63\x16\x18\0\0\0\0\0\x7b\x16\
\x08\0\0\0\0\0\x63\x16\x04\0\0\0\0\0\x18\x01\0\0\0\0\0\0\0\0\0\0\0\0\0\0\xbf\
\x62\0\0\0\0\0\0\xbf\x63\0\0\0\0\0\0\xb7\x04\0\0\0\0\0\0\x85\0\0\0\x02\0\0\0\
\x95\0\0\0\0\0\0\0\x61\x71\0\0\0\0\0\0\x61\x62\x04\0\0\0\0\0\x3d\x12\x06\0\0\0\
\0\0\x61\x71\x08\0\0\0\0\0\x61\x62\x0c\0\0\0\0\0\x3d\x12\x03\0\0\0\0\0\x61\x61\
\x08\0\0\0\0\0\x61\x72\x04\0\0\0\0\0\x2d\x12\xf6\xff\0\0\0\0\x61\x61\x18\0\0\0\
\0\0\x55\x01\xf4\xff\0\0\0\0\xb7\x07\0\0\0\0\0\0\x18\x01\0\0\0\0\0\0\0\0\0\0\0\
\0\0\0\xb7\x02\0\0\x20\0\0\0\xb7\x03\0\0\0\0\0\0\x85\0\0\0\x83\0\0\0\x55\0\x05\
\0\0\0\0\0\x18\x01\0\0\x7d\0\0\0\0\0\0\0\0\0\0\0\xb7\x02\0\0\x1f\0\0\0\x85\0\0\
\0\x06\0\0\0\x05\0\xe8\xff\0\0\0\0\x7b\x70\x18\0\0\0\0\0\x7b\x70\x10\0\0\0\0\0\
\x7b\x70\x08\0\0\0\0\0\x7b\x70\0\0\0\0\0\0\x61\x61\0\0\0\0\0\0\x63\x10\0\0\0\0\
\0\0\x61\x61\x04\0\0\0\0\0\x63\x10\x04\0\0\0\0\0\x61\x61\x0c\0\0\0\0\0\x63\x10\
\x0c\0\0\0\0\0\x61\x61\x08\0\0\0\0\0\x63\x10\x08\0\0\0\0\0\xbf\x01\0\0\0\0\0\0\
\xb7\x02\0\0\0\0\0\0\x85\0\0\0\x84\0\0\0\xb7\x01\0\0\x01\0\0\0\x63\x16\x18\0\0\
\0\0\0\x05\0\xd0\xff\0\0\0\0\x79\x17\x70\0\0\0\0\0\x18\x01\0\0\0\0\0\0\0\0\0\0\
\0\0\0\0\xb7\x02\0\0\x20\0\0\0\xb7\x03\0\0\0\0\0\0\x85\0\0\0\x83\0\0\0\xbf\x06\
\0\0\0\0\0\0\x55\x06\x05\0\0\0\0\0\x18\x01\0\0\0\0\0\0\0\0\0\0\0\0\0\0\xb7\x02\
\0\0\x1c\0\0\0\x85\0\0\0\x06\0\0\0\x05\0\x1c\0\0\0\0\0\x85\0\0\0\x05\0\0\0\x7b\
\x06\x18\0\0\0\0\0\xb7\x01\0\0\x28\0\0\0\x0f\x17\0\0\0\0\0\0\xbf\xa1\0\0\0\0\0\
\0\x07\x01\0\0\xf8\xff\xff\xff\xb7\x02\0\0\x08\0\0\0\xbf\x73\0\0\0\0\0\0\x85\0\
\0\0\x04\0\0\0\xb7\x01\0\0\x78\x05\0\0\x79\xa3\xf8\xff\0\0\0\0\x0f\x13\0\0\0\0\
\0\0\xbf\x61\0\0\0\0\0\0\x07\x01\0\0\x04\0\0\0\xb7\x02\0\0\x04\0\0\0\x85\0\0\0\
\x04\0\0\0\xb7\x01\0\0\x88\x07\0\0\x79\xa3\xf8\xff\0\0\0\0\x0f\x13\0\0\0\0\0\0\
\xbf\x61\0\0\0\0\0\0\x07\x01\0\0\x08\0\0\0\xb7\x02\0\0\x10\0\0\0\x85\0\0\0\x04\
\0\0\0\x85\0\0\0\x0e\0\0\0\x63\x06\0\0\0\0\0\0\xbf\x61\0\0\0\0\0\0\xb7\x02\0\0\
\0\0\0\0\x85\0\0\0\x84\0\0\0\xb7\0\0\0\0\0\0\0\x95\0\0\0\0\0\0\0\x85\0\0\0\x0e\
\0\0\0\xbf\x07\0\0\0\0\0\0\xbf\x71\0\0\0\0\0\0\x77\x01\0\0\x20\0\0\0\x63\x1a\
\xfc\xff\0\0\0\0\x63\x7a\xf8\xff\0\0\0\0\x85\0\0\0\x05\0\0\0\xbf\x06\0\0\0\0\0\
\0\x67\x07\0\0\x20\0\0\0\x77\x07\0\0\x20\0\0\0\x15\x07\x4a\0\0\0\0\0\xbf\xa2\0\
\0\0\0\0\0\x07\x02\0\0\xf8\xff\xff\xff\x18\x01\0\0\0\0\0\0\0\0\0\0\0\0\0\0\x85\
\0\0\0\x01\0\0\0\xbf\x07\0\0\0\0\0\0\x55\x07\x13\0\0\0\0\0\x7b\x6a\xe0\xff\0\0\
\0\0\xb7\x01\0\0\0\0\0\0\x7b\x1a\xe8\xff\0\0\0\0\xb7\x02\0\0\x01\0\0\0\x63\x2a\
\xe8\xff\0\0\0\0\x7b\x1a\xf0\xff\0\0\0\0\x7b\x1a\xd8\xff\0\0\0\0\x7b\x1a\xd0\
\xff\0\0\0\0\x7b\x1a\xc8\xff\0\0\0\0\x7b\x1a\xc0\xff\0\0\0\0\xbf\xa2\0\0\0\0\0\
\0\x07\x02\0\0\xf8\xff\xff\xff\xbf\xa3\0\0\0\0\0\0\x07\x03\0\0\xc0\xff\xff\xff\
\x18\x01\0\0\0\0\0\0\0\0\0\0\0\0\0\0\xb7\x04\0\0\0\0\0\0\x85\0\0\0\x02\0\0\0\
\x05\0\x0c\0\0\0\0\0\x61\x71\x28\0\0\0\0\0\x07\x01\0\0\x01\0\0\0\x63\x17\x28\0\
\0\0\0\0\xbf\xa2\0\0\0\0\0\0\x07\x02\0\0\xf8\xff\xff\xff\x18\x01\0\0\0\0\0\0\0\
\0\0\0\0\0\0\0\xbf\x73\0\0\0\0\0\0\xb7\x04\0\0\0\0\0\0\x85\0\0\0\x02\0\0\0\xbf\
\x71\0\0\0\0\0\0\x85\x10\0\0\xff\xff\xff\xff\xbf\xa2\0\0\0\0\0\0\x07\x02\0\0\
\xfc\xff\xff\xff\x18\x01\0\0\0\0\0\0\0\0\0\0\0\0\0\0\x85\0\0\0\x01\0\0\0\xbf\
\x07\0\0\0\0\0\0\x55\x07\x11\0\0\0\0\0\x7b\x6a\xd0\xff\0\0\0\0\xb7\x01\0\0\x01\
\0\0\0\x63\x1a\xc4\xff\0\0\0\0\x61\xa1\xfc\xff\0\0\0\0\x63\x1a\xc0\xff\0\0\0\0\
\xb7\x01\0\0\0\0\0\0\x63\x1a\xd8\xff\0\0\0\0\x7b\x1a\xc8\xff\0\0\0\0\xbf\xa2\0\
\0\0\0\0\0\x07\x02\0\0\xfc\xff\xff\xff\xbf\xa3\0\0\0\0\0\0\x07\x03\0\0\xc0\xff\
\xff\xff\x18\x01\0\0\0\0\0\0\0\0\0\0\0\0\0\0\xb7\x04\0\0\0\0\0\0\x85\0\0\0\x02\
\0\0\0\x05\0\x0c\0\0\0\0\0\x61\x71\x04\0\0\0\0\0\x07\x01\0\0\x01\0\0\0\x63\x17\
\x04\0\0\0\0\0\xbf\xa2\0\0\0\0\0\0\x07\x02\0\0\xfc\xff\xff\xff\x18\x01\0\0\0\0\
\0\0\0\0\0\0\0\0\0\0\xbf\x73\0\0\0\0\0\0\xb7\x04\0\0\0\0\0\0\x85\0\0\0\x02\0\0\
\0\xbf\x71\0\0\0\0\0\0\x85\x10\0\0\x51\0\0\0\xb7\0\0\0\0\0\0\0\x95\0\0\0\0\0\0\
\0\x85\0\0\0\x0e\0\0\0\xbf\x07\0\0\0\0\0\0\xbf\x71\0\0\0\0\0\0\x77\x01\0\0\x20\
\0\0\0\x63\x1a\xfc\xff\0\0\0\0\x63\x7a\xf8\xff\0\0\0\0\x85\0\0\0\x05\0\0\0\xbf\
\x06\0\0\0\0\0\0\x67\x07\0\0\x20\0\0\0\x77\x07\0\0\x20\0\0\0\x15\x07\x4a\0\0\0\
\0\0\xbf\xa2\0\0\0\0\0\0\x07\x02\0\0\xf8\xff\xff\xff\x18\x01\0\0\0\0\0\0\0\0\0\
\0\0\0\0\0\x85\0\0\0\x01\0\0\0\xbf\x07\0\0\0\0\0\0\x55\x07\x13\0\0\0\0\0\x7b\
\x6a\xe0\xff\0\0\0\0\xb7\x01\0\0\0\0\0\0\x7b\x1a\xe8\xff\0\0\0\0\xb7\x02\0\0\
\x01\0\0\0\x63\x2a\xe8\xff\0\0\0\0\x7b\x1a\xf0\xff\0\0\0\0\x7b\x1a\xd8\xff\0\0\
\0\0\x7b\x1a\xd0\xff\0\0\0\0\x7b\x1a\xc8\xff\0\0\0\0\x7b\x1a\xc0\xff\0\0\0\0\
\xbf\xa2\0\0\0\0\0\0\x07\x02\0\0\xf8\xff\xff\xff\xbf\xa3\0\0\0\0\0\0\x07\x03\0\
\0\xc0\xff\xff\xff\x18\x01\0\0\0\0\0\0\0\0\0\0\0\0\0\0\xb7\x04\0\0\0\0\0\0\x85\
\0\0\0\x02\0\0\0\x05\0\x0c\0\0\0\0\0\x61\x71\x28\0\0\0\0\0\x07\x01\0\0\x01\0\0\
\0\x63\x17\x28\0\0\0\0\0\xbf\xa2\0\0\0\0\0\0\x07\x02\0\0\xf8\xff\xff\xff\x18\
\x01\0\0\0\0\0\0\0\0\0\0\0\0\0\0\xbf\x73\0\0\0\0\0\0\xb7\x04\0\0\0\0\0\0\x85\0\
\0\0\x02\0\0\0\xbf\x71\0\0\0\0\0\0\x85\x10\0\0\xff\xff\xff\xff\xbf\xa2\0\0\0\0\
\0\0\x07\x02\0\0\xfc\xff\xff\xff\x18\x01\0\0\0\0\0\0\0\0\0\0\0\0\0\0\x85\0\0\0\
\x01\0\0\0\xbf\x07\0\0\0\0\0\0\x55\x07\x11\0\0\0\0\0\x7b\x6a\xd0\xff\0\0\0\0\
\xb7\x01\0\0\x01\0\0\0\x63\x1a\xc4\xff\0\0\0\0\x61\xa1\xfc\xff\0\0\0\0\x63\x1a\
\xc0\xff\0\0\0\0\xb7\x01\0\0\0\0\0\0\x63\x1a\xd8\xff\0\0\0\0\x7b\x1a\xc8\xff\0\
\0\0\0\xbf\xa2\0\0\0\0\0\0\x07\x02\0\0\xfc\xff\xff\xff\xbf\xa3\0\0\0\0\0\0\x07\
\x03\0\0\xc0\xff\xff\xff\x18\x01\0\0\0\0\0\0\0\0\0\0\0\0\0\0\xb7\x04\0\0\0\0\0\
\0\x85\0\0\0\x02\0\0\0\x05\0\x0c\0\0\0\0\0\x61\x71\x04\0\0\0\0\0\x07\x01\0\0\
\x01\0\0\0\x63\x17\x04\0\0\0\0\0\xbf\xa2\0\0\0\0\0\0\x07\x02\0\0\xfc\xff\xff\
\xff\x18\x01\0\0\0\0\0\0\0\0\0\0\0\0\0\0\xbf\x73\0\0\0\0\0\0\xb7\x04\0\0\0\0\0\
\0\x85\0\0\0\x02\0\0\0\xbf\x71\0\0\0\0\0\0\x85\x10\0\0\x51\0\0\0\xb7\0\0\0\0\0\
\0\0\x95\0\0\0\0\0\0\0\x85\0\0\0\x0e\0\0\0\xbf\x07\0\0\0\0\0\0\xbf\x71\0\0\0\0\
\0\0\x77\x01\0\0\x20\0\0\0\x63\x1a\xfc\xff\0\0\0\0\x63\x7a\xf8\xff\0\0\0\0\x85\
\0\0\0\x05\0\0\0\xbf\x06\0\0\0\0\0\0\x67\x07\0\0\x20\0\0\0\x77\x07\0\0\x20\0\0\
\0\x15\x07\x4a\0\0\0\0\0\xbf\xa2\0\0\0\0\0\0\x07\x02\0\0\xf8\xff\xff\xff\x18\
\x01\0\0\0\0\0\0\0\0\0\0\0\0\0\0\x85\0\0\0\x01\0\0\0\xbf\x07\0\0\0\0\0\0\x55\
\x07\x13\0\0\0\0\0\x7b\x6a\xe0\xff\0\0\0\0\xb7\x01\0\0\0\0\0\0\x7b\x1a\xe8\xff\
\0\0\0\0\xb7\x02\0\0\x01\0\0\0\x63\x2a\xec\xff\0\0\0\0\x7b\x1a\xf0\xff\0\0\0\0\
\x7b\x1a\xd8\xff\0\0\0\0\x7b\x1a\xd0\xff\0\0\0\0\x7b\x1a\xc8\xff\0\0\0\0\x7b\
\x1a\xc0\xff\0\0\0\0\xbf\xa2\0\0\0\0\0\0\x07\x02\0\0\xf8\xff\xff\xff\xbf\xa3\0\
\0\0\0\0\0\x07\x03\0\0\xc0\xff\xff\xff\x18\x01\0\0\0\0\0\0\0\0\0\0\0\0\0\0\xb7\
\x04\0\0\0\0\0\0\x85\0\0\0\x02\0\0\0\x05\0\x0c\0\0\0\0\0\x61\x71\x2c\0\0\0\0\0\
\x07\x01\0\0\x01\0\0\0\x63\x17\x2c\0\0\0\0\0\xbf\xa2\0\0\0\0\0\0\x07\x02\0\0\
\xf8\xff\xff\xff\x18\x01\0\0\0\0\0\0\0\0\0\0\0\0\0\0\xbf\x73\0\0\0\0\0\0\xb7\
\x04\0\0\0\0\0\0\x85\0\0\0\x02\0\0\0\xbf\x71\0\0\0\0\0\0\x85\x10\0\0\xff\xff\
\xff\xff\xbf\xa2\0\0\0\0\0\0\x07\x02\0\0\xfc\xff\xff\xff\x18\x01\0\0\0\0\0\0\0\
\0\0\0\0\0\0\0\x85\0\0\0\x01\0\0\0\xbf\x07\0\0\0\0\0\0\x55\x07\x11\0\0\0\0\0\
\x7b\x6a\xd0\xff\0\0\0\0\xb7\x01\0\0\x01\0\0\0\x7b\x1a\xc8\xff\0\0\0\0\x61\xa1\
\xfc\xff\0\0\0\0\x63\x1a\xc0\xff\0\0\0\0\xb7\x01\0\0\0\0\0\0\x63\x1a\xd8\xff\0\
\0\0\0\x63\x1a\xc4\xff\0\0\0\0\xbf\xa2\0\0\0\0\0\0\x07\x02\0\0\xfc\xff\xff\xff\
\xbf\xa3\0\0\0\0\0\0\x07\x03\0\0\xc0\xff\xff\xff\x18\x01\0\0\0\0\0\0\0\0\0\0\0\
\0\0\0\xb7\x04\0\0\0\0\0\0\x85\0\0\0\x02\0\0\0\x05\0\x0c\0\0\0\0\0\x61\x71\x08\
\0\0\0\0\0\x07\x01\0\0\x01\0\0\0\x63\x17\x08\0\0\0\0\0\xbf\xa2\0\0\0\0\0\0\x07\
\x02\0\0\xfc\xff\xff\xff\x18\x01\0\0\0\0\0\0\0\0\0\0\0\0\0\0\xbf\x73\0\0\0\0\0\
\0\xb7\x04\0\0\0\0\0\0\x85\0\0\0\x02\0\0\0\xbf\x71\0\0\0\0\0\0\x85\x10\0\0\x51\
\0\0\0\xb7\0\0\0\0\0\0\0\x95\0\0\0\0\0\0\0\x85\0\0\0\x0e\0\0\0\xbf\x07\0\0\0\0\
\0\0\xbf\x71\0\0\0\0\0\0\x77\x01\0\0\x20\0\0\0\x63\x1a\xfc\xff\0\0\0\0\x63\x7a\
\xf8\xff\0\0\0\0\x85\0\0\0\x05\0\0\0\xbf\x06\0\0\0\0\0\0\x67\x07\0\0\x20\0\0\0\
\x77\x07\0\0\x20\0\0\0\x15\x07\x4a\0\0\0\0\0\xbf\xa2\0\0\0\0\0\0\x07\x02\0\0\
\xf8\xff\xff\xff\x18\x01\0\0\0\0\0\0\0\0\0\0\0\0\0\0\x85\0\0\0\x01\0\0\0\xbf\
\x07\0\0\0\0\0\0\x55\x07\x13\0\0\0\0\0\x7b\x6a\xe0\xff\0\0\0\0\xb7\x01\0\0\0\0\
\0\0\x7b\x1a\xe8\xff\0\0\0\0\xb7\x02\0\0\x01\0\0\0\x63\x2a\xec\xff\0\0\0\0\x7b\
\x1a\xf0\xff\0\0\0\0\x7b\x1a\xd8\xff\0\0\0\0\x7b\x1a\xd0\xff\0\0\0\0\x7b\x1a\
\xc8\xff\0\0\0\0\x7b\x1a\xc0\xff\0\0\0\0\xbf\xa2\0\0\0\0\0\0\x07\x02\0\0\xf8\
\xff\xff\xff\xbf\xa3\0\0\0\0\0\0\x07\x03\0\0\xc0\xff\xff\xff\x18\x01\0\0\0\0\0\
\0\0\0\0\0\0\0\0\0\xb7\x04\0\0\0\0\0\0\x85\0\0\0\x02\0\0\0\x05\0\x0c\0\0\0\0\0\
\x61\x71\x2c\0\0\0\0\0\x07\x01\0\0\x01\0\0\0\x63\x17\x2c\0\0\0\0\0\xbf\xa2\0\0\
\0\0\0\0\x07\x02\0\0\xf8\xff\xff\xff\x18\x01\0\0\0\0\0\0\0\0\0\0\0\0\0\0\xbf\
\x73\0\0\0\0\0\0\xb7\x04\0\0\0\0\0\0\x85\0\0\0\x02\0\0\0\xbf\x71\0\0\0\0\0\0\
\x85\x10\0\0\xff\xff\xff\xff\xbf\xa2\0\0\0\0\0\0\x07\x02\0\0\xfc\xff\xff\xff\
\x18\x01\0\0\0\0\0\0\0\0\0\0\0\0\0\0\x85\0\0\0\x01\0\0\0\xbf\x07\0\0\0\0\0\0\
\x55\x07\x11\0\0\0\0\0\x7b\x6a\xd0\xff\0\0\0\0\xb7\x01\0\0\x01\0\0\0\x7b\x1a\
\xc8\xff\0\0\0\0\x61\xa1\xfc\xff\0\0\0\0\x63\x1a\xc0\xff\0\0\0\0\xb7\x01\0\0\0\
\0\0\0\x63\x1a\xd8\xff\0\0\0\0\x63\x1a\xc4\xff\0\0\0\0\xbf\xa2\0\0\0\0\0\0\x07\
\x02\0\0\xfc\xff\xff\xff\xbf\xa3\0\0\0\0\0\0\x07\x03\0\0\xc0\xff\xff\xff\x18\
\x01\0\0\0\0\0\0\0\0\0\0\0\0\0\0\xb7\x04\0\0\0\0\0\0\x85\0\0\0\x02\0\0\0\x05\0\
\x0c\0\0\0\0\0\x61\x71\x08\0\0\0\0\0\x07\x01\0\0\x01\0\0\0\x63\x17\x08\0\0\0\0\
\0\xbf\xa2\0\0\0\0\0\0\x07\x02\0\0\xfc\xff\xff\xff\x18\x01\0\0\0\0\0\0\0\0\0\0\
\0\0\0\0\xbf\x73\0\0\0\0\0\0\xb7\x04\0\0\0\0\0\0\x85\0\0\0\x02\0\0\0\xbf\x71\0\
\0\0\0\0\0\x85\x10\0\0\x51\0\0\0\xb7\0\0\0\0\0\0\0\x95\0\0\0\0\0\0\0\x85\0\0\0\
\x0e\0\0\0\xbf\x07\0\0\0\0\0\0\xbf\x71\0\0\0\0\0\0\x77\x01\0\0\x20\0\0\0\x63\
\x1a\xfc\xff\0\0\0\0\x63\x7a\xf8\xff\0\0\0\0\x85\0\0\0\x05\0\0\0\xbf\x06\0\0\0\
\0\0\0\x67\x07\0\0\x20\0\0\0\x77\x07\0\0\x20\0\0\0\x15\x07\x4b\0\0\0\0\0\xbf\
\xa2\0\0\0\0\0\0\x07\x02\0\0\xf8\xff\xff\xff\x18\x01\0\0\0\0\0\0\0\0\0\0\0\0\0\
\0\x85\0\0\0\x01\0\0\0\xbf\x07\0\0\0\0\0\0\x55\x07\x13\0\0\0\0\0\x7b\x6a\xe0\
\xff\0\0\0\0\xb7\x01\0\0\0\0\0\0\x7b\x1a\xf0\xff\0\0\0\0\xb7\x02\0\0\x01\0\0\0\
\x63\x2a\xf0\xff\0\0\0\0\x7b\x1a\xe8\xff\0\0\0\0\x7b\x1a\xd8\xff\0\0\0\0\x7b\
\x1a\xd0\xff\0\0\0\0\x7b\x1a\xc8\xff\0\0\0\0\x7b\x1a\xc0\xff\0\0\0\0\xbf\xa2\0\
\0\0\0\0\0\x07\x02\0\0\xf8\xff\xff\xff\xbf\xa3\0\0\0\0\0\0\x07\x03\0\0\xc0\xff\
\xff\xff\x18\x01\0\0\0\0\0\0\0\0\0\0\0\0\0\0\xb7\x04\0\0\0\0\0\0\x85\0\0\0\x02\
\0\0\0\x05\0\x0c\0\0\0\0\0\x61\x71\x30\0\0\0\0\0\x07\x01\0\0\x01\0\0\0\x63\x17\
\x30\0\0\0\0\0\xbf\xa2\0\0\0\0\0\0\x07\x02\0\0\xf8\xff\xff\xff\x18\x01\0\0\0\0\
\0\0\0\0\0\0\0\0\0\0\xbf\x73\0\0\0\0\0\0\xb7\x04\0\0\0\0\0\0\x85\0\0\0\x02\0\0\
\0\xbf\x71\0\0\0\0\0\0\x85\x10\0\0\xff\xff\xff\xff\xbf\xa2\0\0\0\0\0\0\x07\x02\
\0\0\xfc\xff\xff\xff\x18\x01\0\0\0\0\0\0\0\0\0\0\0\0\0\0\x85\0\0\0\x01\0\0\0\
\xbf\x07\0\0\0\0\0\0\x55\x07\x12\0\0\0\0\0\x7b\x6a\xd0\xff\0\0\0\0\x18\x01\0\0\
\0\0\0\0\0\0\0\0\x01\0\0\0\x7b\x1a\xc8\xff\0\0\0\0\x61\xa1\xfc\xff\0\0\0\0\x63\
\x1a\xc0\xff\0\0\0\0\xb7\x01\0\0\0\0\0\0\x63\x1a\xd8\xff\0\0\0\0\x63\x1a\xc4\
\xff\0\0\0\0\xbf\xa2\0\0\0\0\0\0\x07\x02\0\0\xfc\xff\xff\xff\xbf\xa3\0\0\0\0\0\
\0\x07\x03\0\0\xc0\xff\xff\xff\x18\x01\0\0\0\0\0\0\0\0\0\0\0\0\0\0\xb7\x04\0\0\
\0\0\0\0\x85\0\0\0\x02\0\0\0\x05\0\x0c\0\0\0\0\0\x61\x71\x0c\0\0\0\0\0\x07\x01\
\0\0\x01\0\0\0\x63\x17\x0c\0\0\0\0\0\xbf\xa2\0\0\0\0\0\0\x07\x02\0\0\xfc\xff\
\xff\xff\x18\x01\0\0\0\0\0\0\0\0\0\0\0\0\0\0\xbf\x73\0\0\0\0\0\0\xb7\x04\0\0\0\
\0\0\0\x85\0\0\0\x02\0\0\0\xbf\x71\0\0\0\0\0\0\x85\x10\0\0\x51\0\0\0\xb7\0\0\0\
\0\0\0\0\x95\0\0\0\0\0\0\0\x85\0\0\0\x0e\0\0\0\xbf\x07\0\0\0\0\0\0\xbf\x71\0\0\
\0\0\0\0\x77\x01\0\0\x20\0\0\0\x63\x1a\xfc\xff\0\0\0\0\x63\x7a\xf8\xff\0\0\0\0\
\x85\0\0\0\x05\0\0\0\xbf\x06\0\0\0\0\0\0\x67\x07\0\0\x20\0\0\0\x77\x07\0\0\x20\
\0\0\0\x15\x07\x4b\0\0\0\0\0\xbf\xa2\0\0\0\0\0\0\x07\x02\0\0\xf8\xff\xff\xff\
\x18\x01\0\0\0\0\0\0\0\0\0\0\0\0\0\0\x85\0\0\0\x01\0\0\0\xbf\x07\0\0\0\0\0\0\
\x55\x07\x13\0\0\0\0\0\x7b\x6a\xe0\xff\0\0\0\0\xb7\x01\0\0\0\0\0\0\x7b\x1a\xf0\
\xff\0\0\0\0\xb7\x02\0\0\x01\0\0\0\x63\x2a\xf0\xff\0\0\0\0\x7b\x1a\xe8\xff\0\0\
\0\0\x7b\x1a\xd8\xff\0\0\0\0\x7b\x1a\xd0\xff\0\0\0\0\x7b\x1a\xc8\xff\0\0\0\0\
\x7b\x1a\xc0\xff\0\0\0\0\xbf\xa2\0\0\0\0\0\0\x07\x02\0\0\xf8\xff\xff\xff\xbf\
\xa3\0\0\0\0\0\0\x07\x03\0\0\xc0\xff\xff\xff\x18\x01\0\0\0\0\0\0\0\0\0\0\0\0\0\
\0\xb7\x04\0\0\0\0\0\0\x85\0\0\0\x02\0\0\0\x05\0\x0c\0\0\0\0\0\x61\x71\x30\0\0\
\0\0\0\x07\x01\0\0\x01\0\0\0\x63\x17\x30\0\0\0\0\0\xbf\xa2\0\0\0\0\0\0\x07\x02\
\0\0\xf8\xff\xff\xff\x18\x01\0\0\0\0\0\0\0\0\0\0\0\0\0\0\xbf\x73\0\0\0\0\0\0\
\xb7\x04\0\0\0\0\0\0\x85\0\0\0\x02\0\0\0\xbf\x71\0\0\0\0\0\0\x85\x10\0\0\xff\
\xff\xff\xff\xbf\xa2\0\0\0\0\0\0\x07\x02\0\0\xfc\xff\xff\xff\x18\x01\0\0\0\0\0\
\0\0\0\0\0\0\0\0\0\x85\0\0\0\x01\0\0\0\xbf\x07\0\0\0\0\0\0\x55\x07\x12\0\0\0\0\
\0\x7b\x6a\xd0\xff\0\0\0\0\x18\x01\0\0\0\0\0\0\0\0\0\0\x01\0\0\0\x7b\x1a\xc8\
\xff\0\0\0\0\x61\xa1\xfc\xff\0\0\0\0\x63\x1a\xc0\xff\0\0\0\0\xb7\x01\0\0\0\0\0\
\0\x63\x1a\xd8\xff\0\0\0\0\x63\x1a\xc4\xff\0\0\0\0\xbf\xa2\0\0\0\0\0\0\x07\x02\
\0\0\xfc\xff\xff\xff\xbf\xa3\0\0\0\0\0\0\x07\x03\0\0\xc0\xff\xff\xff\x18\x01\0\
\0\0\0\0\0\0\0\0\0\0\0\0\0\xb7\x04\0\0\0\0\0\0\x85\0\0\0\x02\0\0\0\x05\0\x0c\0\
\0\0\0\0\x61\x71\x0c\0\0\0\0\0\x07\x01\0\0\x01\0\0\0\x63\x17\x0c\0\0\0\0\0\xbf\
\xa2\0\0\0\0\0\0\x07\x02\0\0\xfc\xff\xff\xff\x18\x01\0\0\0\0\0\0\0\0\0\0\0\0\0\
\0\xbf\x73\0\0\0\0\0\0\xb7\x04\0\0\0\0\0\0\x85\0\0\0\x02\0\0\0\xbf\x71\0\0\0\0\
\0\0\x85\x10\0\0\x51\0\0\0\xb7\0\0\0\0\0\0\0\x95\0\0\0\0\0\0\0\x85\0\0\0\x0e\0\
\0\0\x63\x0a\xfc\xff\0\0\0\0\x18\x01\0\0\0\0\0\0\0\0\0\0\x01\0\0\0\x2d\x01\x0e\
\0\0\0\0\0\x67\0\0\0\x20\0\0\0\x77\0\0\0\x20\0\0\0\x15\0\x0b\0\0\0\0\0\xbf\xa2\
\0\0\0\0\0\0\x07\x02\0\0\xfc\xff\xff\xff\x18\x01\0\0\0\0\0\0\0\0\0\0\0\0\0\0\
\x85\0\0\0\x01\0\0\0\x15\0\x05\0\0\0\0\0\xbf\xa2\0\0\0\0\0\0\x07\x02\0\0\xfc\
\xff\xff\xff\x18\x01\0\0\0\0\0\0\0\0\0\0\0\0\0\0\x85\0\0\0\x03\0\0\0\xb7\0\0\0\
\0\0\0\0\x95\0\0\0\0\0\0\0\x44\x75\x61\x6c\x20\x42\x53\x44\x2f\x47\x50\x4c\0\0\
\0\0\0\0\0\0\0\0\0\0\0\0\0\0\0\0\0\0\0\0\0\0\0\0\0\0\0\0\0\0\0\0\0\0\0\0\0\0\0\
\0\0\0\0\0\0\0\0\0\0\0\0\0\0\0\0\0\0\0\0\0\0\0\0\0\0\0\0\0\0\0\0\0\0\0\0\0\0\0\
\0\0\0\0\0\0\0\0\0\0\0\0\0\0\0\0\0\0\0\0\0\0\0\0\0\0\0\0\0\0\0\0\0\0\0\0\0\0\0\
\0\0\0\0\0\0\0\0\0\0\0\0\0\0\0\0\0\0\0\0\0\0\0\0\0\0\0\0\0\0\0\0\0\0\0\0\0\0\0\
\0\0\0\0\0\0\0\0\0\0\0\0\0\0\0\0\0\0\0\0\0\0\0\0\0\0\0\0\0\0\0\0\0\0\0\0\0\0\0\
\0\0\0\0\0\0\0\0\0\0\0\0\0\0\0\x74\x68\x65\x20\x6f\x6f\x6d\x5f\x65\x76\x65\x6e\
\x74\x5f\x62\x75\x66\x66\x20\x69\x73\x20\x66\x75\x6c\x6c\x0a\0\0\0\0\0\x6d\x6d\
\x5f\x74\x68\x72\x65\x68\x6f\x6c\x64\x20\x6d\x61\x70\x20\x69\x73\x20\x6e\x6f\
\x74\x20\x69\x6e\x69\x74\x0a\0\x74\x61\x73\x6b\x5f\x6d\x6d\x5f\x73\x74\x61\x74\
\x73\x5f\x62\x75\x66\x66\x20\x69\x73\x20\x66\x75\x6c\x6c\x0a\0\0\0\0\x01\0\0\0\
\x6d\x6d\x5f\x74\x68\x72\x65\x68\x6f\x6c\x64\x20\x6d\x61\x70\x20\x69\x73\x20\
\x6e\x6f\x74\x20\x69\x6e\x69\x74\x0a\0\x70\x72\x6f\x63\x65\x73\x73\x5f\x6d\x6d\
\x5f\x73\x74\x61\x74\x73\x5f\x62\x75\x66\x66\x20\x69\x73\x20\x66\x75\x6c\x6c\
\x0a\0\0\0\0\0\x08\0\0\0\0\0\0\0\x01\0\0\0\x41\0\0\0\x18\0\0\0\0\0\0\0\x01\0\0\
\0\x3b\0\0\0\x40\0\0\0\0\0\0\0\x01\0\0\0\x3b\0\0\0\xb0\0\0\0\0\0\0\0\x01\0\0\0\
\x3f\0\0\0\x48\x01\0\0\0\0\0\0\x01\0\0\0\x42\0\0\0\x80\x01\0\0\0\0\0\0\x01\0\0\
\0\x3b\0\0\0\x98\x02\0\0\0\0\0\0\x01\0\0\0\x41\0\0\0\xa8\x02\0\0\0\0\0\0\x01\0\
\0\0\x3b\0\0\0\xd0\x02\0\0\0\0\0\0\x01\0\0\0\x3b\0\0\0\x48\x03\0\0\0\0\0\0\x01\
\0\0\0\x40\0\0\0\xe0\x03\0\0\0\0\0\0\x01\0\0\0\x43\0\0\0\x10\x04\0\0\0\0\0\0\
\x01\0\0\0\x3b\0\0\0\x08\0\0\0\0\0\0\0\x01\0\0\0\x3d\0\0\0\x40\0\0\0\0\0\0\0\
\x01\0\0\0\x3b\0\0\0\x68\0\0\0\0\0\0\0\x01\0\0\0\x3f\0\0\0\0\x01\0\0\0\0\0\0\
\x01\0\0\0\x3f\0\0\0\x50\x01\0\0\0\0\0\0\x01\0\0\0\x3f\0\0\0\x80\x01\0\0\0\0\0\
\0\x0a\0\0\0\x02\0\0\0\x98\x01\0\0\0\0\0\0\x01\0\0\0\x40\0\0\0\x20\x02\0\0\0\0\
\0\0\x01\0\0\0\x40\0\0\0\x70\x02\0\0\0\0\0\0\x01\0\0\0\x40\0\0\0\xa0\x02\0\0\0\
\0\0\0\x0a\0\0\0\x02\0\0\0\x68\0\0\0\0\0\0\0\x01\0\0\0\x3f\0\0\0\0\x01\0\0\0\0\
\0\0\x01\0\0\0\x3f\0\0\0\x50\x01\0\0\0\0\0\0\x01\0\0\0\x3f\0\0\0\x80\x01\0\0\0\
\0\0\0\x0a\0\0\0\x02\0\0\0\x98\x01\0\0\0\0\0\0\x01\0\0\0\x40\0\0\0\x20\x02\0\0\
\0\0\0\0\x01\0\0\0\x40\0\0\0\x70\x02\0\0\0\0\0\0\x01\0\0\0\x40\0\0\0\xa0\x02\0\
\0\0\0\0\0\x0a\0\0\0\x02\0\0\0\x68\0\0\0\0\0\0\0\x01\0\0\0\x3f\0\0\0\0\x01\0\0\
\0\0\0\0\x01\0\0\0\x3f\0\0\0\x50\x01\0\0\0\0\0\0\x01\0\0\0\x3f\0\0\0\x80\x01\0\
\0\0\0\0\0\x0a\0\0\0\x02\0\0\0\x98\x01\0\0\0\0\0\0\x01\0\0\0\x40\0\0\0\x20\x02\
\0\0\0\0\0\0\x01\0\0\0\x40\0\0\0\x70\x02\0\0\0\0\0\0\x01\0\0\0\x40\0\0\0\xa0\
\x02\0\0\0\0\0\0\x0a\0\0\0\x02\0\0\0\x68\0\0\0\0\0\0\0\x01\0\0\0\x3f\0\0\0\0\
\x01\0\0\0\0\0\0\x01\0\0\0\x3f\0\0\0\x50\x01\0\0\0\0\0\0\x01\0\0\0\x3f\0\0\0\
\x80\x01\0\0\0\0\0\0\x0a\0\0\0\x02\0\0\0\x98\x01\0\0\0\0\0\0\x01\0\0\0\x40\0\0\
\0\x20\x02\0\0\0\0\0\0\x01\0\0\0\x40\0\0\0\x70\x02\0\0\0\0\0\0\x01\0\0\0\x40\0\
\0\0\xa0\x02\0\0\0\0\0\0\x0a\0\0\0\x02\0\0\0\x68\0\0\0\0\0\0\0\x01\0\0\0\x3f\0\
\0\0\0\x01\0\0\0\0\0\0\x01\0\0\0\x3f\0\0\0\x50\x01\0\0\0\0\0\0\x01\0\0\0\x3f\0\
\0\0\x80\x01\0\0\0\0\0\0\x0a\0\0\0\x02\0\0\0\x98\x01\0\0\0\0\0\0\x01\0\0\0\x40\
\0\0\0\x28\x02\0\0\0\0\0\0\x01\0\0\0\x40\0\0\0\x78\x02\0\0\0\0\0\0\x01\0\0\0\
\x40\0\0\0\xa8\x02\0\0\0\0\0\0\x0a\0\0\0\x02\0\0\0\x68\0\0\0\0\0\0\0\x01\0\0\0\
\x3f\0\0\0\0\x01\0\0\0\0\0\0\x01\0\0\0\x3f\0\0\0\x50\x01\0\0\0\0\0\0\x01\0\0\0\
\x3f\0\0\0\x80\x01\0\0\0\0\0\0\x0a\0\0\0\x02\0\0\0\x98\x01\0\0\0\0\0\0\x01\0\0\
\0\x40\0\0\0\x28\x02\0\0\0\0\0\0\x01\0\0\0\x40\0\0\0\x78\x02\0\0\0\0\0\0\x01\0\
\0\0\x40\0\0\0\xa8\x02\0\0\0\0\0\0\x0a\0\0\0\x02\0\0\0\x50\0\0\0\0\0\0\0\x01\0\
\0\0\x3f\0\0\0\x80\0\0\0\0\0\0\0\x01\0\0\0\x3f\0\0\0\x9f\xeb\x01\0\x18\0\0\0\0\
\0\0\0\xe8\x4a\0\0\xe8\x4a\0\0\x87\x42\0\0\0\0\0\0\0\0\0\x02\x03\0\0\0\x01\0\0\
\0\0\0\0\x01\x04\0\0\0\x20\0\0\x01\0\0\0\0\0\0\0\x03\0\0\0\0\x02\0\0\0\x04\0\0\
\0\x01\0\0\0\x05\0\0\0\0\0\0\x01\x04\0\0\0\x20\0\0\0\0\0\0\0\0\0\0\x02\x06\0\0\
\0\0\0\0\0\0\0\0\x03\0\0\0\0\x02\0\0\0\x04\0\0\0\x04\0\0\0\0\0\0\0\0\0\0\x02\
\x08\0\0\0\0\0\0\0\0\0\0\x03\0\0\0\0\x02\0\0\0\x04\0\0\0\x38\0\0\0\0\0\0\0\0\0\
\0\x02\x0a\0\0\0\0\0\0\0\0\0\0\x03\0\0\0\0\x02\0\0\0\x04\0\0\0\0\x90\x01\0\0\0\
\0\0\x04\0\0\x04\x20\0\0\0\x19\0\0\0\x01\0\0\0\0\0\0\0\x1e\0\0\0\x05\0\0\0\x40\
\0\0\0\x27\0\0\0\x07\0\0\0\x80\0\0\0\x32\0\0\0\x09\0\0\0\xc0\0\0\0\x3e\0\0\0\0\
\0\0\x0e\x0b\0\0\0\x01\0\0\0\0\0\0\0\0\0\0\x02\x0e\0\0\0\0\0\0\0\0\0\0\x03\0\0\
\0\0\x02\0\0\0\x04\0\0\0\x20\0\0\0\0\0\0\0\0\0\0\x02\x10\0\0\0\0\0\0\0\0\0\0\
\x03\0\0\0\0\x02\0\0\0\x04\0\0\0\0\x10\0\0\0\0\0\0\x04\0\0\x04\x20\0\0\0\x19\0\
\0\0\x01\0\0\0\0\0\0\0\x1e\0\0\0\x05\0\0\0\x40\0\0\0\x27\0\0\0\x0d\0\0\0\x80\0\
\0\0\x32\0\0\0\x0f\0\0\0\xc0\0\0\0\x50\0\0\0\0\0\0\x0e\x11\0\0\0\x01\0\0\0\0\0\
\0\0\0\0\0\x02\x14\0\0\0\0\0\0\0\0\0\0\x03\0\0\0\0\x02\0\0\0\x04\0\0\0\x02\0\0\
\0\0\0\0\0\0\0\0\x02\x16\0\0\0\0\0\0\0\0\0\0\x03\0\0\0\0\x02\0\0\0\x04\0\0\0\
\x14\0\0\0\0\0\0\0\0\0\0\x02\x18\0\0\0\0\0\0\0\0\0\0\x03\0\0\0\0\x02\0\0\0\x04\
\0\0\0\0\x01\0\0\0\0\0\0\x04\0\0\x04\x20\0\0\0\x19\0\0\0\x13\0\0\0\0\0\0\0\x1e\
\0\0\0\x05\0\0\0\x40\0\0\0\x27\0\0\0\x15\0\0\0\x80\0\0\0\x32\0\0\0\x17\0\0\0\
\xc0\0\0\0\x65\0\0\0\0\0\0\x0e\x19\0\0\0\x01\0\0\0\x7b\0\0\0\0\0\0\x0e\x19\0\0\
\0\x01\0\0\0\0\0\0\0\0\0\0\x02\x1d\0\0\0\0\0\0\0\0\0\0\x03\0\0\0\0\x02\0\0\0\
\x04\0\0\0\x18\0\0\0\0\0\0\0\x04\0\0\x04\x20\0\0\0\x19\0\0\0\x13\0\0\0\0\0\0\0\
\x1e\0\0\0\x05\0\0\0\x40\0\0\0\x27\0\0\0\x1c\0\0\0\x80\0\0\0\x32\0\0\0\x13\0\0\
\0\xc0\0\0\0\x94\0\0\0\0\0\0\x0e\x1e\0\0\0\x01\0\0\0\0\0\0\0\0\0\0\x02\x21\0\0\
\0\0\0\0\0\0\0\0\x03\0\0\0\0\x02\0\0\0\x04\0\0\0\x1b\0\0\0\0\0\0\0\0\0\0\x02\
\x23\0\0\0\0\0\0\0\0\0\0\x03\0\0\0\0\x02\0\0\0\x04\0\0\0\0\0\x04\0\0\0\0\0\x02\
\0\0\x04\x10\0\0\0\x19\0\0\0\x20\0\0\0\0\0\0\0\x32\0\0\0\x22\0\0\0\x40\0\0\0\
\xa1\0\0\0\0\0\0\x0e\x24\0\0\0\x01\0\0\0\0\0\0\0\0\0\0\x02\x27\0\0\0\0\0\0\0\0\
\0\0\x03\0\0\0\0\x02\0\0\0\x04\0\0\0\0\0\x02\0\0\0\0\0\x02\0\0\x04\x10\0\0\0\
\x19\0\0\0\x20\0\0\0\0\0\0\0\x32\0\0\0\x26\0\0\0\x40\0\0\0\xb6\0\0\0\0\0\0\x0e\
\x28\0\0\0\x01\0\0\0\xce\0\0\0\0\0\0\x0e\x24\0\0\0\x01\0\0\0\0\0\0\0\0\0\0\x02\
\x2c\0\0\0\xdf\0\0\0\x15\0\0\x04\xa8\0\0\0\xe7\0\0\0\x2d\0\0\0\0\0\0\0\xeb\0\0\
\0\x2d\0\0\0\x40\0\0\0\xef\0\0\0\x2d\0\0\0\x80\0\0\0\xf3\0\0\0\x2d\0\0\0\xc0\0\
\0\0\xf7\0\0\0\x2d\0\0\0\0\x01\0\0\xfa\0\0\0\x2d\0\0\0\x40\x01\0\0\xfd\0\0\0\
\x2d\0\0\0\x80\x01\0\0\x01\x01\0\0\x2d\0\0\0\xc0\x01\0\0\x05\x01\0\0\x2d\0\0\0\
\0\x02\0\0\x08\x01\0\0\x2d\0\0\0\x40\x02\0\0\x0b\x01\0\0\x2d\0\0\0\x80\x02\0\0\
\x0e\x01\0\0\x2d\0\0\0\xc0\x02\0\0\x11\x01\0\0\x2d\0\0\0\0\x03\0\0\x14\x01\0\0\
\x2d\0\0\0\x40\x03\0\0\x17\x01\0\0\x2d\0\0\0\x80\x03\0\0\x1a\x01\0\0\x2d\0\0\0\
\xc0\x03\0\0\x22\x01\0\0\x2d\0\0\0\0\x04\0\0\x25\x01\0\0\x2d\0\0\0\x40\x04\0\0\
\x28\x01\0\0\x2d\0\0\0\x80\x04\0\0\x2e\x01\0\0\x2d\0\0\0\xc0\x04\0\0\x31\x01\0\
\0\x2d\0\0\0\0\x05\0\0\x34\x01\0\0\0\0\0\x01\x08\0\0\0\x40\0\0\0\0\0\0\0\x01\0\
\0\x0d\x02\0\0\0\x42\x01\0\0\x2b\0\0\0\x46\x01\0\0\x01\0\0\x0c\x2e\0\0\0\x57\
\x01\0\0\x09\0\0\x04\x40\0\0\0\x63\x01\0\0\x31\0\0\0\0\0\0\0\x6c\x01\0\0\x32\0\
\0\0\x40\0\0\0\x75\x01\0\0\x36\0\0\0\x80\0\0\0\x7b\x01\0\0\x37\0\0\0\xc0\0\0\0\
\x84\x01\0\0\x3a\0\0\0\xe0\0\0\0\x8a\x01\0\0\x2d\0\0\0\0\x01\0\0\x95\x01\0\0\
\x3b\0\0\0\x40\x01\0\0\x9c\x01\0\0\x3c\0\0\0\x80\x01\0\0\xaa\x01\0\0\x3d\0\0\0\
\xc0\x01\0\0\0\0\0\0\0\0\0\x02\xeb\x01\0\0\0\0\0\0\0\0\0\x02\x33\0\0\0\xb5\x01\
\0\0\0\0\0\x08\x34\0\0\0\0\0\0\0\x01\0\0\x04\x08\0\0\0\xc0\x01\0\0\x35\0\0\0\0\
\0\0\0\0\0\0\0\0\0\0\x03\0\0\0\0\x2d\0\0\0\x04\0\0\0\x01\0\0\0\0\0\0\0\0\0\0\
\x02\xc7\x01\0\0\0\0\0\0\0\0\0\x0a\x38\0\0\0\xc5\x01\0\0\0\0\0\x08\x39\0\0\0\
\xcb\x01\0\0\0\0\0\x01\x04\0\0\0\x20\0\0\0\0\0\0\0\0\0\0\x0a\x02\0\0\0\0\0\0\0\
\0\0\0\x02\x3e\0\0\0\xd8\x01\0\0\0\0\0\x01\x08\0\0\0\x40\0\0\x01\xdd\x01\0\0\
\x04\0\0\x06\x04\0\0\0\xec\x01\0\0\0\0\0\0\xfc\x01\0\0\x01\0\0\0\x0e\x02\0\0\
\x02\0\0\0\x27\x02\0\0\x03\0\0\0\x38\x02\0\0\xfd\0\0\x84\x40\x27\0\0\x44\x02\0\
\0\x3f\0\0\0\0\0\0\0\x50\x02\0\0\x39\0\0\0\xc0\0\0\0\x58\x02\0\0\x42\0\0\0\0\
\x01\0\0\x5e\x02\0\0\x43\0\0\0\x40\x01\0\0\x28\x01\0\0\x39\0\0\0\x60\x01\0\0\
\x64\x02\0\0\x39\0\0\0\x80\x01\0\0\x6b\x02\0\0\x02\0\0\0\xa0\x01\0\0\x72\x02\0\
\0\x47\0\0\0\xc0\x01\0\0\x7d\x02\0\0\x39\0\0\0\x40\x02\0\0\x89\x02\0\0\x2d\0\0\
\0\x80\x02\0\0\x9d\x02\0\0\x3b\0\0\0\xc0\x02\0\0\xa8\x02\0\0\x02\0\0\0\0\x03\0\
\0\xb8\x02\0\0\x02\0\0\0\x20\x03\0\0\xc1\x02\0\0\x02\0\0\0\x40\x03\0\0\xc7\x02\
\0\0\x02\0\0\0\x60\x03\0\0\xcc\x02\0\0\x02\0\0\0\x80\x03\0\0\xd8\x02\0\0\x02\0\
\0\0\xa0\x03\0\0\xe4\x02\0\0\x39\0\0\0\xc0\x03\0\0\xf0\x02\0\0\x4e\0\0\0\0\x04\
\0\0\xf3\x02\0\0\x5b\0\0\0\0\x0c\0\0\xf6\x02\0\0\x5d\0\0\0\x80\x0d\0\0\xf9\x02\
\0\0\x6d\0\0\0\x80\x14\0\0\x05\x03\0\0\x6f\0\0\0\xc0\x14\0\0\x16\x03\0\0\x70\0\
\0\0\0\x16\0\0\x1c\x03\0\0\x39\0\0\0\0\x1e\0\0\x27\x03\0\0\x39\0\0\0\x20\x1e\0\
\0\x2e\x03\0\0\x02\0\0\0\x40\x1e\0\0\x3e\x03\0\0\x71\0\0\0\x80\x1e\0\0\x47\x03\
\0\0\x74\0\0\0\xc0\x1e\0\0\x55\x03\0\0\x73\0\0\0\0\x1f\0\0\x5f\x03\0\0\x42\0\0\
\0\x80\x1f\0\0\x71\x03\0\0\x4d\0\0\0\xc0\x1f\0\0\x84\x03\0\0\x4d\0\0\0\xd0\x1f\
\0\0\x94\x03\0\0\x02\0\0\0\xe0\x1f\0\0\xaa\x03\0\0\x77\0\0\0\0\x20\0\0\xc2\x03\
\0\0\x52\0\0\0\x40\x20\0\0\xd1\x03\0\0\x79\0\0\0\xc0\x20\0\0\xe2\x03\0\0\x2d\0\
\0\0\0\x21\0\0\xf2\x03\0\0\x69\0\0\0\x40\x21\0\0\x04\x04\0\0\x69\0\0\0\x48\x21\
\0\0\x12\x04\0\0\x02\0\0\0\x60\x21\0\0\x25\x04\0\0\x52\0\0\0\x80\x21\0\0\x3c\
\x04\0\0\x02\0\0\0\0\x22\0\0\x4f\x04\0\0\x02\0\0\0\x20\x22\0\0\x5e\x04\0\0\x77\
\0\0\0\x40\x22\0\0\x71\x04\0\0\x52\0\0\0\x80\x22\0\0\x82\x04\0\0\x52\0\0\0\0\
\x23\0\0\x90\x04\0\0\x02\0\0\0\x80\x23\0\0\x9d\x04\0\0\x7a\0\0\0\xc0\x23\0\0\
\xa8\x04\0\0\x52\0\0\0\xc0\x24\0\0\xae\x04\0\0\x7b\0\0\0\x40\x25\0\0\xbd\x04\0\
\0\x50\0\0\0\x80\x26\0\0\xcf\x04\0\0\x7c\0\0\0\x40\x27\0\0\xd2\x04\0\0\x7c\0\0\
\0\x80\x27\0\0\xdc\x04\0\0\x7d\0\0\0\xc0\x27\0\0\xe5\x04\0\0\x02\0\0\0\x60\x28\
\0\0\xf0\x04\0\0\x02\0\0\0\x80\x28\0\0\xfa\x04\0\0\x02\0\0\0\xa0\x28\0\0\x06\
\x05\0\0\x02\0\0\0\xc0\x28\0\0\x14\x05\0\0\x2d\0\0\0\0\x29\0\0\x1b\x05\0\0\x39\
\0\0\0\x40\x29\0\0\x27\x05\0\0\x39\0\0\0\x60\x29\0\x01\x3b\x05\0\0\x39\0\0\0\
\x61\x29\0\x01\x55\x05\0\0\x39\0\0\0\x62\x29\0\x01\x64\x05\0\0\x39\0\0\0\x80\
\x29\0\x01\x78\x05\0\0\x39\0\0\0\x81\x29\0\x01\x82\x05\0\0\x39\0\0\0\x82\x29\0\
\x01\x8c\x05\0\0\x39\0\0\0\x83\x29\0\x01\x9c\x05\0\0\x39\0\0\0\x84\x29\0\x01\
\xaa\x05\0\0\x39\0\0\0\x85\x29\0\x01\xb9\x05\0\0\x39\0\0\0\x86\x29\0\x01\xcd\
\x05\0\0\x39\0\0\0\x87\x29\0\x01\xd4\x05\0\0\x39\0\0\0\x88\x29\0\x01\xe1\x05\0\
\0\x39\0\0\0\x89\x29\0\x01\xec\x05\0\0\x39\0\0\0\x8a\x29\0\x01\0\x06\0\0\x39\0\
\0\0\x8b\x29\0\x01\x0d\x06\0\0\x2d\0\0\0\xc0\x29\0\0\x1a\x06\0\0\x7e\0\0\0\0\
\x2a\0\0\x28\x06\0\0\x8e\0\0\0\xc0\x2b\0\0\x2c\x06\0\0\x8e\0\0\0\xe0\x2b\0\0\
\x31\x06\0\0\x2d\0\0\0\0\x2c\0\0\x3e\x06\0\0\x3b\0\0\0\x40\x2c\0\0\x4a\x06\0\0\
\x3b\0\0\0\x80\x2c\0\0\x51\x06\0\0\x52\0\0\0\xc0\x2c\0\0\x5a\x06\0\0\x52\0\0\0\
\x40\x2d\0\0\x62\x06\0\0\x3b\0\0\0\xc0\x2d\0\0\x6f\x06\0\0\x52\0\0\0\0\x2e\0\0\
\x77\x06\0\0\x52\0\0\0\x80\x2e\0\0\x84\x06\0\0\x90\0\0\0\0\x2f\0\0\x8f\x06\0\0\
\x94\0\0\0\x40\x2f\0\0\x99\x06\0\0\x52\0\0\0\x40\x31\0\0\xa6\x06\0\0\x52\0\0\0\
\xc0\x31\0\0\xb2\x06\0\0\x95\0\0\0\x40\x32\0\0\xbd\x06\0\0\x96\0\0\0\x80\x32\0\
\0\xcb\x06\0\0\x96\0\0\0\xc0\x32\0\0\xdb\x06\0\0\x42\0\0\0\0\x33\0\0\xea\x06\0\
\0\x54\0\0\0\x40\x33\0\0\xf0\x06\0\0\x54\0\0\0\x80\x33\0\0\xf6\x06\0\0\x54\0\0\
\0\xc0\x33\0\0\xfc\x06\0\0\x97\0\0\0\0\x34\0\0\x09\x07\0\0\x2d\0\0\0\x80\x36\0\
\0\x0f\x07\0\0\x2d\0\0\0\xc0\x36\0\0\x16\x07\0\0\x54\0\0\0\0\x37\0\0\x21\x07\0\
\0\x54\0\0\0\x40\x37\0\0\x30\x07\0\0\x2d\0\0\0\x80\x37\0\0\x38\x07\0\0\x2d\0\0\
\0\xc0\x37\0\0\x40\x07\0\0\xae\0\0\0\0\x38\0\0\x50\x07\0\0\xb4\0\0\0\x80\x3a\0\
\0\x65\x07\0\0\xb9\0\0\0\x40\x3b\0\0\x72\x07\0\0\xb9\0\0\0\x80\x3b\0\0\x7c\x07\
\0\0\xb9\0\0\0\xc0\x3b\0\0\x81\x07\0\0\xbb\0\0\0\0\x3c\0\0\x96\x07\0\0\xbc\0\0\
\0\x40\x3c\0\0\x9b\x07\0\0\xbd\0\0\0\xc0\x3c\0\0\xa5\x07\0\0\xbe\0\0\0\0\x3d\0\
\0\xad\x07\0\0\xc0\0\0\0\x40\x3d\0\0\xb5\x07\0\0\x2d\0\0\0\xc0\x3d\0\0\xc7\x07\
\0\0\x2d\0\0\0\0\x3e\0\0\xd8\x07\0\0\xc1\0\0\0\x40\x3e\0\0\xdb\x07\0\0\xc2\0\0\
\0\x80\x3e\0\0\xe1\x07\0\0\xc3\0\0\0\xc0\x3e\0\0\xea\x07\0\0\xc4\0\0\0\0\x3f\0\
\0\xf2\x07\0\0\xc5\0\0\0\x40\x3f\0\0\xf9\x07\0\0\xc6\0\0\0\x80\x3f\0\0\x01\x08\
\0\0\xc7\0\0\0\xc0\x3f\0\0\x09\x08\0\0\xc7\0\0\0\0\x40\0\0\x16\x08\0\0\xc7\0\0\
\0\x40\x40\0\0\x24\x08\0\0\xc9\0\0\0\x80\x40\0\0\x2c\x08\0\0\x2d\0\0\0\x40\x41\
\0\0\x36\x08\0\0\xca\0\0\0\x80\x41\0\0\x42\x08\0\0\x39\0\0\0\xc0\x41\0\0\x4f\
\x08\0\0\xb6\0\0\0\0\x42\0\0\x5a\x08\0\0\xcd\0\0\0\x40\x42\0\0\x68\x08\0\0\xce\
\0\0\0\x80\x42\0\0\x71\x08\0\0\x39\0\0\0\xa0\x42\0\0\x7b\x08\0\0\xd2\0\0\0\xc0\
\x42\0\0\x83\x08\0\0\xd4\0\0\0\x40\x43\0\0\x94\x08\0\0\x54\0\0\0\x40\x44\0\0\
\xa3\x08\0\0\x54\0\0\0\x80\x44\0\0\xb0\x08\0\0\xd8\0\0\0\xc0\x44\0\0\xbb\x08\0\
\0\x98\0\0\0\xc0\x46\0\0\xc3\x08\0\0\xdd\0\0\0\xc0\x48\0\0\xca\x08\0\0\xb1\0\0\
\0\0\x49\0\0\xd5\x08\0\0\x3b\0\0\0\x80\x49\0\0\xe1\x08\0\0\xdf\0\0\0\xc0\x49\0\
\0\xef\x08\0\0\xe0\0\0\0\0\x4a\0\0\xfa\x08\0\0\x02\0\0\0\x40\x4a\0\0\x0a\x09\0\
\0\xe1\0\0\0\x80\x4a\0\0\x13\x09\0\0\x39\0\0\0\x40\x4c\0\0\x24\x09\0\0\x54\0\0\
\0\x80\x4c\0\0\x36\x09\0\0\x02\0\0\0\xc0\x4c\0\0\x47\x09\0\0\x02\0\0\0\xe0\x4c\
\0\0\x57\x09\0\0\x02\0\0\0\0\x4d\0\0\x62\x09\0\0\x54\0\0\0\x40\x4d\0\0\x71\x09\
\0\0\x02\0\0\0\x80\x4d\0\0\x7f\x09\0\0\x39\0\0\0\xa0\x4d\0\0\x91\x09\0\0\xe4\0\
\0\0\xc0\x4d\0\0\x9c\x09\0\0\x42\0\0\0\xc0\x89\0\0\xa9\x09\0\0\xe5\0\0\0\0\x8a\
\0\0\xb2\x09\0\0\xe6\0\0\0\x40\x8a\0\0\xb7\x09\0\0\xe7\0\0\0\x80\x8a\0\0\xc5\
\x09\0\0\xe8\0\0\0\xc0\x8a\0\0\xd6\x09\0\0\xe9\0\0\0\0\x8b\0\0\xe1\x09\0\0\xea\
\0\0\0\x40\x8b\0\0\xf1\x09\0\0\x2d\0\0\0\x80\x8b\0\0\0\x0a\0\0\xeb\0\0\0\xc0\
\x8b\0\0\x0d\x0a\0\0\xed\0\0\0\0\x8c\0\0\x12\x0a\0\0\x54\0\0\0\xc0\x8d\0\0\x20\
\x0a\0\0\x54\0\0\0\0\x8e\0\0\x2d\x0a\0\0\x54\0\0\0\x40\x8e\0\0\x3a\x0a\0\0\x33\
\0\0\0\x80\x8e\0\0\x47\x0a\0\0\xee\0\0\0\xc0\x8e\0\0\x58\x0a\0\0\x02\0\0\0\x80\
\x90\0\0\x70\x0a\0\0\x02\0\0\0\xa0\x90\0\0\x89\x0a\0\0\xf3\0\0\0\xc0\x90\0\0\
\x91\x0a\0\0\x52\0\0\0\0\x91\0\0\x99\x0a\0\0\xf4\0\0\0\x80\x91\0\0\xa5\x0a\0\0\
\x52\0\0\0\xc0\x91\0\0\xb3\x0a\0\0\xf5\0\0\0\x40\x92\0\0\xc2\x0a\0\0\xf6\0\0\0\
\x80\x92\0\0\xd3\x0a\0\0\x39\0\0\0\0\x97\0\0\xdf\x0a\0\0\x01\x01\0\0\x40\x97\0\
\0\xef\x0a\0\0\xf6\0\0\0\xc0\x97\0\0\0\x0b\0\0\x52\0\0\0\x40\x9c\0\0\x10\x0b\0\
\0\x2d\0\0\0\xc0\x9c\0\0\x23\x0b\0\0\x02\x01\0\0\0\x9d\0\0\x2d\x0b\0\0\x03\x01\
\0\0\x40\x9d\0\0\x35\x0b\0\0\x03\x01\0\0\x50\x9d\0\0\x44\x0b\0\0\x02\0\0\0\x60\
\x9d\0\0\x52\x0b\0\0\x39\0\0\0\x80\x9d\0\0\x63\x0b\0\0\x39\0\0\0\xa0\x9d\0\0\
\x78\x0b\0\0\x02\0\0\0\xc0\x9d\0\0\x8b\x0b\0\0\x2d\0\0\0\0\x9e\0\0\x9e\x0b\0\0\
\x54\0\0\0\x40\x9e\0\0\xa9\x0b\0\0\x54\0\0\0\x80\x9e\0\0\xc2\x0b\0\0\x54\0\0\0\
\xc0\x9e\0\0\xd8\x0b\0\0\xb5\0\0\0\0\x9f\0\0\xe2\x0b\0\0\x04\x01\0\0\x80\x9f\0\
\0\xed\x0b\0\0\x05\x01\0\0\xc0\x9f\0\0\xf9\x0b\0\0\x2d\0\0\0\0\xa0\0\0\x0b\x0c\
\0\0\x06\x01\0\0\x40\xa0\0\0\x20\x0c\0\0\x2d\0\0\0\0\xa1\0\0\x34\x0c\0\0\x07\
\x01\0\0\x40\xa1\0\0\x39\x0c\0\0\x40\0\0\0\x80\xa1\0\0\x42\x0c\0\0\x2d\0\0\0\
\xc0\xa1\0\0\x52\x0c\0\0\x08\x01\0\0\0\xa2\0\0\0\0\0\0\x0a\x01\0\0\xc0\xa2\0\0\
\x5a\x0c\0\0\x0b\x01\0\0\x40\xa3\0\0\x66\x0c\0\0\x0c\x01\0\0\x80\xa3\0\0\x70\
\x0c\0\0\x0e\x01\0\0\0\xa4\0\0\x77\x0c\0\0\x02\0\0\0\x40\xa4\0\0\x84\x0c\0\0\
\x39\0\0\0\x60\xa4\0\0\x8d\x0c\0\0\x02\0\0\0\x80\xa4\0\0\x98\x0c\0\0\x02\0\0\0\
\xa0\xa4\0\0\xa9\x0c\0\0\x2d\0\0\0\xc0\xa4\0\0\xbb\x0c\0\0\x54\0\0\0\0\xa5\0\0\
\xca\x0c\0\0\x54\0\0\0\x40\xa5\0\0\xe1\x0c\0\0\x02\0\0\0\x80\xa5\0\0\xf0\x0c\0\
\0\x02\0\0\0\xa0\xa5\0\0\xff\x0c\0\0\x0f\x01\0\0\xc0\xa5\0\0\x09\x0d\0\0\x56\0\
\0\0\0\xa6\0\0\x1a\x0d\0\0\x45\0\0\0\x40\xa6\0\0\x28\x0d\0\0\x45\0\0\0\x60\xa6\
\0\0\x3c\x0d\0\0\x2d\0\0\0\x80\xa6\0\0\x4c\x0d\0\0\x36\0\0\0\xc0\xa6\0\0\x59\
\x0d\0\0\x38\0\0\0\0\xa7\0\0\x6c\x0d\0\0\x02\0\0\0\x20\xa7\0\0\x7c\x0d\0\0\x39\
\0\0\0\x40\xa7\0\0\x95\x0d\0\0\x36\0\0\0\x80\xa7\0\0\xa2\x0d\0\0\x10\x01\0\0\
\xc0\xa7\0\0\xb1\x0d\0\0\x11\x01\0\0\0\xa8\0\0\xb7\x0d\0\0\x12\x01\0\0\x40\xa8\
\0\0\xc1\x0d\0\0\x2d\0\0\0\x40\xa8\0\0\xd3\x0d\0\0\x02\0\0\0\x80\xa8\0\0\xe6\
\x0d\0\0\x3b\0\0\0\xc0\xa8\0\0\xf6\x0d\0\0\x13\x01\0\0\0\xa9\0\0\x07\x0e\0\0\
\x17\x01\0\0\x80\xab\0\0\x15\x0e\0\0\x43\0\0\0\xc0\xab\0\0\x24\x0e\0\0\x42\0\0\
\0\0\xac\0\0\x2d\x0e\0\0\x18\x01\0\0\x40\xac\0\0\x39\x0e\0\0\x19\x01\0\0\x80\
\xac\0\0\x41\x0e\0\0\x42\0\0\0\xc0\xac\0\0\x4b\x0e\0\0\x55\0\0\0\0\xad\0\0\x56\
\x0e\0\0\x54\0\0\0\x40\xad\0\0\x5f\x0e\0\0\x55\0\0\0\x80\xad\0\x01\x68\x0e\0\0\
\x55\0\0\0\x81\xad\0\x01\x77\x0e\0\0\x55\0\0\0\x82\xad\0\x3e\x86\x0e\0\0\xb5\0\
\0\0\xc0\xad\0\0\x92\x0e\0\0\x02\0\0\0\x40\xae\0\0\x9c\x0e\0\0\x1a\x01\0\0\x80\
\xae\0\0\xb0\x0e\0\0\x1a\x01\0\0\xc0\xae\0\0\xb9\x0e\0\0\xb5\0\0\0\0\xaf\0\0\
\xc8\x0e\0\0\x1b\x01\0\0\0\xb0\0\0\x44\x02\0\0\x04\0\0\x04\x18\0\0\0\x28\x01\0\
\0\x2d\0\0\0\0\0\0\0\xcf\x0e\0\0\x2d\0\0\0\x40\0\0\0\xdc\x0e\0\0\x40\0\0\0\x80\
\0\0\0\xe3\x0e\0\0\x40\0\0\0\xa0\0\0\0\xe7\x0e\0\0\0\0\0\x08\x41\0\0\0\xeb\x0e\
\0\0\0\0\0\x08\x39\0\0\0\0\0\0\0\0\0\0\x02\0\0\0\0\xf1\x0e\0\0\0\0\0\x08\x44\0\
\0\0\xfc\x0e\0\0\x01\0\0\x04\x04\0\0\0\x0c\x0f\0\0\x45\0\0\0\0\0\0\0\x11\x0f\0\
\0\0\0\0\x08\x46\0\0\0\0\0\0\0\x01\0\0\x04\x04\0\0\0\x1a\x0f\0\0\x02\0\0\0\0\0\
\0\0\x22\x0f\0\0\x04\0\0\x04\x10\0\0\0\x35\x0f\0\0\x48\0\0\0\0\0\0\0\0\0\0\0\
\x4a\0\0\0\x40\0\0\0\x3b\x0f\0\0\x4b\0\0\0\x60\0\0\0\x3f\x0f\0\0\x4b\0\0\0\x70\
\0\0\0\x43\x0f\0\0\x01\0\0\x04\x08\0\0\0\x4e\x0f\0\0\x49\0\0\0\0\0\0\0\0\0\0\0\
\0\0\0\x02\x48\0\0\0\0\0\0\0\x02\0\0\x05\x04\0\0\0\x53\x0f\0\0\x39\0\0\0\0\0\0\
\0\x5b\x0f\0\0\x45\0\0\0\0\0\0\0\x63\x0f\0\0\0\0\0\x08\x4c\0\0\0\x67\x0f\0\0\0\
\0\0\x08\x4d\0\0\0\x6d\x0f\0\0\0\0\0\x01\x02\0\0\0\x10\0\0\0\x7c\x0f\0\0\x0f\0\
\0\x04\0\x01\0\0\x89\x0f\0\0\x4f\0\0\0\0\0\0\0\x8e\x0f\0\0\x50\0\0\0\x80\0\0\0\
\x97\x0f\0\0\x52\0\0\0\x40\x01\0\0\xc1\x02\0\0\x39\0\0\0\xc0\x01\0\0\xa2\x0f\0\
\0\x54\0\0\0\0\x02\0\0\xad\x0f\0\0\x54\0\0\0\x40\x02\0\0\xbe\x0f\0\0\x54\0\0\0\
\x80\x02\0\0\xc7\x0f\0\0\x54\0\0\0\xc0\x02\0\0\xdd\x0f\0\0\x54\0\0\0\0\x03\0\0\
\xeb\x0f\0\0\x02\0\0\0\x40\x03\0\0\x4a\x06\0\0\x57\0\0\0\x80\x03\0\0\xf1\x0f\0\
\0\x58\0\0\0\xc0\x03\0\0\xf8\x0f\0\0\x58\0\0\0\0\x04\0\0\xfd\x0f\0\0\x2d\0\0\0\
\x40\x04\0\0\x0d\x10\0\0\x59\0\0\0\0\x06\0\0\x11\x10\0\0\x02\0\0\x04\x10\0\0\0\
\x1d\x10\0\0\x2d\0\0\0\0\0\0\0\x24\x10\0\0\x40\0\0\0\x40\0\0\0\x2f\x10\0\0\x03\
\0\0\x04\x18\0\0\0\x37\x10\0\0\x2d\0\0\0\0\0\0\0\x49\x10\0\0\x51\0\0\0\x40\0\0\
\0\x52\x10\0\0\x51\0\0\0\x80\0\0\0\0\0\0\0\0\0\0\x02\x50\0\0\0\x5a\x10\0\0\x02\
\0\0\x04\x10\0\0\0\x4e\x0f\0\0\x53\0\0\0\0\0\0\0\x64\x10\0\0\x53\0\0\0\x40\0\0\
\0\0\0\0\0\0\0\0\x02\x52\0\0\0\x69\x10\0\0\0\0\0\x08\x55\0\0\0\x6d\x10\0\0\0\0\
\0\x08\x56\0\0\0\x73\x10\0\0\0\0\0\x01\x08\0\0\0\x40\0\0\0\0\0\0\0\0\0\0\x02\
\x4e\0\0\0\0\0\0\0\0\0\0\x02\xb3\x01\0\0\x86\x10\0\0\x09\0\0\x04\x40\0\0\0\x90\
\x10\0\0\x54\0\0\0\0\0\0\0\xa1\x10\0\0\x54\0\0\0\x40\0\0\0\xaa\x10\0\0\x54\0\0\
\0\x80\0\0\0\xb7\x10\0\0\x40\0\0\0\xc0\0\0\0\xc0\x10\0\0\x40\0\0\0\xe0\0\0\0\
\xcf\x10\0\0\x2d\0\0\0\0\x01\0\0\xd8\x10\0\0\x2d\0\0\0\x40\x01\0\0\xe5\x10\0\0\
\x2d\0\0\0\x80\x01\0\0\xee\x10\0\0\x5a\0\0\0\xc0\x01\0\0\xee\x10\0\0\x02\0\0\
\x04\x08\0\0\0\xf7\x10\0\0\x39\0\0\0\0\0\0\0\0\x11\0\0\x39\0\0\0\x20\0\0\0\x05\
\x11\0\0\x07\0\0\x04\x30\0\0\0\x15\x11\0\0\x52\0\0\0\0\0\0\0\x1e\x11\0\0\x2d\0\
\0\0\x80\0\0\0\x26\x11\0\0\x2d\0\0\0\xc0\0\0\0\x35\x11\0\0\x39\0\0\0\0\x01\0\0\
\xc1\x02\0\0\x4d\0\0\0\x20\x01\0\0\x40\x11\0\0\x4d\0\0\0\x30\x01\0\0\x48\x11\0\
\0\x5c\0\0\0\x40\x01\0\0\0\0\0\0\0\0\0\x02\x5b\0\0\0\x4d\x11\0\0\x10\0\0\x84\
\xe0\0\0\0\x2f\x10\0\0\x50\0\0\0\0\0\0\0\x5d\x11\0\0\x54\0\0\0\xc0\0\0\0\x68\
\x11\0\0\x54\0\0\0\0\x01\0\0\x74\x11\0\0\x54\0\0\0\x40\x01\0\0\x7e\x11\0\0\x54\
\0\0\0\x80\x01\0\0\x84\x11\0\0\x54\0\0\0\xc0\x01\0\0\x8f\x11\0\0\x5e\0\0\0\0\
\x02\0\0\x97\x11\0\0\x54\0\0\0\x40\x02\0\0\x28\x01\0\0\x39\0\0\0\x80\x02\0\0\
\xa0\x11\0\0\x39\0\0\0\xa0\x02\0\x01\xad\x11\0\0\x39\0\0\0\xa1\x02\0\x01\xb8\
\x11\0\0\x39\0\0\0\xa2\x02\0\x01\xca\x11\0\0\x39\0\0\0\xa3\x02\0\x01\xd5\x11\0\
\0\x61\0\0\0\xc0\x02\0\0\xde\x11\0\0\x61\0\0\0\xc0\x04\0\0\xed\x11\0\0\x6c\0\0\
\0\xc0\x06\0\0\xf3\x11\0\0\0\0\0\x08\x5f\0\0\0\xf7\x11\0\0\0\0\0\x08\x60\0\0\0\
\xfd\x11\0\0\0\0\0\x01\x08\0\0\0\x40\0\0\x01\x07\x12\0\0\x08\0\0\x04\x40\0\0\0\
\x0f\x12\0\0\x62\0\0\0\0\0\0\0\x14\x12\0\0\x63\0\0\0\0\x01\0\0\x21\x12\0\0\x64\
\0\0\0\x40\x01\0\0\x2a\x12\0\0\x68\0\0\0\x80\x01\0\0\x2f\x12\0\0\x69\0\0\0\xc0\
\x01\0\0\x35\x12\0\0\x69\0\0\0\xc8\x01\0\0\x3c\x12\0\0\x69\0\0\0\xd0\x01\0\0\
\x44\x12\0\0\x69\0\0\0\xd8\x01\0\0\x4c\x12\0\0\x02\0\0\x04\x20\0\0\0\x0f\x12\0\
\0\x50\0\0\0\0\0\0\0\x5c\x12\0\0\x63\0\0\0\xc0\0\0\0\x64\x12\0\0\0\0\0\x08\x5e\
\0\0\0\0\0\0\0\0\0\0\x02\x65\0\0\0\0\0\0\0\x01\0\0\x0d\x66\0\0\0\0\0\0\0\x67\0\
\0\0\x6c\x12\0\0\x02\0\0\x06\x04\0\0\0\x7c\x12\0\0\0\0\0\0\x8e\x12\0\0\x01\0\0\
\0\0\0\0\0\0\0\0\x02\x61\0\0\0\0\0\0\0\0\0\0\x02\xbe\x01\0\0\x9e\x12\0\0\0\0\0\
\x08\x6a\0\0\0\xa1\x12\0\0\0\0\0\x08\x6b\0\0\0\xa6\x12\0\0\0\0\0\x01\x01\0\0\0\
\x08\0\0\0\0\0\0\0\0\0\0\x02\x5d\0\0\0\0\0\0\0\0\0\0\x02\x6e\0\0\0\0\0\0\0\0\0\
\0\x0a\xe1\x01\0\0\0\0\0\0\0\0\0\x02\xe7\x01\0\0\xb4\x12\0\0\x1c\0\0\x04\0\x01\
\0\0\xc5\x12\0\0\x54\0\0\0\0\0\0\0\xd0\x12\0\0\x54\0\0\0\x40\0\0\0\xd9\x12\0\0\
\x54\0\0\0\x80\0\0\0\xe4\x12\0\0\x54\0\0\0\xc0\0\0\0\xed\x12\0\0\x54\0\0\0\0\
\x01\0\0\xfa\x12\0\0\x54\0\0\0\x40\x01\0\0\x05\x13\0\0\x54\0\0\0\x80\x01\0\0\
\x11\x13\0\0\x54\0\0\0\xc0\x01\0\0\x1b\x13\0\0\x5e\0\0\0\0\x02\0\0\x2d\x13\0\0\
\x54\0\0\0\x40\x02\0\0\x39\x13\0\0\x54\0\0\0\x80\x02\0\0\x43\x13\0\0\x5e\0\0\0\
\xc0\x02\0\0\x55\x13\0\0\x54\0\0\0\0\x03\0\0\x5e\x13\0\0\x54\0\0\0\x40\x03\0\0\
\x68\x13\0\0\x54\0\0\0\x80\x03\0\0\x7b\x13\0\0\x54\0\0\0\xc0\x03\0\0\x97\x13\0\
\0\x54\0\0\0\0\x04\0\0\xb4\x13\0\0\x54\0\0\0\x40\x04\0\0\xcd\x13\0\0\x54\0\0\0\
\x80\x04\0\0\xe2\x13\0\0\x54\0\0\0\xc0\x04\0\0\xed\x13\0\0\x54\0\0\0\0\x05\0\0\
\xfd\x13\0\0\x54\0\0\0\x40\x05\0\0\x10\x14\0\0\x54\0\0\0\x80\x05\0\0\x21\x14\0\
\0\x54\0\0\0\xc0\x05\0\0\x33\x14\0\0\x54\0\0\0\0\x06\0\0\x45\x14\0\0\x54\0\0\0\
\x40\x06\0\0\x60\x14\0\0\x54\0\0\0\x80\x06\0\0\x73\x14\0\0\x54\0\0\0\xc0\x06\0\
\0\0\0\0\0\0\0\0\x02\x72\0\0\0\0\0\0\0\0\0\0\x0a\x73\0\0\0\x83\x14\0\0\0\0\0\
\x08\x75\0\0\0\0\0\0\0\0\0\0\x02\x73\0\0\0\x8d\x14\0\0\x01\0\0\x04\x10\0\0\0\
\xc0\x01\0\0\x76\0\0\0\0\0\0\0\0\0\0\0\0\0\0\x03\0\0\0\0\x2d\0\0\0\x04\0\0\0\
\x02\0\0\0\x95\x14\0\0\x02\0\0\x05\x04\0\0\0\xa1\x14\0\0\x78\0\0\0\0\0\0\0\xa3\
\x14\0\0\x40\0\0\0\0\0\0\0\0\0\0\0\x04\0\0\x04\x04\0\0\0\x01\x08\0\0\x69\0\0\0\
\0\0\0\0\xa5\x14\0\0\x69\0\0\0\x08\0\0\0\xad\x14\0\0\x69\0\0\0\x10\0\0\0\xb6\
\x14\0\0\x69\0\0\0\x18\0\0\0\0\0\0\0\0\0\0\x02\xdb\x01\0\0\x9d\x04\0\0\x04\0\0\
\x04\x20\0\0\0\xbe\x14\0\0\x2d\0\0\0\0\0\0\0\xc5\x14\0\0\x56\0\0\0\x40\0\0\0\
\xcf\x14\0\0\x56\0\0\0\x80\0\0\0\xdc\x14\0\0\x56\0\0\0\xc0\0\0\0\xe8\x14\0\0\
\x03\0\0\x04\x28\0\0\0\xc7\x02\0\0\x02\0\0\0\0\0\0\0\xf3\x14\0\0\x52\0\0\0\x40\
\0\0\0\xfd\x14\0\0\x52\0\0\0\xc0\0\0\0\0\0\0\0\0\0\0\x02\xc9\x01\0\0\x07\x15\0\
\0\x02\0\0\x04\x14\0\0\0\x15\x15\0\0\x02\0\0\0\0\0\0\0\x1c\x15\0\0\x06\0\0\0\
\x20\0\0\0\x1a\x06\0\0\x03\0\0\x04\x38\0\0\0\x22\x15\0\0\x2d\0\0\0\0\0\0\0\x2c\
\x15\0\0\x7f\0\0\0\x40\0\0\0\0\0\0\0\x82\0\0\0\x80\0\0\0\0\0\0\0\0\0\0\x02\x80\
\0\0\0\0\0\0\0\x01\0\0\x0d\x3c\0\0\0\0\0\0\0\x81\0\0\0\0\0\0\0\0\0\0\x02\x7e\0\
\0\0\0\0\0\0\x03\0\0\x05\x28\0\0\0\x2f\x15\0\0\x83\0\0\0\0\0\0\0\x35\x15\0\0\
\x85\0\0\0\0\0\0\0\x3f\x15\0\0\x8c\0\0\0\0\0\0\0\0\0\0\0\x06\0\0\x04\x28\0\0\0\
\x44\x15\0\0\x84\0\0\0\0\0\0\0\x4a\x15\0\0\x40\0\0\0\x40\0\0\0\x28\x01\0\0\x40\
\0\0\0\x60\0\0\0\x4e\x15\0\0\x40\0\0\0\x80\0\0\0\x55\x15\0\0\x54\0\0\0\xc0\0\0\
\0\x5a\x15\0\0\x84\0\0\0\0\x01\0\0\0\0\0\0\0\0\0\x02\x40\0\0\0\0\0\0\0\x04\0\0\
\x04\x18\0\0\0\x61\x15\0\0\x86\0\0\0\0\0\0\0\x19\0\0\0\x88\0\0\0\x20\0\0\0\0\0\
\0\0\x89\0\0\0\x40\0\0\0\x5c\x12\0\0\x54\0\0\0\x80\0\0\0\x69\x15\0\0\0\0\0\x08\
\x87\0\0\0\x73\x15\0\0\0\0\0\x08\x02\0\0\0\x86\x15\0\0\x03\0\0\x06\x04\0\0\0\
\x94\x15\0\0\0\0\0\0\x9c\x15\0\0\x01\0\0\0\xa6\x15\0\0\x02\0\0\0\0\0\0\0\x02\0\
\0\x05\x08\0\0\0\xb0\x15\0\0\x8a\0\0\0\0\0\0\0\xb5\x15\0\0\x8b\0\0\0\0\0\0\0\0\
\0\0\0\0\0\0\x02\xaa\x01\0\0\0\0\0\0\0\0\0\x02\xce\x01\0\0\0\0\0\0\x05\0\0\x04\
\x20\0\0\0\xc1\x15\0\0\x8d\0\0\0\0\0\0\0\xc6\x15\0\0\x02\0\0\0\x40\0\0\0\xcb\
\x15\0\0\x02\0\0\0\x60\0\0\0\xd7\x15\0\0\x2d\0\0\0\x80\0\0\0\xde\x15\0\0\x2d\0\
\0\0\xc0\0\0\0\0\0\0\0\0\0\0\x02\xda\x01\0\0\xe6\x15\0\0\0\0\0\x08\x8f\0\0\0\
\xec\x15\0\0\0\0\0\x08\x02\0\0\0\0\0\0\0\0\0\0\x02\xd6\x01\0\0\xfb\x15\0\0\x02\
\0\0\x04\x10\0\0\0\x4e\x0f\0\0\x92\0\0\0\0\0\0\0\x06\x16\0\0\x93\0\0\0\x40\0\0\
\0\0\0\0\0\0\0\0\x02\x91\0\0\0\0\0\0\0\0\0\0\x02\x92\0\0\0\0\0\0\0\0\0\0\x03\0\
\0\0\0\x91\0\0\0\x04\0\0\0\x04\0\0\0\0\0\0\0\0\0\0\x02\xb4\x01\0\0\0\0\0\0\0\0\
\0\x02\x02\0\0\0\xfc\x06\0\0\x03\0\0\x04\x50\0\0\0\xea\x06\0\0\x54\0\0\0\0\0\0\
\0\xf0\x06\0\0\x54\0\0\0\x40\0\0\0\x0c\x16\0\0\x98\0\0\0\x80\0\0\0\x11\x16\0\0\
\0\0\0\x08\x99\0\0\0\x20\x16\0\0\x05\0\0\x04\x40\0\0\0\x2d\x16\0\0\x9a\0\0\0\0\
\0\0\0\x36\x16\0\0\x39\0\0\0\x20\0\0\0\x3c\x16\0\0\x39\0\0\0\x40\0\0\0\x46\x16\
\0\0\x42\0\0\0\x80\0\0\0\x4c\x16\0\0\x9f\0\0\0\xc0\0\0\0\x54\x16\0\0\0\0\0\x08\
\x9b\0\0\0\x64\x16\0\0\x01\0\0\x04\x04\0\0\0\0\0\0\0\x9c\0\0\0\0\0\0\0\0\0\0\0\
\x03\0\0\x05\x04\0\0\0\x4a\x15\0\0\x45\0\0\0\0\0\0\0\0\0\0\0\x9d\0\0\0\0\0\0\0\
\0\0\0\0\x9e\0\0\0\0\0\0\0\0\0\0\0\x02\0\0\x04\x02\0\0\0\x6e\x16\0\0\x69\0\0\0\
\0\0\0\0\x24\x08\0\0\x69\0\0\0\x08\0\0\0\0\0\0\0\x02\0\0\x04\x04\0\0\0\x75\x16\
\0\0\x4b\0\0\0\0\0\0\0\x84\x16\0\0\x4b\0\0\0\x10\0\0\0\x89\x16\0\0\x06\0\0\x04\
\x28\0\0\0\x95\x16\0\0\xa0\0\0\0\0\0\0\0\x99\x16\0\0\xad\0\0\0\x40\0\0\0\xa5\
\x16\0\0\xaa\0\0\0\xc0\0\0\0\xaa\x16\0\0\x69\0\0\0\0\x01\0\0\xba\x16\0\0\x69\0\
\0\0\x08\x01\0\0\xca\x16\0\0\x69\0\0\0\x10\x01\0\0\0\0\0\0\0\0\0\x02\xc4\x01\0\
\0\0\0\0\0\0\0\0\x02\xa2\0\0\0\xd4\x16\0\0\x0e\0\0\x04\xc0\0\0\0\xdf\x16\0\0\
\x91\0\0\0\0\0\0\0\xea\x16\0\0\x52\0\0\0\x80\0\0\0\xf5\x16\0\0\x52\0\0\0\0\x01\
\0\0\x01\x17\0\0\x52\0\0\0\x80\x01\0\0\x95\x16\0\0\xa3\0\0\0\0\x02\0\0\x0e\x17\
\0\0\x39\0\0\0\x40\x02\0\0\x17\x17\0\0\x39\0\0\0\x60\x02\0\0\x22\x17\0\0\x2d\0\
\0\0\x80\x02\0\0\x2d\x17\0\0\xa9\0\0\0\xc0\x02\0\0\x3a\x17\0\0\x02\0\0\0\x40\
\x05\0\0\xa5\x16\0\0\xaa\0\0\0\x80\x05\0\0\xba\x16\0\0\x69\0\0\0\xc0\x05\0\0\
\xaa\x16\0\0\x69\0\0\0\xc8\x05\0\0\xca\x16\0\0\x69\0\0\0\xd0\x05\0\0\0\0\0\0\0\
\0\0\x02\xa4\0\0\0\0\0\0\0\0\0\0\x0a\xc5\x01\0\0\0\0\0\0\0\0\0\x02\xa6\0\0\0\0\
\0\0\0\0\0\0\x0a\xa7\0\0\0\x47\x17\0\0\x04\0\0\x04\x18\0\0\0\xdf\x16\0\0\x91\0\
\0\0\0\0\0\0\x52\x17\0\0\x40\0\0\0\x80\0\0\0\x57\x17\0\0\x40\0\0\0\xa0\0\0\0\
\x62\x17\0\0\xa8\0\0\0\xc0\0\0\0\0\0\0\0\0\0\0\x03\0\0\0\0\x2d\0\0\0\x04\0\0\0\
\0\0\0\0\0\0\0\0\0\0\0\x03\0\0\0\0\xa5\0\0\0\x04\0\0\0\x0a\0\0\0\0\0\0\0\0\0\0\
\x02\xab\0\0\0\0\0\0\0\0\0\0\x0a\xac\0\0\0\x6a\x17\0\0\0\0\0\x01\x01\0\0\0\x08\
\0\0\x01\0\0\0\0\0\0\0\x03\0\0\0\0\xa1\0\0\0\x04\0\0\0\x02\0\0\0\x40\x07\0\0\
\x03\0\0\x04\x50\0\0\0\x6f\x17\0\0\xb3\0\0\0\0\0\0\0\x75\x17\0\0\x39\0\0\0\x40\
\x02\0\0\x83\x17\0\0\x39\0\0\0\x60\x02\0\0\x91\x17\0\0\x02\0\0\x04\x18\0\0\0\
\xa5\x17\0\0\x54\0\0\0\0\0\0\0\xad\x17\0\0\xb0\0\0\0\x40\0\0\0\xb4\x17\0\0\x01\
\0\0\x04\x10\0\0\0\xc4\x17\0\0\xb1\0\0\0\0\0\0\0\xcc\x17\0\0\x02\0\0\x04\x10\0\
\0\0\xc4\x17\0\0\xb2\0\0\0\0\0\0\0\xdb\x17\0\0\x51\0\0\0\x40\0\0\0\xc4\x17\0\0\
\x01\0\0\x04\x08\0\0\0\x2f\x10\0\0\x51\0\0\0\0\0\0\0\0\0\0\0\0\0\0\x03\0\0\0\0\
\xaf\0\0\0\x04\0\0\0\x03\0\0\0\x50\x07\0\0\x02\0\0\x04\x18\0\0\0\xe7\x17\0\0\
\xb5\0\0\0\0\0\0\0\xec\x17\0\0\x39\0\0\0\x80\0\0\0\xf6\x17\0\0\x02\0\0\x04\x10\
\0\0\0\x4e\x0f\0\0\xb6\0\0\0\0\0\0\0\x04\x18\0\0\xb7\0\0\0\x40\0\0\0\0\0\0\0\0\
\0\0\x02\xb5\0\0\0\0\0\0\0\0\0\0\x02\xb8\0\0\0\0\0\0\0\x01\0\0\x0d\0\0\0\0\0\0\
\0\0\xb6\0\0\0\0\0\0\0\0\0\0\x02\xba\0\0\0\0\0\0\0\0\0\0\x0a\xb5\x01\0\0\0\0\0\
\0\0\0\0\x02\xc3\x01\0\0\0\0\0\0\0\0\0\x03\0\0\0\0\xac\0\0\0\x04\0\0\0\x10\0\0\
\0\0\0\0\0\0\0\0\x02\xcb\x01\0\0\x09\x18\0\0\x01\0\0\x04\x08\0\0\0\x12\x18\0\0\
\xbf\0\0\0\0\0\0\0\0\0\0\0\0\0\0\x02\xe3\x01\0\0\x1c\x18\0\0\x01\0\0\x04\x10\0\
\0\0\x25\x18\0\0\x52\0\0\0\0\0\0\0\0\0\0\0\0\0\0\x02\xba\x01\0\0\0\0\0\0\0\0\0\
\x02\xb9\x01\0\0\0\0\0\0\0\0\0\x02\xc1\x01\0\0\0\0\0\0\0\0\0\x02\xcc\x01\0\0\0\
\0\0\0\0\0\0\x02\xe5\x01\0\0\0\0\0\0\0\0\0\x02\xe4\x01\0\0\x2f\x18\0\0\0\0\0\
\x08\xc8\0\0\0\0\0\0\0\x01\0\0\x04\x08\0\0\0\x38\x18\0\0\x35\0\0\0\0\0\0\0\x3c\
\x18\0\0\x02\0\0\x04\x18\0\0\0\x47\x18\0\0\x52\0\0\0\0\0\0\0\xf2\x07\0\0\xc7\0\
\0\0\x80\0\0\0\x4c\x18\0\0\0\0\0\x08\xcb\0\0\0\x53\x18\0\0\0\0\0\x08\xcc\0\0\0\
\x63\x18\0\0\0\0\0\x08\x2d\0\0\0\0\0\0\0\0\0\0\x02\xab\x01\0\0\x74\x18\0\0\0\0\
\0\x08\xcf\0\0\0\0\0\0\0\x01\0\0\x04\x04\0\0\0\x4a\x15\0\0\xd0\0\0\0\0\0\0\0\
\x7b\x18\0\0\0\0\0\x08\xd1\0\0\0\x81\x18\0\0\0\0\0\x08\x39\0\0\0\x7b\x08\0\0\
\x03\0\0\x04\x10\0\0\0\x92\x18\0\0\x02\0\0\0\0\0\0\0\x97\x18\0\0\x45\0\0\0\x20\
\0\0\0\xa4\x18\0\0\xd3\0\0\0\x40\0\0\0\0\0\0\0\0\0\0\x02\xe2\x01\0\0\xab\x18\0\
\0\x04\0\0\x04\x20\0\0\0\xc1\x18\0\0\xd5\0\0\0\0\0\0\0\xca\x18\0\0\x2d\0\0\0\
\x40\0\0\0\xd1\x18\0\0\x2d\0\0\0\x80\0\0\0\xd5\x18\0\0\xd6\0\0\0\xc0\0\0\0\0\0\
\0\0\0\0\0\x02\xac\0\0\0\xe1\x18\0\0\0\0\0\x08\xd7\0\0\0\xe6\x18\0\0\0\0\0\x01\
\x01\0\0\0\x08\0\0\x04\xec\x18\0\0\0\0\0\x08\xd9\0\0\0\xf7\x18\0\0\x01\0\0\x04\
\x40\0\0\0\0\0\0\0\xda\0\0\0\0\0\0\0\0\0\0\0\x02\0\0\x05\x40\0\0\0\0\x19\0\0\
\x99\0\0\0\0\0\0\0\0\0\0\0\xdb\0\0\0\0\0\0\0\0\0\0\0\x02\0\0\x04\x40\0\0\0\x06\
\x19\0\0\xdc\0\0\0\0\0\0\0\x4c\x16\0\0\x9f\0\0\0\xc0\0\0\0\0\0\0\0\0\0\0\x03\0\
\0\0\0\x69\0\0\0\x04\0\0\0\x18\0\0\0\x10\x19\0\0\x01\0\0\x04\x08\0\0\0\x4e\x0f\
\0\0\xde\0\0\0\0\0\0\0\0\0\0\0\0\0\0\x02\xdd\0\0\0\0\0\0\0\0\0\0\x02\xe0\x01\0\
\0\0\0\0\0\0\0\0\x02\xca\x01\0\0\x1c\x19\0\0\x09\0\0\x04\x38\0\0\0\x2c\x19\0\0\
\x39\0\0\0\0\0\0\0\x37\x19\0\0\x2d\0\0\0\x40\0\0\0\x49\x19\0\0\x2d\0\0\0\x80\0\
\0\0\x5c\x19\0\0\x39\0\0\0\xc0\0\0\0\x71\x19\0\0\x39\0\0\0\xe0\0\0\0\x87\x19\0\
\0\x2d\0\0\0\0\x01\0\0\x9a\x19\0\0\x2d\0\0\0\x40\x01\0\0\xac\x19\0\0\x39\0\0\0\
\x80\x01\0\0\xc2\x19\0\0\x39\0\0\0\xa0\x01\0\0\xd7\x19\0\0\x0c\0\0\x84\x28\0\0\
\0\xe1\x19\0\0\x54\0\0\0\0\0\0\0\xf0\x19\0\0\x2d\0\0\0\x40\0\0\0\xfb\x19\0\0\
\xe3\0\0\0\x80\0\0\0\x04\x1a\0\0\xe3\0\0\0\xc0\0\0\0\x0e\x1a\0\0\x39\0\0\0\0\
\x01\0\x0d\x18\x1a\0\0\x39\0\0\0\x0d\x01\0\x02\x24\x1a\0\0\x39\0\0\0\x0f\x01\0\
\x01\x2c\x1a\0\0\x39\0\0\0\x10\x01\0\x02\x31\x1a\0\0\x39\0\0\0\x12\x01\0\x01\
\x37\x1a\0\0\x39\0\0\0\x13\x01\0\x01\x44\x1a\0\0\x39\0\0\0\x14\x01\0\x0c\x4f\
\x1a\0\0\x39\0\0\0\x20\x01\0\0\0\0\0\0\0\0\0\x02\x9f\0\0\0\0\0\0\0\0\0\0\x03\0\
\0\0\0\xe2\0\0\0\x04\0\0\0\x30\0\0\0\0\0\0\0\0\0\0\x02\xad\x01\0\0\0\0\0\0\0\0\
\0\x02\xae\x01\0\0\0\0\0\0\0\0\0\x02\xdc\x01\0\0\0\0\0\0\0\0\0\x02\xac\x01\0\0\
\0\0\0\0\0\0\0\x02\xc0\x01\0\0\0\0\0\0\0\0\0\x02\xb2\x01\0\0\0\0\0\0\0\0\0\x02\
\xec\0\0\0\x59\x1a\0\0\0\0\0\x08\xc2\x01\0\0\x6a\x1a\0\0\x07\0\0\x04\x38\0\0\0\
\x7d\x1a\0\0\x54\0\0\0\0\0\0\0\x83\x1a\0\0\x54\0\0\0\x40\0\0\0\x89\x1a\0\0\x54\
\0\0\0\x80\0\0\0\x8f\x1a\0\0\x54\0\0\0\xc0\0\0\0\x95\x1a\0\0\x54\0\0\0\0\x01\0\
\0\xa0\x1a\0\0\x54\0\0\0\x40\x01\0\0\xac\x1a\0\0\x54\0\0\0\x80\x01\0\0\xc2\x1a\
\0\0\0\0\0\x08\xef\0\0\0\xd6\x1a\0\0\x02\0\0\x04\x38\0\0\0\xe8\x1a\0\0\xf0\0\0\
\0\0\0\0\0\x0c\x16\0\0\xf2\0\0\0\x80\x01\0\0\xf1\x1a\0\0\0\0\0\x08\xf1\0\0\0\
\xe8\x1a\0\0\x02\0\0\x04\x30\0\0\0\xfc\x1a\0\0\x39\0\0\0\0\0\0\0\x4c\x16\0\0\
\x9f\0\0\0\x40\0\0\0\0\0\0\0\0\0\0\x02\xd8\0\0\0\0\0\0\0\0\0\0\x02\xb6\x01\0\0\
\0\0\0\0\0\0\0\x02\xde\x01\0\0\0\0\0\0\0\0\0\x02\xbd\x01\0\0\x05\x1b\0\0\x06\0\
\0\x04\x90\0\0\0\x46\x16\0\0\xf7\0\0\0\0\0\0\0\x0b\x1b\0\0\x98\0\0\0\x40\0\0\0\
\x15\x1b\0\0\xfa\0\0\0\x40\x02\0\0\x19\x1b\0\0\x52\0\0\0\x80\x02\0\0\x36\x16\0\
\0\x42\0\0\0\0\x03\0\0\x4c\x16\0\0\x9f\0\0\0\x40\x03\0\0\x23\x1b\0\0\0\0\0\x08\
\xf8\0\0\0\x31\x1b\0\0\0\0\0\x08\xf9\0\0\0\0\0\0\0\x01\0\0\x04\x08\0\0\0\x1a\
\x0f\0\0\x5e\0\0\0\0\0\0\0\x3c\x1b\0\0\x01\0\0\x04\x04\0\0\0\x84\x16\0\0\x45\0\
\0\0\0\0\0\0\0\0\0\0\0\0\0\x02\xfc\0\0\0\x52\x1b\0\0\x1e\0\0\x04\xc0\x01\0\0\
\x65\x1b\0\0\xfd\0\0\0\0\0\0\0\x0c\x16\0\0\x98\0\0\0\x40\0\0\0\x05\x1b\0\0\xf6\
\0\0\0\x40\x02\0\0\x69\x1b\0\0\x52\0\0\0\xc0\x06\0\0\x79\x1b\0\0\xfe\0\0\0\x40\
\x07\0\0\x87\x1b\0\0\xfe\0\0\0\xc0\x07\0\0\x97\x1b\0\0\x52\0\0\0\x40\x08\0\0\
\xa2\x1b\0\0\x52\0\0\0\xc0\x08\0\0\xb0\x1b\0\0\x52\0\0\0\x40\x09\0\0\xc0\x1b\0\
\0\x02\0\0\0\xc0\x09\0\0\xca\x1b\0\0\x02\0\0\0\xe0\x09\0\0\xd4\x1b\0\0\x02\0\0\
\0\0\x0a\0\0\xdc\x1b\0\0\x02\0\0\0\x20\x0a\0\0\xe6\x1b\0\0\x02\0\0\0\x40\x0a\0\
\0\xee\x1b\0\0\x02\0\0\0\x60\x0a\0\0\xf6\x1b\0\0\x02\0\0\0\x80\x0a\0\0\x05\x1c\
\0\0\x02\0\0\0\xa0\x0a\0\0\x16\x1c\0\0\x43\0\0\0\xc0\x0a\0\0\x1f\x1c\0\0\x3b\0\
\0\0\0\x0b\0\0\x55\x15\0\0\x54\0\0\0\x40\x0b\0\0\x24\x1c\0\0\x54\0\0\0\x80\x0b\
\0\0\x2e\x1c\0\0\x54\0\0\0\xc0\x0b\0\0\x39\x1c\0\0\xfb\0\0\0\0\x0c\0\0\x44\x1c\
\0\0\x54\0\0\0\x40\x0c\0\0\x4f\x1c\0\0\x54\0\0\0\x80\x0c\0\0\x4f\x1a\0\0\x02\0\
\0\0\xc0\x0c\0\0\x5a\x1c\0\0\x02\0\0\0\xe0\x0c\0\0\x65\x1c\0\0\x42\0\0\0\0\x0d\
\0\0\xf6\x17\0\0\xb5\0\0\0\x40\x0d\0\0\x73\x1c\0\0\xff\0\0\0\xc0\x0d\0\0\0\0\0\
\0\0\0\0\x02\xd9\x01\0\0\x7e\x1c\0\0\x02\0\0\x04\x10\0\0\0\x90\x1c\0\0\xb2\0\0\
\0\0\0\0\0\x95\x1c\0\0\x54\0\0\0\x40\0\0\0\x9b\x1c\0\0\0\0\0\x08\0\x01\0\0\0\0\
\0\0\x01\0\0\x04\x08\0\0\0\xa3\x1c\0\0\xf7\0\0\0\0\0\0\0\0\0\0\0\0\0\0\x03\0\0\
\0\0\xfb\0\0\0\x04\0\0\0\x02\0\0\0\0\0\0\0\0\0\0\x02\xc8\x01\0\0\xa5\x1c\0\0\0\
\0\0\x01\x02\0\0\0\x10\0\0\x01\0\0\0\0\0\0\0\x02\xcd\x01\0\0\0\0\0\0\0\0\0\x02\
\x2d\0\0\0\0\0\0\0\0\0\0\x03\0\0\0\0\x2d\0\0\0\x04\0\0\0\x03\0\0\0\0\0\0\0\0\0\
\0\x02\xdf\x01\0\0\xab\x1c\0\0\x03\0\0\x04\x18\0\0\0\xc0\x1c\0\0\x09\x01\0\0\0\
\0\0\0\xc5\x1c\0\0\xd6\0\0\0\x80\0\0\0\xd4\x1c\0\0\xd6\0\0\0\x88\0\0\0\xdd\x1c\
\0\0\x01\0\0\x04\x10\0\0\0\x8d\x14\0\0\x75\0\0\0\0\0\0\0\0\0\0\0\x02\0\0\x05\
\x10\0\0\0\xf7\x1c\0\0\x43\0\0\0\0\0\0\0\x01\x1d\0\0\xb5\0\0\0\0\0\0\0\0\0\0\0\
\0\0\0\x02\xd8\x01\0\0\x05\x1d\0\0\x03\0\0\x04\x10\0\0\0\x0f\x1d\0\0\x0d\x01\0\
\0\0\0\0\0\xca\x18\0\0\x41\0\0\0\x40\0\0\0\x14\x1d\0\0\x41\0\0\0\x60\0\0\0\0\0\
\0\0\0\0\0\x02\xcf\x01\0\0\0\0\0\0\0\0\0\x02\xe6\x01\0\0\0\0\0\0\0\0\0\x02\xbc\
\x01\0\0\0\0\0\0\0\0\0\x02\xdd\x01\0\0\0\0\0\0\0\0\0\x02\xe9\x01\0\0\xb7\x0d\0\
\0\0\0\0\x04\0\0\0\0\x19\x1d\0\0\x05\0\0\x04\x50\0\0\0\x24\x1d\0\0\x91\0\0\0\0\
\0\0\0\x5c\x12\0\0\x2d\0\0\0\x80\0\0\0\x21\x12\0\0\x14\x01\0\0\xc0\0\0\0\x28\
\x01\0\0\x40\0\0\0\0\x01\0\0\x89\x16\0\0\x9f\0\0\0\x40\x01\0\0\0\0\0\0\0\0\0\
\x02\x15\x01\0\0\0\0\0\0\x01\0\0\x0d\0\0\0\0\0\0\0\0\x16\x01\0\0\0\0\0\0\0\0\0\
\x02\x13\x01\0\0\0\0\0\0\0\0\0\x02\xea\x01\0\0\0\0\0\0\0\0\0\x02\xaf\x01\0\0\0\
\0\0\0\0\0\0\x02\xb1\x01\0\0\x2a\x1d\0\0\x01\0\0\x04\x08\0\0\0\x35\x1d\0\0\x49\
\0\0\0\0\0\0\0\x3b\x1d\0\0\x14\0\0\x84\x40\x11\0\0\x49\x1d\0\0\x1d\x01\0\0\0\0\
\0\0\x2e\x01\0\0\x2d\0\0\0\xc0\0\0\0\x53\x1d\0\0\x4d\0\0\0\0\x01\0\0\x56\x1d\0\
\0\x4d\0\0\0\x10\x01\0\0\x59\x1d\0\0\x4d\0\0\0\x20\x01\0\0\x61\x1d\0\0\x4d\0\0\
\0\x30\x01\0\0\x69\x1d\0\0\x2d\0\0\0\x40\x01\0\0\x70\x1d\0\0\x2d\0\0\0\x80\x01\
\0\0\x77\x1d\0\0\x6b\x01\0\0\xc0\x01\0\0\x82\x1d\0\0\x2d\0\0\0\xc0\x02\0\0\x8e\
\x1d\0\0\x2d\0\0\0\0\x03\0\0\x99\x1d\0\0\x2d\0\0\0\x40\x03\0\0\x9d\x1d\0\0\x2d\
\0\0\0\x80\x03\0\0\xa5\x1d\0\0\x2d\0\0\0\xc0\x03\0\0\xb0\x1d\0\0\x6c\x01\0\0\0\
\x04\0\0\xba\x1d\0\0\x2d\0\0\0\x40\x04\0\0\xc4\x1d\0\0\x39\0\0\0\x80\x04\0\x01\
\xce\x1d\0\0\x39\0\0\0\x81\x04\0\x01\xe1\x1d\0\0\x40\0\0\0\xa0\x04\0\0\xe6\x1d\
\0\0\x6d\x01\0\0\0\x06\0\0\xea\x1d\0\0\x0d\0\0\x84\x08\0\0\0\xf6\x1d\0\0\x4b\0\
\0\0\0\0\0\0\xfd\x1d\0\0\x4b\0\0\0\x10\0\0\0\x03\x1e\0\0\x4b\0\0\0\x20\0\0\x08\
\x19\0\0\0\x4b\0\0\0\x28\0\0\x04\xa3\x14\0\0\x4b\0\0\0\x2c\0\0\x01\x09\x1e\0\0\
\x4b\0\0\0\x2d\0\0\x02\x0d\x1e\0\0\x4b\0\0\0\x2f\0\0\x01\x0f\x1e\0\0\x4b\0\0\0\
\x30\0\0\x04\x16\x1e\0\0\x4b\0\0\0\x34\0\0\x01\x1a\x1e\0\0\x4b\0\0\0\x35\0\0\
\x01\x1c\x1e\0\0\x4b\0\0\0\x36\0\0\x01\x1e\x1e\0\0\x4b\0\0\0\x37\0\0\x01\x20\
\x1e\0\0\x4b\0\0\0\x38\0\0\x08\0\0\0\0\0\0\0\x03\0\0\0\0\x1c\x01\0\0\x04\0\0\0\
\x03\0\0\0\0\0\0\0\0\0\0\x02\x1f\x01\0\0\x26\x1e\0\0\x4b\0\0\x04\x08\x07\0\0\
\x31\x1e\0\0\x52\0\0\0\0\0\0\0\x3d\x1e\0\0\x52\0\0\0\x80\0\0\0\x4a\x1e\0\0\x52\
\0\0\0\0\x01\0\0\x97\x0f\0\0\x50\0\0\0\x80\x01\0\0\x56\x1e\0\0\x54\0\0\0\x40\
\x02\0\0\x62\x1e\0\0\x52\0\0\0\x80\x02\0\0\x70\x1e\0\0\x91\0\0\0\0\x03\0\0\x7c\
\x1e\0\0\x52\0\0\0\x80\x03\0\0\x89\x1e\0\0\x02\0\0\0\0\x04\0\0\x95\x1e\0\0\x02\
\0\0\0\x20\x04\0\0\xa0\x1e\0\0\x02\0\0\0\x40\x04\0\0\x62\x06\0\0\x1e\x01\0\0\
\x80\x04\0\0\x65\x1b\0\0\xfd\0\0\0\xc0\x04\0\0\xab\x1e\0\0\x42\0\0\0\0\x05\0\0\
\x2f\x12\0\0\x20\x01\0\0\x40\x05\0\0\xb7\x1e\0\0\x39\0\0\0\x60\x05\0\0\x1c\x15\
\0\0\x21\x01\0\0\x80\x05\0\0\xc4\x1e\0\0\xf8\0\0\0\xc0\x05\0\0\xd0\x1e\0\0\x54\
\0\0\0\0\x06\0\0\xe3\x1e\0\0\x54\0\0\0\x40\x06\0\0\xf6\x1e\0\0\x54\0\0\0\x80\
\x06\0\0\xfd\x1e\0\0\x23\x01\0\0\xc0\x06\0\0\x02\x1f\0\0\x4b\0\0\0\xc0\x0a\0\0\
\x0e\x1f\0\0\x4b\0\0\0\xd0\x0a\0\0\x1d\x1f\0\0\x4b\0\0\0\xe0\x0a\0\0\x27\x1f\0\
\0\x29\x01\0\0\0\x0b\0\0\x42\x01\0\0\xfb\0\0\0\0\x11\0\0\x16\x1c\0\0\xf7\0\0\0\
\x40\x11\0\0\x2a\x1f\0\0\xf8\0\0\0\x80\x11\0\0\x43\x1f\0\0\xf8\0\0\0\xc0\x11\0\
\0\x5c\x1f\0\0\xf6\0\0\0\0\x12\0\0\x68\x1f\0\0\x52\0\0\0\x80\x16\0\0\x4a\x06\0\
\0\x1e\x01\0\0\0\x17\0\0\x73\x1f\0\0\x02\0\0\0\x40\x17\0\0\xe3\x0e\0\0\x02\0\0\
\0\x60\x17\0\0\x79\x1f\0\0\x52\0\0\0\x80\x17\0\0\x46\x16\0\0\x3b\0\0\0\0\x18\0\
\0\x85\x1f\0\0\xf6\0\0\0\x40\x18\0\0\x90\x1f\0\0\x45\0\0\0\xc0\x1c\0\0\x9b\x1f\
\0\0\x3a\x01\0\0\0\x1d\0\0\x9e\x1f\0\0\x52\0\0\0\x40\x1d\0\0\xa7\x1f\0\0\x2d\0\
\0\0\xc0\x1d\0\0\xb3\x1f\0\0\x02\0\0\0\0\x1e\0\0\xbf\x1f\0\0\x3b\x01\0\0\x40\
\x1e\0\0\xc5\x1f\0\0\x3d\x01\0\0\xc0\x20\0\0\xcc\x1f\0\0\x39\0\0\0\0\x21\0\0\
\xdb\x1f\0\0\x39\0\0\0\x20\x21\0\0\xe8\x1f\0\0\x39\0\0\0\x40\x21\0\0\xf8\x1f\0\
\0\x39\0\0\0\x60\x21\0\0\x08\x20\0\0\x2d\0\0\0\x80\x21\0\0\x15\x20\0\0\x3e\x01\
\0\0\xc0\x21\0\0\x21\x20\0\0\xb5\0\0\0\xc0\x22\0\0\x2e\x20\0\0\x39\0\0\0\x40\
\x23\0\0\x3b\x20\0\0\x45\0\0\0\x60\x23\0\0\x47\x20\0\0\x43\x01\0\0\x80\x23\0\0\
\x54\x20\0\0\x44\x01\0\0\x40\x26\0\0\x67\x20\0\0\x2d\0\0\0\x80\x26\0\0\x78\x20\
\0\0\x1e\x01\0\0\xc0\x26\0\0\x82\x20\0\0\x45\x01\0\0\0\x27\0\0\xf6\x17\0\0\xb5\
\0\0\0\x40\x27\0\0\x8a\x20\0\0\x47\x01\0\0\xc0\x27\0\0\x8d\x20\0\0\x54\0\0\0\0\
\x28\0\0\x90\x20\0\0\xf8\0\0\0\x40\x28\0\0\x9d\x20\0\0\x48\x01\0\0\x80\x28\0\0\
\xa3\x20\0\0\x4a\x01\0\0\xc0\x28\0\0\xb4\x20\0\0\x42\0\0\0\0\x29\0\0\xcd\x20\0\
\0\x4a\x01\0\0\x40\x29\0\0\xe3\x20\0\0\x59\x01\0\0\x80\x29\0\0\xe8\x20\0\0\x54\
\0\0\0\xc0\x29\0\0\xf3\x20\0\0\x5a\x01\0\0\0\x2a\0\0\xa4\x18\0\0\x5b\x01\0\0\
\x40\x2a\0\0\xfc\x20\0\0\x5c\x01\0\0\x80\x2a\0\0\x07\x21\0\0\x6a\x01\0\0\x40\
\x37\0\0\x24\x0e\0\0\x42\0\0\0\x80\x37\0\0\x0c\x21\0\0\x52\0\0\0\xc0\x37\0\0\
\x14\x21\0\0\x06\0\0\x06\x04\0\0\0\x25\x21\0\0\xfc\xff\xff\xff\x3b\x21\0\0\xfd\
\xff\xff\xff\x51\x21\0\0\xfe\xff\xff\xff\x68\x21\0\0\xff\xff\xff\xff\x7d\x21\0\
\0\0\0\0\0\x97\x21\0\0\x01\0\0\0\xaf\x21\0\0\0\0\0\x08\x22\x01\0\0\0\0\0\0\x01\
\0\0\x04\x08\0\0\0\xa3\x1c\0\0\xff\0\0\0\0\0\0\0\xb9\x21\0\0\x3b\0\0\x84\x80\0\
\0\0\x19\0\0\0\x41\0\0\0\0\0\0\0\x14\x1d\0\0\x41\0\0\0\x20\0\0\0\xc9\x21\0\0\
\x55\0\0\0\x40\0\0\0\0\0\0\0\x24\x01\0\0\x80\0\0\0\xd0\x21\0\0\x55\0\0\0\xc0\0\
\0\0\xdc\x21\0\0\x55\0\0\0\0\x01\0\0\xe8\x21\0\0\x55\0\0\0\x40\x01\0\x01\xf1\
\x21\0\0\x55\0\0\0\x41\x01\0\x01\xf9\x21\0\0\x55\0\0\0\x42\x01\0\x01\0\x22\0\0\
\x55\0\0\0\x43\x01\0\x01\x0a\x22\0\0\x55\0\0\0\x44\x01\0\x01\x17\x22\0\0\x55\0\
\0\0\x45\x01\0\x01\x26\x22\0\0\x55\0\0\0\x46\x01\0\x01\x31\x22\0\0\x55\0\0\0\
\x47\x01\0\x01\x3e\x22\0\0\x55\0\0\0\x48\x01\0\x01\x96\x07\0\0\x55\0\0\0\x49\
\x01\0\x01\x43\x22\0\0\x55\0\0\0\x4a\x01\0\x01\x48\x22\0\0\x55\0\0\0\x4b\x01\0\
\x01\x55\x22\0\0\x55\0\0\0\x4c\x01\0\x01\x1f\x1c\0\0\x55\0\0\0\x4d\x01\0\x01\
\x64\x22\0\0\x55\0\0\0\x4e\x01\0\x01\x6e\x22\0\0\x55\0\0\0\x4f\x01\0\x02\x79\
\x22\0\0\x55\0\0\0\x51\x01\0\x01\x83\x22\0\0\x55\0\0\0\x52\x01\0\x01\x91\x22\0\
\0\x55\0\0\0\x53\x01\0\x01\x9e\x22\0\0\x55\0\0\0\x54\x01\0\x01\xac\x22\0\0\x55\
\0\0\0\x55\x01\0\x01\xc5\x22\0\0\x55\0\0\0\x56\x01\0\x01\xdc\x22\0\0\x55\0\0\0\
\x57\x01\0\x01\xe2\x22\0\0\x55\0\0\0\x58\x01\0\x01\xec\x22\0\0\x55\0\0\0\x59\
\x01\0\x01\xf8\x22\0\0\x55\0\0\0\x5a\x01\0\x01\x07\x23\0\0\x55\0\0\0\x5b\x01\0\
\x01\x16\x23\0\0\x55\0\0\0\x5c\x01\0\x01\x21\x23\0\0\x55\0\0\0\x5d\x01\0\x01\
\x29\x23\0\0\x55\0\0\0\x5e\x01\0\x01\x33\x23\0\0\x55\0\0\0\x5f\x01\0\x01\x3e\
\x23\0\0\x55\0\0\0\x60\x01\0\x01\x45\x23\0\0\x55\0\0\0\x61\x01\0\x01\x4f\x23\0\
\0\x55\0\0\0\x62\x01\0\x01\x58\x23\0\0\x55\0\0\0\x63\x01\0\x01\x67\x23\0\0\x55\
\0\0\0\x64\x01\0\x01\x76\x23\0\0\x55\0\0\0\x65\x01\0\x01\x7e\x23\0\0\x55\0\0\0\
\x66\x01\0\x1a\0\0\0\0\x25\x01\0\0\x80\x01\0\0\x8b\x23\0\0\x41\0\0\0\xa0\x01\0\
\0\0\0\0\0\x26\x01\0\0\xc0\x01\0\0\0\0\0\0\x27\x01\0\0\0\x02\0\0\x93\x23\0\0\
\x55\0\0\0\x40\x02\0\0\xa6\x23\0\0\x55\0\0\0\x80\x02\0\0\xb7\x23\0\0\x41\0\0\0\
\xc0\x02\0\0\x61\x15\0\0\x28\x01\0\0\xe0\x02\0\0\xc9\x23\0\0\x55\0\0\0\0\x03\0\
\0\xda\x23\0\0\x41\0\0\0\x40\x03\0\0\xe8\x23\0\0\x4c\0\0\0\x60\x03\0\0\xf9\x23\
\0\0\x4c\0\0\0\x70\x03\0\0\x06\x24\0\0\x41\0\0\0\x80\x03\0\0\x16\x24\0\0\x41\0\
\0\0\xa0\x03\0\0\x23\x24\0\0\x55\0\0\0\xc0\x03\0\0\0\0\0\0\x02\0\0\x05\x08\0\0\
\0\x2c\x24\0\0\x55\0\0\0\0\0\0\0\x3a\x24\0\0\x55\0\0\0\0\0\0\0\0\0\0\0\x02\0\0\
\x05\x04\0\0\0\x46\x24\0\0\x41\0\0\0\0\0\0\0\x54\x24\0\0\x41\0\0\0\0\0\0\0\0\0\
\0\0\x04\0\0\x05\x08\0\0\0\x65\x24\0\0\x55\0\0\0\0\0\0\0\x6d\x24\0\0\x55\0\0\0\
\0\0\0\0\x79\x24\0\0\x55\0\0\0\0\0\0\0\x85\x24\0\0\x55\0\0\0\0\0\0\0\0\0\0\0\
\x04\0\0\x05\x08\0\0\0\x8d\x24\0\0\x55\0\0\0\0\0\0\0\x94\x24\0\0\x55\0\0\0\0\0\
\0\0\xa0\x24\0\0\x55\0\0\0\0\0\0\0\xad\x24\0\0\x55\0\0\0\0\0\0\0\xb5\x24\0\0\0\
\0\0\x08\x02\0\0\0\xbb\x24\0\0\x0c\0\0\x04\xc0\0\0\0\0\0\0\0\x2a\x01\0\0\0\0\0\
\0\xc9\x24\0\0\x3b\0\0\0\0\x03\0\0\x47\x20\0\0\x42\0\0\0\x40\x03\0\0\x67\x20\0\
\0\x2d\0\0\0\x80\x03\0\0\x2f\x12\0\0\x02\0\0\0\xc0\x03\0\0\xd0\x24\0\0\x21\x01\
\0\0\0\x04\0\0\x2c\x24\0\0\x54\0\0\0\x40\x04\0\0\0\0\0\0\x37\x01\0\0\x80\x04\0\
\0\xdb\x24\0\0\x54\0\0\0\0\x05\0\0\xea\x24\0\0\x54\0\0\0\x40\x05\0\0\xf5\x24\0\
\0\x54\0\0\0\x80\x05\0\0\x05\x25\0\0\x54\0\0\0\xc0\x05\0\0\0\0\0\0\x06\0\0\x05\
\x60\0\0\0\0\0\0\0\x2b\x01\0\0\0\0\0\0\0\0\0\0\x2d\x01\0\0\0\0\0\0\0\0\0\0\x2e\
\x01\0\0\0\0\0\0\0\0\0\0\x2f\x01\0\0\0\0\0\0\0\0\0\0\x30\x01\0\0\0\0\0\0\0\0\0\
\0\x36\x01\0\0\0\0\0\0\0\0\0\0\x0a\0\0\x04\x60\0\0\0\xc9\x21\0\0\x54\0\0\0\0\0\
\0\0\x16\x25\0\0\x54\0\0\0\x40\0\0\0\x1f\x25\0\0\x2d\0\0\0\x80\0\0\0\x2b\x25\0\
\0\x2d\0\0\0\xc0\0\0\0\x36\x25\0\0\x02\0\0\0\0\x01\0\0\x47\x25\0\0\x02\0\0\0\
\x20\x01\0\0\x4b\x25\0\0\x02\0\0\0\x40\x01\0\0\x28\x01\0\0\x02\0\0\0\x60\x01\0\
\0\x54\x25\0\0\x2c\x01\0\0\x80\x01\0\0\x5e\x25\0\0\x2c\x01\0\0\x40\x02\0\0\x69\
\x25\0\0\x04\0\0\x04\x18\0\0\0\xc9\x21\0\0\x54\0\0\0\0\0\0\0\x7d\x25\0\0\x39\0\
\0\0\x40\0\0\0\x81\x25\0\0\x02\0\0\0\x60\0\0\0\x47\x25\0\0\x02\0\0\0\x80\0\0\0\
\0\0\0\0\x01\0\0\x04\x40\0\0\0\x07\x12\0\0\x61\0\0\0\0\0\0\0\0\0\0\0\x01\0\0\
\x04\x10\0\0\0\x87\x25\0\0\x52\0\0\0\0\0\0\0\0\0\0\0\x02\0\0\x04\x10\0\0\0\x8f\
\x25\0\0\x54\0\0\0\0\0\0\0\x97\x25\0\0\x54\0\0\0\x40\0\0\0\0\0\0\0\x02\0\0\x04\
\x28\0\0\0\x9c\x25\0\0\x31\x01\0\0\0\0\0\0\xa1\x25\0\0\x32\x01\0\0\xc0\0\0\0\
\xa9\x25\0\0\x04\0\0\x04\x18\0\0\0\xbc\x25\0\0\x2d\0\0\0\0\0\0\0\xc4\x25\0\0\
\x2d\0\0\0\x40\0\0\0\xd1\x18\0\0\x69\0\0\0\x80\0\0\0\x19\0\0\0\x69\0\0\0\x88\0\
\0\0\xc9\x25\0\0\x02\0\0\x04\x10\0\0\0\xd5\x25\0\0\x33\x01\0\0\0\0\0\0\x4e\x0f\
\0\0\x35\x01\0\0\x40\0\0\0\xdb\x25\0\0\x01\0\0\x04\x08\0\0\0\x4e\x0f\0\0\x34\
\x01\0\0\0\0\0\0\0\0\0\0\0\0\0\x02\x33\x01\0\0\0\0\0\0\0\0\0\x02\x32\x01\0\0\0\
\0\0\0\x05\0\0\x04\x18\0\0\0\xe6\x25\0\0\x69\0\0\0\0\0\0\0\xf1\x25\0\0\x69\0\0\
\0\x08\0\0\0\xfc\x25\0\0\x4b\0\0\0\x10\0\0\0\x04\x26\0\0\x54\0\0\0\x40\0\0\0\
\x09\x26\0\0\x54\0\0\0\x80\0\0\0\0\0\0\0\x02\0\0\x05\x10\0\0\0\0\0\0\0\x38\x01\
\0\0\0\0\0\0\0\0\0\0\x39\x01\0\0\0\0\0\0\0\0\0\0\x02\0\0\x04\x10\0\0\0\x0f\x26\
\0\0\x54\0\0\0\0\0\0\0\x1b\x26\0\0\x21\x01\0\0\x40\0\0\0\0\0\0\0\x02\0\0\x04\
\x10\0\0\0\x27\x26\0\0\x54\0\0\0\0\0\0\0\x34\x26\0\0\x54\0\0\0\x40\0\0\0\0\0\0\
\0\0\0\0\x02\xd2\x01\0\0\x40\x26\0\0\0\0\0\x08\x3c\x01\0\0\x52\x26\0\0\x02\0\0\
\x04\x50\0\0\0\x0c\x16\0\0\xd8\0\0\0\0\0\0\0\x62\x26\0\0\x52\0\0\0\0\x02\0\0\0\
\0\0\0\0\0\0\x02\xb8\x01\0\0\x67\x26\0\0\x03\0\0\x04\x20\0\0\0\x0f\x12\0\0\x47\
\0\0\0\0\0\0\0\x04\x18\0\0\x3f\x01\0\0\x80\0\0\0\x70\x26\0\0\x42\x01\0\0\xc0\0\
\0\0\0\0\0\0\0\0\0\x02\x40\x01\0\0\0\0\0\0\x01\0\0\x0d\0\0\0\0\0\0\0\0\x41\x01\
\0\0\0\0\0\0\0\0\0\x02\x3e\x01\0\0\x78\x26\0\0\x01\0\0\x04\x08\0\0\0\x1f\x1c\0\
\0\x3b\0\0\0\0\0\0\0\x80\x26\0\0\x03\0\0\x04\x58\0\0\0\x47\x18\0\0\x52\0\0\0\0\
\0\0\0\x0c\x16\0\0\x98\0\0\0\x80\0\0\0\x97\x26\0\0\x39\0\0\0\x80\x02\0\0\0\0\0\
\0\0\0\0\x02\xd0\x01\0\0\0\0\0\0\0\0\0\x02\x46\x01\0\0\0\0\0\0\x01\0\0\x0d\0\0\
\0\0\0\0\0\0\x1e\x01\0\0\0\0\0\0\0\0\0\x02\xd7\x01\0\0\0\0\0\0\0\0\0\x02\x49\
\x01\0\0\0\0\0\0\x01\0\0\x0d\x54\0\0\0\0\0\0\0\0\0\0\0\xa7\x26\0\0\0\0\0\x08\
\x4b\x01\0\0\0\0\0\0\0\0\0\x02\x4c\x01\0\0\0\0\0\0\x03\0\0\x0d\0\0\0\0\0\0\0\0\
\x1e\x01\0\0\0\0\0\0\x4d\x01\0\0\0\0\0\0\x2b\0\0\0\0\0\0\0\0\0\0\x02\x4e\x01\0\
\0\xbf\x26\0\0\x18\0\0\x04\0\x01\0\0\xd0\x26\0\0\x54\0\0\0\0\0\0\0\xdd\x26\0\0\
\x54\0\0\0\x40\0\0\0\xe4\x26\0\0\x4f\x01\0\0\x80\0\0\0\x1d\x10\0\0\x50\x01\0\0\
\xc0\0\0\0\xed\x26\0\0\x52\x01\0\0\0\x01\0\0\xf6\x26\0\0\x54\0\0\0\x40\x01\0\0\
\xfa\x26\0\0\x54\0\0\0\x80\x01\0\0\xff\x26\0\0\x54\x01\0\0\xc0\x01\0\0\x19\0\0\
\0\x54\0\0\0\0\x02\0\0\x22\x01\0\0\x54\0\0\0\x40\x02\0\0\x03\x27\0\0\x55\x01\0\
\0\x80\x02\0\0\x55\x15\0\0\x54\0\0\0\xc0\x02\0\0\x8d\x20\0\0\x54\0\0\0\0\x03\0\
\0\x0d\x27\0\0\x54\0\0\0\x40\x03\0\0\x17\x27\0\0\x56\x01\0\0\x80\x03\0\0\x21\
\x27\0\0\x57\x01\0\0\xc0\x03\0\0\x2b\x27\0\0\x54\0\0\0\0\x04\0\0\x34\x27\0\0\
\x58\x01\0\0\x40\x04\0\0\x3e\x27\0\0\x58\x01\0\0\xc0\x04\0\0\x48\x27\0\0\x54\0\
\0\0\x40\x05\0\0\x58\x27\0\0\x54\0\0\0\x80\x05\0\0\x3e\x23\0\0\x54\0\0\0\xc0\
\x05\0\0\x62\x27\0\0\x54\0\0\0\0\x06\0\0\x71\x27\0\0\x54\0\0\0\x40\x06\0\0\0\0\
\0\0\0\0\0\x02\xd1\x01\0\0\x80\x27\0\0\x02\0\0\x05\x08\0\0\0\x93\x27\0\0\x55\0\
\0\0\0\0\0\0\0\0\0\0\x51\x01\0\0\0\0\0\0\0\0\0\0\x03\0\0\x04\x08\0\0\0\x98\x27\
\0\0\x41\0\0\0\0\0\0\0\xa0\x27\0\0\x4c\0\0\0\x20\0\0\0\xa7\x27\0\0\x4c\0\0\0\
\x30\0\0\0\xae\x27\0\0\x02\0\0\x05\x08\0\0\0\x4a\x15\0\0\x55\0\0\0\0\0\0\0\0\0\
\0\0\x53\x01\0\0\0\0\0\0\0\0\0\0\x0b\0\0\x84\x08\0\0\0\xc0\x27\0\0\x55\0\0\0\0\
\0\0\x05\xc7\x27\0\0\x55\0\0\0\x05\0\0\x0e\xcf\x27\0\0\x55\0\0\0\x13\0\0\x05\
\xd9\x27\0\0\x55\0\0\0\x18\0\0\x02\xe2\x27\0\0\x55\0\0\0\x1a\0\0\x07\xeb\x27\0\
\0\x55\0\0\0\x21\0\0\x04\xf7\x27\0\0\x55\0\0\0\x25\0\0\x01\x02\x28\0\0\x55\0\0\
\0\x26\0\0\x02\x0d\x28\0\0\x55\0\0\0\x28\0\0\x03\x15\x28\0\0\x55\0\0\0\x2b\0\0\
\x03\x1e\x28\0\0\x55\0\0\0\x2e\0\0\x12\0\0\0\0\0\0\0\x02\xd5\x01\0\0\0\0\0\0\
\x02\0\0\x04\x08\0\0\0\x28\x06\0\0\x40\0\0\0\0\0\0\0\x27\x28\0\0\x40\0\0\0\x20\
\0\0\0\0\0\0\0\x02\0\0\x04\x08\0\0\0\xe3\x0e\0\0\x40\0\0\0\0\0\0\0\x2b\x28\0\0\
\x40\0\0\0\x20\0\0\0\0\0\0\0\0\0\0\x02\xd3\x01\0\0\x34\x28\0\0\x02\0\0\x04\x10\
\0\0\0\x3e\x28\0\0\x55\0\0\0\0\0\0\0\x42\x28\0\0\x2b\0\0\0\x40\0\0\0\0\0\0\0\0\
\0\0\x02\xb0\x01\0\0\0\0\0\0\0\0\0\x02\xe8\x01\0\0\0\0\0\0\0\0\0\x02\xb7\x01\0\
\0\xfc\x20\0\0\x0c\0\0\x04\x98\x01\0\0\x04\x18\0\0\x5d\x01\0\0\0\0\0\0\x4e\x0f\
\0\0\x60\x01\0\0\x40\0\0\0\x28\x01\0\0\x2d\0\0\0\x80\0\0\0\x47\x28\0\0\x42\0\0\
\0\xc0\0\0\0\x4f\x28\0\0\x5d\x01\0\0\0\x01\0\0\x5a\x28\0\0\x63\x01\0\0\x40\x01\
\0\0\x65\x28\0\0\x65\x01\0\0\x40\x06\0\0\x6f\x28\0\0\x63\x01\0\0\x80\x06\0\0\
\x78\x28\0\0\x2d\0\0\0\x80\x0b\0\0\x83\x28\0\0\x2d\0\0\0\xc0\x0b\0\0\x47\x18\0\
\0\x52\0\0\0\0\x0c\0\0\x93\x28\0\0\x66\x01\0\0\x80\x0c\0\0\x9c\x28\0\0\0\0\0\
\x08\x5e\x01\0\0\0\0\0\0\0\0\0\x02\x5f\x01\0\0\0\0\0\0\x04\0\0\x0d\0\0\0\0\0\0\
\0\0\x2d\0\0\0\0\0\0\0\x2d\0\0\0\0\0\0\0\x60\x01\0\0\0\0\0\0\x61\x01\0\0\0\0\0\
\0\0\0\0\x02\x5c\x01\0\0\0\0\0\0\0\0\0\x02\x62\x01\0\0\xaa\x28\0\0\x01\0\0\x04\
\xa8\0\0\0\x42\x28\0\0\x2c\0\0\0\0\0\0\0\xb6\x28\0\0\x03\0\0\x04\xa0\0\0\0\xc6\
\x28\0\0\x64\x01\0\0\0\0\0\0\xd3\x28\0\0\x64\x01\0\0\x40\0\0\0\xdf\x28\0\0\xf6\
\0\0\0\x80\0\0\0\0\0\0\0\0\0\0\x02\xbb\x01\0\0\0\0\0\0\0\0\0\x02\x63\x01\0\0\
\xea\x28\0\0\0\0\0\x08\x67\x01\0\0\0\0\0\0\0\0\0\x02\x68\x01\0\0\0\0\0\0\x02\0\
\0\x0d\x02\0\0\0\0\0\0\0\x60\x01\0\0\0\0\0\0\x69\x01\0\0\xfc\x28\0\0\x03\0\0\
\x06\x04\0\0\0\x0b\x29\0\0\0\0\0\0\x35\x29\0\0\x01\0\0\0\x5f\x29\0\0\x02\0\0\0\
\0\0\0\0\0\0\0\x02\xd4\x01\0\0\0\0\0\0\0\0\0\x03\0\0\0\0\x1e\x01\0\0\x04\0\0\0\
\x04\0\0\0\0\0\0\0\0\0\0\x02\xbf\x01\0\0\xe6\x1d\0\0\x07\0\0\x04\x80\x10\0\0\
\x4b\x25\0\0\x39\0\0\0\0\0\0\0\x8a\x29\0\0\x2d\0\0\0\x40\0\0\0\x9b\x29\0\0\x6e\
\x01\0\0\x80\0\0\0\xa3\x29\0\0\x6e\x01\0\0\xc0\0\0\0\xb2\x29\0\0\x6f\x01\0\0\0\
\x01\0\0\xb7\x29\0\0\x6f\x01\0\0\x80\x01\0\0\xc2\x29\0\0\x70\x01\0\0\0\x02\0\0\
\0\0\0\0\0\0\0\x02\x70\x01\0\0\xcc\x29\0\0\x03\0\0\x04\x10\0\0\0\xdb\x29\0\0\
\x54\0\0\0\0\0\0\0\xe8\x29\0\0\x39\0\0\0\x40\0\0\0\xf5\x29\0\0\x39\0\0\0\x60\0\
\0\0\x9b\x29\0\0\x0a\0\0\x84\x40\x10\0\0\x14\x1d\0\0\x39\0\0\0\0\0\0\0\x07\x2a\
\0\0\x39\0\0\0\x20\0\0\0\x11\x2a\0\0\x54\0\0\0\x40\0\0\0\x1b\x2a\0\0\x54\0\0\0\
\x80\0\0\0\x2a\x2a\0\0\x54\0\0\0\xc0\0\0\0\x2e\x2a\0\0\x39\0\0\0\0\x01\0\x01\
\x38\x2a\0\0\x39\0\0\0\x01\x01\0\x01\x41\x2a\0\0\x39\0\0\0\x02\x01\0\x01\x51\
\x2a\0\0\x39\0\0\0\x03\x01\0\x01\x42\x28\0\0\x71\x01\0\0\0\x02\0\0\x58\x2a\0\0\
\x05\0\0\x05\0\x10\0\0\x65\x2a\0\0\x72\x01\0\0\0\0\0\0\x6b\x2a\0\0\x74\x01\0\0\
\0\0\0\0\x72\x2a\0\0\x7c\x01\0\0\0\0\0\0\x77\x2a\0\0\x7e\x01\0\0\0\0\0\0\x06\
\x19\0\0\x82\x01\0\0\0\0\0\0\x7d\x2a\0\0\x09\0\0\x04\x70\0\0\0\x89\x2a\0\0\x40\
\0\0\0\0\0\0\0\x8d\x2a\0\0\x40\0\0\0\x20\0\0\0\x91\x2a\0\0\x40\0\0\0\x40\0\0\0\
\x95\x2a\0\0\x40\0\0\0\x60\0\0\0\x99\x2a\0\0\x40\0\0\0\x80\0\0\0\x9d\x2a\0\0\
\x40\0\0\0\xa0\0\0\0\xa1\x2a\0\0\x40\0\0\0\xc0\0\0\0\xa5\x2a\0\0\x73\x01\0\0\
\xe0\0\0\0\xdc\x0e\0\0\x40\0\0\0\x60\x03\0\0\0\0\0\0\0\0\0\x03\0\0\0\0\x40\0\0\
\0\x04\0\0\0\x14\0\0\0\xae\x2a\0\0\x0b\0\0\x04\0\x02\0\0\x89\x2a\0\0\x4b\0\0\0\
\0\0\0\0\x8d\x2a\0\0\x4b\0\0\0\x10\0\0\0\x91\x2a\0\0\x4b\0\0\0\x20\0\0\0\xbb\
\x2a\0\0\x4b\0\0\0\x30\0\0\0\0\0\0\0\x75\x01\0\0\x40\0\0\0\xbf\x2a\0\0\x40\0\0\
\0\xc0\0\0\0\xc5\x2a\0\0\x40\0\0\0\xe0\0\0\0\xa5\x2a\0\0\x78\x01\0\0\0\x01\0\0\
\xd0\x2a\0\0\x79\x01\0\0\0\x05\0\0\xfc\x25\0\0\x7a\x01\0\0\0\x0d\0\0\0\0\0\0\
\x7b\x01\0\0\x80\x0e\0\0\0\0\0\0\x02\0\0\x05\x10\0\0\0\0\0\0\0\x76\x01\0\0\0\0\
\0\0\0\0\0\0\x77\x01\0\0\0\0\0\0\0\0\0\0\x02\0\0\x04\x10\0\0\0\xda\x2a\0\0\x54\
\0\0\0\0\0\0\0\xde\x2a\0\0\x54\0\0\0\x40\0\0\0\0\0\0\0\x04\0\0\x04\x10\0\0\0\
\x95\x2a\0\0\x40\0\0\0\0\0\0\0\x99\x2a\0\0\x40\0\0\0\x20\0\0\0\x9d\x2a\0\0\x40\
\0\0\0\x40\0\0\0\xa1\x2a\0\0\x40\0\0\0\x60\0\0\0\0\0\0\0\0\0\0\x03\0\0\0\0\x40\
\0\0\0\x04\0\0\0\x20\0\0\0\0\0\0\0\0\0\0\x03\0\0\0\0\x40\0\0\0\x04\0\0\0\x40\0\
\0\0\0\0\0\0\0\0\0\x03\0\0\0\0\x40\0\0\0\x04\0\0\0\x0c\0\0\0\0\0\0\0\x02\0\0\
\x05\x30\0\0\0\xe2\x2a\0\0\x7a\x01\0\0\0\0\0\0\xeb\x2a\0\0\x7a\x01\0\0\0\0\0\0\
\xf7\x2a\0\0\x10\0\0\x04\x88\0\0\0\x89\x2a\0\0\x40\0\0\0\0\0\0\0\x8d\x2a\0\0\
\x40\0\0\0\x20\0\0\0\x91\x2a\0\0\x40\0\0\0\x40\0\0\0\x95\x2a\0\0\x40\0\0\0\x60\
\0\0\0\x99\x2a\0\0\x40\0\0\0\x80\0\0\0\x9d\x2a\0\0\x40\0\0\0\xa0\0\0\0\xa1\x2a\
\0\0\x40\0\0\0\xc0\0\0\0\xa5\x2a\0\0\x73\x01\0\0\xe0\0\0\0\x04\x2b\0\0\x69\0\0\
\0\x60\x03\0\0\x09\x2b\0\0\x69\0\0\0\x68\x03\0\0\x11\x2b\0\0\x69\0\0\0\x70\x03\
\0\0\x1b\x2b\0\0\x69\0\0\0\x78\x03\0\0\x25\x2b\0\0\x69\0\0\0\x80\x03\0\0\x28\
\x2b\0\0\x69\0\0\0\x88\x03\0\0\x9c\x25\0\0\x7d\x01\0\0\xc0\x03\0\0\x2f\x2b\0\0\
\x40\0\0\0\0\x04\0\0\0\0\0\0\0\0\0\x02\xc6\x01\0\0\x39\x2b\0\0\x03\0\0\x04\x40\
\x02\0\0\x45\x2b\0\0\x74\x01\0\0\0\0\0\0\x4a\x2b\0\0\x7f\x01\0\0\0\x10\0\0\x51\
\x2b\0\0\x81\x01\0\0\0\x12\0\0\x65\x2b\0\0\x03\0\0\x04\x40\0\0\0\x11\x2a\0\0\
\x54\0\0\0\0\0\0\0\x73\x2b\0\0\x54\0\0\0\x40\0\0\0\x2b\x28\0\0\x80\x01\0\0\x80\
\0\0\0\0\0\0\0\0\0\0\x03\0\0\0\0\x54\0\0\0\x04\0\0\0\x06\0\0\0\0\0\0\0\0\0\0\
\x03\0\0\0\0\x69\0\0\0\x04\0\0\0\0\0\0\0\0\0\0\0\0\0\0\x03\0\0\0\0\x69\0\0\0\
\x04\0\0\0\0\x10\0\0\0\0\0\0\0\0\0\x02\x84\x01\0\0\x7c\x2b\0\0\0\0\0\x07\0\0\0\
\0\0\0\0\0\x01\0\0\x0d\x02\0\0\0\x42\x01\0\0\x83\x01\0\0\x97\x2b\0\0\x01\0\0\
\x0c\x85\x01\0\0\0\0\0\0\0\0\0\x02\x88\x01\0\0\xa5\x2b\0\0\x06\0\0\x04\x38\0\0\
\0\x9c\x25\0\0\x89\x01\0\0\0\0\0\0\xb3\x2b\0\0\x8b\x01\0\0\0\x01\0\0\xc3\x2b\0\
\0\x8a\x01\0\0\x40\x01\0\0\xce\x2b\0\0\x8a\x01\0\0\x60\x01\0\0\xd9\x2b\0\0\x8a\
\x01\0\0\x80\x01\0\0\xe4\x2b\0\0\x8a\x01\0\0\xa0\x01\0\0\xf3\x2b\0\0\x04\0\0\
\x04\x1c\0\0\0\x28\x06\0\0\x8a\x01\0\0\0\0\0\0\x2c\x06\0\0\x8a\x01\0\0\x20\0\0\
\0\x04\x2c\0\0\x8a\x01\0\0\x40\0\0\0\x96\x07\0\0\xbc\0\0\0\x60\0\0\0\xe7\x0e\0\
\0\0\0\0\x08\x39\0\0\0\x69\x10\0\0\0\0\0\x08\x56\0\0\0\0\0\0\0\x01\0\0\x0d\x02\
\0\0\0\x1f\x1c\0\0\x87\x01\0\0\x0b\x2c\0\0\0\0\0\x0c\x8c\x01\0\0\0\0\0\0\0\0\0\
\x02\x8f\x01\0\0\x23\x2c\0\0\x06\0\0\x04\x20\0\0\0\x2c\x06\0\0\x8a\x01\0\0\0\0\
\0\0\xc3\x2b\0\0\x8a\x01\0\0\x20\0\0\0\xce\x2b\0\0\x8a\x01\0\0\x40\0\0\0\xd9\
\x2b\0\0\x8a\x01\0\0\x60\0\0\0\xb3\x2b\0\0\x8b\x01\0\0\x80\0\0\0\xe4\x2b\0\0\
\x8a\x01\0\0\xc0\0\0\0\0\0\0\0\x01\0\0\x0d\x02\0\0\0\x34\x2c\0\0\x8e\x01\0\0\
\x3c\x2c\0\0\0\0\0\x0c\x90\x01\0\0\0\0\0\0\0\0\0\x02\x93\x01\0\0\x57\x2c\0\0\0\
\0\0\x07\0\0\0\0\0\0\0\0\x01\0\0\x0d\x02\0\0\0\x42\x01\0\0\x92\x01\0\0\x72\x2c\
\0\0\x01\0\0\x0c\x94\x01\0\0\0\0\0\0\0\0\0\x02\x56\0\0\0\0\0\0\0\x01\0\0\x0d\
\x02\0\0\0\x42\x01\0\0\x96\x01\0\0\x7e\x2c\0\0\x01\0\0\x0c\x97\x01\0\0\x8f\x2c\
\0\0\x01\0\0\x0c\x97\x01\0\0\x9f\x2c\0\0\x01\0\0\x0c\x97\x01\0\0\xb1\x2c\0\0\
\x01\0\0\x0c\x97\x01\0\0\xc2\x2c\0\0\x01\0\0\x0c\x97\x01\0\0\0\0\0\0\0\0\0\x03\
\0\0\0\0\xac\0\0\0\x04\0\0\0\x0d\0\0\0\xd6\x2c\0\0\0\0\0\x0e\x9d\x01\0\0\x01\0\
\0\0\0\0\0\0\0\0\0\x03\0\0\0\0\xab\0\0\0\x04\0\0\0\x1c\0\0\0\xde\x2c\0\0\0\0\0\
\x0e\x9f\x01\0\0\0\0\0\0\0\0\0\0\0\0\0\x0a\x8a\x01\0\0\xfb\x2c\0\0\0\0\0\x0e\
\xa1\x01\0\0\0\0\0\0\0\0\0\0\0\0\0\x03\0\0\0\0\xab\0\0\0\x04\0\0\0\x1d\0\0\0\0\
\x2d\0\0\0\0\0\x0e\xa3\x01\0\0\0\0\0\0\x20\x2d\0\0\0\0\0\x0e\x9f\x01\0\0\0\0\0\
\0\x42\x2d\0\0\0\0\0\x0e\xa1\x01\0\0\0\0\0\0\x46\x2d\0\0\0\0\0\x0e\xa3\x01\0\0\
\0\0\0\0\0\0\0\0\0\0\0\x03\0\0\0\0\xab\0\0\0\x04\0\0\0\x1f\0\0\0\x69\x2d\0\0\0\
\0\0\x0e\xa8\x01\0\0\0\0\0\0\x8e\x2d\0\0\0\0\0\x07\0\0\0\0\x5a\x08\0\0\0\0\0\
\x07\0\0\0\0\xc5\x09\0\0\0\0\0\x07\0\0\0\0\xa9\x09\0\0\0\0\0\x07\0\0\0\0\xa0\
\x2d\0\0\0\0\0\x07\0\0\0\0\xa9\x2d\0\0\0\0\0\x07\0\0\0\0\xbb\x2d\0\0\0\0\0\x07\
\0\0\0\0\xc4\x2d\0\0\0\0\0\x07\0\0\0\0\xe1\x09\0\0\0\0\0\x07\0\0\0\0\xf1\x0f\0\
\0\0\0\0\x07\0\0\0\0\xd0\x2d\0\0\0\0\0\x07\0\0\0\0\x7c\x07\0\0\0\0\0\x07\0\0\0\
\0\xdb\x2d\0\0\0\0\0\x07\0\0\0\0\xe3\x2d\0\0\0\0\0\x07\0\0\0\0\xf0\x2d\0\0\0\0\
\0\x07\0\0\0\0\xfe\x2d\0\0\0\0\0\x07\0\0\0\0\x0b\x2e\0\0\0\0\0\x07\0\0\0\0\x15\
\x2e\0\0\0\0\0\x07\0\0\0\0\x21\x2e\0\0\0\0\0\x07\0\0\0\0\x32\x2e\0\0\0\0\0\x07\
\0\0\0\0\x41\x2e\0\0\0\0\0\x07\0\0\0\0\xb0\x1d\0\0\0\0\0\x07\0\0\0\0\xd6\x09\0\
\0\0\0\0\x07\0\0\0\0\x54\x2e\0\0\0\0\0\x07\0\0\0\0\x62\x2e\0\0\0\0\0\x07\0\0\0\
\0\x95\x16\0\0\0\0\0\x07\0\0\0\0\x71\x2e\0\0\0\0\0\x07\0\0\0\0\x80\x2e\0\0\0\0\
\0\x07\0\0\0\0\x95\x2e\0\0\0\0\0\x07\0\0\0\0\xa3\x2e\0\0\0\0\0\x07\0\0\0\0\x23\
\x0b\0\0\0\0\0\x07\0\0\0\0\xae\x2e\0\0\0\0\0\x07\0\0\0\0\xb8\x2e\0\0\0\0\0\x07\
\0\0\0\0\x9b\x07\0\0\0\0\0\x07\0\0\0\0\xea\x07\0\0\0\0\0\x07\0\0\0\0\xe2\x0b\0\
\0\0\0\0\x07\0\0\0\0\xc5\x2e\0\0\0\0\0\x07\0\0\0\0\x0f\x1d\0\0\0\0\0\x07\0\0\0\
\0\xd4\x2e\0\0\0\0\0\x07\0\0\0\0\xeb\x2e\0\0\0\0\0\x07\0\0\0\0\xfd\x2e\0\0\0\0\
\0\x07\0\0\0\0\x09\x2f\0\0\0\0\0\x07\0\0\0\0\x1e\x2f\0\0\0\0\0\x07\0\0\0\0\x2a\
\x2f\0\0\0\0\0\x07\0\0\0\0\x28\x06\0\0\0\0\0\x07\0\0\0\0\x3a\x2f\0\0\0\0\0\x07\
\0\0\0\0\x48\x2f\0\0\0\0\0\x07\0\0\0\0\x65\x1b\0\0\0\0\0\x07\0\0\0\0\x58\x2f\0\
\0\0\0\0\x07\0\0\0\0\x5f\x2f\0\0\0\0\0\x07\0\0\0\0\xb7\x09\0\0\0\0\0\x07\0\0\0\
\0\x68\x2f\0\0\0\0\0\x07\0\0\0\0\x76\x2f\0\0\0\0\0\x07\0\0\0\0\x34\x0c\0\0\0\0\
\0\x07\0\0\0\0\x87\x2f\0\0\0\0\0\x07\0\0\0\0\xf9\x02\0\0\0\0\0\x07\0\0\0\0\x97\
\x2f\0\0\0\0\0\x07\0\0\0\0\xa6\x2f\0\0\0\0\0\x07\0\0\0\0\xb4\x2f\0\0\0\0\0\x07\
\0\0\0\0\xc3\x2f\0\0\0\0\0\x07\0\0\0\0\xd1\x2f\0\0\0\0\0\x07\0\0\0\0\xe1\x2f\0\
\0\0\0\0\x07\0\0\0\0\xec\x2f\0\0\0\0\0\x07\0\0\0\0\xfd\x2f\0\0\0\0\0\x07\0\0\0\
\0\x09\x30\0\0\0\0\0\x07\0\0\0\0\x63\x01\0\0\0\0\0\x07\0\0\0\0\x85\x41\0\0\x01\
\0\0\x0f\x0d\0\0\0\x9e\x01\0\0\0\0\0\0\x0d\0\0\0\x8d\x41\0\0\x08\0\0\x0f\xd0\0\
\0\0\x0c\0\0\0\0\0\0\0\x20\0\0\0\x12\0\0\0\x20\0\0\0\x20\0\0\0\x1a\0\0\0\x40\0\
\0\0\x20\0\0\0\x1b\0\0\0\x60\0\0\0\x20\0\0\0\x1f\0\0\0\x80\0\0\0\x20\0\0\0\x25\
\0\0\0\xa0\0\0\0\x10\0\0\0\x29\0\0\0\xb0\0\0\0\x10\0\0\0\x2a\0\0\0\xc0\0\0\0\
\x10\0\0\0\x93\x41\0\0\x07\0\0\x0f\x9c\0\0\0\xa0\x01\0\0\0\0\0\0\x1c\0\0\0\xa2\
\x01\0\0\x1c\0\0\0\x04\0\0\0\xa4\x01\0\0\x20\0\0\0\x1d\0\0\0\xa5\x01\0\0\x3d\0\
\0\0\x1c\0\0\0\xa6\x01\0\0\x5c\0\0\0\x04\0\0\0\xa7\x01\0\0\x60\0\0\0\x1d\0\0\0\
\xa9\x01\0\0\x7d\0\0\0\x1f\0\0\0\0\x69\x6e\x74\0\x5f\x5f\x41\x52\x52\x41\x59\
\x5f\x53\x49\x5a\x45\x5f\x54\x59\x50\x45\x5f\x5f\0\x74\x79\x70\x65\0\x6b\x65\
\x79\x5f\x73\x69\x7a\x65\0\x76\x61\x6c\x75\x65\x5f\x73\x69\x7a\x65\0\x6d\x61\
\x78\x5f\x65\x6e\x74\x72\x69\x65\x73\0\x74\x61\x73\x6b\x5f\x6d\x6d\x5f\x73\x74\
\x61\x74\x73\x5f\x6d\x61\x70\0\x70\x72\x6f\x63\x65\x73\x73\x5f\x6d\x6d\x5f\x73\
\x74\x61\x74\x73\x5f\x6d\x61\x70\0\x74\x61\x73\x6b\x5f\x6d\x6d\x5f\x6f\x63\x63\
\x75\x70\x69\x65\x64\x5f\x6c\x69\x73\x74\0\x70\x72\x6f\x63\x65\x73\x73\x5f\x6d\
\x6d\x5f\x6f\x63\x63\x75\x70\x69\x65\x64\x5f\x6c\x69\x73\x74\0\x74\x68\x72\x65\
\x68\x6f\x6c\x64\x5f\x6d\x61\x70\0\x74\x61\x73\x6b\x5f\x6d\x6d\x5f\x73\x74\x61\
\x74\x73\x5f\x62\x75\x66\x66\x65\x72\0\x70\x72\x6f\x63\x65\x73\x73\x5f\x6d\x6d\
\x5f\x73\x74\x61\x74\x73\x5f\x62\x75\x66\x66\x65\x72\0\x6f\x6f\x6d\x5f\x65\x76\
\x65\x6e\x74\x5f\x62\x75\x66\x66\x65\x72\0\x70\x74\x5f\x72\x65\x67\x73\0\x72\
\x31\x35\0\x72\x31\x34\0\x72\x31\x33\0\x72\x31\x32\0\x62\x70\0\x62\x78\0\x72\
\x31\x31\0\x72\x31\x30\0\x72\x39\0\x72\x38\0\x61\x78\0\x63\x78\0\x64\x78\0\x73\
\x69\0\x64\x69\0\x6f\x72\x69\x67\x5f\x61\x78\0\x69\x70\0\x63\x73\0\x66\x6c\x61\
\x67\x73\0\x73\x70\0\x73\x73\0\x75\x6e\x73\x69\x67\x6e\x65\x64\x20\x6c\x6f\x6e\
\x67\0\x63\x74\x78\0\x6f\x6f\x6d\x5f\x6b\x69\x6c\x6c\x5f\x70\x72\x6f\x63\x65\
\x73\x73\0\x6f\x6f\x6d\x5f\x63\x6f\x6e\x74\x72\x6f\x6c\0\x7a\x6f\x6e\x65\x6c\
\x69\x73\x74\0\x6e\x6f\x64\x65\x6d\x61\x73\x6b\0\x6d\x65\x6d\x63\x67\0\x67\x66\
\x70\x5f\x6d\x61\x73\x6b\0\x6f\x72\x64\x65\x72\0\x74\x6f\x74\x61\x6c\x70\x61\
\x67\x65\x73\0\x63\x68\x6f\x73\x65\x6e\0\x63\x68\x6f\x73\x65\x6e\x5f\x70\x6f\
\x69\x6e\x74\x73\0\x63\x6f\x6e\x73\x74\x72\x61\x69\x6e\x74\0\x6e\x6f\x64\x65\
\x6d\x61\x73\x6b\x5f\x74\0\x62\x69\x74\x73\0\x67\x66\x70\x5f\x74\0\x75\x6e\x73\
\x69\x67\x6e\x65\x64\x20\x69\x6e\x74\0\x6c\x6f\x6e\x67\0\x6f\x6f\x6d\x5f\x63\
\x6f\x6e\x73\x74\x72\x61\x69\x6e\x74\0\x43\x4f\x4e\x53\x54\x52\x41\x49\x4e\x54\
\x5f\x4e\x4f\x4e\x45\0\x43\x4f\x4e\x53\x54\x52\x41\x49\x4e\x54\x5f\x43\x50\x55\
\x53\x45\x54\0\x43\x4f\x4e\x53\x54\x52\x41\x49\x4e\x54\x5f\x4d\x45\x4d\x4f\x52\
\x59\x5f\x50\x4f\x4c\x49\x43\x59\0\x43\x4f\x4e\x53\x54\x52\x41\x49\x4e\x54\x5f\
\x4d\x45\x4d\x43\x47\0\x74\x61\x73\x6b\x5f\x73\x74\x72\x75\x63\x74\0\x74\x68\
\x72\x65\x61\x64\x5f\x69\x6e\x66\x6f\0\x5f\x5f\x73\x74\x61\x74\x65\0\x73\x74\
\x61\x63\x6b\0\x75\x73\x61\x67\x65\0\x70\x74\x72\x61\x63\x65\0\x6f\x6e\x5f\x63\
\x70\x75\0\x77\x61\x6b\x65\x5f\x65\x6e\x74\x72\x79\0\x77\x61\x6b\x65\x65\x5f\
\x66\x6c\x69\x70\x73\0\x77\x61\x6b\x65\x65\x5f\x66\x6c\x69\x70\x5f\x64\x65\x63\
\x61\x79\x5f\x74\x73\0\x6c\x61\x73\x74\x5f\x77\x61\x6b\x65\x65\0\x72\x65\x63\
\x65\x6e\x74\x5f\x75\x73\x65\x64\x5f\x63\x70\x75\0\x77\x61\x6b\x65\x5f\x63\x70\
\x75\0\x6f\x6e\x5f\x72\x71\0\x70\x72\x69\x6f\0\x73\x74\x61\x74\x69\x63\x5f\x70\
\x72\x69\x6f\0\x6e\x6f\x72\x6d\x61\x6c\x5f\x70\x72\x69\x6f\0\x72\x74\x5f\x70\
\x72\x69\x6f\x72\x69\x74\x79\0\x73\x65\0\x72\x74\0\x64\x6c\0\x73\x63\x68\x65\
\x64\x5f\x63\x6c\x61\x73\x73\0\x73\x63\x68\x65\x64\x5f\x74\x61\x73\x6b\x5f\x67\
\x72\x6f\x75\x70\0\x73\x74\x61\x74\x73\0\x62\x74\x72\x61\x63\x65\x5f\x73\x65\
\x71\0\x70\x6f\x6c\x69\x63\x79\0\x6e\x72\x5f\x63\x70\x75\x73\x5f\x61\x6c\x6c\
\x6f\x77\x65\x64\0\x63\x70\x75\x73\x5f\x70\x74\x72\0\x75\x73\x65\x72\x5f\x63\
\x70\x75\x73\x5f\x70\x74\x72\0\x63\x70\x75\x73\x5f\x6d\x61\x73\x6b\0\x6d\x69\
\x67\x72\x61\x74\x69\x6f\x6e\x5f\x70\x65\x6e\x64\x69\x6e\x67\0\x6d\x69\x67\x72\
\x61\x74\x69\x6f\x6e\x5f\x64\x69\x73\x61\x62\x6c\x65\x64\0\x6d\x69\x67\x72\x61\
\x74\x69\x6f\x6e\x5f\x66\x6c\x61\x67\x73\0\x72\x63\x75\x5f\x72\x65\x61\x64\x5f\
\x6c\x6f\x63\x6b\x5f\x6e\x65\x73\x74\x69\x6e\x67\0\x72\x63\x75\x5f\x72\x65\x61\
\x64\x5f\x75\x6e\x6c\x6f\x63\x6b\x5f\x73\x70\x65\x63\x69\x61\x6c\0\x72\x63\x75\
\x5f\x6e\x6f\x64\x65\x5f\x65\x6e\x74\x72\x79\0\x72\x63\x75\x5f\x62\x6c\x6f\x63\
\x6b\x65\x64\x5f\x6e\x6f\x64\x65\0\x72\x63\x75\x5f\x74\x61\x73\x6b\x73\x5f\x6e\
\x76\x63\x73\x77\0\x72\x63\x75\x5f\x74\x61\x73\x6b\x73\x5f\x68\x6f\x6c\x64\x6f\
\x75\x74\0\x72\x63\x75\x5f\x74\x61\x73\x6b\x73\x5f\x69\x64\x78\0\x72\x63\x75\
\x5f\x74\x61\x73\x6b\x73\x5f\x69\x64\x6c\x65\x5f\x63\x70\x75\0\x72\x63\x75\x5f\
\x74\x61\x73\x6b\x73\x5f\x68\x6f\x6c\x64\x6f\x75\x74\x5f\x6c\x69\x73\x74\0\x74\
\x72\x63\x5f\x72\x65\x61\x64\x65\x72\x5f\x6e\x65\x73\x74\x69\x6e\x67\0\x74\x72\
\x63\x5f\x69\x70\x69\x5f\x74\x6f\x5f\x63\x70\x75\0\x74\x72\x63\x5f\x72\x65\x61\
\x64\x65\x72\x5f\x73\x70\x65\x63\x69\x61\x6c\0\x74\x72\x63\x5f\x68\x6f\x6c\x64\
\x6f\x75\x74\x5f\x6c\x69\x73\x74\0\x74\x72\x63\x5f\x62\x6c\x6b\x64\x5f\x6e\x6f\
\x64\x65\0\x74\x72\x63\x5f\x62\x6c\x6b\x64\x5f\x63\x70\x75\0\x73\x63\x68\x65\
\x64\x5f\x69\x6e\x66\x6f\0\x74\x61\x73\x6b\x73\0\x70\x75\x73\x68\x61\x62\x6c\
\x65\x5f\x74\x61\x73\x6b\x73\0\x70\x75\x73\x68\x61\x62\x6c\x65\x5f\x64\x6c\x5f\
\x74\x61\x73\x6b\x73\0\x6d\x6d\0\x61\x63\x74\x69\x76\x65\x5f\x6d\x6d\0\x72\x73\
\x73\x5f\x73\x74\x61\x74\0\x65\x78\x69\x74\x5f\x73\x74\x61\x74\x65\0\x65\x78\
\x69\x74\x5f\x63\x6f\x64\x65\0\x65\x78\x69\x74\x5f\x73\x69\x67\x6e\x61\x6c\0\
\x70\x64\x65\x61\x74\x68\x5f\x73\x69\x67\x6e\x61\x6c\0\x6a\x6f\x62\x63\x74\x6c\
\0\x70\x65\x72\x73\x6f\x6e\x61\x6c\x69\x74\x79\0\x73\x63\x68\x65\x64\x5f\x72\
\x65\x73\x65\x74\x5f\x6f\x6e\x5f\x66\x6f\x72\x6b\0\x73\x63\x68\x65\x64\x5f\x63\
\x6f\x6e\x74\x72\x69\x62\x75\x74\x65\x73\x5f\x74\x6f\x5f\x6c\x6f\x61\x64\0\x73\
\x63\x68\x65\x64\x5f\x6d\x69\x67\x72\x61\x74\x65\x64\0\x73\x63\x68\x65\x64\x5f\
\x72\x65\x6d\x6f\x74\x65\x5f\x77\x61\x6b\x65\x75\x70\0\x69\x6e\x5f\x65\x78\x65\
\x63\x76\x65\0\x69\x6e\x5f\x69\x6f\x77\x61\x69\x74\0\x72\x65\x73\x74\x6f\x72\
\x65\x5f\x73\x69\x67\x6d\x61\x73\x6b\0\x69\x6e\x5f\x75\x73\x65\x72\x5f\x66\x61\
\x75\x6c\x74\0\x62\x72\x6b\x5f\x72\x61\x6e\x64\x6f\x6d\x69\x7a\x65\x64\0\x6e\
\x6f\x5f\x63\x67\x72\x6f\x75\x70\x5f\x6d\x69\x67\x72\x61\x74\x69\x6f\x6e\0\x66\
\x72\x6f\x7a\x65\x6e\0\x75\x73\x65\x5f\x6d\x65\x6d\x64\x65\x6c\x61\x79\0\x69\
\x6e\x5f\x65\x76\x65\x6e\x74\x66\x64\0\x72\x65\x70\x6f\x72\x74\x65\x64\x5f\x73\
\x70\x6c\x69\x74\x5f\x6c\x6f\x63\x6b\0\x69\x6e\x5f\x74\x68\x72\x61\x73\x68\x69\
\x6e\x67\0\x61\x74\x6f\x6d\x69\x63\x5f\x66\x6c\x61\x67\x73\0\x72\x65\x73\x74\
\x61\x72\x74\x5f\x62\x6c\x6f\x63\x6b\0\x70\x69\x64\0\x74\x67\x69\x64\0\x73\x74\
\x61\x63\x6b\x5f\x63\x61\x6e\x61\x72\x79\0\x72\x65\x61\x6c\x5f\x70\x61\x72\x65\
\x6e\x74\0\x70\x61\x72\x65\x6e\x74\0\x63\x68\x69\x6c\x64\x72\x65\x6e\0\x73\x69\
\x62\x6c\x69\x6e\x67\0\x67\x72\x6f\x75\x70\x5f\x6c\x65\x61\x64\x65\x72\0\x70\
\x74\x72\x61\x63\x65\x64\0\x70\x74\x72\x61\x63\x65\x5f\x65\x6e\x74\x72\x79\0\
\x74\x68\x72\x65\x61\x64\x5f\x70\x69\x64\0\x70\x69\x64\x5f\x6c\x69\x6e\x6b\x73\
\0\x74\x68\x72\x65\x61\x64\x5f\x67\x72\x6f\x75\x70\0\x74\x68\x72\x65\x61\x64\
\x5f\x6e\x6f\x64\x65\0\x76\x66\x6f\x72\x6b\x5f\x64\x6f\x6e\x65\0\x73\x65\x74\
\x5f\x63\x68\x69\x6c\x64\x5f\x74\x69\x64\0\x63\x6c\x65\x61\x72\x5f\x63\x68\x69\
\x6c\x64\x5f\x74\x69\x64\0\x77\x6f\x72\x6b\x65\x72\x5f\x70\x72\x69\x76\x61\x74\
\x65\0\x75\x74\x69\x6d\x65\0\x73\x74\x69\x6d\x65\0\x67\x74\x69\x6d\x65\0\x70\
\x72\x65\x76\x5f\x63\x70\x75\x74\x69\x6d\x65\0\x6e\x76\x63\x73\x77\0\x6e\x69\
\x76\x63\x73\x77\0\x73\x74\x61\x72\x74\x5f\x74\x69\x6d\x65\0\x73\x74\x61\x72\
\x74\x5f\x62\x6f\x6f\x74\x74\x69\x6d\x65\0\x6d\x69\x6e\x5f\x66\x6c\x74\0\x6d\
\x61\x6a\x5f\x66\x6c\x74\0\x70\x6f\x73\x69\x78\x5f\x63\x70\x75\x74\x69\x6d\x65\
\x72\x73\0\x70\x6f\x73\x69\x78\x5f\x63\x70\x75\x74\x69\x6d\x65\x72\x73\x5f\x77\
\x6f\x72\x6b\0\x70\x74\x72\x61\x63\x65\x72\x5f\x63\x72\x65\x64\0\x72\x65\x61\
\x6c\x5f\x63\x72\x65\x64\0\x63\x72\x65\x64\0\x63\x61\x63\x68\x65\x64\x5f\x72\
\x65\x71\x75\x65\x73\x74\x65\x64\x5f\x6b\x65\x79\0\x63\x6f\x6d\x6d\0\x6e\x61\
\x6d\x65\x69\x64\x61\x74\x61\0\x73\x79\x73\x76\x73\x65\x6d\0\x73\x79\x73\x76\
\x73\x68\x6d\0\x6c\x61\x73\x74\x5f\x73\x77\x69\x74\x63\x68\x5f\x63\x6f\x75\x6e\
\x74\0\x6c\x61\x73\x74\x5f\x73\x77\x69\x74\x63\x68\x5f\x74\x69\x6d\x65\0\x66\
\x73\0\x66\x69\x6c\x65\x73\0\x69\x6f\x5f\x75\x72\x69\x6e\x67\0\x6e\x73\x70\x72\
\x6f\x78\x79\0\x73\x69\x67\x6e\x61\x6c\0\x73\x69\x67\x68\x61\x6e\x64\0\x62\x6c\
\x6f\x63\x6b\x65\x64\0\x72\x65\x61\x6c\x5f\x62\x6c\x6f\x63\x6b\x65\x64\0\x73\
\x61\x76\x65\x64\x5f\x73\x69\x67\x6d\x61\x73\x6b\0\x70\x65\x6e\x64\x69\x6e\x67\
\0\x73\x61\x73\x5f\x73\x73\x5f\x73\x70\0\x73\x61\x73\x5f\x73\x73\x5f\x73\x69\
\x7a\x65\0\x73\x61\x73\x5f\x73\x73\x5f\x66\x6c\x61\x67\x73\0\x74\x61\x73\x6b\
\x5f\x77\x6f\x72\x6b\x73\0\x61\x75\x64\x69\x74\x5f\x63\x6f\x6e\x74\x65\x78\x74\
\0\x6c\x6f\x67\x69\x6e\x75\x69\x64\0\x73\x65\x73\x73\x69\x6f\x6e\x69\x64\0\x73\
\x65\x63\x63\x6f\x6d\x70\0\x73\x79\x73\x63\x61\x6c\x6c\x5f\x64\x69\x73\x70\x61\
\x74\x63\x68\0\x70\x61\x72\x65\x6e\x74\x5f\x65\x78\x65\x63\x5f\x69\x64\0\x73\
\x65\x6c\x66\x5f\x65\x78\x65\x63\x5f\x69\x64\0\x61\x6c\x6c\x6f\x63\x5f\x6c\x6f\
\x63\x6b\0\x70\x69\x5f\x6c\x6f\x63\x6b\0\x77\x61\x6b\x65\x5f\x71\0\x70\x69\x5f\
\x77\x61\x69\x74\x65\x72\x73\0\x70\x69\x5f\x74\x6f\x70\x5f\x74\x61\x73\x6b\0\
\x70\x69\x5f\x62\x6c\x6f\x63\x6b\x65\x64\x5f\x6f\x6e\0\x62\x6c\x6f\x63\x6b\x65\
\x64\x5f\x6f\x6e\0\x6e\x6f\x6e\x5f\x62\x6c\x6f\x63\x6b\x5f\x63\x6f\x75\x6e\x74\
\0\x69\x72\x71\x74\x72\x61\x63\x65\0\x68\x61\x72\x64\x69\x72\x71\x5f\x74\x68\
\x72\x65\x61\x64\x65\x64\0\x68\x61\x72\x64\x69\x72\x71\x5f\x63\x68\x61\x69\x6e\
\x5f\x6b\x65\x79\0\x73\x6f\x66\x74\x69\x72\x71\x73\x5f\x65\x6e\x61\x62\x6c\x65\
\x64\0\x73\x6f\x66\x74\x69\x72\x71\x5f\x63\x6f\x6e\x74\x65\x78\x74\0\x69\x72\
\x71\x5f\x63\x6f\x6e\x66\x69\x67\0\x63\x75\x72\x72\x5f\x63\x68\x61\x69\x6e\x5f\
\x6b\x65\x79\0\x6c\x6f\x63\x6b\x64\x65\x70\x5f\x64\x65\x70\x74\x68\0\x6c\x6f\
\x63\x6b\x64\x65\x70\x5f\x72\x65\x63\x75\x72\x73\x69\x6f\x6e\0\x68\x65\x6c\x64\
\x5f\x6c\x6f\x63\x6b\x73\0\x6a\x6f\x75\x72\x6e\x61\x6c\x5f\x69\x6e\x66\x6f\0\
\x62\x69\x6f\x5f\x6c\x69\x73\x74\0\x70\x6c\x75\x67\0\x72\x65\x63\x6c\x61\x69\
\x6d\x5f\x73\x74\x61\x74\x65\0\x62\x61\x63\x6b\x69\x6e\x67\x5f\x64\x65\x76\x5f\
\x69\x6e\x66\x6f\0\x69\x6f\x5f\x63\x6f\x6e\x74\x65\x78\x74\0\x63\x61\x70\x74\
\x75\x72\x65\x5f\x63\x6f\x6e\x74\x72\x6f\x6c\0\x70\x74\x72\x61\x63\x65\x5f\x6d\
\x65\x73\x73\x61\x67\x65\0\x6c\x61\x73\x74\x5f\x73\x69\x67\x69\x6e\x66\x6f\0\
\x69\x6f\x61\x63\0\x61\x63\x63\x74\x5f\x72\x73\x73\x5f\x6d\x65\x6d\x31\0\x61\
\x63\x63\x74\x5f\x76\x6d\x5f\x6d\x65\x6d\x31\0\x61\x63\x63\x74\x5f\x74\x69\x6d\
\x65\x78\x70\x64\0\x6d\x65\x6d\x73\x5f\x61\x6c\x6c\x6f\x77\x65\x64\0\x6d\x65\
\x6d\x73\x5f\x61\x6c\x6c\x6f\x77\x65\x64\x5f\x73\x65\x71\0\x63\x70\x75\x73\x65\
\x74\x5f\x6d\x65\x6d\x5f\x73\x70\x72\x65\x61\x64\x5f\x72\x6f\x74\x6f\x72\0\x63\
\x70\x75\x73\x65\x74\x5f\x73\x6c\x61\x62\x5f\x73\x70\x72\x65\x61\x64\x5f\x72\
\x6f\x74\x6f\x72\0\x63\x67\x72\x6f\x75\x70\x73\0\x63\x67\x5f\x6c\x69\x73\x74\0\
\x72\x6f\x62\x75\x73\x74\x5f\x6c\x69\x73\x74\0\x70\x69\x5f\x73\x74\x61\x74\x65\
\x5f\x6c\x69\x73\x74\0\x70\x69\x5f\x73\x74\x61\x74\x65\x5f\x63\x61\x63\x68\x65\
\0\x66\x75\x74\x65\x78\x5f\x65\x78\x69\x74\x5f\x6d\x75\x74\x65\x78\0\x66\x75\
\x74\x65\x78\x5f\x73\x74\x61\x74\x65\0\x70\x65\x72\x66\x5f\x65\x76\x65\x6e\x74\
\x5f\x63\x74\x78\x70\0\x70\x65\x72\x66\x5f\x65\x76\x65\x6e\x74\x5f\x6d\x75\x74\
\x65\x78\0\x70\x65\x72\x66\x5f\x65\x76\x65\x6e\x74\x5f\x6c\x69\x73\x74\0\x70\
\x72\x65\x65\x6d\x70\x74\x5f\x64\x69\x73\x61\x62\x6c\x65\x5f\x69\x70\0\x6d\x65\
\x6d\x70\x6f\x6c\x69\x63\x79\0\x69\x6c\x5f\x70\x72\x65\x76\0\x70\x72\x65\x66\
\x5f\x6e\x6f\x64\x65\x5f\x66\x6f\x72\x6b\0\x6e\x75\x6d\x61\x5f\x73\x63\x61\x6e\
\x5f\x73\x65\x71\0\x6e\x75\x6d\x61\x5f\x73\x63\x61\x6e\x5f\x70\x65\x72\x69\x6f\
\x64\0\x6e\x75\x6d\x61\x5f\x73\x63\x61\x6e\x5f\x70\x65\x72\x69\x6f\x64\x5f\x6d\
\x61\x78\0\x6e\x75\x6d\x61\x5f\x70\x72\x65\x66\x65\x72\x72\x65\x64\x5f\x6e\x69\
\x64\0\x6e\x75\x6d\x61\x5f\x6d\x69\x67\x72\x61\x74\x65\x5f\x72\x65\x74\x72\x79\
\0\x6e\x6f\x64\x65\x5f\x73\x74\x61\x6d\x70\0\x6c\x61\x73\x74\x5f\x74\x61\x73\
\x6b\x5f\x6e\x75\x6d\x61\x5f\x70\x6c\x61\x63\x65\x6d\x65\x6e\x74\0\x6c\x61\x73\
\x74\x5f\x73\x75\x6d\x5f\x65\x78\x65\x63\x5f\x72\x75\x6e\x74\x69\x6d\x65\0\x6e\
\x75\x6d\x61\x5f\x77\x6f\x72\x6b\0\x6e\x75\x6d\x61\x5f\x67\x72\x6f\x75\x70\0\
\x6e\x75\x6d\x61\x5f\x66\x61\x75\x6c\x74\x73\0\x74\x6f\x74\x61\x6c\x5f\x6e\x75\
\x6d\x61\x5f\x66\x61\x75\x6c\x74\x73\0\x6e\x75\x6d\x61\x5f\x66\x61\x75\x6c\x74\
\x73\x5f\x6c\x6f\x63\x61\x6c\x69\x74\x79\0\x6e\x75\x6d\x61\x5f\x70\x61\x67\x65\
\x73\x5f\x6d\x69\x67\x72\x61\x74\x65\x64\0\x72\x73\x65\x71\0\x72\x73\x65\x71\
\x5f\x73\x69\x67\0\x72\x73\x65\x71\x5f\x65\x76\x65\x6e\x74\x5f\x6d\x61\x73\x6b\
\0\x74\x6c\x62\x5f\x75\x62\x63\0\x73\x70\x6c\x69\x63\x65\x5f\x70\x69\x70\x65\0\
\x74\x61\x73\x6b\x5f\x66\x72\x61\x67\0\x64\x65\x6c\x61\x79\x73\0\x6d\x61\x6b\
\x65\x5f\x69\x74\x5f\x66\x61\x69\x6c\0\x66\x61\x69\x6c\x5f\x6e\x74\x68\0\x6e\
\x72\x5f\x64\x69\x72\x74\x69\x65\x64\0\x6e\x72\x5f\x64\x69\x72\x74\x69\x65\x64\
\x5f\x70\x61\x75\x73\x65\0\x64\x69\x72\x74\x79\x5f\x70\x61\x75\x73\x65\x64\x5f\
\x77\x68\x65\x6e\0\x74\x69\x6d\x65\x72\x5f\x73\x6c\x61\x63\x6b\x5f\x6e\x73\0\
\x64\x65\x66\x61\x75\x6c\x74\x5f\x74\x69\x6d\x65\x72\x5f\x73\x6c\x61\x63\x6b\
\x5f\x6e\x73\0\x63\x75\x72\x72\x5f\x72\x65\x74\x5f\x73\x74\x61\x63\x6b\0\x63\
\x75\x72\x72\x5f\x72\x65\x74\x5f\x64\x65\x70\x74\x68\0\x72\x65\x74\x5f\x73\x74\
\x61\x63\x6b\0\x66\x74\x72\x61\x63\x65\x5f\x74\x69\x6d\x65\x73\x74\x61\x6d\x70\
\0\x74\x72\x61\x63\x65\x5f\x6f\x76\x65\x72\x72\x75\x6e\0\x74\x72\x61\x63\x69\
\x6e\x67\x5f\x67\x72\x61\x70\x68\x5f\x70\x61\x75\x73\x65\0\x74\x72\x61\x63\x65\
\x5f\x72\x65\x63\x75\x72\x73\x69\x6f\x6e\0\x6d\x65\x6d\x63\x67\x5f\x69\x6e\x5f\
\x6f\x6f\x6d\0\x6d\x65\x6d\x63\x67\x5f\x6f\x6f\x6d\x5f\x67\x66\x70\x5f\x6d\x61\
\x73\x6b\0\x6d\x65\x6d\x63\x67\x5f\x6f\x6f\x6d\x5f\x6f\x72\x64\x65\x72\0\x6d\
\x65\x6d\x63\x67\x5f\x6e\x72\x5f\x70\x61\x67\x65\x73\x5f\x6f\x76\x65\x72\x5f\
\x68\x69\x67\x68\0\x61\x63\x74\x69\x76\x65\x5f\x6d\x65\x6d\x63\x67\0\x74\x68\
\x72\x6f\x74\x74\x6c\x65\x5f\x71\x75\x65\x75\x65\0\x75\x74\x61\x73\x6b\0\x6b\
\x6d\x61\x70\x5f\x63\x74\x72\x6c\0\x74\x61\x73\x6b\x5f\x73\x74\x61\x74\x65\x5f\
\x63\x68\x61\x6e\x67\x65\0\x70\x61\x67\x65\x66\x61\x75\x6c\x74\x5f\x64\x69\x73\
\x61\x62\x6c\x65\x64\0\x6f\x6f\x6d\x5f\x72\x65\x61\x70\x65\x72\x5f\x6c\x69\x73\
\x74\0\x6f\x6f\x6d\x5f\x72\x65\x61\x70\x65\x72\x5f\x74\x69\x6d\x65\x72\0\x73\
\x74\x61\x63\x6b\x5f\x76\x6d\x5f\x61\x72\x65\x61\0\x73\x74\x61\x63\x6b\x5f\x72\
\x65\x66\x63\x6f\x75\x6e\x74\0\x73\x65\x63\x75\x72\x69\x74\x79\0\x62\x70\x66\
\x5f\x73\x74\x6f\x72\x61\x67\x65\0\x62\x70\x66\x5f\x63\x74\x78\0\x6d\x63\x65\
\x5f\x76\x61\x64\x64\x72\0\x6d\x63\x65\x5f\x6b\x66\x6c\x61\x67\x73\0\x6d\x63\
\x65\x5f\x61\x64\x64\x72\0\x6d\x63\x65\x5f\x72\x69\x70\x76\0\x6d\x63\x65\x5f\
\x77\x68\x6f\x6c\x65\x5f\x70\x61\x67\x65\0\x5f\x5f\x6d\x63\x65\x5f\x72\x65\x73\
\x65\x72\x76\x65\x64\0\x6d\x63\x65\x5f\x6b\x69\x6c\x6c\x5f\x6d\x65\0\x6d\x63\
\x65\x5f\x63\x6f\x75\x6e\x74\0\x6b\x72\x65\x74\x70\x72\x6f\x62\x65\x5f\x69\x6e\
\x73\x74\x61\x6e\x63\x65\x73\0\x72\x65\x74\x68\x6f\x6f\x6b\x73\0\x6c\x31\x64\
\x5f\x66\x6c\x75\x73\x68\x5f\x6b\x69\x6c\x6c\0\x74\x68\x72\x65\x61\x64\0\x73\
\x79\x73\x63\x61\x6c\x6c\x5f\x77\x6f\x72\x6b\0\x73\x74\x61\x74\x75\x73\0\x63\
\x70\x75\0\x75\x33\x32\0\x5f\x5f\x75\x33\x32\0\x72\x65\x66\x63\x6f\x75\x6e\x74\
\x5f\x74\0\x72\x65\x66\x63\x6f\x75\x6e\x74\x5f\x73\x74\x72\x75\x63\x74\0\x72\
\x65\x66\x73\0\x61\x74\x6f\x6d\x69\x63\x5f\x74\0\x63\x6f\x75\x6e\x74\x65\x72\0\
\x5f\x5f\x63\x61\x6c\x6c\x5f\x73\x69\x6e\x67\x6c\x65\x5f\x6e\x6f\x64\x65\0\x6c\
\x6c\x69\x73\x74\0\x73\x72\x63\0\x64\x73\x74\0\x6c\x6c\x69\x73\x74\x5f\x6e\x6f\
\x64\x65\0\x6e\x65\x78\x74\0\x75\x5f\x66\x6c\x61\x67\x73\0\x61\x5f\x66\x6c\x61\
\x67\x73\0\x75\x31\x36\0\x5f\x5f\x75\x31\x36\0\x75\x6e\x73\x69\x67\x6e\x65\x64\
\x20\x73\x68\x6f\x72\x74\0\x73\x63\x68\x65\x64\x5f\x65\x6e\x74\x69\x74\x79\0\
\x6c\x6f\x61\x64\0\x72\x75\x6e\x5f\x6e\x6f\x64\x65\0\x67\x72\x6f\x75\x70\x5f\
\x6e\x6f\x64\x65\0\x65\x78\x65\x63\x5f\x73\x74\x61\x72\x74\0\x73\x75\x6d\x5f\
\x65\x78\x65\x63\x5f\x72\x75\x6e\x74\x69\x6d\x65\0\x76\x72\x75\x6e\x74\x69\x6d\
\x65\0\x70\x72\x65\x76\x5f\x73\x75\x6d\x5f\x65\x78\x65\x63\x5f\x72\x75\x6e\x74\
\x69\x6d\x65\0\x6e\x72\x5f\x6d\x69\x67\x72\x61\x74\x69\x6f\x6e\x73\0\x64\x65\
\x70\x74\x68\0\x63\x66\x73\x5f\x72\x71\0\x6d\x79\x5f\x71\0\x72\x75\x6e\x6e\x61\
\x62\x6c\x65\x5f\x77\x65\x69\x67\x68\x74\0\x61\x76\x67\0\x6c\x6f\x61\x64\x5f\
\x77\x65\x69\x67\x68\x74\0\x77\x65\x69\x67\x68\x74\0\x69\x6e\x76\x5f\x77\x65\
\x69\x67\x68\x74\0\x72\x62\x5f\x6e\x6f\x64\x65\0\x5f\x5f\x72\x62\x5f\x70\x61\
\x72\x65\x6e\x74\x5f\x63\x6f\x6c\x6f\x72\0\x72\x62\x5f\x72\x69\x67\x68\x74\0\
\x72\x62\x5f\x6c\x65\x66\x74\0\x6c\x69\x73\x74\x5f\x68\x65\x61\x64\0\x70\x72\
\x65\x76\0\x75\x36\x34\0\x5f\x5f\x75\x36\x34\0\x75\x6e\x73\x69\x67\x6e\x65\x64\
\x20\x6c\x6f\x6e\x67\x20\x6c\x6f\x6e\x67\0\x73\x63\x68\x65\x64\x5f\x61\x76\x67\
\0\x6c\x61\x73\x74\x5f\x75\x70\x64\x61\x74\x65\x5f\x74\x69\x6d\x65\0\x6c\x6f\
\x61\x64\x5f\x73\x75\x6d\0\x72\x75\x6e\x6e\x61\x62\x6c\x65\x5f\x73\x75\x6d\0\
\x75\x74\x69\x6c\x5f\x73\x75\x6d\0\x70\x65\x72\x69\x6f\x64\x5f\x63\x6f\x6e\x74\
\x72\x69\x62\0\x6c\x6f\x61\x64\x5f\x61\x76\x67\0\x72\x75\x6e\x6e\x61\x62\x6c\
\x65\x5f\x61\x76\x67\0\x75\x74\x69\x6c\x5f\x61\x76\x67\0\x75\x74\x69\x6c\x5f\
\x65\x73\x74\0\x65\x6e\x71\x75\x65\x75\x65\x64\0\x65\x77\x6d\x61\0\x73\x63\x68\
\x65\x64\x5f\x72\x74\x5f\x65\x6e\x74\x69\x74\x79\0\x72\x75\x6e\x5f\x6c\x69\x73\
\x74\0\x74\x69\x6d\x65\x6f\x75\x74\0\x77\x61\x74\x63\x68\x64\x6f\x67\x5f\x73\
\x74\x61\x6d\x70\0\x74\x69\x6d\x65\x5f\x73\x6c\x69\x63\x65\0\x6f\x6e\x5f\x6c\
\x69\x73\x74\0\x62\x61\x63\x6b\0\x73\x63\x68\x65\x64\x5f\x64\x6c\x5f\x65\x6e\
\x74\x69\x74\x79\0\x64\x6c\x5f\x72\x75\x6e\x74\x69\x6d\x65\0\x64\x6c\x5f\x64\
\x65\x61\x64\x6c\x69\x6e\x65\0\x64\x6c\x5f\x70\x65\x72\x69\x6f\x64\0\x64\x6c\
\x5f\x62\x77\0\x64\x6c\x5f\x64\x65\x6e\x73\x69\x74\x79\0\x72\x75\x6e\x74\x69\
\x6d\x65\0\x64\x65\x61\x64\x6c\x69\x6e\x65\0\x64\x6c\x5f\x74\x68\x72\x6f\x74\
\x74\x6c\x65\x64\0\x64\x6c\x5f\x79\x69\x65\x6c\x64\x65\x64\0\x64\x6c\x5f\x6e\
\x6f\x6e\x5f\x63\x6f\x6e\x74\x65\x6e\x64\x69\x6e\x67\0\x64\x6c\x5f\x6f\x76\x65\
\x72\x72\x75\x6e\0\x64\x6c\x5f\x74\x69\x6d\x65\x72\0\x69\x6e\x61\x63\x74\x69\
\x76\x65\x5f\x74\x69\x6d\x65\x72\0\x70\x69\x5f\x73\x65\0\x73\x36\x34\0\x5f\x5f\
\x73\x36\x34\0\x6c\x6f\x6e\x67\x20\x6c\x6f\x6e\x67\0\x68\x72\x74\x69\x6d\x65\
\x72\0\x6e\x6f\x64\x65\0\x5f\x73\x6f\x66\x74\x65\x78\x70\x69\x72\x65\x73\0\x66\
\x75\x6e\x63\x74\x69\x6f\x6e\0\x62\x61\x73\x65\0\x73\x74\x61\x74\x65\0\x69\x73\
\x5f\x72\x65\x6c\0\x69\x73\x5f\x73\x6f\x66\x74\0\x69\x73\x5f\x68\x61\x72\x64\0\
\x74\x69\x6d\x65\x72\x71\x75\x65\x75\x65\x5f\x6e\x6f\x64\x65\0\x65\x78\x70\x69\
\x72\x65\x73\0\x6b\x74\x69\x6d\x65\x5f\x74\0\x68\x72\x74\x69\x6d\x65\x72\x5f\
\x72\x65\x73\x74\x61\x72\x74\0\x48\x52\x54\x49\x4d\x45\x52\x5f\x4e\x4f\x52\x45\
\x53\x54\x41\x52\x54\0\x48\x52\x54\x49\x4d\x45\x52\x5f\x52\x45\x53\x54\x41\x52\
\x54\0\x75\x38\0\x5f\x5f\x75\x38\0\x75\x6e\x73\x69\x67\x6e\x65\x64\x20\x63\x68\
\x61\x72\0\x73\x63\x68\x65\x64\x5f\x73\x74\x61\x74\x69\x73\x74\x69\x63\x73\0\
\x77\x61\x69\x74\x5f\x73\x74\x61\x72\x74\0\x77\x61\x69\x74\x5f\x6d\x61\x78\0\
\x77\x61\x69\x74\x5f\x63\x6f\x75\x6e\x74\0\x77\x61\x69\x74\x5f\x73\x75\x6d\0\
\x69\x6f\x77\x61\x69\x74\x5f\x63\x6f\x75\x6e\x74\0\x69\x6f\x77\x61\x69\x74\x5f\
\x73\x75\x6d\0\x73\x6c\x65\x65\x70\x5f\x73\x74\x61\x72\x74\0\x73\x6c\x65\x65\
\x70\x5f\x6d\x61\x78\0\x73\x75\x6d\x5f\x73\x6c\x65\x65\x70\x5f\x72\x75\x6e\x74\
\x69\x6d\x65\0\x62\x6c\x6f\x63\x6b\x5f\x73\x74\x61\x72\x74\0\x62\x6c\x6f\x63\
\x6b\x5f\x6d\x61\x78\0\x73\x75\x6d\x5f\x62\x6c\x6f\x63\x6b\x5f\x72\x75\x6e\x74\
\x69\x6d\x65\0\x65\x78\x65\x63\x5f\x6d\x61\x78\0\x73\x6c\x69\x63\x65\x5f\x6d\
\x61\x78\0\x6e\x72\x5f\x6d\x69\x67\x72\x61\x74\x69\x6f\x6e\x73\x5f\x63\x6f\x6c\
\x64\0\x6e\x72\x5f\x66\x61\x69\x6c\x65\x64\x5f\x6d\x69\x67\x72\x61\x74\x69\x6f\
\x6e\x73\x5f\x61\x66\x66\x69\x6e\x65\0\x6e\x72\x5f\x66\x61\x69\x6c\x65\x64\x5f\
\x6d\x69\x67\x72\x61\x74\x69\x6f\x6e\x73\x5f\x72\x75\x6e\x6e\x69\x6e\x67\0\x6e\
\x72\x5f\x66\x61\x69\x6c\x65\x64\x5f\x6d\x69\x67\x72\x61\x74\x69\x6f\x6e\x73\
\x5f\x68\x6f\x74\0\x6e\x72\x5f\x66\x6f\x72\x63\x65\x64\x5f\x6d\x69\x67\x72\x61\
\x74\x69\x6f\x6e\x73\0\x6e\x72\x5f\x77\x61\x6b\x65\x75\x70\x73\0\x6e\x72\x5f\
\x77\x61\x6b\x65\x75\x70\x73\x5f\x73\x79\x6e\x63\0\x6e\x72\x5f\x77\x61\x6b\x65\
\x75\x70\x73\x5f\x6d\x69\x67\x72\x61\x74\x65\0\x6e\x72\x5f\x77\x61\x6b\x65\x75\
\x70\x73\x5f\x6c\x6f\x63\x61\x6c\0\x6e\x72\x5f\x77\x61\x6b\x65\x75\x70\x73\x5f\
\x72\x65\x6d\x6f\x74\x65\0\x6e\x72\x5f\x77\x61\x6b\x65\x75\x70\x73\x5f\x61\x66\
\x66\x69\x6e\x65\0\x6e\x72\x5f\x77\x61\x6b\x65\x75\x70\x73\x5f\x61\x66\x66\x69\
\x6e\x65\x5f\x61\x74\x74\x65\x6d\x70\x74\x73\0\x6e\x72\x5f\x77\x61\x6b\x65\x75\
\x70\x73\x5f\x70\x61\x73\x73\x69\x76\x65\0\x6e\x72\x5f\x77\x61\x6b\x65\x75\x70\
\x73\x5f\x69\x64\x6c\x65\0\x63\x70\x75\x6d\x61\x73\x6b\x5f\x74\0\x63\x70\x75\
\x6d\x61\x73\x6b\0\x72\x63\x75\x5f\x73\x70\x65\x63\x69\x61\x6c\0\x62\0\x73\0\
\x6e\x65\x65\x64\x5f\x71\x73\0\x65\x78\x70\x5f\x68\x69\x6e\x74\0\x6e\x65\x65\
\x64\x5f\x6d\x62\0\x70\x63\x6f\x75\x6e\x74\0\x72\x75\x6e\x5f\x64\x65\x6c\x61\
\x79\0\x6c\x61\x73\x74\x5f\x61\x72\x72\x69\x76\x61\x6c\0\x6c\x61\x73\x74\x5f\
\x71\x75\x65\x75\x65\x64\0\x70\x6c\x69\x73\x74\x5f\x6e\x6f\x64\x65\0\x70\x72\
\x69\x6f\x5f\x6c\x69\x73\x74\0\x6e\x6f\x64\x65\x5f\x6c\x69\x73\x74\0\x74\x61\
\x73\x6b\x5f\x72\x73\x73\x5f\x73\x74\x61\x74\0\x65\x76\x65\x6e\x74\x73\0\x63\
\x6f\x75\x6e\x74\0\x61\x72\x63\x68\x5f\x64\x61\x74\x61\0\x66\x6e\0\x66\x75\x74\
\x65\x78\0\x6e\x61\x6e\x6f\x73\x6c\x65\x65\x70\0\x70\x6f\x6c\x6c\0\x75\x61\x64\
\x64\x72\0\x76\x61\x6c\0\x62\x69\x74\x73\x65\x74\0\x74\x69\x6d\x65\0\x75\x61\
\x64\x64\x72\x32\0\x63\x6c\x6f\x63\x6b\x69\x64\0\x63\x6c\x6f\x63\x6b\x69\x64\
\x5f\x74\0\x5f\x5f\x6b\x65\x72\x6e\x65\x6c\x5f\x63\x6c\x6f\x63\x6b\x69\x64\x5f\
\x74\0\x74\x69\x6d\x65\x73\x70\x65\x63\x5f\x74\x79\x70\x65\0\x54\x54\x5f\x4e\
\x4f\x4e\x45\0\x54\x54\x5f\x4e\x41\x54\x49\x56\x45\0\x54\x54\x5f\x43\x4f\x4d\
\x50\x41\x54\0\x72\x6d\x74\x70\0\x63\x6f\x6d\x70\x61\x74\x5f\x72\x6d\x74\x70\0\
\x75\x66\x64\x73\0\x6e\x66\x64\x73\0\x68\x61\x73\x5f\x74\x69\x6d\x65\x6f\x75\
\x74\0\x74\x76\x5f\x73\x65\x63\0\x74\x76\x5f\x6e\x73\x65\x63\0\x70\x69\x64\x5f\
\x74\0\x5f\x5f\x6b\x65\x72\x6e\x65\x6c\x5f\x70\x69\x64\x5f\x74\0\x68\x6c\x69\
\x73\x74\x5f\x6e\x6f\x64\x65\0\x70\x70\x72\x65\x76\0\x6c\x6f\x63\x6b\0\x72\x61\
\x77\x5f\x73\x70\x69\x6e\x6c\x6f\x63\x6b\x5f\x74\0\x72\x61\x77\x5f\x73\x70\x69\
\x6e\x6c\x6f\x63\x6b\0\x72\x61\x77\x5f\x6c\x6f\x63\x6b\0\x6d\x61\x67\x69\x63\0\
\x6f\x77\x6e\x65\x72\x5f\x63\x70\x75\0\x6f\x77\x6e\x65\x72\0\x64\x65\x70\x5f\
\x6d\x61\x70\0\x61\x72\x63\x68\x5f\x73\x70\x69\x6e\x6c\x6f\x63\x6b\x5f\x74\0\
\x71\x73\x70\x69\x6e\x6c\x6f\x63\x6b\0\x6c\x6f\x63\x6b\x65\x64\0\x6c\x6f\x63\
\x6b\x65\x64\x5f\x70\x65\x6e\x64\x69\x6e\x67\0\x74\x61\x69\x6c\0\x6c\x6f\x63\
\x6b\x64\x65\x70\x5f\x6d\x61\x70\0\x6b\x65\x79\0\x63\x6c\x61\x73\x73\x5f\x63\
\x61\x63\x68\x65\0\x6e\x61\x6d\x65\0\x77\x61\x69\x74\x5f\x74\x79\x70\x65\x5f\
\x6f\x75\x74\x65\x72\0\x77\x61\x69\x74\x5f\x74\x79\x70\x65\x5f\x69\x6e\x6e\x65\
\x72\0\x6c\x6f\x63\x6b\x5f\x74\x79\x70\x65\0\x6c\x6f\x63\x6b\x5f\x63\x6c\x61\
\x73\x73\0\x68\x61\x73\x68\x5f\x65\x6e\x74\x72\x79\0\x6c\x6f\x63\x6b\x5f\x65\
\x6e\x74\x72\x79\0\x6c\x6f\x63\x6b\x73\x5f\x61\x66\x74\x65\x72\0\x6c\x6f\x63\
\x6b\x73\x5f\x62\x65\x66\x6f\x72\x65\0\x73\x75\x62\x63\x6c\x61\x73\x73\0\x64\
\x65\x70\x5f\x67\x65\x6e\x5f\x69\x64\0\x75\x73\x61\x67\x65\x5f\x6d\x61\x73\x6b\
\0\x75\x73\x61\x67\x65\x5f\x74\x72\x61\x63\x65\x73\0\x6e\x61\x6d\x65\x5f\x76\
\x65\x72\x73\x69\x6f\x6e\0\x6c\x6f\x63\x6b\x5f\x74\x72\x61\x63\x65\0\x68\x61\
\x73\x68\0\x6e\x72\x5f\x65\x6e\x74\x72\x69\x65\x73\0\x65\x6e\x74\x72\x69\x65\
\x73\0\x63\x68\x61\x72\0\x62\x61\x73\x65\x73\0\x74\x69\x6d\x65\x72\x73\x5f\x61\
\x63\x74\x69\x76\x65\0\x65\x78\x70\x69\x72\x79\x5f\x61\x63\x74\x69\x76\x65\0\
\x70\x6f\x73\x69\x78\x5f\x63\x70\x75\x74\x69\x6d\x65\x72\x5f\x62\x61\x73\x65\0\
\x6e\x65\x78\x74\x65\x76\x74\0\x74\x71\x68\x65\x61\x64\0\x74\x69\x6d\x65\x72\
\x71\x75\x65\x75\x65\x5f\x68\x65\x61\x64\0\x72\x62\x5f\x72\x6f\x6f\x74\0\x72\
\x62\x5f\x72\x6f\x6f\x74\x5f\x63\x61\x63\x68\x65\x64\0\x72\x62\x5f\x6c\x65\x66\
\x74\x6d\x6f\x73\x74\0\x77\x6f\x72\x6b\0\x73\x63\x68\x65\x64\x75\x6c\x65\x64\0\
\x63\x61\x6c\x6c\x62\x61\x63\x6b\x5f\x68\x65\x61\x64\0\x66\x75\x6e\x63\0\x73\
\x79\x73\x76\x5f\x73\x65\x6d\0\x75\x6e\x64\x6f\x5f\x6c\x69\x73\x74\0\x73\x79\
\x73\x76\x5f\x73\x68\x6d\0\x73\x68\x6d\x5f\x63\x6c\x69\x73\x74\0\x73\x69\x67\
\x73\x65\x74\x5f\x74\0\x73\x69\x67\0\x73\x69\x67\x70\x65\x6e\x64\x69\x6e\x67\0\
\x6c\x69\x73\x74\0\x73\x69\x7a\x65\x5f\x74\0\x5f\x5f\x6b\x65\x72\x6e\x65\x6c\
\x5f\x73\x69\x7a\x65\x5f\x74\0\x5f\x5f\x6b\x65\x72\x6e\x65\x6c\x5f\x75\x6c\x6f\
\x6e\x67\x5f\x74\0\x6b\x75\x69\x64\x5f\x74\0\x75\x69\x64\x5f\x74\0\x5f\x5f\x6b\
\x65\x72\x6e\x65\x6c\x5f\x75\x69\x64\x33\x32\x5f\x74\0\x6d\x6f\x64\x65\0\x66\
\x69\x6c\x74\x65\x72\x5f\x63\x6f\x75\x6e\x74\0\x66\x69\x6c\x74\x65\x72\0\x73\
\x79\x73\x63\x61\x6c\x6c\x5f\x75\x73\x65\x72\x5f\x64\x69\x73\x70\x61\x74\x63\
\x68\0\x73\x65\x6c\x65\x63\x74\x6f\x72\0\x6f\x66\x66\x73\x65\x74\0\x6c\x65\x6e\
\0\x6f\x6e\x5f\x64\x69\x73\x70\x61\x74\x63\x68\0\x62\x6f\x6f\x6c\0\x5f\x42\x6f\
\x6f\x6c\0\x73\x70\x69\x6e\x6c\x6f\x63\x6b\x5f\x74\0\x73\x70\x69\x6e\x6c\x6f\
\x63\x6b\0\x72\x6c\x6f\x63\x6b\0\x5f\x5f\x70\x61\x64\x64\x69\x6e\x67\0\x77\x61\
\x6b\x65\x5f\x71\x5f\x6e\x6f\x64\x65\0\x69\x72\x71\x74\x72\x61\x63\x65\x5f\x65\
\x76\x65\x6e\x74\x73\0\x69\x72\x71\x5f\x65\x76\x65\x6e\x74\x73\0\x68\x61\x72\
\x64\x69\x72\x71\x5f\x65\x6e\x61\x62\x6c\x65\x5f\x69\x70\0\x68\x61\x72\x64\x69\
\x72\x71\x5f\x64\x69\x73\x61\x62\x6c\x65\x5f\x69\x70\0\x68\x61\x72\x64\x69\x72\
\x71\x5f\x65\x6e\x61\x62\x6c\x65\x5f\x65\x76\x65\x6e\x74\0\x68\x61\x72\x64\x69\
\x72\x71\x5f\x64\x69\x73\x61\x62\x6c\x65\x5f\x65\x76\x65\x6e\x74\0\x73\x6f\x66\
\x74\x69\x72\x71\x5f\x64\x69\x73\x61\x62\x6c\x65\x5f\x69\x70\0\x73\x6f\x66\x74\
\x69\x72\x71\x5f\x65\x6e\x61\x62\x6c\x65\x5f\x69\x70\0\x73\x6f\x66\x74\x69\x72\
\x71\x5f\x64\x69\x73\x61\x62\x6c\x65\x5f\x65\x76\x65\x6e\x74\0\x73\x6f\x66\x74\
\x69\x72\x71\x5f\x65\x6e\x61\x62\x6c\x65\x5f\x65\x76\x65\x6e\x74\0\x68\x65\x6c\
\x64\x5f\x6c\x6f\x63\x6b\0\x70\x72\x65\x76\x5f\x63\x68\x61\x69\x6e\x5f\x6b\x65\
\x79\0\x61\x63\x71\x75\x69\x72\x65\x5f\x69\x70\0\x69\x6e\x73\x74\x61\x6e\x63\
\x65\0\x6e\x65\x73\x74\x5f\x6c\x6f\x63\x6b\0\x63\x6c\x61\x73\x73\x5f\x69\x64\
\x78\0\x69\x72\x71\x5f\x63\x6f\x6e\x74\x65\x78\x74\0\x74\x72\x79\x6c\x6f\x63\
\x6b\0\x72\x65\x61\x64\0\x63\x68\x65\x63\x6b\0\x68\x61\x72\x64\x69\x72\x71\x73\
\x5f\x6f\x66\x66\0\x72\x65\x66\x65\x72\x65\x6e\x63\x65\x73\0\x70\x69\x6e\x5f\
\x63\x6f\x75\x6e\x74\0\x6b\x65\x72\x6e\x65\x6c\x5f\x73\x69\x67\x69\x6e\x66\x6f\
\x5f\x74\0\x74\x61\x73\x6b\x5f\x69\x6f\x5f\x61\x63\x63\x6f\x75\x6e\x74\x69\x6e\
\x67\0\x72\x63\x68\x61\x72\0\x77\x63\x68\x61\x72\0\x73\x79\x73\x63\x72\0\x73\
\x79\x73\x63\x77\0\x72\x65\x61\x64\x5f\x62\x79\x74\x65\x73\0\x77\x72\x69\x74\
\x65\x5f\x62\x79\x74\x65\x73\0\x63\x61\x6e\x63\x65\x6c\x6c\x65\x64\x5f\x77\x72\
\x69\x74\x65\x5f\x62\x79\x74\x65\x73\0\x73\x65\x71\x63\x6f\x75\x6e\x74\x5f\x73\
\x70\x69\x6e\x6c\x6f\x63\x6b\x5f\x74\0\x73\x65\x71\x63\x6f\x75\x6e\x74\x5f\x73\
\x70\x69\x6e\x6c\x6f\x63\x6b\0\x73\x65\x71\x63\x6f\x75\x6e\x74\0\x73\x65\x71\
\x63\x6f\x75\x6e\x74\x5f\x74\0\x73\x65\x71\x75\x65\x6e\x63\x65\0\x6d\x75\x74\
\x65\x78\0\x77\x61\x69\x74\x5f\x6c\x6f\x63\x6b\0\x6f\x73\x71\0\x77\x61\x69\x74\
\x5f\x6c\x69\x73\x74\0\x61\x74\x6f\x6d\x69\x63\x5f\x6c\x6f\x6e\x67\x5f\x74\0\
\x61\x74\x6f\x6d\x69\x63\x36\x34\x5f\x74\0\x6f\x70\x74\x69\x6d\x69\x73\x74\x69\
\x63\x5f\x73\x70\x69\x6e\x5f\x71\x75\x65\x75\x65\0\x70\x65\x72\x66\x5f\x65\x76\
\x65\x6e\x74\x5f\x63\x6f\x6e\x74\x65\x78\x74\0\x70\x6d\x75\0\x61\x63\x74\x69\
\x76\x65\x5f\x63\x74\x78\x5f\x6c\x69\x73\x74\0\x70\x69\x6e\x6e\x65\x64\x5f\x67\
\x72\x6f\x75\x70\x73\0\x66\x6c\x65\x78\x69\x62\x6c\x65\x5f\x67\x72\x6f\x75\x70\
\x73\0\x65\x76\x65\x6e\x74\x5f\x6c\x69\x73\x74\0\x70\x69\x6e\x6e\x65\x64\x5f\
\x61\x63\x74\x69\x76\x65\0\x66\x6c\x65\x78\x69\x62\x6c\x65\x5f\x61\x63\x74\x69\
\x76\x65\0\x6e\x72\x5f\x65\x76\x65\x6e\x74\x73\0\x6e\x72\x5f\x61\x63\x74\x69\
\x76\x65\0\x6e\x72\x5f\x75\x73\x65\x72\0\x69\x73\x5f\x61\x63\x74\x69\x76\x65\0\
\x6e\x72\x5f\x73\x74\x61\x74\0\x6e\x72\x5f\x66\x72\x65\x71\0\x72\x6f\x74\x61\
\x74\x65\x5f\x64\x69\x73\x61\x62\x6c\x65\0\x72\x6f\x74\x61\x74\x65\x5f\x6e\x65\
\x63\x65\x73\x73\x61\x72\x79\0\x72\x65\x66\x63\x6f\x75\x6e\x74\0\x74\x61\x73\
\x6b\0\x74\x69\x6d\x65\x73\x74\x61\x6d\x70\0\x74\x69\x6d\x65\x6f\x66\x66\x73\
\x65\x74\0\x70\x61\x72\x65\x6e\x74\x5f\x63\x74\x78\0\x70\x61\x72\x65\x6e\x74\
\x5f\x67\x65\x6e\0\x67\x65\x6e\x65\x72\x61\x74\x69\x6f\x6e\0\x6e\x72\x5f\x63\
\x67\x72\x6f\x75\x70\x73\0\x74\x61\x73\x6b\x5f\x63\x74\x78\x5f\x64\x61\x74\x61\
\0\x6e\x72\x5f\x70\x65\x6e\x64\x69\x6e\x67\0\x70\x65\x72\x66\x5f\x65\x76\x65\
\x6e\x74\x5f\x67\x72\x6f\x75\x70\x73\0\x74\x72\x65\x65\0\x69\x6e\x64\x65\x78\0\
\x6c\x6f\x63\x61\x6c\x5f\x74\0\x61\0\x73\x68\x6f\x72\x74\0\x74\x6c\x62\x66\x6c\
\x75\x73\x68\x5f\x75\x6e\x6d\x61\x70\x5f\x62\x61\x74\x63\x68\0\x61\x72\x63\x68\
\0\x66\x6c\x75\x73\x68\x5f\x72\x65\x71\x75\x69\x72\x65\x64\0\x77\x72\x69\x74\
\x61\x62\x6c\x65\0\x61\x72\x63\x68\x5f\x74\x6c\x62\x66\x6c\x75\x73\x68\x5f\x75\
\x6e\x6d\x61\x70\x5f\x62\x61\x74\x63\x68\0\x72\x63\x75\x5f\x75\x73\x65\x72\x73\
\0\x72\x63\x75\0\x70\x61\x67\x65\x5f\x66\x72\x61\x67\0\x70\x61\x67\x65\0\x73\
\x69\x7a\x65\0\x74\x69\x6d\x65\x72\x5f\x6c\x69\x73\x74\0\x65\x6e\x74\x72\x79\0\
\x6c\x6c\x69\x73\x74\x5f\x68\x65\x61\x64\0\x66\x69\x72\x73\x74\0\x74\x68\x72\
\x65\x61\x64\x5f\x73\x74\x72\x75\x63\x74\0\x74\x6c\x73\x5f\x61\x72\x72\x61\x79\
\0\x65\x73\0\x64\x73\0\x66\x73\x69\x6e\x64\x65\x78\0\x67\x73\x69\x6e\x64\x65\
\x78\0\x66\x73\x62\x61\x73\x65\0\x67\x73\x62\x61\x73\x65\0\x70\x74\x72\x61\x63\
\x65\x5f\x62\x70\x73\0\x76\x69\x72\x74\x75\x61\x6c\x5f\x64\x72\x36\0\x70\x74\
\x72\x61\x63\x65\x5f\x64\x72\x37\0\x63\x72\x32\0\x74\x72\x61\x70\x5f\x6e\x72\0\
\x65\x72\x72\x6f\x72\x5f\x63\x6f\x64\x65\0\x69\x6f\x5f\x62\x69\x74\x6d\x61\x70\
\0\x69\x6f\x70\x6c\x5f\x65\x6d\x75\x6c\0\x69\x6f\x70\x6c\x5f\x77\x61\x72\x6e\0\
\x73\x69\x67\x5f\x6f\x6e\x5f\x75\x61\x63\x63\x65\x73\x73\x5f\x65\x72\x72\0\x70\
\x6b\x72\x75\0\x66\x70\x75\0\x64\x65\x73\x63\x5f\x73\x74\x72\x75\x63\x74\0\x6c\
\x69\x6d\x69\x74\x30\0\x62\x61\x73\x65\x30\0\x62\x61\x73\x65\x31\0\x64\x70\x6c\
\0\x70\0\x6c\x69\x6d\x69\x74\x31\0\x61\x76\x6c\0\x6c\0\x64\0\x67\0\x62\x61\x73\
\x65\x32\0\x70\x65\x72\x66\x5f\x65\x76\x65\x6e\x74\0\x65\x76\x65\x6e\x74\x5f\
\x65\x6e\x74\x72\x79\0\x73\x69\x62\x6c\x69\x6e\x67\x5f\x6c\x69\x73\x74\0\x61\
\x63\x74\x69\x76\x65\x5f\x6c\x69\x73\x74\0\x67\x72\x6f\x75\x70\x5f\x69\x6e\x64\
\x65\x78\0\x6d\x69\x67\x72\x61\x74\x65\x5f\x65\x6e\x74\x72\x79\0\x68\x6c\x69\
\x73\x74\x5f\x65\x6e\x74\x72\x79\0\x61\x63\x74\x69\x76\x65\x5f\x65\x6e\x74\x72\
\x79\0\x6e\x72\x5f\x73\x69\x62\x6c\x69\x6e\x67\x73\0\x65\x76\x65\x6e\x74\x5f\
\x63\x61\x70\x73\0\x67\x72\x6f\x75\x70\x5f\x63\x61\x70\x73\0\x70\x6d\x75\x5f\
\x70\x72\x69\x76\x61\x74\x65\0\x61\x74\x74\x61\x63\x68\x5f\x73\x74\x61\x74\x65\
\0\x63\x68\x69\x6c\x64\x5f\x63\x6f\x75\x6e\x74\0\x74\x6f\x74\x61\x6c\x5f\x74\
\x69\x6d\x65\x5f\x65\x6e\x61\x62\x6c\x65\x64\0\x74\x6f\x74\x61\x6c\x5f\x74\x69\
\x6d\x65\x5f\x72\x75\x6e\x6e\x69\x6e\x67\0\x74\x73\x74\x61\x6d\x70\0\x61\x74\
\x74\x72\0\x68\x65\x61\x64\x65\x72\x5f\x73\x69\x7a\x65\0\x69\x64\x5f\x68\x65\
\x61\x64\x65\x72\x5f\x73\x69\x7a\x65\0\x72\x65\x61\x64\x5f\x73\x69\x7a\x65\0\
\x68\x77\0\x63\x68\x69\x6c\x64\x5f\x74\x6f\x74\x61\x6c\x5f\x74\x69\x6d\x65\x5f\
\x65\x6e\x61\x62\x6c\x65\x64\0\x63\x68\x69\x6c\x64\x5f\x74\x6f\x74\x61\x6c\x5f\
\x74\x69\x6d\x65\x5f\x72\x75\x6e\x6e\x69\x6e\x67\0\x63\x68\x69\x6c\x64\x5f\x6d\
\x75\x74\x65\x78\0\x63\x68\x69\x6c\x64\x5f\x6c\x69\x73\x74\0\x6f\x6e\x63\x70\
\x75\0\x6f\x77\x6e\x65\x72\x5f\x65\x6e\x74\x72\x79\0\x6d\x6d\x61\x70\x5f\x6d\
\x75\x74\x65\x78\0\x6d\x6d\x61\x70\x5f\x63\x6f\x75\x6e\x74\0\x72\x62\0\x72\x62\
\x5f\x65\x6e\x74\x72\x79\0\x72\x63\x75\x5f\x62\x61\x74\x63\x68\x65\x73\0\x72\
\x63\x75\x5f\x70\x65\x6e\x64\x69\x6e\x67\0\x77\x61\x69\x74\x71\0\x66\x61\x73\
\x79\x6e\x63\0\x70\x65\x6e\x64\x69\x6e\x67\x5f\x77\x61\x6b\x65\x75\x70\0\x70\
\x65\x6e\x64\x69\x6e\x67\x5f\x6b\x69\x6c\x6c\0\x70\x65\x6e\x64\x69\x6e\x67\x5f\
\x64\x69\x73\x61\x62\x6c\x65\0\x70\x65\x6e\x64\x69\x6e\x67\x5f\x73\x69\x67\x74\
\x72\x61\x70\0\x70\x65\x6e\x64\x69\x6e\x67\x5f\x61\x64\x64\x72\0\x70\x65\x6e\
\x64\x69\x6e\x67\x5f\x69\x72\x71\0\x70\x65\x6e\x64\x69\x6e\x67\x5f\x74\x61\x73\
\x6b\0\x70\x65\x6e\x64\x69\x6e\x67\x5f\x77\x6f\x72\x6b\0\x65\x76\x65\x6e\x74\
\x5f\x6c\x69\x6d\x69\x74\0\x61\x64\x64\x72\x5f\x66\x69\x6c\x74\x65\x72\x73\0\
\x61\x64\x64\x72\x5f\x66\x69\x6c\x74\x65\x72\x5f\x72\x61\x6e\x67\x65\x73\0\x61\
\x64\x64\x72\x5f\x66\x69\x6c\x74\x65\x72\x73\x5f\x67\x65\x6e\0\x61\x75\x78\x5f\
\x65\x76\x65\x6e\x74\0\x64\x65\x73\x74\x72\x6f\x79\0\x6e\x73\0\x69\x64\0\x6c\
\x6f\x73\x74\x5f\x73\x61\x6d\x70\x6c\x65\x73\0\x63\x6c\x6f\x63\x6b\0\x6f\x76\
\x65\x72\x66\x6c\x6f\x77\x5f\x68\x61\x6e\x64\x6c\x65\x72\0\x6f\x76\x65\x72\x66\
\x6c\x6f\x77\x5f\x68\x61\x6e\x64\x6c\x65\x72\x5f\x63\x6f\x6e\x74\x65\x78\x74\0\
\x6f\x72\x69\x67\x5f\x6f\x76\x65\x72\x66\x6c\x6f\x77\x5f\x68\x61\x6e\x64\x6c\
\x65\x72\0\x70\x72\x6f\x67\0\x62\x70\x66\x5f\x63\x6f\x6f\x6b\x69\x65\0\x74\x70\
\x5f\x65\x76\x65\x6e\x74\0\x66\x74\x72\x61\x63\x65\x5f\x6f\x70\x73\0\x63\x67\
\x72\x70\0\x73\x62\x5f\x6c\x69\x73\x74\0\x70\x65\x72\x66\x5f\x65\x76\x65\x6e\
\x74\x5f\x73\x74\x61\x74\x65\0\x50\x45\x52\x46\x5f\x45\x56\x45\x4e\x54\x5f\x53\
\x54\x41\x54\x45\x5f\x44\x45\x41\x44\0\x50\x45\x52\x46\x5f\x45\x56\x45\x4e\x54\
\x5f\x53\x54\x41\x54\x45\x5f\x45\x58\x49\x54\0\x50\x45\x52\x46\x5f\x45\x56\x45\
\x4e\x54\x5f\x53\x54\x41\x54\x45\x5f\x45\x52\x52\x4f\x52\0\x50\x45\x52\x46\x5f\
\x45\x56\x45\x4e\x54\x5f\x53\x54\x41\x54\x45\x5f\x4f\x46\x46\0\x50\x45\x52\x46\
\x5f\x45\x56\x45\x4e\x54\x5f\x53\x54\x41\x54\x45\x5f\x49\x4e\x41\x43\x54\x49\
\x56\x45\0\x50\x45\x52\x46\x5f\x45\x56\x45\x4e\x54\x5f\x53\x54\x41\x54\x45\x5f\
\x41\x43\x54\x49\x56\x45\0\x6c\x6f\x63\x61\x6c\x36\x34\x5f\x74\0\x70\x65\x72\
\x66\x5f\x65\x76\x65\x6e\x74\x5f\x61\x74\x74\x72\0\x63\x6f\x6e\x66\x69\x67\0\
\x73\x61\x6d\x70\x6c\x65\x5f\x74\x79\x70\x65\0\x72\x65\x61\x64\x5f\x66\x6f\x72\
\x6d\x61\x74\0\x64\x69\x73\x61\x62\x6c\x65\x64\0\x69\x6e\x68\x65\x72\x69\x74\0\
\x70\x69\x6e\x6e\x65\x64\0\x65\x78\x63\x6c\x75\x73\x69\x76\x65\0\x65\x78\x63\
\x6c\x75\x64\x65\x5f\x75\x73\x65\x72\0\x65\x78\x63\x6c\x75\x64\x65\x5f\x6b\x65\
\x72\x6e\x65\x6c\0\x65\x78\x63\x6c\x75\x64\x65\x5f\x68\x76\0\x65\x78\x63\x6c\
\x75\x64\x65\x5f\x69\x64\x6c\x65\0\x6d\x6d\x61\x70\0\x66\x72\x65\x71\0\x69\x6e\
\x68\x65\x72\x69\x74\x5f\x73\x74\x61\x74\0\x65\x6e\x61\x62\x6c\x65\x5f\x6f\x6e\
\x5f\x65\x78\x65\x63\0\x77\x61\x74\x65\x72\x6d\x61\x72\x6b\0\x70\x72\x65\x63\
\x69\x73\x65\x5f\x69\x70\0\x6d\x6d\x61\x70\x5f\x64\x61\x74\x61\0\x73\x61\x6d\
\x70\x6c\x65\x5f\x69\x64\x5f\x61\x6c\x6c\0\x65\x78\x63\x6c\x75\x64\x65\x5f\x68\
\x6f\x73\x74\0\x65\x78\x63\x6c\x75\x64\x65\x5f\x67\x75\x65\x73\x74\0\x65\x78\
\x63\x6c\x75\x64\x65\x5f\x63\x61\x6c\x6c\x63\x68\x61\x69\x6e\x5f\x6b\x65\x72\
\x6e\x65\x6c\0\x65\x78\x63\x6c\x75\x64\x65\x5f\x63\x61\x6c\x6c\x63\x68\x61\x69\
\x6e\x5f\x75\x73\x65\x72\0\x6d\x6d\x61\x70\x32\0\x63\x6f\x6d\x6d\x5f\x65\x78\
\x65\x63\0\x75\x73\x65\x5f\x63\x6c\x6f\x63\x6b\x69\x64\0\x63\x6f\x6e\x74\x65\
\x78\x74\x5f\x73\x77\x69\x74\x63\x68\0\x77\x72\x69\x74\x65\x5f\x62\x61\x63\x6b\
\x77\x61\x72\x64\0\x6e\x61\x6d\x65\x73\x70\x61\x63\x65\x73\0\x6b\x73\x79\x6d\
\x62\x6f\x6c\0\x62\x70\x66\x5f\x65\x76\x65\x6e\x74\0\x61\x75\x78\x5f\x6f\x75\
\x74\x70\x75\x74\0\x63\x67\x72\x6f\x75\x70\0\x74\x65\x78\x74\x5f\x70\x6f\x6b\
\x65\0\x62\x75\x69\x6c\x64\x5f\x69\x64\0\x69\x6e\x68\x65\x72\x69\x74\x5f\x74\
\x68\x72\x65\x61\x64\0\x72\x65\x6d\x6f\x76\x65\x5f\x6f\x6e\x5f\x65\x78\x65\x63\
\0\x73\x69\x67\x74\x72\x61\x70\0\x5f\x5f\x72\x65\x73\x65\x72\x76\x65\x64\x5f\
\x31\0\x62\x70\x5f\x74\x79\x70\x65\0\x62\x72\x61\x6e\x63\x68\x5f\x73\x61\x6d\
\x70\x6c\x65\x5f\x74\x79\x70\x65\0\x73\x61\x6d\x70\x6c\x65\x5f\x72\x65\x67\x73\
\x5f\x75\x73\x65\x72\0\x73\x61\x6d\x70\x6c\x65\x5f\x73\x74\x61\x63\x6b\x5f\x75\
\x73\x65\x72\0\x73\x61\x6d\x70\x6c\x65\x5f\x72\x65\x67\x73\x5f\x69\x6e\x74\x72\
\0\x61\x75\x78\x5f\x77\x61\x74\x65\x72\x6d\x61\x72\x6b\0\x73\x61\x6d\x70\x6c\
\x65\x5f\x6d\x61\x78\x5f\x73\x74\x61\x63\x6b\0\x5f\x5f\x72\x65\x73\x65\x72\x76\
\x65\x64\x5f\x32\0\x61\x75\x78\x5f\x73\x61\x6d\x70\x6c\x65\x5f\x73\x69\x7a\x65\
\0\x5f\x5f\x72\x65\x73\x65\x72\x76\x65\x64\x5f\x33\0\x73\x69\x67\x5f\x64\x61\
\x74\x61\0\x73\x61\x6d\x70\x6c\x65\x5f\x70\x65\x72\x69\x6f\x64\0\x73\x61\x6d\
\x70\x6c\x65\x5f\x66\x72\x65\x71\0\x77\x61\x6b\x65\x75\x70\x5f\x65\x76\x65\x6e\
\x74\x73\0\x77\x61\x6b\x65\x75\x70\x5f\x77\x61\x74\x65\x72\x6d\x61\x72\x6b\0\
\x62\x70\x5f\x61\x64\x64\x72\0\x6b\x70\x72\x6f\x62\x65\x5f\x66\x75\x6e\x63\0\
\x75\x70\x72\x6f\x62\x65\x5f\x70\x61\x74\x68\0\x63\x6f\x6e\x66\x69\x67\x31\0\
\x62\x70\x5f\x6c\x65\x6e\0\x6b\x70\x72\x6f\x62\x65\x5f\x61\x64\x64\x72\0\x70\
\x72\x6f\x62\x65\x5f\x6f\x66\x66\x73\x65\x74\0\x63\x6f\x6e\x66\x69\x67\x32\0\
\x5f\x5f\x73\x33\x32\0\x68\x77\x5f\x70\x65\x72\x66\x5f\x65\x76\x65\x6e\x74\0\
\x74\x61\x72\x67\x65\x74\0\x70\x72\x65\x76\x5f\x63\x6f\x75\x6e\x74\0\x69\x6e\
\x74\x65\x72\x72\x75\x70\x74\x73\x5f\x73\x65\x71\0\x69\x6e\x74\x65\x72\x72\x75\
\x70\x74\x73\0\x66\x72\x65\x71\x5f\x74\x69\x6d\x65\x5f\x73\x74\x61\x6d\x70\0\
\x66\x72\x65\x71\x5f\x63\x6f\x75\x6e\x74\x5f\x73\x74\x61\x6d\x70\0\x6c\x61\x73\
\x74\x5f\x74\x61\x67\0\x63\x6f\x6e\x66\x69\x67\x5f\x62\x61\x73\x65\0\x65\x76\
\x65\x6e\x74\x5f\x62\x61\x73\x65\0\x65\x76\x65\x6e\x74\x5f\x62\x61\x73\x65\x5f\
\x72\x64\x70\x6d\x63\0\x69\x64\x78\0\x6c\x61\x73\x74\x5f\x63\x70\x75\0\x65\x78\
\x74\x72\x61\x5f\x72\x65\x67\0\x62\x72\x61\x6e\x63\x68\x5f\x72\x65\x67\0\x68\
\x77\x5f\x70\x65\x72\x66\x5f\x65\x76\x65\x6e\x74\x5f\x65\x78\x74\x72\x61\0\x72\
\x65\x67\0\x61\x6c\x6c\x6f\x63\0\x74\x70\x5f\x6c\x69\x73\x74\0\x70\x77\x72\x5f\
\x61\x63\x63\0\x70\x74\x73\x63\0\x69\x6e\x66\x6f\0\x62\x70\x5f\x6c\x69\x73\x74\
\0\x61\x72\x63\x68\x5f\x68\x77\x5f\x62\x72\x65\x61\x6b\x70\x6f\x69\x6e\x74\0\
\x61\x64\x64\x72\x65\x73\x73\0\x6d\x61\x73\x6b\0\x72\x68\x6c\x69\x73\x74\x5f\
\x68\x65\x61\x64\0\x72\x68\x65\x61\x64\0\x72\x68\x61\x73\x68\x5f\x68\x65\x61\
\x64\0\x69\x6f\x6d\x6d\x75\x5f\x62\x61\x6e\x6b\0\x69\x6f\x6d\x6d\x75\x5f\x63\
\x6e\x74\x72\0\x70\x61\x64\x64\x69\x6e\x67\0\x63\x6f\x6e\x66\0\x63\x6f\x6e\x66\
\x31\0\x6c\x61\x73\x74\x5f\x70\x65\x72\x69\x6f\x64\0\x70\x65\x72\x69\x6f\x64\
\x5f\x6c\x65\x66\x74\0\x73\x61\x76\x65\x64\x5f\x6d\x65\x74\x72\x69\x63\0\x73\
\x61\x76\x65\x64\x5f\x73\x6c\x6f\x74\x73\0\x77\x61\x69\x74\x5f\x71\x75\x65\x75\
\x65\x5f\x68\x65\x61\x64\x5f\x74\0\x77\x61\x69\x74\x5f\x71\x75\x65\x75\x65\x5f\
\x68\x65\x61\x64\0\x68\x65\x61\x64\0\x69\x72\x71\x5f\x77\x6f\x72\x6b\0\x69\x72\
\x71\x77\x61\x69\x74\0\x72\x63\x75\x77\x61\x69\x74\0\x70\x65\x72\x66\x5f\x61\
\x64\x64\x72\x5f\x66\x69\x6c\x74\x65\x72\x73\x5f\x68\x65\x61\x64\0\x6e\x72\x5f\
\x66\x69\x6c\x65\x5f\x66\x69\x6c\x74\x65\x72\x73\0\x70\x65\x72\x66\x5f\x6f\x76\
\x65\x72\x66\x6c\x6f\x77\x5f\x68\x61\x6e\x64\x6c\x65\x72\x5f\x74\0\x70\x65\x72\
\x66\x5f\x73\x61\x6d\x70\x6c\x65\x5f\x64\x61\x74\x61\0\x73\x61\x6d\x70\x6c\x65\
\x5f\x66\x6c\x61\x67\x73\0\x70\x65\x72\x69\x6f\x64\0\x62\x72\x5f\x73\x74\x61\
\x63\x6b\0\x64\x61\x74\x61\x5f\x73\x72\x63\0\x74\x78\x6e\0\x61\x64\x64\x72\0\
\x72\x61\x77\0\x74\x69\x64\x5f\x65\x6e\x74\x72\x79\0\x73\x74\x72\x65\x61\x6d\
\x5f\x69\x64\0\x63\x70\x75\x5f\x65\x6e\x74\x72\x79\0\x63\x61\x6c\x6c\x63\x68\
\x61\x69\x6e\0\x61\x75\x78\x5f\x73\x69\x7a\x65\0\x72\x65\x67\x73\x5f\x75\x73\
\x65\x72\0\x72\x65\x67\x73\x5f\x69\x6e\x74\x72\0\x73\x74\x61\x63\x6b\x5f\x75\
\x73\x65\x72\x5f\x73\x69\x7a\x65\0\x70\x68\x79\x73\x5f\x61\x64\x64\x72\0\x64\
\x61\x74\x61\x5f\x70\x61\x67\x65\x5f\x73\x69\x7a\x65\0\x63\x6f\x64\x65\x5f\x70\
\x61\x67\x65\x5f\x73\x69\x7a\x65\0\x70\x65\x72\x66\x5f\x73\x61\x6d\x70\x6c\x65\
\x5f\x77\x65\x69\x67\x68\x74\0\x66\x75\x6c\x6c\0\x76\x61\x72\x31\x5f\x64\x77\0\
\x76\x61\x72\x32\x5f\x77\0\x76\x61\x72\x33\x5f\x77\0\x70\x65\x72\x66\x5f\x6d\
\x65\x6d\x5f\x64\x61\x74\x61\x5f\x73\x72\x63\0\x6d\x65\x6d\x5f\x6f\x70\0\x6d\
\x65\x6d\x5f\x6c\x76\x6c\0\x6d\x65\x6d\x5f\x73\x6e\x6f\x6f\x70\0\x6d\x65\x6d\
\x5f\x6c\x6f\x63\x6b\0\x6d\x65\x6d\x5f\x64\x74\x6c\x62\0\x6d\x65\x6d\x5f\x6c\
\x76\x6c\x5f\x6e\x75\x6d\0\x6d\x65\x6d\x5f\x72\x65\x6d\x6f\x74\x65\0\x6d\x65\
\x6d\x5f\x73\x6e\x6f\x6f\x70\x78\0\x6d\x65\x6d\x5f\x62\x6c\x6b\0\x6d\x65\x6d\
\x5f\x68\x6f\x70\x73\0\x6d\x65\x6d\x5f\x72\x73\x76\x64\0\x74\x69\x64\0\x72\x65\
\x73\x65\x72\x76\x65\x64\0\x70\x65\x72\x66\x5f\x72\x65\x67\x73\0\x61\x62\x69\0\
\x72\x65\x67\x73\0\x70\x72\x69\x76\x61\x74\x65\0\x73\x61\x76\x65\x64\x5f\x66\
\x75\x6e\x63\0\x6c\x6f\x63\x61\x6c\x5f\x68\x61\x73\x68\0\x66\x75\x6e\x63\x5f\
\x68\x61\x73\x68\0\x6f\x6c\x64\x5f\x68\x61\x73\x68\0\x74\x72\x61\x6d\x70\x6f\
\x6c\x69\x6e\x65\0\x74\x72\x61\x6d\x70\x6f\x6c\x69\x6e\x65\x5f\x73\x69\x7a\x65\
\0\x6f\x70\x73\x5f\x66\x75\x6e\x63\0\x66\x74\x72\x61\x63\x65\x5f\x66\x75\x6e\
\x63\x5f\x74\0\x66\x74\x72\x61\x63\x65\x5f\x72\x65\x67\x73\0\x66\x74\x72\x61\
\x63\x65\x5f\x6f\x70\x73\x5f\x68\x61\x73\x68\0\x6e\x6f\x74\x72\x61\x63\x65\x5f\
\x68\x61\x73\x68\0\x66\x69\x6c\x74\x65\x72\x5f\x68\x61\x73\x68\0\x72\x65\x67\
\x65\x78\x5f\x6c\x6f\x63\x6b\0\x66\x74\x72\x61\x63\x65\x5f\x6f\x70\x73\x5f\x66\
\x75\x6e\x63\x5f\x74\0\x66\x74\x72\x61\x63\x65\x5f\x6f\x70\x73\x5f\x63\x6d\x64\
\0\x46\x54\x52\x41\x43\x45\x5f\x4f\x50\x53\x5f\x43\x4d\x44\x5f\x45\x4e\x41\x42\
\x4c\x45\x5f\x53\x48\x41\x52\x45\x5f\x49\x50\x4d\x4f\x44\x49\x46\x59\x5f\x53\
\x45\x4c\x46\0\x46\x54\x52\x41\x43\x45\x5f\x4f\x50\x53\x5f\x43\x4d\x44\x5f\x45\
\x4e\x41\x42\x4c\x45\x5f\x53\x48\x41\x52\x45\x5f\x49\x50\x4d\x4f\x44\x49\x46\
\x59\x5f\x50\x45\x45\x52\0\x46\x54\x52\x41\x43\x45\x5f\x4f\x50\x53\x5f\x43\x4d\
\x44\x5f\x44\x49\x53\x41\x42\x4c\x45\x5f\x53\x48\x41\x52\x45\x5f\x49\x50\x4d\
\x4f\x44\x49\x46\x59\x5f\x50\x45\x45\x52\0\x61\x76\x78\x35\x31\x32\x5f\x74\x69\
\x6d\x65\x73\x74\x61\x6d\x70\0\x66\x70\x73\x74\x61\x74\x65\0\x5f\x5f\x74\x61\
\x73\x6b\x5f\x66\x70\x73\x74\x61\x74\x65\0\x70\x65\x72\x6d\0\x67\x75\x65\x73\
\x74\x5f\x70\x65\x72\x6d\0\x5f\x5f\x66\x70\x73\x74\x61\x74\x65\0\x66\x70\x75\
\x5f\x73\x74\x61\x74\x65\x5f\x70\x65\x72\x6d\0\x5f\x5f\x73\x74\x61\x74\x65\x5f\
\x70\x65\x72\x6d\0\x5f\x5f\x73\x74\x61\x74\x65\x5f\x73\x69\x7a\x65\0\x5f\x5f\
\x75\x73\x65\x72\x5f\x73\x74\x61\x74\x65\x5f\x73\x69\x7a\x65\0\x75\x73\x65\x72\
\x5f\x73\x69\x7a\x65\0\x78\x66\x65\x61\x74\x75\x72\x65\x73\0\x75\x73\x65\x72\
\x5f\x78\x66\x65\x61\x74\x75\x72\x65\x73\0\x78\x66\x64\0\x69\x73\x5f\x76\x61\
\x6c\x6c\x6f\x63\0\x69\x73\x5f\x67\x75\x65\x73\x74\0\x69\x73\x5f\x63\x6f\x6e\
\x66\x69\x64\x65\x6e\x74\x69\x61\x6c\0\x69\x6e\x5f\x75\x73\x65\0\x66\x70\x72\
\x65\x67\x73\x5f\x73\x74\x61\x74\x65\0\x66\x73\x61\x76\x65\0\x66\x78\x73\x61\
\x76\x65\0\x73\x6f\x66\x74\0\x78\x73\x61\x76\x65\0\x66\x72\x65\x67\x73\x5f\x73\
\x74\x61\x74\x65\0\x63\x77\x64\0\x73\x77\x64\0\x74\x77\x64\0\x66\x69\x70\0\x66\
\x63\x73\0\x66\x6f\x6f\0\x66\x6f\x73\0\x73\x74\x5f\x73\x70\x61\x63\x65\0\x66\
\x78\x72\x65\x67\x73\x5f\x73\x74\x61\x74\x65\0\x66\x6f\x70\0\x6d\x78\x63\x73\
\x72\0\x6d\x78\x63\x73\x72\x5f\x6d\x61\x73\x6b\0\x78\x6d\x6d\x5f\x73\x70\x61\
\x63\x65\0\x72\x69\x70\0\x72\x64\x70\0\x70\x61\x64\x64\x69\x6e\x67\x31\0\x73\
\x77\x5f\x72\x65\x73\x65\x72\x76\x65\x64\0\x73\x77\x72\x65\x67\x73\x5f\x73\x74\
\x61\x74\x65\0\x66\x74\x6f\x70\0\x63\x68\x61\x6e\x67\x65\x64\0\x6c\x6f\x6f\x6b\
\x61\x68\x65\x61\x64\0\x6e\x6f\x5f\x75\x70\x64\x61\x74\x65\0\x72\x6d\0\x61\x6c\
\x69\x6d\x69\x74\0\x65\x6e\x74\x72\x79\x5f\x65\x69\x70\0\x78\x72\x65\x67\x73\
\x5f\x73\x74\x61\x74\x65\0\x69\x33\x38\x37\0\x68\x65\x61\x64\x65\x72\0\x65\x78\
\x74\x65\x6e\x64\x65\x64\x5f\x73\x74\x61\x74\x65\x5f\x61\x72\x65\x61\0\x78\x73\
\x74\x61\x74\x65\x5f\x68\x65\x61\x64\x65\x72\0\x78\x63\x6f\x6d\x70\x5f\x62\x76\
\0\x74\x72\x61\x63\x65\x5f\x65\x76\x65\x6e\x74\x5f\x72\x61\x77\x5f\x6b\x6d\x65\
\x6d\x5f\x61\x6c\x6c\x6f\x63\0\x74\x72\x61\x63\x65\x5f\x6b\x6d\x61\x6c\x6c\x6f\
\x63\0\x74\x61\x73\x6b\x5f\x6d\x6d\x5f\x73\x74\x61\x74\x73\0\x6c\x61\x73\x74\
\x5f\x63\x6c\x65\x61\x72\x5f\x74\x69\x6d\x65\0\x6b\x6d\x65\x6d\x5f\x63\x6f\x75\
\x6e\x74\0\x76\x6d\x65\x6d\x5f\x63\x6f\x75\x6e\x74\0\x73\x6c\x61\x62\x5f\x63\
\x6f\x75\x6e\x74\0\x61\x6c\x72\x65\x61\x64\x79\x5f\x6f\x75\x74\x70\x75\x74\0\
\x74\x61\x73\x6b\x5f\x69\x6e\x66\x6f\x5f\x73\x69\x6d\x70\x6c\x65\0\x63\x70\x75\
\x5f\x69\x64\0\x74\x61\x73\x6b\x5f\x63\x6f\x6d\x70\x61\x72\x65\x5f\x61\x6e\x64\
\x5f\x63\x6f\x6d\x6d\x69\x74\0\x70\x72\x6f\x63\x65\x73\x73\x5f\x6d\x6d\x5f\x73\
\x74\x61\x74\x73\0\x70\x72\x6f\x63\x65\x73\x73\0\x70\x72\x6f\x63\x65\x73\x73\
\x5f\x63\x6f\x6d\x70\x61\x72\x65\x5f\x61\x6e\x64\x5f\x63\x6f\x6d\x6d\x69\x74\0\
\x74\x72\x61\x63\x65\x5f\x65\x76\x65\x6e\x74\x5f\x72\x61\x77\x5f\x6b\x6d\x65\
\x6d\x5f\x6b\x66\x72\x65\x65\0\x74\x72\x61\x63\x65\x5f\x6b\x66\x72\x65\x65\0\
\x74\x72\x61\x63\x65\x5f\x70\x61\x67\x65\x5f\x61\x6c\x6c\x6f\x63\0\x74\x72\x61\
\x63\x65\x5f\x70\x61\x67\x65\x5f\x66\x72\x65\x65\0\x74\x72\x61\x63\x65\x5f\x63\
\x61\x63\x68\x65\x5f\x61\x6c\x6c\x6f\x63\0\x74\x72\x61\x63\x65\x5f\x63\x61\x63\
\x68\x65\x5f\x66\x72\x65\x65\0\x68\x61\x6e\x64\x6c\x65\x5f\x6d\x6d\x5f\x74\x61\
\x73\x6b\x5f\x65\x78\x69\x74\0\x4c\x49\x43\x45\x4e\x53\x45\0\x5f\x5f\x5f\x5f\
\x6f\x6f\x6d\x5f\x6b\x69\x6c\x6c\x5f\x70\x72\x6f\x63\x65\x73\x73\x2e\x5f\x5f\
\x5f\x5f\x66\x6d\x74\0\x7a\x65\x72\x6f\0\x74\x61\x73\x6b\x5f\x63\x6f\x6d\x70\
\x61\x72\x65\x5f\x61\x6e\x64\x5f\x63\x6f\x6d\x6d\x69\x74\x2e\x5f\x5f\x5f\x5f\
\x66\x6d\x74\0\x74\x61\x73\x6b\x5f\x63\x6f\x6d\x70\x61\x72\x65\x5f\x61\x6e\x64\
\x5f\x63\x6f\x6d\x6d\x69\x74\x2e\x5f\x5f\x5f\x5f\x66\x6d\x74\x2e\x31\0\x6f\x6e\
\x65\0\x70\x72\x6f\x63\x65\x73\x73\x5f\x63\x6f\x6d\x70\x61\x72\x65\x5f\x61\x6e\
\x64\x5f\x63\x6f\x6d\x6d\x69\x74\x2e\x5f\x5f\x5f\x5f\x66\x6d\x74\0\x70\x72\x6f\
\x63\x65\x73\x73\x5f\x63\x6f\x6d\x70\x61\x72\x65\x5f\x61\x6e\x64\x5f\x63\x6f\
\x6d\x6d\x69\x74\x2e\x5f\x5f\x5f\x5f\x66\x6d\x74\x2e\x32\0\x5f\x5f\x6b\x65\x72\
\x6e\x65\x6c\x5f\x74\x69\x6d\x65\x73\x70\x65\x63\0\x62\x6c\x6b\x5f\x70\x6c\x75\
\x67\0\x62\x70\x66\x5f\x6c\x6f\x63\x61\x6c\x5f\x73\x74\x6f\x72\x61\x67\x65\0\
\x62\x70\x66\x5f\x70\x72\x6f\x67\0\x62\x70\x66\x5f\x72\x75\x6e\x5f\x63\x74\x78\
\0\x63\x6f\x6d\x70\x6c\x65\x74\x69\x6f\x6e\0\x63\x73\x73\x5f\x73\x65\x74\0\x65\
\x76\x65\x6e\x74\x5f\x66\x69\x6c\x74\x65\x72\0\x66\x61\x73\x79\x6e\x63\x5f\x73\
\x74\x72\x75\x63\x74\0\x66\x69\x6c\x65\x73\x5f\x73\x74\x72\x75\x63\x74\0\x66\
\x73\x5f\x73\x74\x72\x75\x63\x74\0\x66\x74\x72\x61\x63\x65\x5f\x68\x61\x73\x68\
\0\x66\x74\x72\x61\x63\x65\x5f\x72\x65\x74\x5f\x73\x74\x61\x63\x6b\0\x66\x75\
\x74\x65\x78\x5f\x70\x69\x5f\x73\x74\x61\x74\x65\0\x68\x72\x74\x69\x6d\x65\x72\
\x5f\x63\x6c\x6f\x63\x6b\x5f\x62\x61\x73\x65\0\x69\x6f\x5f\x75\x72\x69\x6e\x67\
\x5f\x74\x61\x73\x6b\0\x6b\x65\x72\x6e\x65\x6c\x5f\x73\x69\x67\x69\x6e\x66\x6f\
\0\x6c\x6f\x63\x6b\x5f\x63\x6c\x61\x73\x73\x5f\x6b\x65\x79\0\x6c\x6f\x63\x6b\
\x64\x65\x70\x5f\x73\x75\x62\x63\x6c\x61\x73\x73\x5f\x6b\x65\x79\0\x6d\x61\x74\
\x68\x5f\x65\x6d\x75\x5f\x69\x6e\x66\x6f\0\x6d\x65\x6d\x5f\x63\x67\x72\x6f\x75\
\x70\0\x6d\x6d\x5f\x73\x74\x72\x75\x63\x74\0\x6d\x75\x74\x65\x78\x5f\x77\x61\
\x69\x74\x65\x72\0\x6f\x6c\x64\x5f\x74\x69\x6d\x65\x73\x70\x65\x63\x33\x32\0\
\x70\x65\x72\x66\x5f\x61\x64\x64\x72\x5f\x66\x69\x6c\x74\x65\x72\x5f\x72\x61\
\x6e\x67\x65\0\x70\x65\x72\x66\x5f\x62\x72\x61\x6e\x63\x68\x5f\x73\x74\x61\x63\
\x6b\0\x70\x65\x72\x66\x5f\x62\x75\x66\x66\x65\x72\0\x70\x65\x72\x66\x5f\x63\
\x61\x6c\x6c\x63\x68\x61\x69\x6e\x5f\x65\x6e\x74\x72\x79\0\x70\x65\x72\x66\x5f\
\x63\x67\x72\x6f\x75\x70\0\x70\x65\x72\x66\x5f\x72\x61\x77\x5f\x72\x65\x63\x6f\
\x72\x64\0\x70\x69\x64\x5f\x6e\x61\x6d\x65\x73\x70\x61\x63\x65\0\x70\x69\x70\
\x65\x5f\x69\x6e\x6f\x64\x65\x5f\x69\x6e\x66\x6f\0\x70\x6f\x6c\x6c\x66\x64\0\
\x72\x63\x75\x5f\x6e\x6f\x64\x65\0\x72\x65\x71\x75\x65\x73\x74\x5f\x71\x75\x65\
\x75\x65\0\x72\x6f\x62\x75\x73\x74\x5f\x6c\x69\x73\x74\x5f\x68\x65\x61\x64\0\
\x72\x74\x5f\x6d\x75\x74\x65\x78\x5f\x77\x61\x69\x74\x65\x72\0\x73\x65\x63\x63\
\x6f\x6d\x70\x5f\x66\x69\x6c\x74\x65\x72\0\x73\x65\x6d\x5f\x75\x6e\x64\x6f\x5f\
\x6c\x69\x73\x74\0\x73\x69\x67\x68\x61\x6e\x64\x5f\x73\x74\x72\x75\x63\x74\0\
\x73\x69\x67\x6e\x61\x6c\x5f\x73\x74\x72\x75\x63\x74\0\x74\x61\x73\x6b\x5f\x64\
\x65\x6c\x61\x79\x5f\x69\x6e\x66\x6f\0\x74\x61\x73\x6b\x5f\x67\x72\x6f\x75\x70\
\0\x74\x72\x61\x63\x65\x5f\x65\x76\x65\x6e\x74\x5f\x63\x61\x6c\x6c\0\x75\x70\
\x72\x6f\x62\x65\x5f\x74\x61\x73\x6b\0\x76\x6d\x5f\x73\x74\x72\x75\x63\x74\0\
\x2f\x68\x6f\x6d\x65\x2f\x6e\x65\x30\x2f\x73\x79\x73\x5f\x63\x6f\x6d\x70\x65\
\x74\x69\x74\x69\x6f\x6e\x2f\x73\x74\x61\x72\x74\x2f\x63\x70\x75\x5f\x77\x61\
\x74\x63\x68\x65\x72\x2f\x62\x70\x66\x2f\x6d\x6d\x5f\x73\x74\x61\x74\x73\x2e\
\x62\x70\x66\x2e\x63\0\x69\x6e\x74\x20\x42\x50\x46\x5f\x4b\x50\x52\x4f\x42\x45\
\x28\x6f\x6f\x6d\x5f\x6b\x69\x6c\x6c\x5f\x70\x72\x6f\x63\x65\x73\x73\x2c\x20\
\x73\x74\x72\x75\x63\x74\x20\x6f\x6f\x6d\x5f\x63\x6f\x6e\x74\x72\x6f\x6c\x20\
\x2a\x6f\x63\x2c\x20\x63\x6f\x6e\x73\x74\x20\x63\x68\x61\x72\x20\x2a\x6d\x65\
\x73\x73\x61\x67\x65\x29\0\x20\x20\x20\x20\x62\x75\x66\x66\x20\x3d\x20\x62\x70\
\x66\x5f\x72\x69\x6e\x67\x62\x75\x66\x5f\x72\x65\x73\x65\x72\x76\x65\x28\x26\
\x6f\x6f\x6d\x5f\x65\x76\x65\x6e\x74\x5f\x62\x75\x66\x66\x65\x72\x2c\x20\x73\
\x69\x7a\x65\x6f\x66\x28\x73\x74\x72\x75\x63\x74\x20\x6f\x6f\x6d\x5f\x65\x76\
\x65\x6e\x74\x29\x2c\x20\x30\x29\x3b\0\x20\x20\x20\x20\x69\x66\x28\x21\x62\x75\
\x66\x66\x29\x7b\0\x20\x20\x20\x20\x20\x20\x20\x20\x62\x70\x66\x5f\x70\x72\x69\
\x6e\x74\x6b\x28\x22\x74\x68\x65\x20\x6f\x6f\x6d\x5f\x65\x76\x65\x6e\x74\x5f\
\x62\x75\x66\x66\x20\x69\x73\x20\x66\x75\x6c\x6c\x5c\x6e\x22\x29\x3b\0\x20\x20\
\x20\x20\x75\x36\x34\x20\x6e\x6f\x77\x20\x3d\x20\x62\x70\x66\x5f\x6b\x74\x69\
\x6d\x65\x5f\x67\x65\x74\x5f\x6e\x73\x28\x29\x3b\0\x20\x20\x20\x20\x62\x75\x66\
\x66\x2d\x3e\x6b\x69\x6c\x6c\x5f\x74\x69\x6d\x65\x20\x3d\x20\x6e\x6f\x77\x3b\0\
\x20\x20\x20\x20\x62\x70\x66\x5f\x70\x72\x6f\x62\x65\x5f\x72\x65\x61\x64\x28\
\x26\x74\x61\x73\x6b\x2c\x20\x73\x69\x7a\x65\x6f\x66\x28\x74\x61\x73\x6b\x29\
\x2c\x20\x26\x6f\x63\x2d\x3e\x63\x68\x6f\x73\x65\x6e\x29\x3b\0\x20\x20\x20\x20\
\x62\x70\x66\x5f\x70\x72\x6f\x62\x65\x5f\x72\x65\x61\x64\x28\x26\x62\x75\x66\
\x66\x2d\x3e\x6b\x69\x6c\x6c\x65\x64\x5f\x69\x64\x2c\x20\x73\x69\x7a\x65\x6f\
\x66\x28\x62\x75\x66\x66\x2d\x3e\x6b\x69\x6c\x6c\x65\x64\x5f\x69\x64\x29\x2c\
\x20\x26\x74\x61\x73\x6b\x2d\x3e\x70\x69\x64\x29\x3b\0\x20\x20\x20\x20\x62\x70\
\x66\x5f\x70\x72\x6f\x62\x65\x5f\x72\x65\x61\x64\x28\x26\x62\x75\x66\x66\x2d\
\x3e\x63\x6f\x6d\x6d\x2c\x20\x73\x69\x7a\x65\x6f\x66\x28\x62\x75\x66\x66\x2d\
\x3e\x63\x6f\x6d\x6d\x29\x2c\x20\x26\x74\x61\x73\x6b\x2d\x3e\x63\x6f\x6d\x6d\
\x29\x3b\0\x20\x20\x20\x20\x62\x75\x66\x66\x2d\x3e\x74\x72\x69\x67\x67\x65\x72\
\x5f\x69\x64\x20\x3d\x20\x62\x70\x66\x5f\x67\x65\x74\x5f\x63\x75\x72\x72\x65\
\x6e\x74\x5f\x70\x69\x64\x5f\x74\x67\x69\x64\x28\x29\x20\x26\x20\x30\x78\x46\
\x46\x46\x46\x46\x46\x46\x46\x3b\x20\0\x20\x20\x20\x20\x62\x70\x66\x5f\x72\x69\
\x6e\x67\x62\x75\x66\x5f\x73\x75\x62\x6d\x69\x74\x28\x62\x75\x66\x66\x2c\x20\
\x30\x29\x3b\0\x20\x20\x20\x20\x75\x36\x34\x20\x69\x64\x20\x3d\x20\x62\x70\x66\
\x5f\x67\x65\x74\x5f\x63\x75\x72\x72\x65\x6e\x74\x5f\x70\x69\x64\x5f\x74\x67\
\x69\x64\x28\x29\x3b\0\x20\x20\x20\x20\x75\x33\x32\x20\x74\x67\x69\x64\x20\x3d\
\x20\x69\x64\x20\x3e\x3e\x20\x33\x32\x3b\0\x20\x20\x20\x20\x75\x33\x32\x20\x70\
\x69\x64\x20\x3d\x20\x69\x64\x20\x26\x20\x30\x78\x46\x46\x46\x46\x46\x46\x46\
\x46\x3b\x20\0\x20\x20\x20\x20\x69\x66\x28\x70\x69\x64\x20\x3d\x3d\x20\x30\x29\
\0\x20\x20\x20\x20\x73\x74\x72\x75\x63\x74\x20\x74\x61\x73\x6b\x5f\x6d\x6d\x5f\
\x73\x74\x61\x74\x73\x20\x2a\x74\x61\x73\x6b\x20\x3d\x20\x62\x70\x66\x5f\x6d\
\x61\x70\x5f\x6c\x6f\x6f\x6b\x75\x70\x5f\x65\x6c\x65\x6d\x28\x26\x74\x61\x73\
\x6b\x5f\x6d\x6d\x5f\x73\x74\x61\x74\x73\x5f\x6d\x61\x70\x2c\x26\x70\x69\x64\
\x29\x3b\0\x20\x20\x20\x20\x69\x66\x28\x21\x74\x61\x73\x6b\x29\x7b\0\x20\x20\
\x20\x20\x20\x20\x20\x20\x69\x6e\x69\x74\x5f\x74\x61\x73\x6b\x2e\x6c\x61\x73\
\x74\x5f\x63\x6c\x65\x61\x72\x5f\x74\x69\x6d\x65\x20\x3d\x20\x6e\x6f\x77\x3b\0\
\x20\x20\x20\x20\x20\x20\x20\x20\x6d\x65\x6d\x73\x65\x74\x28\x26\x69\x6e\x69\
\x74\x5f\x74\x61\x73\x6b\x2c\x20\x30\x2c\x20\x73\x69\x7a\x65\x6f\x66\x28\x73\
\x74\x72\x75\x63\x74\x20\x74\x61\x73\x6b\x5f\x6d\x6d\x5f\x73\x74\x61\x74\x73\
\x29\x29\x3b\0\x20\x20\x20\x20\x20\x20\x20\x20\x69\x6e\x69\x74\x5f\x74\x61\x73\
\x6b\x2e\x6b\x6d\x65\x6d\x5f\x63\x6f\x75\x6e\x74\x20\x3d\x20\x31\x3b\0\x20\x20\
\x20\x20\x20\x20\x20\x20\x62\x70\x66\x5f\x6d\x61\x70\x5f\x75\x70\x64\x61\x74\
\x65\x5f\x65\x6c\x65\x6d\x28\x26\x74\x61\x73\x6b\x5f\x6d\x6d\x5f\x73\x74\x61\
\x74\x73\x5f\x6d\x61\x70\x2c\x26\x70\x69\x64\x2c\x26\x69\x6e\x69\x74\x5f\x74\
\x61\x73\x6b\x2c\x42\x50\x46\x5f\x41\x4e\x59\x29\x3b\0\x20\x20\x20\x20\x20\x20\
\x20\x20\x74\x61\x73\x6b\x2d\x3e\x6b\x6d\x65\x6d\x5f\x63\x6f\x75\x6e\x74\x20\
\x2b\x3d\x20\x31\x3b\0\x20\x20\x20\x20\x20\x20\x20\x20\x62\x70\x66\x5f\x6d\x61\
\x70\x5f\x75\x70\x64\x61\x74\x65\x5f\x65\x6c\x65\x6d\x28\x26\x74\x61\x73\x6b\
\x5f\x6d\x6d\x5f\x73\x74\x61\x74\x73\x5f\x6d\x61\x70\x2c\x26\x70\x69\x64\x2c\
\x74\x61\x73\x6b\x2c\x42\x50\x46\x5f\x41\x4e\x59\x29\x3b\0\x20\x20\x20\x20\x20\
\x20\x20\x20\x74\x61\x73\x6b\x5f\x63\x6f\x6d\x70\x61\x72\x65\x5f\x61\x6e\x64\
\x5f\x63\x6f\x6d\x6d\x69\x74\x28\x74\x61\x73\x6b\x29\x3b\0\x20\x20\x20\x20\x73\
\x74\x72\x75\x63\x74\x20\x70\x72\x6f\x63\x65\x73\x73\x5f\x6d\x6d\x5f\x73\x74\
\x61\x74\x73\x20\x2a\x70\x72\x6f\x63\x65\x73\x73\x20\x3d\x20\x62\x70\x66\x5f\
\x6d\x61\x70\x5f\x6c\x6f\x6f\x6b\x75\x70\x5f\x65\x6c\x65\x6d\x28\x26\x70\x72\
\x6f\x63\x65\x73\x73\x5f\x6d\x6d\x5f\x73\x74\x61\x74\x73\x5f\x6d\x61\x70\x2c\
\x26\x74\x67\x69\x64\x29\x3b\0\x20\x20\x20\x20\x69\x66\x28\x21\x70\x72\x6f\x63\
\x65\x73\x73\x29\x7b\0\x20\x20\x20\x20\x20\x20\x20\x20\x73\x74\x72\x75\x63\x74\
\x20\x70\x72\x6f\x63\x65\x73\x73\x5f\x6d\x6d\x5f\x73\x74\x61\x74\x73\x20\x69\
\x6e\x69\x74\x5f\x70\x72\x6f\x63\x65\x73\x73\x20\x3d\x20\x7b\0\x20\x20\x20\x20\
\x20\x20\x20\x20\x20\x20\x20\x20\x2e\x74\x67\x69\x64\x20\x3d\x20\x74\x67\x69\
\x64\x2c\0\x20\x20\x20\x20\x20\x20\x20\x20\x62\x70\x66\x5f\x6d\x61\x70\x5f\x75\
\x70\x64\x61\x74\x65\x5f\x65\x6c\x65\x6d\x28\x26\x70\x72\x6f\x63\x65\x73\x73\
\x5f\x6d\x6d\x5f\x73\x74\x61\x74\x73\x5f\x6d\x61\x70\x2c\x26\x74\x67\x69\x64\
\x2c\x26\x69\x6e\x69\x74\x5f\x70\x72\x6f\x63\x65\x73\x73\x2c\x42\x50\x46\x5f\
\x41\x4e\x59\x29\x3b\0\x20\x20\x20\x20\x20\x20\x20\x20\x70\x72\x6f\x63\x65\x73\
\x73\x2d\x3e\x6b\x6d\x65\x6d\x5f\x63\x6f\x75\x6e\x74\x20\x2b\x3d\x20\x31\x3b\0\
\x20\x20\x20\x20\x20\x20\x20\x20\x62\x70\x66\x5f\x6d\x61\x70\x5f\x75\x70\x64\
\x61\x74\x65\x5f\x65\x6c\x65\x6d\x28\x26\x70\x72\x6f\x63\x65\x73\x73\x5f\x6d\
\x6d\x5f\x73\x74\x61\x74\x73\x5f\x6d\x61\x70\x2c\x26\x74\x67\x69\x64\x2c\x70\
\x72\x6f\x63\x65\x73\x73\x2c\x42\x50\x46\x5f\x41\x4e\x59\x29\x3b\0\x20\x20\x20\
\x20\x20\x20\x20\x20\x70\x72\x6f\x63\x65\x73\x73\x5f\x63\x6f\x6d\x70\x61\x72\
\x65\x5f\x61\x6e\x64\x5f\x63\x6f\x6d\x6d\x69\x74\x28\x70\x72\x6f\x63\x65\x73\
\x73\x29\x3b\0\x7d\0\x73\x74\x61\x74\x69\x63\x20\x69\x6e\x74\x20\x74\x61\x73\
\x6b\x5f\x63\x6f\x6d\x70\x61\x72\x65\x5f\x61\x6e\x64\x5f\x63\x6f\x6d\x6d\x69\
\x74\x28\x73\x74\x72\x75\x63\x74\x20\x74\x61\x73\x6b\x5f\x6d\x6d\x5f\x73\x74\
\x61\x74\x73\x20\x2a\x74\x61\x73\x6b\x29\x7b\0\x20\x20\x20\x20\x73\x74\x72\x75\
\x63\x74\x20\x6d\x6d\x5f\x74\x68\x72\x65\x68\x6f\x6c\x64\x20\x2a\x74\x68\x72\
\x65\x68\x6f\x6c\x64\x20\x3d\x20\x62\x70\x66\x5f\x6d\x61\x70\x5f\x6c\x6f\x6f\
\x6b\x75\x70\x5f\x65\x6c\x65\x6d\x28\x26\x74\x68\x72\x65\x68\x6f\x6c\x64\x5f\
\x6d\x61\x70\x2c\x26\x7a\x65\x72\x6f\x29\x3b\0\x20\x20\x20\x20\x69\x66\x28\x21\
\x74\x68\x72\x65\x68\x6f\x6c\x64\x29\x7b\0\x20\x20\x20\x20\x20\x20\x20\x20\x62\
\x70\x66\x5f\x70\x72\x69\x6e\x74\x6b\x28\x22\x6d\x6d\x5f\x74\x68\x72\x65\x68\
\x6f\x6c\x64\x20\x6d\x61\x70\x20\x69\x73\x20\x6e\x6f\x74\x20\x69\x6e\x69\x74\
\x5c\x6e\x22\x29\x3b\0\x20\x20\x20\x20\x69\x66\x28\x74\x61\x73\x6b\x2d\x3e\x6c\
\x61\x73\x74\x5f\x63\x6c\x65\x61\x72\x5f\x74\x69\x6d\x65\x20\x2b\x20\x74\x68\
\x72\x65\x68\x6f\x6c\x64\x2d\x3e\x74\x69\x6d\x65\x5f\x77\x69\x6e\x64\x6f\x77\
\x20\x3c\x20\x6e\x6f\x77\x29\x7b\0\x20\x20\x20\x20\x20\x20\x20\x20\x74\x61\x73\
\x6b\x2d\x3e\x6c\x61\x73\x74\x5f\x63\x6c\x65\x61\x72\x5f\x74\x69\x6d\x65\x20\
\x3d\x20\x6e\x6f\x77\x3b\0\x20\x20\x20\x20\x20\x20\x20\x20\x74\x61\x73\x6b\x2d\
\x3e\x6b\x6d\x65\x6d\x5f\x63\x6f\x75\x6e\x74\x20\x3d\x20\x30\x3b\0\x20\x20\x20\
\x20\x20\x20\x20\x20\x74\x61\x73\x6b\x2d\x3e\x73\x6c\x61\x62\x5f\x63\x6f\x75\
\x6e\x74\x20\x3d\x20\x30\x3b\0\x20\x20\x20\x20\x69\x66\x28\x74\x61\x73\x6b\x2d\
\x3e\x6b\x6d\x65\x6d\x5f\x63\x6f\x75\x6e\x74\x20\x3e\x3d\x20\x74\x68\x72\x65\
\x68\x6f\x6c\x64\x2d\x3e\x6b\x6d\x65\x6d\x5f\x74\x68\x72\x65\x68\x6f\x6c\x64\
\x20\x7c\x7c\x20\x74\x61\x73\x6b\x2d\x3e\x73\x6c\x61\x62\x5f\x63\x6f\x75\x6e\
\x74\x20\x3e\x3d\x20\x74\x68\x72\x65\x68\x6f\x6c\x64\x2d\x3e\x73\x6c\x61\x62\
\x5f\x74\x68\x72\x65\x68\x6f\x6c\x64\x20\x7c\x7c\x20\x74\x61\x73\x6b\x2d\x3e\
\x76\x6d\x65\x6d\x5f\x63\x6f\x75\x6e\x74\x20\x3e\x3d\x20\x74\x68\x72\x65\x68\
\x6f\x6c\x64\x2d\x3e\x76\x6d\x65\x6d\x5f\x74\x68\x72\x65\x68\x6f\x6c\x64\x29\
\x7b\0\x20\x20\x20\x20\x20\x20\x20\x20\x69\x66\x28\x74\x61\x73\x6b\x2d\x3e\x61\
\x6c\x72\x65\x61\x64\x79\x5f\x6f\x75\x74\x70\x75\x74\x20\x21\x3d\x20\x30\x29\0\
\x20\x20\x20\x20\x20\x20\x20\x20\x73\x74\x72\x75\x63\x74\x20\x74\x61\x73\x6b\
\x5f\x6d\x6d\x5f\x73\x74\x61\x74\x73\x20\x2a\x62\x75\x66\x66\x20\x3d\x20\x62\
\x70\x66\x5f\x72\x69\x6e\x67\x62\x75\x66\x5f\x72\x65\x73\x65\x72\x76\x65\x28\
\x26\x74\x61\x73\x6b\x5f\x6d\x6d\x5f\x73\x74\x61\x74\x73\x5f\x62\x75\x66\x66\
\x65\x72\x2c\x20\x73\x69\x7a\x65\x6f\x66\x28\x73\x74\x72\x75\x63\x74\x20\x74\
\x61\x73\x6b\x5f\x6d\x6d\x5f\x73\x74\x61\x74\x73\x29\x2c\x20\x30\x29\x3b\0\x20\
\x20\x20\x20\x20\x20\x20\x20\x69\x66\x28\x21\x62\x75\x66\x66\x29\x7b\0\x20\x20\
\x20\x20\x20\x20\x20\x20\x20\x20\x20\x20\x62\x70\x66\x5f\x70\x72\x69\x6e\x74\
\x6b\x28\x22\x74\x61\x73\x6b\x5f\x6d\x6d\x5f\x73\x74\x61\x74\x73\x5f\x62\x75\
\x66\x66\x20\x69\x73\x20\x66\x75\x6c\x6c\x5c\x6e\x22\x29\x3b\0\x20\x20\x20\x20\
\x20\x20\x20\x20\x6d\x65\x6d\x73\x65\x74\x28\x62\x75\x66\x66\x2c\x30\x2c\x73\
\x69\x7a\x65\x6f\x66\x28\x73\x74\x72\x75\x63\x74\x20\x74\x61\x73\x6b\x5f\x6d\
\x6d\x5f\x73\x74\x61\x74\x73\x29\x29\x3b\0\x20\x20\x20\x20\x20\x20\x20\x20\x62\
\x75\x66\x66\x2d\x3e\x69\x6e\x66\x6f\x2e\x70\x69\x64\x20\x3d\x20\x74\x61\x73\
\x6b\x2d\x3e\x69\x6e\x66\x6f\x2e\x70\x69\x64\x3b\0\x20\x20\x20\x20\x20\x20\x20\
\x20\x62\x75\x66\x66\x2d\x3e\x69\x6e\x66\x6f\x2e\x74\x67\x69\x64\x20\x3d\x20\
\x74\x61\x73\x6b\x2d\x3e\x69\x6e\x66\x6f\x2e\x74\x67\x69\x64\x3b\0\x20\x20\x20\
\x20\x20\x20\x20\x20\x62\x70\x66\x5f\x70\x72\x6f\x62\x65\x5f\x72\x65\x61\x64\
\x5f\x6b\x65\x72\x6e\x65\x6c\x5f\x73\x74\x72\x28\x62\x75\x66\x66\x2d\x3e\x69\
\x6e\x66\x6f\x2e\x63\x6f\x6d\x6d\x2c\x73\x69\x7a\x65\x6f\x66\x28\x74\x61\x73\
\x6b\x2d\x3e\x69\x6e\x66\x6f\x2e\x63\x6f\x6d\x6d\x29\x2c\x74\x61\x73\x6b\x2d\
\x3e\x69\x6e\x66\x6f\x2e\x63\x6f\x6d\x6d\x29\x3b\x20\x20\0\x20\x20\x20\x20\x20\
\x20\x20\x20\x62\x75\x66\x66\x2d\x3e\x6b\x6d\x65\x6d\x5f\x63\x6f\x75\x6e\x74\
\x20\x3d\x20\x74\x61\x73\x6b\x2d\x3e\x6b\x6d\x65\x6d\x5f\x63\x6f\x75\x6e\x74\
\x3b\0\x20\x20\x20\x20\x20\x20\x20\x20\x62\x75\x66\x66\x2d\x3e\x73\x6c\x61\x62\
\x5f\x63\x6f\x75\x6e\x74\x20\x3d\x20\x74\x61\x73\x6b\x2d\x3e\x73\x6c\x61\x62\
\x5f\x63\x6f\x75\x6e\x74\x3b\0\x20\x20\x20\x20\x20\x20\x20\x20\x62\x75\x66\x66\
\x2d\x3e\x76\x6d\x65\x6d\x5f\x63\x6f\x75\x6e\x74\x20\x3d\x20\x74\x61\x73\x6b\
\x2d\x3e\x76\x6d\x65\x6d\x5f\x63\x6f\x75\x6e\x74\x3b\0\x20\x20\x20\x20\x20\x20\
\x20\x20\x62\x70\x66\x5f\x72\x69\x6e\x67\x62\x75\x66\x5f\x73\x75\x62\x6d\x69\
\x74\x28\x62\x75\x66\x66\x2c\x30\x29\x3b\0\x20\x20\x20\x20\x20\x20\x20\x20\x74\
\x61\x73\x6b\x2d\x3e\x61\x6c\x72\x65\x61\x64\x79\x5f\x6f\x75\x74\x70\x75\x74\
\x20\x3d\x20\x31\x3b\0\x73\x74\x61\x74\x69\x63\x20\x69\x6e\x74\x20\x70\x72\x6f\
\x63\x65\x73\x73\x5f\x63\x6f\x6d\x70\x61\x72\x65\x5f\x61\x6e\x64\x5f\x63\x6f\
\x6d\x6d\x69\x74\x28\x73\x74\x72\x75\x63\x74\x20\x70\x72\x6f\x63\x65\x73\x73\
\x5f\x6d\x6d\x5f\x73\x74\x61\x74\x73\x20\x2a\x70\x72\x6f\x63\x65\x73\x73\x29\
\x7b\0\x20\x20\x20\x20\x73\x74\x72\x75\x63\x74\x20\x6d\x6d\x5f\x74\x68\x72\x65\
\x68\x6f\x6c\x64\x20\x2a\x74\x68\x72\x65\x68\x6f\x6c\x64\x20\x3d\x20\x62\x70\
\x66\x5f\x6d\x61\x70\x5f\x6c\x6f\x6f\x6b\x75\x70\x5f\x65\x6c\x65\x6d\x28\x26\
\x74\x68\x72\x65\x68\x6f\x6c\x64\x5f\x6d\x61\x70\x2c\x26\x6f\x6e\x65\x29\x3b\0\
\x20\x20\x20\x20\x69\x66\x28\x70\x72\x6f\x63\x65\x73\x73\x2d\x3e\x6c\x61\x73\
\x74\x5f\x63\x6c\x65\x61\x72\x5f\x74\x69\x6d\x65\x20\x2b\x20\x74\x68\x72\x65\
\x68\x6f\x6c\x64\x2d\x3e\x74\x69\x6d\x65\x5f\x77\x69\x6e\x64\x6f\x77\x20\x3c\
\x20\x6e\x6f\x77\x29\x7b\0\x20\x20\x20\x20\x20\x20\x20\x20\x70\x72\x6f\x63\x65\
\x73\x73\x2d\x3e\x6c\x61\x73\x74\x5f\x63\x6c\x65\x61\x72\x5f\x74\x69\x6d\x65\
\x20\x3d\x20\x6e\x6f\x77\x3b\0\x20\x20\x20\x20\x20\x20\x20\x20\x70\x72\x6f\x63\
\x65\x73\x73\x2d\x3e\x61\x6c\x72\x65\x61\x64\x79\x5f\x6f\x75\x74\x70\x75\x74\
\x20\x3d\x20\x30\x3b\0\x20\x20\x20\x20\x20\x20\x20\x20\x70\x72\x6f\x63\x65\x73\
\x73\x2d\x3e\x76\x6d\x65\x6d\x5f\x63\x6f\x75\x6e\x74\x20\x3d\x20\x30\x3b\0\x20\
\x20\x20\x20\x20\x20\x20\x20\x70\x72\x6f\x63\x65\x73\x73\x2d\x3e\x6b\x6d\x65\
\x6d\x5f\x63\x6f\x75\x6e\x74\x20\x3d\x20\x30\x3b\0\x20\x20\x20\x20\x69\x66\x28\
\x70\x72\x6f\x63\x65\x73\x73\x2d\x3e\x6b\x6d\x65\x6d\x5f\x63\x6f\x75\x6e\x74\
\x20\x3e\x3d\x20\x74\x68\x72\x65\x68\x6f\x6c\x64\x2d\x3e\x6b\x6d\x65\x6d\x5f\
\x74\x68\x72\x65\x68\x6f\x6c\x64\x20\x7c\x7c\x20\x70\x72\x6f\x63\x65\x73\x73\
\x2d\x3e\x73\x6c\x61\x62\x5f\x63\x6f\x75\x6e\x74\x20\x3e\x3d\x20\x74\x68\x72\
\x65\x68\x6f\x6c\x64\x2d\x3e\x73\x6c\x61\x62\x5f\x74\x68\x72\x65\x68\x6f\x6c\
\x64\x20\x7c\x7c\x20\x70\x72\x6f\x63\x65\x73\x73\x2d\x3e\x76\x6d\x65\x6d\x5f\
\x63\x6f\x75\x6e\x74\x20\x3e\x3d\x20\x74\x68\x72\x65\x68\x6f\x6c\x64\x2d\x3e\
\x76\x6d\x65\x6d\x5f\x74\x68\x72\x65\x68\x6f\x6c\x64\x29\x7b\0\x20\x20\x20\x20\
\x20\x20\x20\x20\x69\x66\x28\x70\x72\x6f\x63\x65\x73\x73\x2d\x3e\x61\x6c\x72\
\x65\x61\x64\x79\x5f\x6f\x75\x74\x70\x75\x74\x20\x21\x3d\x20\x30\x29\0\x20\x20\
\x20\x20\x20\x20\x20\x20\x73\x74\x72\x75\x63\x74\x20\x70\x72\x6f\x63\x65\x73\
\x73\x5f\x6d\x6d\x5f\x73\x74\x61\x74\x73\x20\x2a\x62\x75\x66\x66\x20\x3d\x20\
\x62\x70\x66\x5f\x72\x69\x6e\x67\x62\x75\x66\x5f\x72\x65\x73\x65\x72\x76\x65\
\x28\x26\x70\x72\x6f\x63\x65\x73\x73\x5f\x6d\x6d\x5f\x73\x74\x61\x74\x73\x5f\
\x62\x75\x66\x66\x65\x72\x2c\x20\x73\x69\x7a\x65\x6f\x66\x28\x73\x74\x72\x75\
\x63\x74\x20\x70\x72\x6f\x63\x65\x73\x73\x5f\x6d\x6d\x5f\x73\x74\x61\x74\x73\
\x29\x2c\x20\x30\x29\x3b\0\x20\x20\x20\x20\x20\x20\x20\x20\x20\x20\x20\x20\x62\
\x70\x66\x5f\x70\x72\x69\x6e\x74\x6b\x28\x22\x70\x72\x6f\x63\x65\x73\x73\x5f\
\x6d\x6d\x5f\x73\x74\x61\x74\x73\x5f\x62\x75\x66\x66\x20\x69\x73\x20\x66\x75\
\x6c\x6c\x5c\x6e\x22\x29\x3b\0\x20\x20\x20\x20\x20\x20\x20\x20\x6d\x65\x6d\x73\
\x65\x74\x28\x62\x75\x66\x66\x2c\x30\x2c\x73\x69\x7a\x65\x6f\x66\x28\x73\x74\
\x72\x75\x63\x74\x20\x70\x72\x6f\x63\x65\x73\x73\x5f\x6d\x6d\x5f\x73\x74\x61\
\x74\x73\x29\x29\x3b\0\x20\x20\x20\x20\x20\x20\x20\x20\x62\x75\x66\x66\x2d\x3e\
\x74\x67\x69\x64\x20\x3d\x20\x70\x72\x6f\x63\x65\x73\x73\x2d\x3e\x74\x67\x69\
\x64\x3b\0\x20\x20\x20\x20\x20\x20\x20\x20\x62\x75\x66\x66\x2d\x3e\x6b\x6d\x65\
\x6d\x5f\x63\x6f\x75\x6e\x74\x20\x3d\x20\x70\x72\x6f\x63\x65\x73\x73\x2d\x3e\
\x6b\x6d\x65\x6d\x5f\x63\x6f\x75\x6e\x74\x3b\0\x20\x20\x20\x20\x20\x20\x20\x20\
\x62\x75\x66\x66\x2d\x3e\x73\x6c\x61\x62\x5f\x63\x6f\x75\x6e\x74\x20\x3d\x20\
\x70\x72\x6f\x63\x65\x73\x73\x2d\x3e\x73\x6c\x61\x62\x5f\x63\x6f\x75\x6e\x74\
\x3b\0\x20\x20\x20\x20\x20\x20\x20\x20\x62\x75\x66\x66\x2d\x3e\x76\x6d\x65\x6d\
\x5f\x63\x6f\x75\x6e\x74\x20\x3d\x20\x70\x72\x6f\x63\x65\x73\x73\x2d\x3e\x76\
\x6d\x65\x6d\x5f\x63\x6f\x75\x6e\x74\x3b\0\x20\x20\x20\x20\x20\x20\x20\x20\x70\
\x72\x6f\x63\x65\x73\x73\x2d\x3e\x61\x6c\x72\x65\x61\x64\x79\x5f\x6f\x75\x74\
\x70\x75\x74\x20\x3d\x20\x31\x3b\0\x20\x20\x20\x20\x20\x20\x20\x20\x20\x73\x74\
\x72\x75\x63\x74\x20\x70\x72\x6f\x63\x65\x73\x73\x5f\x6d\x6d\x5f\x73\x74\x61\
\x74\x73\x20\x69\x6e\x69\x74\x5f\x70\x72\x6f\x63\x65\x73\x73\x20\x3d\x20\x7b\0\
\x20\x20\x20\x20\x20\x20\x20\x20\x69\x6e\x69\x74\x5f\x74\x61\x73\x6b\x2e\x76\
\x6d\x65\x6d\x5f\x63\x6f\x75\x6e\x74\x20\x3d\x20\x31\x3b\0\x20\x20\x20\x20\x20\
\x20\x20\x20\x74\x61\x73\x6b\x2d\x3e\x76\x6d\x65\x6d\x5f\x63\x6f\x75\x6e\x74\
\x20\x2b\x3d\x20\x31\x3b\0\x20\x20\x20\x20\x20\x20\x20\x20\x70\x72\x6f\x63\x65\
\x73\x73\x2d\x3e\x76\x6d\x65\x6d\x5f\x63\x6f\x75\x6e\x74\x20\x2b\x3d\x20\x31\
\x3b\0\x69\x6e\x74\x20\x42\x50\x46\x5f\x50\x52\x4f\x47\x28\x74\x72\x61\x63\x65\
\x5f\x70\x61\x67\x65\x5f\x61\x6c\x6c\x6f\x63\x29\x7b\0\x69\x6e\x74\x20\x42\x50\
\x46\x5f\x50\x52\x4f\x47\x28\x74\x72\x61\x63\x65\x5f\x70\x61\x67\x65\x5f\x66\
\x72\x65\x65\x29\x7b\0\x20\x20\x20\x20\x20\x20\x20\x20\x69\x6e\x69\x74\x5f\x74\
\x61\x73\x6b\x2e\x73\x6c\x61\x62\x5f\x63\x6f\x75\x6e\x74\x20\x3d\x20\x31\x3b\0\
\x20\x20\x20\x20\x20\x20\x20\x20\x74\x61\x73\x6b\x2d\x3e\x73\x6c\x61\x62\x5f\
\x63\x6f\x75\x6e\x74\x20\x2b\x3d\x20\x31\x3b\0\x20\x20\x20\x20\x20\x20\x20\x20\
\x70\x72\x6f\x63\x65\x73\x73\x2d\x3e\x73\x6c\x61\x62\x5f\x63\x6f\x75\x6e\x74\
\x20\x2b\x3d\x20\x31\x3b\0\x69\x6e\x74\x20\x42\x50\x46\x5f\x50\x52\x4f\x47\x28\
\x74\x72\x61\x63\x65\x5f\x63\x61\x63\x68\x65\x5f\x61\x6c\x6c\x6f\x63\x29\x7b\0\
\x69\x6e\x74\x20\x42\x50\x46\x5f\x50\x52\x4f\x47\x28\x74\x72\x61\x63\x65\x5f\
\x63\x61\x63\x68\x65\x5f\x66\x72\x65\x65\x29\x7b\0\x20\x20\x20\x20\x75\x36\x34\
\x20\x70\x69\x64\x5f\x74\x67\x69\x64\x20\x3d\x20\x62\x70\x66\x5f\x67\x65\x74\
\x5f\x63\x75\x72\x72\x65\x6e\x74\x5f\x70\x69\x64\x5f\x74\x67\x69\x64\x28\x29\
\x3b\0\x20\x20\x20\x20\x75\x33\x32\x20\x70\x69\x64\x20\x3d\x20\x70\x69\x64\x5f\
\x74\x67\x69\x64\x20\x26\x20\x30\x78\x46\x46\x46\x46\x46\x46\x46\x46\x3b\x20\
\x20\0\x20\x20\x20\x20\x69\x66\x28\x70\x69\x64\x20\x3d\x3d\x20\x30\x20\x7c\x7c\
\x20\x74\x67\x69\x64\x20\x3d\x3d\x20\x30\x29\0\x20\x20\x20\x20\x69\x66\x28\x62\
\x70\x66\x5f\x6d\x61\x70\x5f\x6c\x6f\x6f\x6b\x75\x70\x5f\x65\x6c\x65\x6d\x28\
\x26\x74\x61\x73\x6b\x5f\x6d\x6d\x5f\x73\x74\x61\x74\x73\x5f\x6d\x61\x70\x2c\
\x26\x70\x69\x64\x29\x20\x21\x3d\x20\x4e\x55\x4c\x4c\x29\x7b\0\x20\x20\x20\x20\
\x20\x20\x20\x20\x62\x70\x66\x5f\x6d\x61\x70\x5f\x64\x65\x6c\x65\x74\x65\x5f\
\x65\x6c\x65\x6d\x28\x26\x74\x61\x73\x6b\x5f\x6d\x6d\x5f\x73\x74\x61\x74\x73\
\x5f\x6d\x61\x70\x2c\x26\x70\x69\x64\x29\x3b\0\x69\x6e\x74\x20\x42\x50\x46\x5f\
\x50\x52\x4f\x47\x28\x68\x61\x6e\x64\x6c\x65\x5f\x6d\x6d\x5f\x74\x61\x73\x6b\
\x5f\x65\x78\x69\x74\x29\x7b\0\x30\x3a\x31\x34\0\x30\x3a\x36\0\x30\x3a\x37\x38\
\0\x30\x3a\x31\x31\x32\0\x6c\x69\x63\x65\x6e\x73\x65\0\x2e\x6d\x61\x70\x73\0\
\x2e\x72\x6f\x64\x61\x74\x61\0\x2e\x74\x65\x78\x74\0\x6b\x70\x72\x6f\x62\x65\
\x2f\x6f\x6f\x6d\x5f\x6b\x69\x6c\x6c\x5f\x70\x72\x6f\x63\x65\x73\x73\0\x74\x72\
\x61\x63\x65\x70\x6f\x69\x6e\x74\x2f\x6b\x6d\x65\x6d\x2f\x6b\x6d\x61\x6c\x6c\
\x6f\x63\0\x74\x72\x61\x63\x65\x70\x6f\x69\x6e\x74\x2f\x6b\x6d\x65\x6d\x2f\x6b\
\x66\x72\x65\x65\0\x74\x72\x61\x63\x65\x70\x6f\x69\x6e\x74\x2f\x6b\x6d\x65\x6d\
\x2f\x6d\x6d\x5f\x70\x61\x67\x65\x5f\x61\x6c\x6c\x6f\x63\0\x74\x72\x61\x63\x65\
\x70\x6f\x69\x6e\x74\x2f\x6b\x6d\x65\x6d\x2f\x6d\x6d\x5f\x70\x61\x67\x65\x5f\
\x66\x72\x65\x65\0\x74\x72\x61\x63\x65\x70\x6f\x69\x6e\x74\x2f\x6b\x6d\x65\x6d\
\x2f\x6b\x6d\x65\x6d\x5f\x63\x61\x63\x68\x65\x5f\x61\x6c\x6c\x6f\x63\0\x74\x72\
\x61\x63\x65\x70\x6f\x69\x6e\x74\x2f\x6b\x6d\x65\x6d\x2f\x6b\x6d\x65\x6d\x5f\
\x63\x61\x63\x68\x65\x5f\x66\x72\x65\x65\0\x74\x72\x61\x63\x65\x70\x6f\x69\x6e\
\x74\x2f\x73\x63\x68\x65\x64\x2f\x73\x63\x68\x65\x64\x5f\x70\x72\x6f\x63\x65\
\x73\x73\x5f\x65\x78\x69\x74\0\0\x9f\xeb\x01\0\x20\0\0\0\0\0\0\0\x9c\0\0\0\x9c\
\0\0\0\x3c\x13\0\0\xd8\x13\0\0\x4c\0\0\0\x08\0\0\0\x9b\x41\0\0\x02\0\0\0\0\0\0\
\0\x8d\x01\0\0\x90\x02\0\0\x91\x01\0\0\xa1\x41\0\0\x01\0\0\0\0\0\0\0\x2f\0\0\0\
\xb9\x41\0\0\x01\0\0\0\0\0\0\0\x86\x01\0\0\xd1\x41\0\0\x01\0\0\0\0\0\0\0\x95\
\x01\0\0\xe7\x41\0\0\x01\0\0\0\0\0\0\0\x98\x01\0\0\x05\x42\0\0\x01\0\0\0\0\0\0\
\0\x99\x01\0\0\x22\x42\0\0\x01\0\0\0\0\0\0\0\x9a\x01\0\0\x43\x42\0\0\x01\0\0\0\
\0\0\0\0\x9b\x01\0\0\x63\x42\0\0\x01\0\0\0\0\0\0\0\x9c\x01\0\0\x10\0\0\0\x9b\
\x41\0\0\x54\0\0\0\0\0\0\0\x13\x30\0\0\x61\x36\0\0\0\x1c\x01\0\x08\0\0\0\x13\
\x30\0\0\xa1\x36\0\0\x24\x20\x01\0\x38\0\0\0\x13\x30\0\0\xee\x36\0\0\x08\x24\
\x01\0\x40\0\0\0\x13\x30\0\0\x01\x37\0\0\x09\x28\x01\0\x68\0\0\0\x13\x30\0\0\
\x33\x31\0\0\x0f\x38\x01\0\x70\0\0\0\x13\x30\0\0\x36\x37\0\0\x0e\x3c\x01\0\x78\
\0\0\0\x13\x30\0\0\x36\x37\0\0\x2a\x3c\x01\0\x80\0\0\0\x13\x30\0\0\x36\x37\0\0\
\x1e\x3c\x01\0\x88\0\0\0\x13\x30\0\0\x36\x37\0\0\x08\x3c\x01\0\x90\0\0\0\x13\
\x30\0\0\x73\x37\0\0\x1f\x4c\x01\0\xa0\0\0\0\x13\x30\0\0\x98\x37\0\0\x1a\x40\
\x01\0\xa8\0\0\0\x13\x30\0\0\xb6\x37\0\0\x1a\x48\x01\0\xb0\0\0\0\x13\x30\0\0\0\
\0\0\0\0\0\0\0\xe0\0\0\0\x13\x30\0\0\x5f\x36\0\0\x01\xb8\x01\0\xe8\0\0\0\x13\
\x30\0\0\xd4\x37\0\0\x26\x64\x01\0\xf0\0\0\0\x13\x30\0\0\xd4\x37\0\0\x0e\x64\
\x01\0\xf8\0\0\0\x13\x30\0\0\xd4\x37\0\0\x34\x64\x01\0\0\x01\0\0\x13\x30\0\0\
\xd4\x37\0\0\x55\x64\x01\0\x08\x01\0\0\x13\x30\0\0\xd4\x37\0\0\x3d\x64\x01\0\
\x10\x01\0\0\x13\x30\0\0\xd4\x37\0\0\x63\x64\x01\0\x18\x01\0\0\x13\x30\0\0\xd4\
\x37\0\0\x6c\x64\x01\0\x20\x01\0\0\x13\x30\0\0\xd4\x37\0\0\x84\x64\x01\0\x28\
\x01\0\0\x13\x30\0\0\xd4\x37\0\0\x08\x64\x01\0\x30\x01\0\0\x13\x30\0\0\x67\x38\
\0\0\x12\x68\x01\0\x38\x01\0\0\x13\x30\0\0\x67\x38\0\0\x0c\x68\x01\0\x48\x01\0\
\0\x13\x30\0\0\x8d\x38\0\0\x26\x70\x01\0\x78\x01\0\0\x13\x30\0\0\xff\x38\0\0\
\x0c\x74\x01\0\x80\x01\0\0\x13\x30\0\0\x12\x39\0\0\x0d\x78\x01\0\xa8\x01\0\0\
\x13\x30\0\0\x4a\x39\0\0\x09\x84\x01\0\xe0\x01\0\0\x13\x30\0\0\x7f\x39\0\0\x25\
\x88\x01\0\xe8\x01\0\0\x13\x30\0\0\x7f\x39\0\0\x18\x88\x01\0\xf0\x01\0\0\x13\
\x30\0\0\xa8\x39\0\0\x26\x8c\x01\0\xf8\x01\0\0\x13\x30\0\0\xa8\x39\0\0\x19\x8c\
\x01\0\0\x02\0\0\x13\x30\0\0\xd3\x39\0\0\x2e\x90\x01\0\x10\x02\0\0\x13\x30\0\0\
\xd3\x39\0\0\x4b\x90\x01\0\x20\x02\0\0\x13\x30\0\0\xd3\x39\0\0\x09\x90\x01\0\
\x30\x02\0\0\x13\x30\0\0\x31\x3a\0\0\x22\x94\x01\0\x38\x02\0\0\x13\x30\0\0\x31\
\x3a\0\0\x1a\x94\x01\0\x40\x02\0\0\x13\x30\0\0\x5e\x3a\0\0\x22\x98\x01\0\x48\
\x02\0\0\x13\x30\0\0\x5e\x3a\0\0\x1a\x98\x01\0\x50\x02\0\0\x13\x30\0\0\x8b\x3a\
\0\0\x22\x9c\x01\0\x58\x02\0\0\x13\x30\0\0\x8b\x3a\0\0\x1a\x9c\x01\0\x60\x02\0\
\0\x13\x30\0\0\xb8\x3a\0\0\x09\xa0\x01\0\x80\x02\0\0\x13\x30\0\0\xdc\x3a\0\0\
\x1e\xa8\x01\0\x90\x02\0\0\x13\x30\0\0\xfe\x3a\0\0\0\xc0\x01\0\x98\x02\0\0\x13\
\x30\0\0\x47\x3b\0\0\x24\xc4\x01\0\xc8\x02\0\0\x13\x30\0\0\xee\x36\0\0\x08\xc8\
\x01\0\xd0\x02\0\0\x13\x30\0\0\x01\x37\0\0\x09\xcc\x01\0\xf8\x02\0\0\x13\x30\0\
\0\x33\x31\0\0\x0f\xdc\x01\0\0\x03\0\0\x13\x30\0\0\x93\x3b\0\0\x11\xe0\x01\0\
\x08\x03\0\0\x13\x30\0\0\x93\x3b\0\0\x2d\xe0\x01\0\x10\x03\0\0\x13\x30\0\0\x93\
\x3b\0\0\x21\xe0\x01\0\x18\x03\0\0\x13\x30\0\0\x93\x3b\0\0\x08\xe0\x01\0\x20\
\x03\0\0\x13\x30\0\0\xd3\x3b\0\0\x22\xf0\x01\0\x30\x03\0\0\x13\x30\0\0\xfb\x3b\
\0\0\x21\xf4\x01\0\x38\x03\0\0\x13\x30\0\0\x20\x3c\0\0\x1d\xe8\x01\0\x40\x03\0\
\0\x13\x30\0\0\x41\x3c\0\0\x1d\xe4\x01\0\x48\x03\0\0\x13\x30\0\0\0\0\0\0\0\0\0\
\0\x78\x03\0\0\x13\x30\0\0\x5f\x36\0\0\x01\x54\x02\0\x80\x03\0\0\x13\x30\0\0\
\x62\x3c\0\0\x29\x08\x02\0\x88\x03\0\0\x13\x30\0\0\x62\x3c\0\0\x11\x08\x02\0\
\x90\x03\0\0\x13\x30\0\0\x62\x3c\0\0\x37\x08\x02\0\x98\x03\0\0\x13\x30\0\0\x62\
\x3c\0\0\x5b\x08\x02\0\xa0\x03\0\0\x13\x30\0\0\x62\x3c\0\0\x43\x08\x02\0\xa8\
\x03\0\0\x13\x30\0\0\x62\x3c\0\0\x69\x08\x02\0\xb0\x03\0\0\x13\x30\0\0\x62\x3c\
\0\0\x75\x08\x02\0\xb8\x03\0\0\x13\x30\0\0\x62\x3c\0\0\x8d\x08\x02\0\xc0\x03\0\
\0\x13\x30\0\0\x62\x3c\0\0\x08\x08\x02\0\xc8\x03\0\0\x13\x30\0\0\xfe\x3c\0\0\
\x15\x0c\x02\0\xd0\x03\0\0\x13\x30\0\0\xfe\x3c\0\0\x0c\x0c\x02\0\xe0\x03\0\0\
\x13\x30\0\0\x27\x3d\0\0\x29\x14\x02\0\x08\x04\0\0\x13\x30\0\0\xff\x38\0\0\x0c\
\x18\x02\0\x10\x04\0\0\x13\x30\0\0\xa2\x3d\0\0\x0d\x1c\x02\0\x38\x04\0\0\x13\
\x30\0\0\xdd\x3d\0\0\x09\x28\x02\0\x58\x04\0\0\x13\x30\0\0\x15\x3e\0\0\x1f\x2c\
\x02\0\x60\x04\0\0\x13\x30\0\0\x15\x3e\0\0\x14\x2c\x02\0\x68\x04\0\0\x13\x30\0\
\0\x39\x3e\0\0\x25\x30\x02\0\x70\x04\0\0\x13\x30\0\0\x39\x3e\0\0\x1a\x30\x02\0\
\x78\x04\0\0\x13\x30\0\0\x69\x3e\0\0\x25\x34\x02\0\x80\x04\0\0\x13\x30\0\0\x69\
\x3e\0\0\x1a\x34\x02\0\x88\x04\0\0\x13\x30\0\0\x99\x3e\0\0\x25\x38\x02\0\x90\
\x04\0\0\x13\x30\0\0\x99\x3e\0\0\x1a\x38\x02\0\x98\x04\0\0\x13\x30\0\0\xb8\x3a\
\0\0\x09\x3c\x02\0\xb8\x04\0\0\x13\x30\0\0\xc9\x3e\0\0\x21\x44\x02\0\xa1\x41\0\
\0\x12\0\0\0\0\0\0\0\x13\x30\0\0\x52\x30\0\0\x05\xa8\0\0\x08\0\0\0\x13\x30\0\0\
\xa0\x30\0\0\x0c\xb4\0\0\x38\0\0\0\x13\x30\0\0\xf0\x30\0\0\x08\xb8\0\0\x40\0\0\
\0\x13\x30\0\0\xff\x30\0\0\x09\xbc\0\0\x68\0\0\0\x13\x30\0\0\x33\x31\0\0\x0f\
\xcc\0\0\x70\0\0\0\x13\x30\0\0\x55\x31\0\0\x15\xd0\0\0\x90\0\0\0\x13\x30\0\0\0\
\0\0\0\0\0\0\0\x98\0\0\0\x13\x30\0\0\x70\x31\0\0\x05\xdc\0\0\xb8\0\0\0\x13\x30\
\0\0\xa6\x31\0\0\x40\xe0\0\0\xc8\0\0\0\x13\x30\0\0\xa6\x31\0\0\x1b\xe0\0\0\xd8\
\0\0\0\x13\x30\0\0\xa6\x31\0\0\x05\xe0\0\0\xf0\0\0\0\x13\x30\0\0\xf1\x31\0\0\
\x36\xec\0\0\0\x01\0\0\x13\x30\0\0\xf1\x31\0\0\x1b\xec\0\0\x10\x01\0\0\x13\x30\
\0\0\xf1\x31\0\0\x05\xec\0\0\x20\x01\0\0\x13\x30\0\0\x33\x32\0\0\x18\xf4\0\0\
\x28\x01\0\0\x13\x30\0\0\x33\x32\0\0\x16\xf4\0\0\x30\x01\0\0\x13\x30\0\0\x74\
\x32\0\0\x05\xf8\0\0\x48\x01\0\0\x13\x30\0\0\x52\x30\0\0\x05\xa8\0\0\xb9\x41\0\
\0\x20\0\0\0\0\0\0\0\x13\x30\0\0\x95\x32\0\0\x0e\x3c\x05\0\x10\0\0\0\x13\x30\0\
\0\xbe\x32\0\0\x13\x40\x05\0\x20\0\0\0\x13\x30\0\0\xbe\x32\0\0\x09\x40\x05\0\
\x28\0\0\0\x13\x30\0\0\xd7\x32\0\0\x09\x44\x05\0\x30\0\0\0\x13\x30\0\0\x33\x31\
\0\0\x0f\x48\x05\0\x40\0\0\0\x13\x30\0\0\xd7\x32\0\0\x0f\x44\x05\0\x50\0\0\0\
\x13\x30\0\0\xf7\x32\0\0\x08\x50\x05\0\x60\0\0\0\x13\x30\0\0\0\0\0\0\0\0\0\0\
\x68\0\0\0\x13\x30\0\0\x08\x33\0\0\x22\x5c\x05\0\x88\0\0\0\x13\x30\0\0\x57\x33\
\0\0\x08\x60\x05\0\x90\0\0\0\x13\x30\0\0\x66\x33\0\0\x23\x70\x05\0\xa0\0\0\0\
\x13\x30\0\0\x8f\x33\0\0\x09\x68\x05\0\xb0\0\0\0\x13\x30\0\0\xcc\x33\0\0\x1e\
\x6c\x05\0\xb8\0\0\0\x13\x30\0\0\x8f\x33\0\0\x09\x68\x05\0\xe8\0\0\0\x13\x30\0\
\0\x66\x33\0\0\x23\x70\x05\0\0\x01\0\0\x13\x30\0\0\xee\x33\0\0\x09\x74\x05\0\
\x28\x01\0\0\x13\x30\0\0\x37\x34\0\0\x1a\x80\x05\0\x48\x01\0\0\x13\x30\0\0\0\0\
\0\0\0\0\0\0\x50\x01\0\0\x13\x30\0\0\x56\x34\0\0\x09\x84\x05\0\x78\x01\0\0\x13\
\x30\0\0\x99\x34\0\0\x09\x88\x05\0\x90\x01\0\0\x13\x30\0\0\0\0\0\0\0\0\0\0\x98\
\x01\0\0\x13\x30\0\0\xc0\x34\0\0\x28\x94\x05\0\xb8\x01\0\0\x13\x30\0\0\x19\x35\
\0\0\x08\x98\x05\0\xc0\x01\0\0\x13\x30\0\0\x2b\x35\0\0\x30\x9c\x05\0\xd8\x01\0\
\0\x13\x30\0\0\x5c\x35\0\0\x15\xa0\x05\0\xe0\x01\0\0\x13\x30\0\0\x2b\x35\0\0\
\x30\x9c\x05\0\x20\x02\0\0\x13\x30\0\0\x76\x35\0\0\x09\xbc\x05\0\x48\x02\0\0\
\x13\x30\0\0\xc6\x35\0\0\x1d\xc8\x05\0\x68\x02\0\0\x13\x30\0\0\0\0\0\0\0\0\0\0\
\x70\x02\0\0\x13\x30\0\0\xe8\x35\0\0\x09\xcc\x05\0\x98\x02\0\0\x13\x30\0\0\x32\
\x36\0\0\x09\xd0\x05\0\xa8\x02\0\0\x13\x30\0\0\x5f\x36\0\0\x01\xe0\x05\0\xd1\
\x41\0\0\x20\0\0\0\0\0\0\0\x13\x30\0\0\x95\x32\0\0\x0e\xf0\x05\0\x10\0\0\0\x13\
\x30\0\0\xbe\x32\0\0\x13\xf4\x05\0\x20\0\0\0\x13\x30\0\0\xbe\x32\0\0\x09\xf4\
\x05\0\x28\0\0\0\x13\x30\0\0\xd7\x32\0\0\x09\xf8\x05\0\x30\0\0\0\x13\x30\0\0\
\x33\x31\0\0\x0f\xfc\x05\0\x40\0\0\0\x13\x30\0\0\xd7\x32\0\0\x0f\xf8\x05\0\x50\
\0\0\0\x13\x30\0\0\xf7\x32\0\0\x08\x04\x06\0\x60\0\0\0\x13\x30\0\0\0\0\0\0\0\0\
\0\0\x68\0\0\0\x13\x30\0\0\x08\x33\0\0\x22\x10\x06\0\x88\0\0\0\x13\x30\0\0\x57\
\x33\0\0\x08\x14\x06\0\x90\0\0\0\x13\x30\0\0\x66\x33\0\0\x23\x24\x06\0\xa0\0\0\
\0\x13\x30\0\0\x8f\x33\0\0\x09\x1c\x06\0\xb0\0\0\0\x13\x30\0\0\xcc\x33\0\0\x1e\
\x20\x06\0\xb8\0\0\0\x13\x30\0\0\x8f\x33\0\0\x09\x1c\x06\0\xe8\0\0\0\x13\x30\0\
\0\x66\x33\0\0\x23\x24\x06\0\0\x01\0\0\x13\x30\0\0\xee\x33\0\0\x09\x28\x06\0\
\x28\x01\0\0\x13\x30\0\0\x37\x34\0\0\x1a\x34\x06\0\x48\x01\0\0\x13\x30\0\0\0\0\
\0\0\0\0\0\0\x50\x01\0\0\x13\x30\0\0\x56\x34\0\0\x09\x38\x06\0\x78\x01\0\0\x13\
\x30\0\0\x99\x34\0\0\x09\x3c\x06\0\x90\x01\0\0\x13\x30\0\0\0\0\0\0\0\0\0\0\x98\
\x01\0\0\x13\x30\0\0\xc0\x34\0\0\x28\x48\x06\0\xb8\x01\0\0\x13\x30\0\0\x19\x35\
\0\0\x08\x4c\x06\0\xc0\x01\0\0\x13\x30\0\0\xee\x3e\0\0\x31\x50\x06\0\xd8\x01\0\
\0\x13\x30\0\0\x5c\x35\0\0\x15\x54\x06\0\xe0\x01\0\0\x13\x30\0\0\xee\x3e\0\0\
\x31\x50\x06\0\x20\x02\0\0\x13\x30\0\0\x76\x35\0\0\x09\x6c\x06\0\x48\x02\0\0\
\x13\x30\0\0\xc6\x35\0\0\x1d\x78\x06\0\x68\x02\0\0\x13\x30\0\0\0\0\0\0\0\0\0\0\
\x70\x02\0\0\x13\x30\0\0\xe8\x35\0\0\x09\x7c\x06\0\x98\x02\0\0\x13\x30\0\0\x32\
\x36\0\0\x09\x80\x06\0\xa8\x02\0\0\x13\x30\0\0\x5f\x36\0\0\x01\x90\x06\0\xe7\
\x41\0\0\x20\0\0\0\0\0\0\0\x13\x30\0\0\x95\x32\0\0\x0e\xa0\x06\0\x10\0\0\0\x13\
\x30\0\0\xbe\x32\0\0\x13\xa4\x06\0\x20\0\0\0\x13\x30\0\0\xbe\x32\0\0\x09\xa4\
\x06\0\x28\0\0\0\x13\x30\0\0\xd7\x32\0\0\x09\xa8\x06\0\x30\0\0\0\x13\x30\0\0\
\x33\x31\0\0\x0f\xac\x06\0\x40\0\0\0\x13\x30\0\0\xd7\x32\0\0\x0f\xa8\x06\0\x50\
\0\0\0\x13\x30\0\0\xf7\x32\0\0\x08\xb4\x06\0\x60\0\0\0\x13\x30\0\0\0\0\0\0\0\0\
\0\0\x68\0\0\0\x13\x30\0\0\x08\x33\0\0\x22\xc0\x06\0\x88\0\0\0\x13\x30\0\0\x57\
\x33\0\0\x08\xc4\x06\0\x90\0\0\0\x13\x30\0\0\x66\x33\0\0\x23\xd4\x06\0\xa0\0\0\
\0\x13\x30\0\0\x8f\x33\0\0\x09\xcc\x06\0\xb0\0\0\0\x13\x30\0\0\x20\x3f\0\0\x1e\
\xd0\x06\0\xb8\0\0\0\x13\x30\0\0\x8f\x33\0\0\x09\xcc\x06\0\xe8\0\0\0\x13\x30\0\
\0\x66\x33\0\0\x23\xd4\x06\0\0\x01\0\0\x13\x30\0\0\xee\x33\0\0\x09\xd8\x06\0\
\x28\x01\0\0\x13\x30\0\0\x42\x3f\0\0\x1a\xe4\x06\0\x48\x01\0\0\x13\x30\0\0\0\0\
\0\0\0\0\0\0\x50\x01\0\0\x13\x30\0\0\x56\x34\0\0\x09\xe8\x06\0\x78\x01\0\0\x13\
\x30\0\0\x99\x34\0\0\x09\xec\x06\0\x90\x01\0\0\x13\x30\0\0\0\0\0\0\0\0\0\0\x98\
\x01\0\0\x13\x30\0\0\xc0\x34\0\0\x28\xf8\x06\0\xb8\x01\0\0\x13\x30\0\0\x19\x35\
\0\0\x08\xfc\x06\0\xc0\x01\0\0\x13\x30\0\0\x2b\x35\0\0\x30\0\x07\0\xd8\x01\0\0\
\x13\x30\0\0\x5c\x35\0\0\x15\x04\x07\0\xe0\x01\0\0\x13\x30\0\0\x2b\x35\0\0\x30\
\0\x07\0\x20\x02\0\0\x13\x30\0\0\x76\x35\0\0\x09\x1c\x07\0\x48\x02\0\0\x13\x30\
\0\0\x61\x3f\0\0\x1d\x28\x07\0\x68\x02\0\0\x13\x30\0\0\0\0\0\0\0\0\0\0\x70\x02\
\0\0\x13\x30\0\0\xe8\x35\0\0\x09\x2c\x07\0\x98\x02\0\0\x13\x30\0\0\x32\x36\0\0\
\x09\x30\x07\0\xa8\x02\0\0\x13\x30\0\0\x83\x3f\0\0\x05\x9c\x06\0\x05\x42\0\0\
\x20\0\0\0\0\0\0\0\x13\x30\0\0\x95\x32\0\0\x0e\x50\x07\0\x10\0\0\0\x13\x30\0\0\
\xbe\x32\0\0\x13\x54\x07\0\x20\0\0\0\x13\x30\0\0\xbe\x32\0\0\x09\x54\x07\0\x28\
\0\0\0\x13\x30\0\0\xd7\x32\0\0\x09\x58\x07\0\x30\0\0\0\x13\x30\0\0\x33\x31\0\0\
\x0f\x5c\x07\0\x40\0\0\0\x13\x30\0\0\xd7\x32\0\0\x0f\x58\x07\0\x50\0\0\0\x13\
\x30\0\0\xf7\x32\0\0\x08\x64\x07\0\x60\0\0\0\x13\x30\0\0\0\0\0\0\0\0\0\0\x68\0\
\0\0\x13\x30\0\0\x08\x33\0\0\x22\x70\x07\0\x88\0\0\0\x13\x30\0\0\x57\x33\0\0\
\x08\x74\x07\0\x90\0\0\0\x13\x30\0\0\x66\x33\0\0\x23\x84\x07\0\xa0\0\0\0\x13\
\x30\0\0\x8f\x33\0\0\x09\x7c\x07\0\xb0\0\0\0\x13\x30\0\0\x20\x3f\0\0\x1e\x80\
\x07\0\xb8\0\0\0\x13\x30\0\0\x8f\x33\0\0\x09\x7c\x07\0\xe8\0\0\0\x13\x30\0\0\
\x66\x33\0\0\x23\x84\x07\0\0\x01\0\0\x13\x30\0\0\xee\x33\0\0\x09\x88\x07\0\x28\
\x01\0\0\x13\x30\0\0\x42\x3f\0\0\x1a\x94\x07\0\x48\x01\0\0\x13\x30\0\0\0\0\0\0\
\0\0\0\0\x50\x01\0\0\x13\x30\0\0\x56\x34\0\0\x09\x98\x07\0\x78\x01\0\0\x13\x30\
\0\0\x99\x34\0\0\x09\x9c\x07\0\x90\x01\0\0\x13\x30\0\0\0\0\0\0\0\0\0\0\x98\x01\
\0\0\x13\x30\0\0\xc0\x34\0\0\x28\xa8\x07\0\xb8\x01\0\0\x13\x30\0\0\x19\x35\0\0\
\x08\xac\x07\0\xc0\x01\0\0\x13\x30\0\0\x2b\x35\0\0\x30\xb0\x07\0\xd8\x01\0\0\
\x13\x30\0\0\x5c\x35\0\0\x15\xb4\x07\0\xe0\x01\0\0\x13\x30\0\0\x2b\x35\0\0\x30\
\xb0\x07\0\x20\x02\0\0\x13\x30\0\0\x76\x35\0\0\x09\xcc\x07\0\x48\x02\0\0\x13\
\x30\0\0\x61\x3f\0\0\x1d\xd8\x07\0\x68\x02\0\0\x13\x30\0\0\0\0\0\0\0\0\0\0\x70\
\x02\0\0\x13\x30\0\0\xe8\x35\0\0\x09\xdc\x07\0\x98\x02\0\0\x13\x30\0\0\x32\x36\
\0\0\x09\xe0\x07\0\xa8\x02\0\0\x13\x30\0\0\xa3\x3f\0\0\x05\x4c\x07\0\x22\x42\0\
\0\x20\0\0\0\0\0\0\0\x13\x30\0\0\x95\x32\0\0\x0e\0\x08\0\x10\0\0\0\x13\x30\0\0\
\xbe\x32\0\0\x13\x04\x08\0\x20\0\0\0\x13\x30\0\0\xbe\x32\0\0\x09\x04\x08\0\x28\
\0\0\0\x13\x30\0\0\xd7\x32\0\0\x09\x08\x08\0\x30\0\0\0\x13\x30\0\0\x33\x31\0\0\
\x0f\x0c\x08\0\x40\0\0\0\x13\x30\0\0\xd7\x32\0\0\x0f\x08\x08\0\x50\0\0\0\x13\
\x30\0\0\xf7\x32\0\0\x08\x14\x08\0\x60\0\0\0\x13\x30\0\0\0\0\0\0\0\0\0\0\x68\0\
\0\0\x13\x30\0\0\x08\x33\0\0\x22\x20\x08\0\x88\0\0\0\x13\x30\0\0\x57\x33\0\0\
\x08\x24\x08\0\x90\0\0\0\x13\x30\0\0\x66\x33\0\0\x23\x34\x08\0\xa0\0\0\0\x13\
\x30\0\0\x8f\x33\0\0\x09\x2c\x08\0\xb0\0\0\0\x13\x30\0\0\xc2\x3f\0\0\x1e\x30\
\x08\0\xb8\0\0\0\x13\x30\0\0\x8f\x33\0\0\x09\x2c\x08\0\xe8\0\0\0\x13\x30\0\0\
\x66\x33\0\0\x23\x34\x08\0\0\x01\0\0\x13\x30\0\0\xee\x33\0\0\x09\x38\x08\0\x28\
\x01\0\0\x13\x30\0\0\xe4\x3f\0\0\x1a\x44\x08\0\x48\x01\0\0\x13\x30\0\0\0\0\0\0\
\0\0\0\0\x50\x01\0\0\x13\x30\0\0\x56\x34\0\0\x09\x48\x08\0\x78\x01\0\0\x13\x30\
\0\0\x99\x34\0\0\x09\x4c\x08\0\x90\x01\0\0\x13\x30\0\0\0\0\0\0\0\0\0\0\x98\x01\
\0\0\x13\x30\0\0\xc0\x34\0\0\x28\x58\x08\0\xb8\x01\0\0\x13\x30\0\0\x19\x35\0\0\
\x08\x5c\x08\0\xc0\x01\0\0\x13\x30\0\0\x2b\x35\0\0\x30\x60\x08\0\xe0\x01\0\0\
\x13\x30\0\0\x5c\x35\0\0\x15\x64\x08\0\xe8\x01\0\0\x13\x30\0\0\x2b\x35\0\0\x30\
\x60\x08\0\x28\x02\0\0\x13\x30\0\0\x76\x35\0\0\x09\x7c\x08\0\x50\x02\0\0\x13\
\x30\0\0\x03\x40\0\0\x1d\x88\x08\0\x70\x02\0\0\x13\x30\0\0\0\0\0\0\0\0\0\0\x78\
\x02\0\0\x13\x30\0\0\xe8\x35\0\0\x09\x8c\x08\0\xa0\x02\0\0\x13\x30\0\0\x32\x36\
\0\0\x09\x90\x08\0\xb0\x02\0\0\x13\x30\0\0\x25\x40\0\0\x05\xfc\x07\0\x43\x42\0\
\0\x20\0\0\0\0\0\0\0\x13\x30\0\0\x95\x32\0\0\x0e\xb4\x08\0\x10\0\0\0\x13\x30\0\
\0\xbe\x32\0\0\x13\xb8\x08\0\x20\0\0\0\x13\x30\0\0\xbe\x32\0\0\x09\xb8\x08\0\
\x28\0\0\0\x13\x30\0\0\xd7\x32\0\0\x09\xbc\x08\0\x30\0\0\0\x13\x30\0\0\x33\x31\
\0\0\x0f\xc0\x08\0\x40\0\0\0\x13\x30\0\0\xd7\x32\0\0\x0f\xbc\x08\0\x50\0\0\0\
\x13\x30\0\0\xf7\x32\0\0\x08\xc8\x08\0\x60\0\0\0\x13\x30\0\0\0\0\0\0\0\0\0\0\
\x68\0\0\0\x13\x30\0\0\x08\x33\0\0\x22\xd4\x08\0\x88\0\0\0\x13\x30\0\0\x57\x33\
\0\0\x08\xd8\x08\0\x90\0\0\0\x13\x30\0\0\x66\x33\0\0\x23\xe8\x08\0\xa0\0\0\0\
\x13\x30\0\0\x8f\x33\0\0\x09\xe0\x08\0\xb0\0\0\0\x13\x30\0\0\xc2\x3f\0\0\x1e\
\xe4\x08\0\xb8\0\0\0\x13\x30\0\0\x8f\x33\0\0\x09\xe0\x08\0\xe8\0\0\0\x13\x30\0\
\0\x66\x33\0\0\x23\xe8\x08\0\0\x01\0\0\x13\x30\0\0\xee\x33\0\0\x09\xec\x08\0\
\x28\x01\0\0\x13\x30\0\0\xe4\x3f\0\0\x1a\xf8\x08\0\x48\x01\0\0\x13\x30\0\0\0\0\
\0\0\0\0\0\0\x50\x01\0\0\x13\x30\0\0\x56\x34\0\0\x09\xfc\x08\0\x78\x01\0\0\x13\
\x30\0\0\x99\x34\0\0\x09\0\x09\0\x90\x01\0\0\x13\x30\0\0\0\0\0\0\0\0\0\0\x98\
\x01\0\0\x13\x30\0\0\xc0\x34\0\0\x28\x0c\x09\0\xb8\x01\0\0\x13\x30\0\0\x19\x35\
\0\0\x08\x10\x09\0\xc0\x01\0\0\x13\x30\0\0\x2b\x35\0\0\x30\x14\x09\0\xe0\x01\0\
\0\x13\x30\0\0\x5c\x35\0\0\x15\x18\x09\0\xe8\x01\0\0\x13\x30\0\0\x2b\x35\0\0\
\x30\x14\x09\0\x28\x02\0\0\x13\x30\0\0\x76\x35\0\0\x09\x30\x09\0\x50\x02\0\0\
\x13\x30\0\0\x03\x40\0\0\x1d\x3c\x09\0\x70\x02\0\0\x13\x30\0\0\0\0\0\0\0\0\0\0\
\x78\x02\0\0\x13\x30\0\0\xe8\x35\0\0\x09\x40\x09\0\xa0\x02\0\0\x13\x30\0\0\x32\
\x36\0\0\x09\x44\x09\0\xb0\x02\0\0\x13\x30\0\0\x46\x40\0\0\x05\xb0\x08\0\x63\
\x42\0\0\x09\0\0\0\0\0\0\0\x13\x30\0\0\x66\x40\0\0\x14\x64\x09\0\x08\0\0\0\x13\
\x30\0\0\x95\x40\0\0\x09\x68\x09\0\x20\0\0\0\x13\x30\0\0\xbc\x40\0\0\x11\x70\
\x09\0\x48\0\0\0\x13\x30\0\0\0\0\0\0\0\0\0\0\x50\0\0\0\x13\x30\0\0\xda\x40\0\0\
\x08\x7c\x09\0\x68\0\0\0\x13\x30\0\0\xda\x40\0\0\x08\x7c\x09\0\x78\0\0\0\x13\
\x30\0\0\0\0\0\0\0\0\0\0\x80\0\0\0\x13\x30\0\0\x18\x41\0\0\x09\x80\x09\0\x98\0\
\0\0\x13\x30\0\0\x4e\x41\0\0\x05\x60\x09\0\x10\0\0\0\xa1\x41\0\0\x04\0\0\0\0\0\
\0\0\x2c\0\0\0\x71\x41\0\0\0\0\0\0\x78\0\0\0\x30\0\0\0\x76\x41\0\0\0\0\0\0\xb0\
\0\0\0\x3e\0\0\0\x7a\x41\0\0\0\0\0\0\xe8\0\0\0\x3e\0\0\0\x7f\x41\0\0\0\0\0\0\0\
\0\0\0\0\0\0\0\0\0\0\0\0\0\0\0\0\0\0\0\0\0\0\0\0\0\0\0\0\0\0\0\0\0\0\0\0\0\0\0\
\0\0\0\0\0\0\0\0\0\0\0\0\0\0\0\0\0\0\0\0\0\0\0\0\0\0\0\0\x01\0\0\0\x03\0\0\0\
\x20\0\0\0\0\0\0\0\0\0\0\0\0\0\0\0\x40\0\0\0\0\0\0\0\x66\x05\0\0\0\0\0\0\0\0\0\
\0\0\0\0\0\x01\0\0\0\0\0\0\0\0\0\0\0\0\0\0\0\x09\0\0\0\x02\0\0\0\0\0\0\0\0\0\0\
\0\0\0\0\0\0\0\0\0\xa8\x05\0\0\0\0\0\0\x38\x07\0\0\0\0\0\0\x01\0\0\0\0\0\0\0\
\x08\0\0\0\0\0\0\0\x18\0\0\0\0\0\0\0\x11\0\0\0\x01\0\0\0\x06\0\0\0\0\0\0\0\0\0\
\0\0\0\0\0\0\xe0\x0c\0\0\0\0\0\0\xc8\x04\0\0\0\0\0\0\0\0\0\0\0\0\0\0\x08\0\0\0\
\0\0\0\0\0\0\0\0\0\0\0\0\x17\0\0\0\x01\0\0\0\x06\0\0\0\0\0\0\0\0\0\0\0\0\0\0\0\
\xa8\x11\0\0\0\0\0\0\x58\x01\0\0\0\0\0\0\0\0\0\0\0\0\0\0\x08\0\0\0\0\0\0\0\0\0\
\0\0\0\0\0\0\x2f\0\0\0\x01\0\0\0\x06\0\0\0\0\0\0\0\0\0\0\0\0\0\0\0\0\x13\0\0\0\
\0\0\0\xb8\x02\0\0\0\0\0\0\0\0\0\0\0\0\0\0\x08\0\0\0\0\0\0\0\0\0\0\0\0\0\0\0\
\x47\0\0\0\x01\0\0\0\x06\0\0\0\0\0\0\0\0\0\0\0\0\0\0\0\xb8\x15\0\0\0\0\0\0\xb8\
\x02\0\0\0\0\0\0\0\0\0\0\0\0\0\0\x08\0\0\0\0\0\0\0\0\0\0\0\0\0\0\0\x5d\0\0\0\
\x01\0\0\0\x06\0\0\0\0\0\0\0\0\0\0\0\0\0\0\0\x70\x18\0\0\0\0\0\0\xb8\x02\0\0\0\
\0\0\0\0\0\0\0\0\0\0\0\x08\0\0\0\0\0\0\0\0\0\0\0\0\0\0\0\x7b\0\0\0\x01\0\0\0\
\x06\0\0\0\0\0\0\0\0\0\0\0\0\0\0\0\x28\x1b\0\0\0\0\0\0\xb8\x02\0\0\0\0\0\0\0\0\
\0\0\0\0\0\0\x08\0\0\0\0\0\0\0\0\0\0\0\0\0\0\0\x98\0\0\0\x01\0\0\0\x06\0\0\0\0\
\0\0\0\0\0\0\0\0\0\0\0\xe0\x1d\0\0\0\0\0\0\xc0\x02\0\0\0\0\0\0\0\0\0\0\0\0\0\0\
\x08\0\0\0\0\0\0\0\0\0\0\0\0\0\0\0\xb9\0\0\0\x01\0\0\0\x06\0\0\0\0\0\0\0\0\0\0\
\0\0\0\0\0\xa0\x20\0\0\0\0\0\0\xc0\x02\0\0\0\0\0\0\0\0\0\0\0\0\0\0\x08\0\0\0\0\
\0\0\0\0\0\0\0\0\0\0\0\xd9\0\0\0\x01\0\0\0\x06\0\0\0\0\0\0\0\0\0\0\0\0\0\0\0\
\x60\x23\0\0\0\0\0\0\xa8\0\0\0\0\0\0\0\0\0\0\0\0\0\0\0\x08\0\0\0\0\0\0\0\0\0\0\
\0\0\0\0\0\xfd\0\0\0\x01\0\0\0\x03\0\0\0\0\0\0\0\0\0\0\0\0\0\0\0\x08\x24\0\0\0\
\0\0\0\x0d\0\0\0\0\0\0\0\0\0\0\0\0\0\0\0\x01\0\0\0\0\0\0\0\0\0\0\0\0\0\0\0\x05\
\x01\0\0\x01\0\0\0\x03\0\0\0\0\0\0\0\0\0\0\0\0\0\0\0\x18\x24\0\0\0\0\0\0\xd0\0\
\0\0\0\0\0\0\0\0\0\0\0\0\0\0\x08\0\0\0\0\0\0\0\0\0\0\0\0\0\0\0\x0b\x01\0\0\x01\
\0\0\0\x02\0\0\0\0\0\0\0\0\0\0\0\0\0\0\0\xe8\x24\0\0\0\0\0\0\x9c\0\0\0\0\0\0\0\
\0\0\0\0\0\0\0\0\x04\0\0\0\0\0\0\0\0\0\0\0\0\0\0\0\x48\x04\0\0\x09\0\0\0\x40\0\
\0\0\0\0\0\0\0\0\0\0\0\0\0\0\x88\x25\0\0\0\0\0\0\xc0\0\0\0\0\0\0\0\x02\0\0\0\
\x03\0\0\0\x08\0\0\0\0\0\0\0\x10\0\0\0\0\0\0\0\x52\x04\0\0\x09\0\0\0\x40\0\0\0\
\0\0\0\0\0\0\0\0\0\0\0\0\x48\x26\0\0\0\0\0\0\x20\0\0\0\0\0\0\0\x02\0\0\0\x04\0\
\0\0\x08\0\0\0\0\0\0\0\x10\0\0\0\0\0\0\0\x6e\x04\0\0\x09\0\0\0\x40\0\0\0\0\0\0\
\0\0\0\0\0\0\0\0\0\x68\x26\0\0\0\0\0\0\x80\0\0\0\0\0\0\0\x02\0\0\0\x05\0\0\0\
\x08\0\0\0\0\0\0\0\x10\0\0\0\0\0\0\0\x8a\x04\0\0\x09\0\0\0\x40\0\0\0\0\0\0\0\0\
\0\0\0\0\0\0\0\xe8\x26\0\0\0\0\0\0\x80\0\0\0\0\0\0\0\x02\0\0\0\x06\0\0\0\x08\0\
\0\0\0\0\0\0\x10\0\0\0\0\0\0\0\xa4\x04\0\0\x09\0\0\0\x40\0\0\0\0\0\0\0\0\0\0\0\
\0\0\0\0\x68\x27\0\0\0\0\0\0\x80\0\0\0\0\0\0\0\x02\0\0\0\x07\0\0\0\x08\0\0\0\0\
\0\0\0\x10\0\0\0\0\0\0\0\xc6\x04\0\0\x09\0\0\0\x40\0\0\0\0\0\0\0\0\0\0\0\0\0\0\
\0\xe8\x27\0\0\0\0\0\0\x80\0\0\0\0\0\0\0\x02\0\0\0\x08\0\0\0\x08\0\0\0\0\0\0\0\
\x10\0\0\0\0\0\0\0\xe7\x04\0\0\x09\0\0\0\x40\0\0\0\0\0\0\0\0\0\0\0\0\0\0\0\x68\
\x28\0\0\0\0\0\0\x80\0\0\0\0\0\0\0\x02\0\0\0\x09\0\0\0\x08\0\0\0\0\0\0\0\x10\0\
\0\0\0\0\0\0\x0c\x05\0\0\x09\0\0\0\x40\0\0\0\0\0\0\0\0\0\0\0\0\0\0\0\xe8\x28\0\
\0\0\0\0\0\x80\0\0\0\0\0\0\0\x02\0\0\0\x0a\0\0\0\x08\0\0\0\0\0\0\0\x10\0\0\0\0\
\0\0\0\x30\x05\0\0\x09\0\0\0\x40\0\0\0\0\0\0\0\0\0\0\0\0\0\0\0\x68\x29\0\0\0\0\
\0\0\x20\0\0\0\0\0\0\0\x02\0\0\0\x0b\0\0\0\x08\0\0\0\0\0\0\0\x10\0\0\0\0\0\0\0\
\x58\x05\0\0\x01\0\0\0\0\0\0\0\0\0\0\0\0\0\0\0\0\0\0\0\x88\x29\0\0\0\0\0\0\x87\
\x8d\0\0\0\0\0\0\0\0\0\0\0\0\0\0\x08\0\0\0\0\0\0\0\0\0\0\0\0\0\0\0\x5d\x05\0\0\
\x01\0\0\0\0\0\0\0\0\0\0\0\0\0\0\0\0\0\0\0\x10\xb7\0\0\0\0\0\0\x44\x14\0\0\0\0\
\0\0\0\0\0\0\0\0\0\0\x08\0\0\0\0\0\0\0\0\0\0\0\0\0\0\0";

	*sz = sizeof(data) - 1;
	return (const void *)data;
}

#ifdef __cplusplus
struct mm_stats_bpf *mm_stats_bpf::open(const struct bpf_object_open_opts *opts) { return mm_stats_bpf__open_opts(opts); }
struct mm_stats_bpf *mm_stats_bpf::open_and_load() { return mm_stats_bpf__open_and_load(); }
int mm_stats_bpf::load(struct mm_stats_bpf *skel) { return mm_stats_bpf__load(skel); }
int mm_stats_bpf::attach(struct mm_stats_bpf *skel) { return mm_stats_bpf__attach(skel); }
void mm_stats_bpf::detach(struct mm_stats_bpf *skel) { mm_stats_bpf__detach(skel); }
void mm_stats_bpf::destroy(struct mm_stats_bpf *skel) { mm_stats_bpf__destroy(skel); }
const void *mm_stats_bpf::elf_bytes(size_t *sz) { return mm_stats_bpf__elf_bytes(sz); }
#endif /* __cplusplus */

__attribute__((unused)) static void
mm_stats_bpf__assert(struct mm_stats_bpf *s __attribute__((unused)))
{
#ifdef __cplusplus
#define _Static_assert static_assert
#endif
#ifdef __cplusplus
#undef _Static_assert
#endif
}

#endif /* __MM_STATS_BPF_SKEL_H__ */
