/* SPDX-License-Identifier: (LGPL-2.1 OR BSD-2-Clause) */

/* THIS FILE IS AUTOGENERATED BY BPFTOOL! */
#ifndef __NET_STATS_BPF_SKEL_H__
#define __NET_STATS_BPF_SKEL_H__

#include <errno.h>
#include <stdlib.h>
#include <bpf/libbpf.h>

#define BPF_SKEL_SUPPORTS_MAP_AUTO_ATTACH 1

struct net_stats_bpf {
	struct bpf_object_skeleton *skeleton;
	struct bpf_object *obj;
	struct {
		struct bpf_map *tcprtt_map;
		struct bpf_map *tcprtt_buffer;
		struct bpf_map *net_latency_start;
		struct bpf_map *ipv4_top_map;
		struct bpf_map *ipv6_top_map;
		struct bpf_map *top_sock_store;
		struct bpf_map *net_latency_buffer;
		struct bpf_map *tcptop_buffer;
		struct bpf_map *tcpretrans_buffer;
		struct bpf_map *rodata;
	} maps;
	struct {
		struct bpf_program *trace_retransmit;
		struct bpf_program *top_tcp_send_entry;
		struct bpf_program *top_tcp_send_ret;
		struct bpf_program *top_tcp_recv_entry;
		struct bpf_program *tcp_v4_connect;
		struct bpf_program *tcp_v6_connect;
		struct bpf_program *tcp_rcv_state_process;
		struct bpf_program *fentry_tcp_v4_connect;
		struct bpf_program *fentry_tcp_v6_connect;
		struct bpf_program *fentry_tcp_rcv_state_process;
		struct bpf_program *tcprtt;
		struct bpf_program *handle_tcprtt_event;
	} progs;
	struct {
		struct bpf_link *trace_retransmit;
		struct bpf_link *top_tcp_send_entry;
		struct bpf_link *top_tcp_send_ret;
		struct bpf_link *top_tcp_recv_entry;
		struct bpf_link *tcp_v4_connect;
		struct bpf_link *tcp_v6_connect;
		struct bpf_link *tcp_rcv_state_process;
		struct bpf_link *fentry_tcp_v4_connect;
		struct bpf_link *fentry_tcp_v6_connect;
		struct bpf_link *fentry_tcp_rcv_state_process;
		struct bpf_link *tcprtt;
		struct bpf_link *handle_tcprtt_event;
	} links;
	struct net_stats_bpf__rodata {
		u32 zero;
	} *rodata;

#ifdef __cplusplus
	static inline struct net_stats_bpf *open(const struct bpf_object_open_opts *opts = nullptr);
	static inline struct net_stats_bpf *open_and_load();
	static inline int load(struct net_stats_bpf *skel);
	static inline int attach(struct net_stats_bpf *skel);
	static inline void detach(struct net_stats_bpf *skel);
	static inline void destroy(struct net_stats_bpf *skel);
	static inline const void *elf_bytes(size_t *sz);
#endif /* __cplusplus */
};

static void
net_stats_bpf__destroy(struct net_stats_bpf *obj)
{
	if (!obj)
		return;
	if (obj->skeleton)
		bpf_object__destroy_skeleton(obj->skeleton);
	free(obj);
}

static inline int
net_stats_bpf__create_skeleton(struct net_stats_bpf *obj);

static inline struct net_stats_bpf *
net_stats_bpf__open_opts(const struct bpf_object_open_opts *opts)
{
	struct net_stats_bpf *obj;
	int err;

	obj = (struct net_stats_bpf *)calloc(1, sizeof(*obj));
	if (!obj) {
		errno = ENOMEM;
		return NULL;
	}

	err = net_stats_bpf__create_skeleton(obj);
	if (err)
		goto err_out;

	err = bpf_object__open_skeleton(obj->skeleton, opts);
	if (err)
		goto err_out;

	return obj;
err_out:
	net_stats_bpf__destroy(obj);
	errno = -err;
	return NULL;
}

static inline struct net_stats_bpf *
net_stats_bpf__open(void)
{
	return net_stats_bpf__open_opts(NULL);
}

static inline int
net_stats_bpf__load(struct net_stats_bpf *obj)
{
	return bpf_object__load_skeleton(obj->skeleton);
}

static inline struct net_stats_bpf *
net_stats_bpf__open_and_load(void)
{
	struct net_stats_bpf *obj;
	int err;

	obj = net_stats_bpf__open();
	if (!obj)
		return NULL;
	err = net_stats_bpf__load(obj);
	if (err) {
		net_stats_bpf__destroy(obj);
		errno = -err;
		return NULL;
	}
	return obj;
}

static inline int
net_stats_bpf__attach(struct net_stats_bpf *obj)
{
	return bpf_object__attach_skeleton(obj->skeleton);
}

static inline void
net_stats_bpf__detach(struct net_stats_bpf *obj)
{
	bpf_object__detach_skeleton(obj->skeleton);
}

static inline const void *net_stats_bpf__elf_bytes(size_t *sz);

static inline int
net_stats_bpf__create_skeleton(struct net_stats_bpf *obj)
{
	struct bpf_object_skeleton *s;
	struct bpf_map_skeleton *map __attribute__((unused));
	int err;

	s = (struct bpf_object_skeleton *)calloc(1, sizeof(*s));
	if (!s)	{
		err = -ENOMEM;
		goto err;
	}

	s->sz = sizeof(*s);
	s->name = "net_stats_bpf";
	s->obj = &obj->obj;

	/* maps */
	s->map_cnt = 10;
	s->map_skel_sz = 24;
	s->maps = (struct bpf_map_skeleton *)calloc(s->map_cnt,
			sizeof(*s->maps) > 24 ? sizeof(*s->maps) : 24);
	if (!s->maps) {
		err = -ENOMEM;
		goto err;
	}

	map = (struct bpf_map_skeleton *)((char *)s->maps + 0 * s->map_skel_sz);
	map->name = "tcprtt_map";
	map->map = &obj->maps.tcprtt_map;

	map = (struct bpf_map_skeleton *)((char *)s->maps + 1 * s->map_skel_sz);
	map->name = "tcprtt_buffer";
	map->map = &obj->maps.tcprtt_buffer;

	map = (struct bpf_map_skeleton *)((char *)s->maps + 2 * s->map_skel_sz);
	map->name = "net_latency_start";
	map->map = &obj->maps.net_latency_start;

	map = (struct bpf_map_skeleton *)((char *)s->maps + 3 * s->map_skel_sz);
	map->name = "ipv4_top_map";
	map->map = &obj->maps.ipv4_top_map;

	map = (struct bpf_map_skeleton *)((char *)s->maps + 4 * s->map_skel_sz);
	map->name = "ipv6_top_map";
	map->map = &obj->maps.ipv6_top_map;

	map = (struct bpf_map_skeleton *)((char *)s->maps + 5 * s->map_skel_sz);
	map->name = "top_sock_store";
	map->map = &obj->maps.top_sock_store;

	map = (struct bpf_map_skeleton *)((char *)s->maps + 6 * s->map_skel_sz);
	map->name = "net_latency_buffer";
	map->map = &obj->maps.net_latency_buffer;

	map = (struct bpf_map_skeleton *)((char *)s->maps + 7 * s->map_skel_sz);
	map->name = "tcptop_buffer";
	map->map = &obj->maps.tcptop_buffer;

	map = (struct bpf_map_skeleton *)((char *)s->maps + 8 * s->map_skel_sz);
	map->name = "tcpretrans_buffer";
	map->map = &obj->maps.tcpretrans_buffer;

	map = (struct bpf_map_skeleton *)((char *)s->maps + 9 * s->map_skel_sz);
	map->name = "net_stat.rodata";
	map->map = &obj->maps.rodata;
	map->mmaped = (void **)&obj->rodata;

	/* programs */
	s->prog_cnt = 12;
	s->prog_skel_sz = sizeof(*s->progs);
	s->progs = (struct bpf_prog_skeleton *)calloc(s->prog_cnt, s->prog_skel_sz);
	if (!s->progs) {
		err = -ENOMEM;
		goto err;
	}

	s->progs[0].name = "trace_retransmit";
	s->progs[0].prog = &obj->progs.trace_retransmit;
	s->progs[0].link = &obj->links.trace_retransmit;

	s->progs[1].name = "top_tcp_send_entry";
	s->progs[1].prog = &obj->progs.top_tcp_send_entry;
	s->progs[1].link = &obj->links.top_tcp_send_entry;

	s->progs[2].name = "top_tcp_send_ret";
	s->progs[2].prog = &obj->progs.top_tcp_send_ret;
	s->progs[2].link = &obj->links.top_tcp_send_ret;

	s->progs[3].name = "top_tcp_recv_entry";
	s->progs[3].prog = &obj->progs.top_tcp_recv_entry;
	s->progs[3].link = &obj->links.top_tcp_recv_entry;

	s->progs[4].name = "tcp_v4_connect";
	s->progs[4].prog = &obj->progs.tcp_v4_connect;
	s->progs[4].link = &obj->links.tcp_v4_connect;

	s->progs[5].name = "tcp_v6_connect";
	s->progs[5].prog = &obj->progs.tcp_v6_connect;
	s->progs[5].link = &obj->links.tcp_v6_connect;

	s->progs[6].name = "tcp_rcv_state_process";
	s->progs[6].prog = &obj->progs.tcp_rcv_state_process;
	s->progs[6].link = &obj->links.tcp_rcv_state_process;

	s->progs[7].name = "fentry_tcp_v4_connect";
	s->progs[7].prog = &obj->progs.fentry_tcp_v4_connect;
	s->progs[7].link = &obj->links.fentry_tcp_v4_connect;

	s->progs[8].name = "fentry_tcp_v6_connect";
	s->progs[8].prog = &obj->progs.fentry_tcp_v6_connect;
	s->progs[8].link = &obj->links.fentry_tcp_v6_connect;

	s->progs[9].name = "fentry_tcp_rcv_state_process";
	s->progs[9].prog = &obj->progs.fentry_tcp_rcv_state_process;
	s->progs[9].link = &obj->links.fentry_tcp_rcv_state_process;

	s->progs[10].name = "tcprtt";
	s->progs[10].prog = &obj->progs.tcprtt;
	s->progs[10].link = &obj->links.tcprtt;

	s->progs[11].name = "handle_tcprtt_event";
	s->progs[11].prog = &obj->progs.handle_tcprtt_event;
	s->progs[11].link = &obj->links.handle_tcprtt_event;

	s->data = net_stats_bpf__elf_bytes(&s->data_sz);

	obj->skeleton = s;
	return 0;
err:
	bpf_object__destroy_skeleton(s);
	return err;
}

static inline const void *net_stats_bpf__elf_bytes(size_t *sz)
{
	static const char data[] __attribute__((__aligned__(8))) = "\
\x7f\x45\x4c\x46\x02\x01\x01\0\0\0\0\0\0\0\0\0\x01\0\xf7\0\x01\0\0\0\0\0\0\0\0\
\0\0\0\0\0\0\0\0\0\0\0\x80\x37\x01\0\0\0\0\0\0\0\0\0\x40\0\0\0\0\0\x40\0\x22\0\
\x01\0\0\x2e\x73\x74\x72\x74\x61\x62\0\x2e\x73\x79\x6d\x74\x61\x62\0\x2e\x74\
\x65\x78\x74\0\x74\x72\x61\x63\x65\x70\x6f\x69\x6e\x74\x2f\x74\x63\x70\x2f\x74\
\x63\x70\x5f\x72\x65\x74\x72\x61\x6e\x73\x6d\x69\x74\x5f\x73\x6b\x62\0\x6b\x70\
\x72\x6f\x62\x65\x2f\x74\x63\x70\x5f\x73\x65\x6e\x64\x6d\x73\x67\0\x6b\x72\x65\
\x74\x70\x72\x6f\x62\x65\x2f\x74\x63\x70\x5f\x73\x65\x6e\x64\x6d\x73\x67\0\x6b\
\x70\x72\x6f\x62\x65\x2f\x74\x63\x70\x5f\x63\x6c\x65\x61\x6e\x75\x70\x5f\x72\
\x62\x75\x66\0\x6b\x70\x72\x6f\x62\x65\x2f\x74\x63\x70\x5f\x76\x34\x5f\x63\x6f\
\x6e\x6e\x65\x63\x74\0\x6b\x70\x72\x6f\x62\x65\x2f\x74\x63\x70\x5f\x76\x36\x5f\
\x63\x6f\x6e\x6e\x65\x63\x74\0\x6b\x70\x72\x6f\x62\x65\x2f\x74\x63\x70\x5f\x72\
\x63\x76\x5f\x73\x74\x61\x74\x65\x5f\x70\x72\x6f\x63\x65\x73\x73\0\x66\x65\x6e\
\x74\x72\x79\x2f\x74\x63\x70\x5f\x76\x34\x5f\x63\x6f\x6e\x6e\x65\x63\x74\0\x66\
\x65\x6e\x74\x72\x79\x2f\x74\x63\x70\x5f\x76\x36\x5f\x63\x6f\x6e\x6e\x65\x63\
\x74\0\x66\x65\x6e\x74\x72\x79\x2f\x74\x63\x70\x5f\x72\x63\x76\x5f\x73\x74\x61\
\x74\x65\x5f\x70\x72\x6f\x63\x65\x73\x73\0\x66\x65\x6e\x74\x72\x79\x2f\x74\x63\
\x70\x5f\x72\x63\x76\x5f\x65\x73\x74\x61\x62\x6c\x69\x73\x68\x65\x64\0\x70\x65\
\x72\x66\x5f\x65\x76\x65\x6e\x74\0\x6c\x69\x63\x65\x6e\x73\x65\0\x2e\x72\x6f\
\x64\x61\x74\x61\0\x2e\x6d\x61\x70\x73\0\x6e\x65\x74\x5f\x73\x74\x61\x74\x73\
\x2e\x62\x70\x66\x2e\x63\0\x74\x63\x70\x5f\x6b\x70\x72\x6f\x62\x65\x5f\x72\x65\
\x74\x72\x61\x6e\x73\x5f\x65\x76\x65\x6e\x74\x2e\x5f\x5f\x5f\x5f\x66\x6d\x74\0\
\x74\x63\x70\x5f\x74\x6f\x70\x5f\x72\x69\x6e\x67\x62\x75\x66\x66\x5f\x73\x65\
\x6e\x64\x2e\x5f\x5f\x5f\x5f\x66\x6d\x74\0\x68\x61\x6e\x64\x6c\x65\x5f\x74\x63\
\x70\x5f\x72\x63\x76\x5f\x73\x74\x61\x74\x65\x5f\x70\x72\x6f\x63\x65\x73\x73\0\
\x68\x61\x6e\x64\x6c\x65\x5f\x74\x63\x70\x72\x74\x74\x5f\x65\x76\x65\x6e\x74\
\x2e\x5f\x5f\x5f\x5f\x66\x6d\x74\0\x68\x61\x6e\x64\x6c\x65\x5f\x74\x63\x70\x72\
\x74\x74\x5f\x65\x76\x65\x6e\x74\x2e\x5f\x5f\x5f\x5f\x66\x6d\x74\x2e\x31\0\x68\
\x61\x6e\x64\x6c\x65\x5f\x74\x63\x70\x5f\x72\x63\x76\x5f\x73\x74\x61\x74\x65\
\x5f\x70\x72\x6f\x63\x65\x73\x73\x2e\x5f\x5f\x5f\x5f\x66\x6d\x74\0\x74\x72\x61\
\x63\x65\x5f\x72\x65\x74\x72\x61\x6e\x73\x6d\x69\x74\0\x74\x63\x70\x72\x65\x74\
\x72\x61\x6e\x73\x5f\x62\x75\x66\x66\x65\x72\0\x74\x6f\x70\x5f\x74\x63\x70\x5f\
\x73\x65\x6e\x64\x5f\x65\x6e\x74\x72\x79\0\x74\x6f\x70\x5f\x73\x6f\x63\x6b\x5f\
\x73\x74\x6f\x72\x65\0\x74\x6f\x70\x5f\x74\x63\x70\x5f\x73\x65\x6e\x64\x5f\x72\
\x65\x74\0\x69\x70\x76\x34\x5f\x74\x6f\x70\x5f\x6d\x61\x70\0\x74\x63\x70\x74\
\x6f\x70\x5f\x62\x75\x66\x66\x65\x72\0\x69\x70\x76\x36\x5f\x74\x6f\x70\x5f\x6d\
\x61\x70\0\x74\x6f\x70\x5f\x74\x63\x70\x5f\x72\x65\x63\x76\x5f\x65\x6e\x74\x72\
\x79\0\x74\x63\x70\x5f\x76\x34\x5f\x63\x6f\x6e\x6e\x65\x63\x74\0\x6e\x65\x74\
\x5f\x6c\x61\x74\x65\x6e\x63\x79\x5f\x73\x74\x61\x72\x74\0\x74\x63\x70\x5f\x76\
\x36\x5f\x63\x6f\x6e\x6e\x65\x63\x74\0\x74\x63\x70\x5f\x72\x63\x76\x5f\x73\x74\
\x61\x74\x65\x5f\x70\x72\x6f\x63\x65\x73\x73\0\x66\x65\x6e\x74\x72\x79\x5f\x74\
\x63\x70\x5f\x76\x34\x5f\x63\x6f\x6e\x6e\x65\x63\x74\0\x66\x65\x6e\x74\x72\x79\
\x5f\x74\x63\x70\x5f\x76\x36\x5f\x63\x6f\x6e\x6e\x65\x63\x74\0\x66\x65\x6e\x74\
\x72\x79\x5f\x74\x63\x70\x5f\x72\x63\x76\x5f\x73\x74\x61\x74\x65\x5f\x70\x72\
\x6f\x63\x65\x73\x73\0\x74\x63\x70\x72\x74\x74\0\x74\x63\x70\x72\x74\x74\x5f\
\x6d\x61\x70\0\x7a\x65\x72\x6f\0\x68\x61\x6e\x64\x6c\x65\x5f\x74\x63\x70\x72\
\x74\x74\x5f\x65\x76\x65\x6e\x74\0\x74\x63\x70\x72\x74\x74\x5f\x62\x75\x66\x66\
\x65\x72\0\x6e\x65\x74\x5f\x6c\x61\x74\x65\x6e\x63\x79\x5f\x62\x75\x66\x66\x65\
\x72\0\x4c\x49\x43\x45\x4e\x53\x45\0\x2e\x72\x65\x6c\x2e\x74\x65\x78\x74\0\x2e\
\x72\x65\x6c\x74\x72\x61\x63\x65\x70\x6f\x69\x6e\x74\x2f\x74\x63\x70\x2f\x74\
\x63\x70\x5f\x72\x65\x74\x72\x61\x6e\x73\x6d\x69\x74\x5f\x73\x6b\x62\0\x2e\x72\
\x65\x6c\x6b\x70\x72\x6f\x62\x65\x2f\x74\x63\x70\x5f\x73\x65\x6e\x64\x6d\x73\
\x67\0\x2e\x72\x65\x6c\x6b\x72\x65\x74\x70\x72\x6f\x62\x65\x2f\x74\x63\x70\x5f\
\x73\x65\x6e\x64\x6d\x73\x67\0\x2e\x72\x65\x6c\x6b\x70\x72\x6f\x62\x65\x2f\x74\
\x63\x70\x5f\x63\x6c\x65\x61\x6e\x75\x70\x5f\x72\x62\x75\x66\0\x2e\x72\x65\x6c\
\x6b\x70\x72\x6f\x62\x65\x2f\x74\x63\x70\x5f\x76\x34\x5f\x63\x6f\x6e\x6e\x65\
\x63\x74\0\x2e\x72\x65\x6c\x6b\x70\x72\x6f\x62\x65\x2f\x74\x63\x70\x5f\x76\x36\
\x5f\x63\x6f\x6e\x6e\x65\x63\x74\0\x2e\x72\x65\x6c\x6b\x70\x72\x6f\x62\x65\x2f\
\x74\x63\x70\x5f\x72\x63\x76\x5f\x73\x74\x61\x74\x65\x5f\x70\x72\x6f\x63\x65\
\x73\x73\0\x2e\x72\x65\x6c\x66\x65\x6e\x74\x72\x79\x2f\x74\x63\x70\x5f\x76\x34\
\x5f\x63\x6f\x6e\x6e\x65\x63\x74\0\x2e\x72\x65\x6c\x66\x65\x6e\x74\x72\x79\x2f\
\x74\x63\x70\x5f\x76\x36\x5f\x63\x6f\x6e\x6e\x65\x63\x74\0\x2e\x72\x65\x6c\x66\
\x65\x6e\x74\x72\x79\x2f\x74\x63\x70\x5f\x72\x63\x76\x5f\x73\x74\x61\x74\x65\
\x5f\x70\x72\x6f\x63\x65\x73\x73\0\x2e\x72\x65\x6c\x66\x65\x6e\x74\x72\x79\x2f\
\x74\x63\x70\x5f\x72\x63\x76\x5f\x65\x73\x74\x61\x62\x6c\x69\x73\x68\x65\x64\0\
\x2e\x72\x65\x6c\x70\x65\x72\x66\x5f\x65\x76\x65\x6e\x74\0\x2e\x42\x54\x46\0\
\x2e\x42\x54\x46\x2e\x65\x78\x74\0\0\0\0\0\0\0\0\0\0\0\0\0\0\0\0\0\0\0\0\0\0\0\
\0\0\0\0\0\0\0\0\x48\x01\0\0\x04\0\xf1\xff\0\0\0\0\0\0\0\0\0\0\0\0\0\0\0\0\0\0\
\0\0\x03\0\x03\0\0\0\0\0\0\0\0\0\0\0\0\0\0\0\0\0\0\0\0\0\x03\0\x04\0\0\0\0\0\0\
\0\0\0\0\0\0\0\0\0\0\0\x58\x01\0\0\x01\0\x11\0\x3b\0\0\0\0\0\0\0\x20\0\0\0\0\0\
\0\0\0\0\0\0\x03\0\x05\0\0\0\0\0\0\0\0\0\0\0\0\0\0\0\0\0\0\0\0\0\x03\0\x06\0\0\
\0\0\0\0\0\0\0\0\0\0\0\0\0\0\0\x79\x01\0\0\x01\0\x11\0\x5b\0\0\0\0\0\0\0\x1b\0\
\0\0\0\0\0\0\0\0\0\0\x03\0\x07\0\0\0\0\0\0\0\0\0\0\0\0\0\0\0\0\0\0\0\0\0\x03\0\
\x08\0\0\0\0\0\0\0\0\0\0\0\0\0\0\0\0\0\0\0\0\0\x03\0\x09\0\0\0\0\0\0\0\0\0\0\0\
\0\0\0\0\0\0\0\0\0\0\x03\0\x0a\0\0\0\0\0\0\0\0\0\0\0\0\0\0\0\0\0\x97\x01\0\0\
\x02\0\x03\0\0\0\0\0\0\0\0\0\xc0\x03\0\0\0\0\0\0\0\0\0\0\x03\0\x0b\0\0\0\0\0\0\
\0\0\0\0\0\0\0\0\0\0\0\0\0\0\0\x03\0\x0c\0\0\0\0\0\0\0\0\0\0\0\0\0\0\0\0\0\0\0\
\0\0\x03\0\x0d\0\0\0\0\0\0\0\0\0\0\0\0\0\0\0\0\0\0\0\0\0\x03\0\x0e\0\0\0\0\0\0\
\0\0\0\0\0\0\0\0\0\0\0\0\0\0\0\x03\0\x0f\0\0\0\0\0\0\0\0\0\0\0\0\0\0\0\0\0\xb4\
\x01\0\0\x01\0\x11\0\x04\0\0\0\0\0\0\0\x1c\0\0\0\0\0\0\0\xd0\x01\0\0\x01\0\x11\
\0\x20\0\0\0\0\0\0\0\x1b\0\0\0\0\0\0\0\xee\x01\0\0\x01\0\x11\0\x76\0\0\0\0\0\0\
\0\x20\0\0\0\0\0\0\0\0\0\0\0\x03\0\x11\0\0\0\0\0\0\0\0\0\0\0\0\0\0\0\0\0\x13\
\x02\0\0\x12\0\x04\0\0\0\0\0\0\0\0\0\x70\x04\0\0\0\0\0\0\x24\x02\0\0\x11\0\x12\
\0\xd0\0\0\0\0\0\0\0\x10\0\0\0\0\0\0\0\x36\x02\0\0\x12\0\x05\0\0\0\0\0\0\0\0\0\
\x70\0\0\0\0\0\0\0\x49\x02\0\0\x11\0\x12\0\x90\0\0\0\0\0\0\0\x20\0\0\0\0\0\0\0\
\x58\x02\0\0\x12\0\x06\0\0\0\0\0\0\0\0\0\xa8\x0d\0\0\0\0\0\0\x69\x02\0\0\x11\0\
\x12\0\x50\0\0\0\0\0\0\0\x20\0\0\0\0\0\0\0\x76\x02\0\0\x11\0\x12\0\xc0\0\0\0\0\
\0\0\0\x10\0\0\0\0\0\0\0\x84\x02\0\0\x11\0\x12\0\x70\0\0\0\0\0\0\0\x20\0\0\0\0\
\0\0\0\x91\x02\0\0\x12\0\x07\0\0\0\0\0\0\0\0\0\x40\x0d\0\0\0\0\0\0\xa4\x02\0\0\
\x12\0\x08\0\0\0\0\0\0\0\0\0\xe8\0\0\0\0\0\0\0\xb3\x02\0\0\x11\0\x12\0\x30\0\0\
\0\0\0\0\0\x20\0\0\0\0\0\0\0\xc5\x02\0\0\x12\0\x09\0\0\0\0\0\0\0\0\0\xe8\0\0\0\
\0\0\0\0\xd4\x02\0\0\x12\0\x0a\0\0\0\0\0\0\0\0\0\x20\0\0\0\0\0\0\0\xea\x02\0\0\
\x12\0\x0b\0\0\0\0\0\0\0\0\0\xe8\0\0\0\0\0\0\0\0\x03\0\0\x12\0\x0c\0\0\0\0\0\0\
\0\0\0\xe8\0\0\0\0\0\0\0\x16\x03\0\0\x12\0\x0d\0\0\0\0\0\0\0\0\0\x20\0\0\0\0\0\
\0\0\x33\x03\0\0\x12\0\x0e\0\0\0\0\0\0\0\0\0\x10\x02\0\0\0\0\0\0\x3a\x03\0\0\
\x11\0\x12\0\0\0\0\0\0\0\0\0\x20\0\0\0\0\0\0\0\x45\x03\0\0\x11\0\x11\0\0\0\0\0\
\0\0\0\0\x04\0\0\0\0\0\0\0\x4a\x03\0\0\x12\0\x0f\0\0\0\0\0\0\0\0\0\xa8\x01\0\0\
\0\0\0\0\x5e\x03\0\0\x11\0\x12\0\x20\0\0\0\0\0\0\0\x10\0\0\0\0\0\0\0\x6c\x03\0\
\0\x11\0\x12\0\xb0\0\0\0\0\0\0\0\x10\0\0\0\0\0\0\0\x7f\x03\0\0\x11\0\x10\0\0\0\
\0\0\0\0\0\0\x0d\0\0\0\0\0\0\0\xbf\x13\0\0\0\0\0\0\x7b\x3a\xf8\xff\0\0\0\0\xb7\
\x01\0\0\x12\0\0\0\x0f\x13\0\0\0\0\0\0\xbf\xa1\0\0\0\0\0\0\x07\x01\0\0\xf4\xff\
\xff\xff\xb4\x02\0\0\x01\0\0\0\x85\0\0\0\x71\0\0\0\x71\xa1\xf4\xff\0\0\0\0\x56\
\x01\x6d\0\x02\0\0\0\xbf\xa2\0\0\0\0\0\0\x07\x02\0\0\xf8\xff\xff\xff\x18\x01\0\
\0\0\0\0\0\0\0\0\0\0\0\0\0\x85\0\0\0\x01\0\0\0\xbf\x07\0\0\0\0\0\0\x15\x07\x66\
\0\0\0\0\0\x85\0\0\0\x05\0\0\0\xbf\x08\0\0\0\0\0\0\x79\x71\x08\0\0\0\0\0\x7b\
\x1a\xe8\xff\0\0\0\0\xb7\x09\0\0\0\0\0\0\x18\x01\0\0\0\0\0\0\0\0\0\0\0\0\0\0\
\xb7\x02\0\0\x50\0\0\0\xb7\x03\0\0\0\0\0\0\x85\0\0\0\x83\0\0\0\xbf\x06\0\0\0\0\
\0\0\x55\x06\x05\0\0\0\0\0\x18\x01\0\0\x76\0\0\0\0\0\0\0\0\0\0\0\xb4\x02\0\0\
\x20\0\0\0\x85\0\0\0\x06\0\0\0\x05\0\x55\0\0\0\0\0\x7b\x96\x48\0\0\0\0\0\x7b\
\x96\x40\0\0\0\0\0\x7b\x96\x38\0\0\0\0\0\x7b\x96\x28\0\0\0\0\0\x7b\x96\x20\0\0\
\0\0\0\x7b\x96\x18\0\0\0\0\0\x7b\x96\x10\0\0\0\0\0\x7b\x96\x08\0\0\0\0\0\x7b\
\x96\0\0\0\0\0\0\xbf\x81\0\0\0\0\0\0\x79\xa2\xe8\xff\0\0\0\0\x1f\x21\0\0\0\0\0\
\0\x7b\x16\x30\0\0\0\0\0\x61\x71\0\0\0\0\0\0\x63\x16\x40\0\0\0\0\0\x07\x07\0\0\
\x10\0\0\0\xbf\x61\0\0\0\0\0\0\x07\x01\0\0\x20\0\0\0\xb4\x02\0\0\x10\0\0\0\xbf\
\x73\0\0\0\0\0\0\x85\0\0\0\x73\0\0\0\x7b\x86\x38\0\0\0\0\0\xb7\x01\0\0\x0e\0\0\
\0\x79\xa3\xf8\xff\0\0\0\0\x0f\x13\0\0\0\0\0\0\xbf\xa1\0\0\0\0\0\0\x07\x01\0\0\
\xf4\xff\xff\xff\xb4\x02\0\0\x02\0\0\0\x85\0\0\0\x71\0\0\0\x69\xa1\xf4\xff\0\0\
\0\0\x6b\x16\x48\0\0\0\0\0\xb7\x01\0\0\x0c\0\0\0\x79\xa3\xf8\xff\0\0\0\0\x0f\
\x13\0\0\0\0\0\0\xbf\xa1\0\0\0\0\0\0\x07\x01\0\0\xf4\xff\xff\xff\xb4\x02\0\0\
\x02\0\0\0\x85\0\0\0\x71\0\0\0\x69\xa1\xf4\xff\0\0\0\0\x6b\x16\x4a\0\0\0\0\0\
\xb7\x01\0\0\x10\0\0\0\x79\xa3\xf8\xff\0\0\0\0\x0f\x13\0\0\0\0\0\0\xbf\xa1\0\0\
\0\0\0\0\x07\x01\0\0\xf4\xff\xff\xff\xb4\x02\0\0\x02\0\0\0\x85\0\0\0\x71\0\0\0\
\x69\xa1\xf4\xff\0\0\0\0\x63\x16\x44\0\0\0\0\0\x56\x01\x13\0\x02\0\0\0\xb7\x01\
\0\0\x04\0\0\0\x79\xa3\xf8\xff\0\0\0\0\x0f\x13\0\0\0\0\0\0\xbf\xa1\0\0\0\0\0\0\
\x07\x01\0\0\xf4\xff\xff\xff\xb4\x02\0\0\x04\0\0\0\x85\0\0\0\x71\0\0\0\x61\xa1\
\xf4\xff\0\0\0\0\x63\x16\0\0\0\0\0\0\xb7\x01\0\0\0\0\0\0\x79\xa3\xf8\xff\0\0\0\
\0\x0f\x13\0\0\0\0\0\0\xbf\xa1\0\0\0\0\0\0\x07\x01\0\0\xf4\xff\xff\xff\xb4\x02\
\0\0\x04\0\0\0\x85\0\0\0\x71\0\0\0\x61\xa1\xf4\xff\0\0\0\0\x63\x16\x10\0\0\0\0\
\0\x05\0\x0d\0\0\0\0\0\xb7\x01\0\0\x48\0\0\0\x79\xa3\xf8\xff\0\0\0\0\x0f\x13\0\
\0\0\0\0\0\xbf\x61\0\0\0\0\0\0\xb4\x02\0\0\x10\0\0\0\x85\0\0\0\x71\0\0\0\xb7\
\x01\0\0\x38\0\0\0\x79\xa3\xf8\xff\0\0\0\0\x0f\x13\0\0\0\0\0\0\xbf\x61\0\0\0\0\
\0\0\x07\x01\0\0\x10\0\0\0\xb4\x02\0\0\x10\0\0\0\x85\0\0\0\x71\0\0\0\xbf\x61\0\
\0\0\0\0\0\xb7\x02\0\0\0\0\0\0\x85\0\0\0\x84\0\0\0\x95\0\0\0\0\0\0\0\x79\x16\
\x10\0\0\0\0\0\x15\x06\x8a\0\0\0\0\0\x79\x19\x08\0\0\0\0\0\x85\0\0\0\x0e\0\0\0\
\xbf\x07\0\0\0\0\0\0\x16\x07\x86\0\0\0\0\0\x85\0\0\0\x05\0\0\0\x7b\x0a\xa8\xff\
\0\0\0\0\xb4\x08\0\0\0\0\0\0\x15\x09\x09\0\0\0\0\0\xb7\x01\0\0\x28\0\0\0\x0f\
\x19\0\0\0\0\0\0\xbf\xa8\0\0\0\0\0\0\x07\x08\0\0\xd0\xff\xff\xff\xbf\x81\0\0\0\
\0\0\0\xb4\x02\0\0\x30\0\0\0\xbf\x93\0\0\0\0\0\0\x85\0\0\0\x71\0\0\0\x61\x88\0\
\0\0\0\0\0\xb7\x01\0\0\x10\0\0\0\xbf\x63\0\0\0\0\0\0\x0f\x13\0\0\0\0\0\0\xbf\
\xa1\0\0\0\0\0\0\x07\x01\0\0\xce\xff\xff\xff\xb4\x02\0\0\x02\0\0\0\x85\0\0\0\
\x71\0\0\0\xb7\x01\0\0\x0e\0\0\0\xbf\x63\0\0\0\0\0\0\x0f\x13\0\0\0\0\0\0\xbf\
\xa1\0\0\0\0\0\0\x07\x01\0\0\xcc\xff\xff\xff\xb4\x02\0\0\x02\0\0\0\x85\0\0\0\
\x71\0\0\0\xb7\x01\0\0\x0c\0\0\0\xbf\x63\0\0\0\0\0\0\x0f\x13\0\0\0\0\0\0\xbf\
\xa1\0\0\0\0\0\0\x07\x01\0\0\xca\xff\xff\xff\xb4\x02\0\0\x02\0\0\0\x85\0\0\0\
\x71\0\0\0\xb7\x01\0\0\x12\0\0\0\xbf\x63\0\0\0\0\0\0\x0f\x13\0\0\0\0\0\0\xbf\
\xa1\0\0\0\0\0\0\x07\x01\0\0\xc9\xff\xff\xff\xb4\x02\0\0\x01\0\0\0\x85\0\0\0\
\x71\0\0\0\xbf\xa1\0\0\0\0\0\0\x07\x01\0\0\xb9\xff\xff\xff\xb4\x02\0\0\x10\0\0\
\0\x85\0\0\0\x10\0\0\0\x69\xa1\xce\xff\0\0\0\0\x54\x01\0\0\xf7\xff\0\0\x56\x01\
\x56\0\x02\0\0\0\x63\x8a\xa0\xff\0\0\0\0\xb7\x08\0\0\0\0\0\0\x18\x01\0\0\0\0\0\
\0\0\0\0\0\0\0\0\0\xb7\x02\0\0\x58\0\0\0\xb7\x03\0\0\0\0\0\0\x85\0\0\0\x83\0\0\
\0\xbf\x09\0\0\0\0\0\0\x55\x09\x05\0\0\0\0\0\x18\x01\0\0\x3b\0\0\0\0\0\0\0\0\0\
\0\0\xb4\x02\0\0\x20\0\0\0\x85\0\0\0\x06\0\0\0\x05\0\x48\0\0\0\0\0\x7b\x89\x30\
\0\0\0\0\0\x7b\x89\x28\0\0\0\0\0\x7b\x89\x20\0\0\0\0\0\x7b\x89\x18\0\0\0\0\0\
\x7b\x89\x10\0\0\0\0\0\x7b\x89\x08\0\0\0\0\0\x7b\x89\0\0\0\0\0\0\x63\x79\x38\0\
\0\0\0\0\x69\xa1\xca\xff\0\0\0\0\x6b\x19\x36\0\0\0\0\0\x69\xa1\xcc\xff\0\0\0\0\
\x61\xa2\xa0\xff\0\0\0\0\x63\x29\x3c\0\0\0\0\0\x6b\x19\x34\0\0\0\0\0\x71\xa1\
\xc9\xff\0\0\0\0\x79\xa2\xa8\xff\0\0\0\0\x7b\x29\x50\0\0\0\0\0\xb7\x02\0\0\x01\
\0\0\0\x7b\x29\x48\0\0\0\0\0\x7b\x19\x40\0\0\0\0\0\xbf\x91\0\0\0\0\0\0\x07\x01\
\0\0\x20\0\0\0\xbf\xa3\0\0\0\0\0\0\x07\x03\0\0\xb9\xff\xff\xff\xb4\x02\0\0\x10\
\0\0\0\x85\0\0\0\x2d\0\0\0\x69\xa1\xce\xff\0\0\0\0\x16\x01\x16\0\x0a\0\0\0\x56\
\x01\x28\0\x02\0\0\0\xb4\x01\0\0\x02\0\0\0\x63\x19\x30\0\0\0\0\0\xb7\x01\0\0\0\
\0\0\0\xbf\x63\0\0\0\0\0\0\x0f\x13\0\0\0\0\0\0\xbf\xa1\0\0\0\0\0\0\x07\x01\0\0\
\xb4\xff\xff\xff\xb4\x02\0\0\x04\0\0\0\x85\0\0\0\x71\0\0\0\xb7\x01\0\0\x04\0\0\
\0\x0f\x16\0\0\0\0\0\0\xbf\xa1\0\0\0\0\0\0\x07\x01\0\0\xb0\xff\xff\xff\xb4\x02\
\0\0\x04\0\0\0\xbf\x63\0\0\0\0\0\0\x85\0\0\0\x71\0\0\0\x61\xa1\xb0\xff\0\0\0\0\
\x63\x19\0\0\0\0\0\0\x61\xa1\xb4\xff\0\0\0\0\x63\x19\x10\0\0\0\0\0\x05\0\x0f\0\
\0\0\0\0\xb4\x01\0\0\x0a\0\0\0\x63\x19\x30\0\0\0\0\0\xb7\x01\0\0\x48\0\0\0\xbf\
\x63\0\0\0\0\0\0\x0f\x13\0\0\0\0\0\0\xbf\x91\0\0\0\0\0\0\xb4\x02\0\0\x10\0\0\0\
\x85\0\0\0\x71\0\0\0\xb7\x01\0\0\x38\0\0\0\x0f\x16\0\0\0\0\0\0\xbf\x91\0\0\0\0\
\0\0\x07\x01\0\0\x10\0\0\0\xb4\x02\0\0\x10\0\0\0\xbf\x63\0\0\0\0\0\0\x85\0\0\0\
\x71\0\0\0\xbf\x91\0\0\0\0\0\0\xb7\x02\0\0\0\0\0\0\x85\0\0\0\x84\0\0\0\x05\0\
\x03\0\0\0\0\0\xbf\x91\0\0\0\0\0\0\xb7\x02\0\0\0\0\0\0\x85\0\0\0\x85\0\0\0\xb4\
\0\0\0\0\0\0\0\x95\0\0\0\0\0\0\0\x79\x11\x70\0\0\0\0\0\x7b\x1a\xf8\xff\0\0\0\0\
\x85\0\0\0\x0e\0\0\0\x63\x0a\xf4\xff\0\0\0\0\xbf\xa2\0\0\0\0\0\0\x07\x02\0\0\
\xf4\xff\xff\xff\xbf\xa3\0\0\0\0\0\0\x07\x03\0\0\xf8\xff\xff\xff\x18\x01\0\0\0\
\0\0\0\0\0\0\0\0\0\0\0\xb7\x04\0\0\0\0\0\0\x85\0\0\0\x02\0\0\0\xb4\0\0\0\0\0\0\
\0\x95\0\0\0\0\0\0\0\x79\x18\x50\0\0\0\0\0\x85\0\0\0\x0e\0\0\0\x63\x0a\x9c\xff\
\0\0\0\0\xbf\xa2\0\0\0\0\0\0\x07\x02\0\0\x9c\xff\xff\xff\x18\x01\0\0\0\0\0\0\0\
\0\0\0\0\0\0\0\x85\0\0\0\x01\0\0\0\x15\0\xaa\x01\0\0\0\0\xc6\x08\xa4\x01\x01\0\
\0\0\x79\x09\0\0\0\0\0\0\x85\0\0\0\x0e\0\0\0\xbf\x06\0\0\0\0\0\0\xb4\x01\0\0\0\
\0\0\0\x6b\x1a\xfe\xff\0\0\0\0\x6b\x1a\xfc\xff\0\0\0\0\x85\0\0\0\x05\0\0\0\xbf\
\x07\0\0\0\0\0\0\xb7\x01\0\0\x10\0\0\0\xbf\x93\0\0\0\0\0\0\x0f\x13\0\0\0\0\0\0\
\xbf\xa1\0\0\0\0\0\0\x07\x01\0\0\xfe\xff\xff\xff\xb4\x02\0\0\x02\0\0\0\x85\0\0\
\0\x71\0\0\0\x69\xa1\xfe\xff\0\0\0\0\x16\x01\x5a\0\x0a\0\0\0\x56\x01\x92\x01\
\x02\0\0\0\x7b\x7a\x90\xff\0\0\0\0\xb4\x01\0\0\0\0\0\0\x63\x1a\xbc\xff\0\0\0\0\
\x63\x6a\xa0\xff\0\0\0\0\xb7\x06\0\0\0\0\0\0\x63\x6a\xb8\xff\0\0\0\0\x63\x6a\
\xb4\xff\0\0\0\0\x63\x6a\xb0\xff\0\0\0\0\x63\x6a\xac\xff\0\0\0\0\x63\x6a\xa8\
\xff\0\0\0\0\x63\x6a\xa4\xff\0\0\0\0\xbf\xa1\0\0\0\0\0\0\x07\x01\0\0\xa4\xff\
\xff\xff\x7b\x1a\x88\xff\0\0\0\0\xb4\x02\0\0\x10\0\0\0\x85\0\0\0\x10\0\0\0\xb7\
\x01\0\0\x04\0\0\0\xbf\x93\0\0\0\0\0\0\x0f\x13\0\0\0\0\0\0\xbf\xa1\0\0\0\0\0\0\
\x07\x01\0\0\xb4\xff\xff\xff\xb4\x02\0\0\x04\0\0\0\x85\0\0\0\x71\0\0\0\xb7\x01\
\0\0\0\0\0\0\xbf\x93\0\0\0\0\0\0\x0f\x13\0\0\0\0\0\0\xbf\xa1\0\0\0\0\0\0\x07\
\x01\0\0\xb8\xff\xff\xff\xb4\x02\0\0\x04\0\0\0\x85\0\0\0\x71\0\0\0\xb7\x01\0\0\
\x0e\0\0\0\xbf\x93\0\0\0\0\0\0\x0f\x13\0\0\0\0\0\0\xbf\xa1\0\0\0\0\0\0\x07\x01\
\0\0\xbc\xff\xff\xff\xb4\x02\0\0\x02\0\0\0\x85\0\0\0\x71\0\0\0\xb7\x01\0\0\x0c\
\0\0\0\x0f\x19\0\0\0\0\0\0\xbf\xa1\0\0\0\0\0\0\x07\x01\0\0\xfc\xff\xff\xff\xb4\
\x02\0\0\x02\0\0\0\xbf\x93\0\0\0\0\0\0\x85\0\0\0\x71\0\0\0\x69\xa1\xfc\xff\0\0\
\0\0\xdc\x01\0\0\x10\0\0\0\x6b\x1a\xbe\xff\0\0\0\0\xbf\xa2\0\0\0\0\0\0\x07\x02\
\0\0\xa0\xff\xff\xff\x18\x01\0\0\0\0\0\0\0\0\0\0\0\0\0\0\x85\0\0\0\x01\0\0\0\
\xbf\x07\0\0\0\0\0\0\x55\x07\x79\0\0\0\0\0\x79\xa1\x90\xff\0\0\0\0\x7b\x1a\xf0\
\xff\0\0\0\0\x57\x08\0\0\xff\xff\xff\x7f\x7b\x8a\xe8\xff\0\0\0\0\x7b\x6a\xe0\
\xff\0\0\0\0\xbf\xa2\0\0\0\0\0\0\x07\x02\0\0\xa0\xff\xff\xff\xbf\xa3\0\0\0\0\0\
\0\x07\x03\0\0\xe0\xff\xff\xff\x18\x01\0\0\0\0\0\0\0\0\0\0\0\0\0\0\xb7\x04\0\0\
\0\0\0\0\x85\0\0\0\x02\0\0\0\x85\0\0\0\x05\0\0\0\x79\xa1\xf0\xff\0\0\0\0\xbf\
\x02\0\0\0\0\0\0\x1f\x12\0\0\0\0\0\0\xa5\x02\x4a\x01\0\xca\x9a\x3b\x79\xa8\xe0\
\xff\0\0\0\0\x79\xa6\xe8\xff\0\0\0\0\x25\x06\x01\0\xff\x13\0\0\xa5\x08\x46\x01\
\0\x28\0\0\xbf\x07\0\0\0\0\0\0\xb7\x09\0\0\0\0\0\0\x18\x01\0\0\0\0\0\0\0\0\0\0\
\0\0\0\0\xb7\x02\0\0\x50\0\0\0\xb7\x03\0\0\0\0\0\0\x85\0\0\0\x83\0\0\0\x55\0\
\xe9\0\0\0\0\0\x18\x01\0\0\x5b\0\0\0\0\0\0\0\0\0\0\0\xb4\x02\0\0\x1b\0\0\0\x85\
\0\0\0\x06\0\0\0\x05\0\x39\x01\0\0\0\0\x7b\x7a\x90\xff\0\0\0\0\xb7\x07\0\0\0\0\
\0\0\x7b\x7a\xc0\xff\0\0\0\0\x7b\x7a\xd8\xff\0\0\0\0\x7b\x7a\xd0\xff\0\0\0\0\
\x7b\x7a\xc8\xff\0\0\0\0\x7b\x7a\xb8\xff\0\0\0\0\x7b\x7a\xb0\xff\0\0\0\0\x7b\
\x7a\xa8\xff\0\0\0\0\x7b\x7a\xa0\xff\0\0\0\0\x63\x6a\xc0\xff\0\0\0\0\xbf\xa1\0\
\0\0\0\0\0\x07\x01\0\0\xc4\xff\xff\xff\x7b\x1a\x80\xff\0\0\0\0\xb4\x02\0\0\x10\
\0\0\0\x85\0\0\0\x10\0\0\0\xb7\x01\0\0\x48\0\0\0\xbf\x93\0\0\0\0\0\0\x0f\x13\0\
\0\0\0\0\0\xbf\xa6\0\0\0\0\0\0\x07\x06\0\0\xa0\xff\xff\xff\xbf\x61\0\0\0\0\0\0\
\xb4\x02\0\0\x10\0\0\0\x85\0\0\0\x71\0\0\0\xb7\x01\0\0\x38\0\0\0\xbf\x93\0\0\0\
\0\0\0\x0f\x13\0\0\0\0\0\0\xbf\xa1\0\0\0\0\0\0\x07\x01\0\0\xb0\xff\xff\xff\x7b\
\x1a\x88\xff\0\0\0\0\xb4\x02\0\0\x10\0\0\0\x85\0\0\0\x71\0\0\0\xb7\x01\0\0\x0e\
\0\0\0\xbf\x93\0\0\0\0\0\0\x0f\x13\0\0\0\0\0\0\xbf\xa1\0\0\0\0\0\0\x07\x01\0\0\
\xd4\xff\xff\xff\xb4\x02\0\0\x02\0\0\0\x85\0\0\0\x71\0\0\0\xb7\x01\0\0\x0c\0\0\
\0\x0f\x19\0\0\0\0\0\0\xbf\xa1\0\0\0\0\0\0\x07\x01\0\0\xfc\xff\xff\xff\xb4\x02\
\0\0\x02\0\0\0\xbf\x93\0\0\0\0\0\0\x85\0\0\0\x71\0\0\0\x69\xa1\xfc\xff\0\0\0\0\
\xdc\x01\0\0\x10\0\0\0\x6b\x1a\xd6\xff\0\0\0\0\x18\x01\0\0\0\0\0\0\0\0\0\0\0\0\
\0\0\xbf\x62\0\0\0\0\0\0\x85\0\0\0\x01\0\0\0\xbf\x09\0\0\0\0\0\0\x55\x09\x3c\0\
\0\0\0\0\x79\xa1\x90\xff\0\0\0\0\x7b\x1a\xf0\xff\0\0\0\0\x57\x08\0\0\xff\xff\
\xff\x7f\x7b\x8a\xe8\xff\0\0\0\0\x7b\x7a\xe0\xff\0\0\0\0\xbf\xa2\0\0\0\0\0\0\
\x07\x02\0\0\xa0\xff\xff\xff\xbf\xa3\0\0\0\0\0\0\x07\x03\0\0\xe0\xff\xff\xff\
\x18\x01\0\0\0\0\0\0\0\0\0\0\0\0\0\0\xb7\x04\0\0\0\0\0\0\x85\0\0\0\x02\0\0\0\
\x85\0\0\0\x05\0\0\0\x79\xa1\xf0\xff\0\0\0\0\xbf\x02\0\0\0\0\0\0\x1f\x12\0\0\0\
\0\0\0\xa5\x02\xf0\0\0\xca\x9a\x3b\x79\xa9\xe0\xff\0\0\0\0\x79\xa6\xe8\xff\0\0\
\0\0\x25\x06\x01\0\xff\x13\0\0\xa5\x09\xec\0\0\x28\0\0\x7b\x0a\x90\xff\0\0\0\0\
\x18\x01\0\0\0\0\0\0\0\0\0\0\0\0\0\0\xb7\x02\0\0\x50\0\0\0\xb7\x03\0\0\0\0\0\0\
\x85\0\0\0\x83\0\0\0\xbf\x08\0\0\0\0\0\0\x55\x08\xb6\0\0\0\0\0\x05\0\xa5\xff\0\
\0\0\0\x57\x08\0\0\xff\xff\xff\x7f\x79\x71\x08\0\0\0\0\0\x0f\x81\0\0\0\0\0\0\
\x7b\x17\x08\0\0\0\0\0\xbf\xa2\0\0\0\0\0\0\x07\x02\0\0\xa0\xff\xff\xff\x18\x01\
\0\0\0\0\0\0\0\0\0\0\0\0\0\0\xbf\x73\0\0\0\0\0\0\xb7\x04\0\0\0\0\0\0\x85\0\0\0\
\x02\0\0\0\x85\0\0\0\x05\0\0\0\x79\x71\x10\0\0\0\0\0\xbf\x02\0\0\0\0\0\0\x1f\
\x12\0\0\0\0\0\0\xa5\x02\xd3\0\0\xca\x9a\x3b\x79\x79\0\0\0\0\0\0\x79\x76\x08\0\
\0\0\0\0\x25\x06\x01\0\xff\x13\0\0\xa5\x09\xcf\0\0\x28\0\0\x7b\x0a\x90\xff\0\0\
\0\0\xb7\x08\0\0\0\0\0\0\x18\x01\0\0\0\0\0\0\0\0\0\0\0\0\0\0\xb7\x02\0\0\x50\0\
\0\0\xb7\x03\0\0\0\0\0\0\x85\0\0\0\x83\0\0\0\x55\0\x1e\0\0\0\0\0\x05\0\x88\xff\
\0\0\0\0\x57\x08\0\0\xff\xff\xff\x7f\x79\x91\x08\0\0\0\0\0\x0f\x81\0\0\0\0\0\0\
\x7b\x19\x08\0\0\0\0\0\xbf\xa2\0\0\0\0\0\0\x07\x02\0\0\xa0\xff\xff\xff\x18\x01\
\0\0\0\0\0\0\0\0\0\0\0\0\0\0\xbf\x93\0\0\0\0\0\0\xb7\x04\0\0\0\0\0\0\x85\0\0\0\
\x02\0\0\0\x85\0\0\0\x05\0\0\0\x79\x91\x10\0\0\0\0\0\xbf\x02\0\0\0\0\0\0\x1f\
\x12\0\0\0\0\0\0\xa5\x02\xb6\0\0\xca\x9a\x3b\x79\x97\0\0\0\0\0\0\x79\x96\x08\0\
\0\0\0\0\x25\x06\x01\0\xff\x13\0\0\xa5\x07\xb2\0\0\x28\0\0\x7b\x0a\x90\xff\0\0\
\0\0\x18\x01\0\0\0\0\0\0\0\0\0\0\0\0\0\0\xb7\x02\0\0\x50\0\0\0\xb7\x03\0\0\0\0\
\0\0\x85\0\0\0\x83\0\0\0\xbf\x08\0\0\0\0\0\0\x55\x08\x28\0\0\0\0\0\x05\0\x6b\
\xff\0\0\0\0\x7b\x90\x38\0\0\0\0\0\x7b\x60\x30\0\0\0\0\0\x7b\x80\x48\0\0\0\0\0\
\x7b\x80\x40\0\0\0\0\0\x7b\x80\x28\0\0\0\0\0\x7b\x80\x20\0\0\0\0\0\x7b\x80\x18\
\0\0\0\0\0\x7b\x80\x10\0\0\0\0\0\x7b\x80\x08\0\0\0\0\0\x7b\x80\0\0\0\0\0\0\xbf\
\x01\0\0\0\0\0\0\x07\x01\0\0\x20\0\0\0\xb4\x02\0\0\x10\0\0\0\x79\xa3\x88\xff\0\
\0\0\0\xbf\x06\0\0\0\0\0\0\x85\0\0\0\x2d\0\0\0\xb4\x01\0\0\x02\0\0\0\x63\x16\
\x44\0\0\0\0\0\x61\xa1\xa0\xff\0\0\0\0\x63\x16\x40\0\0\0\0\0\x69\xa1\xbe\xff\0\
\0\0\0\x6b\x16\x4a\0\0\0\0\0\x69\xa1\xbc\xff\0\0\0\0\x6b\x16\x48\0\0\0\0\0\x61\
\xa1\xb8\xff\0\0\0\0\x63\x16\x10\0\0\0\0\0\x61\xa1\xb4\xff\0\0\0\0\x63\x16\0\0\
\0\0\0\0\xbf\x61\0\0\0\0\0\0\xb7\x02\0\0\0\0\0\0\x85\0\0\0\x84\0\0\0\x79\xa1\
\x90\xff\0\0\0\0\x7b\x17\x10\0\0\0\0\0\xbf\xa2\0\0\0\0\0\0\x07\x02\0\0\xa0\xff\
\xff\xff\x18\x01\0\0\0\0\0\0\0\0\0\0\0\0\0\0\xbf\x73\0\0\0\0\0\0\x05\0\x80\0\0\
\0\0\0\x7b\x78\x38\0\0\0\0\0\x7b\x68\x30\0\0\0\0\0\xb7\x01\0\0\0\0\0\0\x7b\x18\
\x48\0\0\0\0\0\x7b\x18\x40\0\0\0\0\0\x7b\x18\x28\0\0\0\0\0\x7b\x18\x20\0\0\0\0\
\0\x7b\x18\x18\0\0\0\0\0\x7b\x18\x10\0\0\0\0\0\x7b\x18\x08\0\0\0\0\0\x7b\x18\0\
\0\0\0\0\0\xbf\x81\0\0\0\0\0\0\x07\x01\0\0\x20\0\0\0\xb4\x02\0\0\x10\0\0\0\x79\
\xa3\x80\xff\0\0\0\0\x85\0\0\0\x2d\0\0\0\xb4\x01\0\0\x0a\0\0\0\x63\x18\x44\0\0\
\0\0\0\x61\xa1\xc0\xff\0\0\0\0\x63\x18\x40\0\0\0\0\0\x69\xa1\xd6\xff\0\0\0\0\
\x6b\x18\x4a\0\0\0\0\0\x69\xa1\xd4\xff\0\0\0\0\x6b\x18\x48\0\0\0\0\0\xbf\x81\0\
\0\0\0\0\0\x07\x01\0\0\x10\0\0\0\xb4\x02\0\0\x10\0\0\0\x79\xa3\x88\xff\0\0\0\0\
\x85\0\0\0\x04\0\0\0\xbf\xa6\0\0\0\0\0\0\x07\x06\0\0\xa0\xff\xff\xff\xbf\x81\0\
\0\0\0\0\0\xb4\x02\0\0\x10\0\0\0\xbf\x63\0\0\0\0\0\0\x85\0\0\0\x04\0\0\0\xbf\
\x81\0\0\0\0\0\0\xb7\x02\0\0\0\0\0\0\x85\0\0\0\x84\0\0\0\x79\xa1\x90\xff\0\0\0\
\0\x7b\x19\x10\0\0\0\0\0\x18\x01\0\0\0\0\0\0\0\0\0\0\0\0\0\0\xbf\x62\0\0\0\0\0\
\0\xbf\x93\0\0\0\0\0\0\x05\0\x53\0\0\0\0\0\x7b\x80\x38\0\0\0\0\0\x7b\x60\x30\0\
\0\0\0\0\x7b\x90\x48\0\0\0\0\0\x7b\x90\x40\0\0\0\0\0\x7b\x90\x28\0\0\0\0\0\x7b\
\x90\x20\0\0\0\0\0\x7b\x90\x18\0\0\0\0\0\x7b\x90\x10\0\0\0\0\0\x7b\x90\x08\0\0\
\0\0\0\x7b\x90\0\0\0\0\0\0\xbf\x01\0\0\0\0\0\0\x07\x01\0\0\x20\0\0\0\xb4\x02\0\
\0\x10\0\0\0\x79\xa3\x88\xff\0\0\0\0\xbf\x06\0\0\0\0\0\0\x85\0\0\0\x2d\0\0\0\
\xb4\x01\0\0\x02\0\0\0\x63\x16\x44\0\0\0\0\0\x61\xa1\xa0\xff\0\0\0\0\x63\x16\
\x40\0\0\0\0\0\x69\xa1\xbe\xff\0\0\0\0\x6b\x16\x4a\0\0\0\0\0\x69\xa1\xbc\xff\0\
\0\0\0\x6b\x16\x48\0\0\0\0\0\x61\xa1\xb8\xff\0\0\0\0\x63\x16\x10\0\0\0\0\0\x61\
\xa1\xb4\xff\0\0\0\0\x63\x16\0\0\0\0\0\0\xbf\x61\0\0\0\0\0\0\xb7\x02\0\0\0\0\0\
\0\x85\0\0\0\x84\0\0\0\x7b\x7a\xf0\xff\0\0\0\0\xbf\xa2\0\0\0\0\0\0\x07\x02\0\0\
\xa0\xff\xff\xff\xbf\xa3\0\0\0\0\0\0\x07\x03\0\0\xe0\xff\xff\xff\x18\x01\0\0\0\
\0\0\0\0\0\0\0\0\0\0\0\x05\0\x2c\0\0\0\0\0\x7b\x98\x38\0\0\0\0\0\x7b\x68\x30\0\
\0\0\0\0\x7b\x78\x48\0\0\0\0\0\x7b\x78\x40\0\0\0\0\0\x7b\x78\x28\0\0\0\0\0\x7b\
\x78\x20\0\0\0\0\0\x7b\x78\x18\0\0\0\0\0\x7b\x78\x10\0\0\0\0\0\x7b\x78\x08\0\0\
\0\0\0\x7b\x78\0\0\0\0\0\0\xbf\x81\0\0\0\0\0\0\x07\x01\0\0\x20\0\0\0\xb4\x02\0\
\0\x10\0\0\0\x79\xa3\x80\xff\0\0\0\0\x85\0\0\0\x2d\0\0\0\xb4\x01\0\0\x0a\0\0\0\
\x63\x18\x44\0\0\0\0\0\x61\xa1\xc0\xff\0\0\0\0\x63\x18\x40\0\0\0\0\0\x69\xa1\
\xd6\xff\0\0\0\0\x6b\x18\x4a\0\0\0\0\0\x69\xa1\xd4\xff\0\0\0\0\x6b\x18\x48\0\0\
\0\0\0\xbf\x81\0\0\0\0\0\0\x07\x01\0\0\x10\0\0\0\xb4\x02\0\0\x10\0\0\0\x79\xa3\
\x88\xff\0\0\0\0\x85\0\0\0\x04\0\0\0\xbf\xa6\0\0\0\0\0\0\x07\x06\0\0\xa0\xff\
\xff\xff\xbf\x81\0\0\0\0\0\0\xb4\x02\0\0\x10\0\0\0\xbf\x63\0\0\0\0\0\0\x85\0\0\
\0\x04\0\0\0\xbf\x81\0\0\0\0\0\0\xb7\x02\0\0\0\0\0\0\x85\0\0\0\x84\0\0\0\x79\
\xa1\x90\xff\0\0\0\0\x7b\x1a\xf0\xff\0\0\0\0\xbf\xa3\0\0\0\0\0\0\x07\x03\0\0\
\xe0\xff\xff\xff\x18\x01\0\0\0\0\0\0\0\0\0\0\0\0\0\0\xbf\x62\0\0\0\0\0\0\xb7\
\x04\0\0\0\0\0\0\x85\0\0\0\x02\0\0\0\xbf\xa2\0\0\0\0\0\0\x07\x02\0\0\x9c\xff\
\xff\xff\x18\x01\0\0\0\0\0\0\0\0\0\0\0\0\0\0\x85\0\0\0\x03\0\0\0\xb4\0\0\0\0\0\
\0\0\x95\0\0\0\0\0\0\0\x79\x19\x70\0\0\0\0\0\x79\x18\x68\0\0\0\0\0\xc6\x08\xa3\
\x01\x01\0\0\0\x85\0\0\0\x0e\0\0\0\xbf\x06\0\0\0\0\0\0\xb4\x01\0\0\0\0\0\0\x6b\
\x1a\xfe\xff\0\0\0\0\x6b\x1a\xfc\xff\0\0\0\0\x85\0\0\0\x05\0\0\0\xbf\x07\0\0\0\
\0\0\0\xb7\x01\0\0\x10\0\0\0\xbf\x93\0\0\0\0\0\0\x0f\x13\0\0\0\0\0\0\xbf\xa1\0\
\0\0\0\0\0\x07\x01\0\0\xfe\xff\xff\xff\xb4\x02\0\0\x02\0\0\0\x85\0\0\0\x71\0\0\
\0\x69\xa1\xfe\xff\0\0\0\0\x16\x01\x5a\0\x0a\0\0\0\x56\x01\x92\x01\x02\0\0\0\
\x7b\x7a\x98\xff\0\0\0\0\xb4\x01\0\0\0\0\0\0\x63\x1a\xbc\xff\0\0\0\0\x63\x6a\
\xa0\xff\0\0\0\0\xb7\x06\0\0\0\0\0\0\x63\x6a\xb8\xff\0\0\0\0\x63\x6a\xb4\xff\0\
\0\0\0\x63\x6a\xb0\xff\0\0\0\0\x63\x6a\xac\xff\0\0\0\0\x63\x6a\xa8\xff\0\0\0\0\
\x63\x6a\xa4\xff\0\0\0\0\xbf\xa1\0\0\0\0\0\0\x07\x01\0\0\xa4\xff\xff\xff\x7b\
\x1a\x90\xff\0\0\0\0\xb4\x02\0\0\x10\0\0\0\x85\0\0\0\x10\0\0\0\xb7\x01\0\0\x04\
\0\0\0\xbf\x93\0\0\0\0\0\0\x0f\x13\0\0\0\0\0\0\xbf\xa1\0\0\0\0\0\0\x07\x01\0\0\
\xb4\xff\xff\xff\xb4\x02\0\0\x04\0\0\0\x85\0\0\0\x71\0\0\0\xb7\x01\0\0\0\0\0\0\
\xbf\x93\0\0\0\0\0\0\x0f\x13\0\0\0\0\0\0\xbf\xa1\0\0\0\0\0\0\x07\x01\0\0\xb8\
\xff\xff\xff\xb4\x02\0\0\x04\0\0\0\x85\0\0\0\x71\0\0\0\xb7\x01\0\0\x0e\0\0\0\
\xbf\x93\0\0\0\0\0\0\x0f\x13\0\0\0\0\0\0\xbf\xa1\0\0\0\0\0\0\x07\x01\0\0\xbc\
\xff\xff\xff\xb4\x02\0\0\x02\0\0\0\x85\0\0\0\x71\0\0\0\xb7\x01\0\0\x0c\0\0\0\
\x0f\x19\0\0\0\0\0\0\xbf\xa1\0\0\0\0\0\0\x07\x01\0\0\xfc\xff\xff\xff\xb4\x02\0\
\0\x02\0\0\0\xbf\x93\0\0\0\0\0\0\x85\0\0\0\x71\0\0\0\x69\xa1\xfc\xff\0\0\0\0\
\xdc\x01\0\0\x10\0\0\0\x6b\x1a\xbe\xff\0\0\0\0\xbf\xa2\0\0\0\0\0\0\x07\x02\0\0\
\xa0\xff\xff\xff\x18\x01\0\0\0\0\0\0\0\0\0\0\0\0\0\0\x85\0\0\0\x01\0\0\0\xbf\
\x07\0\0\0\0\0\0\x55\x07\x79\0\0\0\0\0\x79\xa1\x98\xff\0\0\0\0\x7b\x1a\xf0\xff\
\0\0\0\0\x57\x08\0\0\xff\xff\xff\x7f\x7b\x8a\xe0\xff\0\0\0\0\x7b\x6a\xe8\xff\0\
\0\0\0\xbf\xa2\0\0\0\0\0\0\x07\x02\0\0\xa0\xff\xff\xff\xbf\xa3\0\0\0\0\0\0\x07\
\x03\0\0\xe0\xff\xff\xff\x18\x01\0\0\0\0\0\0\0\0\0\0\0\0\0\0\xb7\x04\0\0\0\0\0\
\0\x85\0\0\0\x02\0\0\0\x85\0\0\0\x05\0\0\0\x79\xa1\xf0\xff\0\0\0\0\xbf\x02\0\0\
\0\0\0\0\x1f\x12\0\0\0\0\0\0\xa5\x02\x4a\x01\0\xca\x9a\x3b\x79\xa8\xe0\xff\0\0\
\0\0\x79\xa6\xe8\xff\0\0\0\0\x25\x06\x01\0\xff\x13\0\0\xa5\x08\x46\x01\0\x28\0\
\0\xbf\x07\0\0\0\0\0\0\xb7\x09\0\0\0\0\0\0\x18\x01\0\0\0\0\0\0\0\0\0\0\0\0\0\0\
\xb7\x02\0\0\x50\0\0\0\xb7\x03\0\0\0\0\0\0\x85\0\0\0\x83\0\0\0\x55\0\xe9\0\0\0\
\0\0\x18\x01\0\0\x5b\0\0\0\0\0\0\0\0\0\0\0\xb4\x02\0\0\x1b\0\0\0\x85\0\0\0\x06\
\0\0\0\x05\0\x39\x01\0\0\0\0\x7b\x7a\x98\xff\0\0\0\0\xb7\x07\0\0\0\0\0\0\x7b\
\x7a\xc0\xff\0\0\0\0\x7b\x7a\xd8\xff\0\0\0\0\x7b\x7a\xd0\xff\0\0\0\0\x7b\x7a\
\xc8\xff\0\0\0\0\x7b\x7a\xb8\xff\0\0\0\0\x7b\x7a\xb0\xff\0\0\0\0\x7b\x7a\xa8\
\xff\0\0\0\0\x7b\x7a\xa0\xff\0\0\0\0\x63\x6a\xc0\xff\0\0\0\0\xbf\xa1\0\0\0\0\0\
\0\x07\x01\0\0\xc4\xff\xff\xff\x7b\x1a\x88\xff\0\0\0\0\xb4\x02\0\0\x10\0\0\0\
\x85\0\0\0\x10\0\0\0\xb7\x01\0\0\x48\0\0\0\xbf\x93\0\0\0\0\0\0\x0f\x13\0\0\0\0\
\0\0\xbf\xa6\0\0\0\0\0\0\x07\x06\0\0\xa0\xff\xff\xff\xbf\x61\0\0\0\0\0\0\xb4\
\x02\0\0\x10\0\0\0\x85\0\0\0\x71\0\0\0\xb7\x01\0\0\x38\0\0\0\xbf\x93\0\0\0\0\0\
\0\x0f\x13\0\0\0\0\0\0\xbf\xa1\0\0\0\0\0\0\x07\x01\0\0\xb0\xff\xff\xff\x7b\x1a\
\x90\xff\0\0\0\0\xb4\x02\0\0\x10\0\0\0\x85\0\0\0\x71\0\0\0\xb7\x01\0\0\x0e\0\0\
\0\xbf\x93\0\0\0\0\0\0\x0f\x13\0\0\0\0\0\0\xbf\xa1\0\0\0\0\0\0\x07\x01\0\0\xd4\
\xff\xff\xff\xb4\x02\0\0\x02\0\0\0\x85\0\0\0\x71\0\0\0\xb7\x01\0\0\x0c\0\0\0\
\x0f\x19\0\0\0\0\0\0\xbf\xa1\0\0\0\0\0\0\x07\x01\0\0\xfc\xff\xff\xff\xb4\x02\0\
\0\x02\0\0\0\xbf\x93\0\0\0\0\0\0\x85\0\0\0\x71\0\0\0\x69\xa1\xfc\xff\0\0\0\0\
\xdc\x01\0\0\x10\0\0\0\x6b\x1a\xd6\xff\0\0\0\0\x18\x01\0\0\0\0\0\0\0\0\0\0\0\0\
\0\0\xbf\x62\0\0\0\0\0\0\x85\0\0\0\x01\0\0\0\xbf\x09\0\0\0\0\0\0\x55\x09\x3c\0\
\0\0\0\0\x79\xa1\x98\xff\0\0\0\0\x7b\x1a\xf0\xff\0\0\0\0\x57\x08\0\0\xff\xff\
\xff\x7f\x7b\x8a\xe0\xff\0\0\0\0\x7b\x7a\xe8\xff\0\0\0\0\xbf\xa2\0\0\0\0\0\0\
\x07\x02\0\0\xa0\xff\xff\xff\xbf\xa3\0\0\0\0\0\0\x07\x03\0\0\xe0\xff\xff\xff\
\x18\x01\0\0\0\0\0\0\0\0\0\0\0\0\0\0\xb7\x04\0\0\0\0\0\0\x85\0\0\0\x02\0\0\0\
\x85\0\0\0\x05\0\0\0\x79\xa1\xf0\xff\0\0\0\0\xbf\x02\0\0\0\0\0\0\x1f\x12\0\0\0\
\0\0\0\xa5\x02\xf0\0\0\xca\x9a\x3b\x79\xa9\xe0\xff\0\0\0\0\x79\xa6\xe8\xff\0\0\
\0\0\x25\x06\x01\0\xff\x13\0\0\xa5\x09\xec\0\0\x28\0\0\x7b\x0a\x98\xff\0\0\0\0\
\x18\x01\0\0\0\0\0\0\0\0\0\0\0\0\0\0\xb7\x02\0\0\x50\0\0\0\xb7\x03\0\0\0\0\0\0\
\x85\0\0\0\x83\0\0\0\xbf\x08\0\0\0\0\0\0\x55\x08\xb6\0\0\0\0\0\x05\0\xa5\xff\0\
\0\0\0\x57\x08\0\0\xff\xff\xff\x7f\x79\x71\0\0\0\0\0\0\x0f\x81\0\0\0\0\0\0\x7b\
\x17\0\0\0\0\0\0\xbf\xa2\0\0\0\0\0\0\x07\x02\0\0\xa0\xff\xff\xff\x18\x01\0\0\0\
\0\0\0\0\0\0\0\0\0\0\0\xbf\x73\0\0\0\0\0\0\xb7\x04\0\0\0\0\0\0\x85\0\0\0\x02\0\
\0\0\x85\0\0\0\x05\0\0\0\x79\x71\x10\0\0\0\0\0\xbf\x02\0\0\0\0\0\0\x1f\x12\0\0\
\0\0\0\0\xa5\x02\xd3\0\0\xca\x9a\x3b\x79\x79\0\0\0\0\0\0\x79\x76\x08\0\0\0\0\0\
\x25\x06\x01\0\xff\x13\0\0\xa5\x09\xcf\0\0\x28\0\0\x7b\x0a\x98\xff\0\0\0\0\xb7\
\x08\0\0\0\0\0\0\x18\x01\0\0\0\0\0\0\0\0\0\0\0\0\0\0\xb7\x02\0\0\x50\0\0\0\xb7\
\x03\0\0\0\0\0\0\x85\0\0\0\x83\0\0\0\x55\0\x1e\0\0\0\0\0\x05\0\x88\xff\0\0\0\0\
\x57\x08\0\0\xff\xff\xff\x7f\x79\x91\0\0\0\0\0\0\x0f\x81\0\0\0\0\0\0\x7b\x19\0\
\0\0\0\0\0\xbf\xa2\0\0\0\0\0\0\x07\x02\0\0\xa0\xff\xff\xff\x18\x01\0\0\0\0\0\0\
\0\0\0\0\0\0\0\0\xbf\x93\0\0\0\0\0\0\xb7\x04\0\0\0\0\0\0\x85\0\0\0\x02\0\0\0\
\x85\0\0\0\x05\0\0\0\x79\x91\x10\0\0\0\0\0\xbf\x02\0\0\0\0\0\0\x1f\x12\0\0\0\0\
\0\0\xa5\x02\xb6\0\0\xca\x9a\x3b\x79\x97\0\0\0\0\0\0\x79\x96\x08\0\0\0\0\0\x25\
\x06\x01\0\xff\x13\0\0\xa5\x07\xb2\0\0\x28\0\0\x7b\x0a\x98\xff\0\0\0\0\x18\x01\
\0\0\0\0\0\0\0\0\0\0\0\0\0\0\xb7\x02\0\0\x50\0\0\0\xb7\x03\0\0\0\0\0\0\x85\0\0\
\0\x83\0\0\0\xbf\x08\0\0\0\0\0\0\x55\x08\x28\0\0\0\0\0\x05\0\x6b\xff\0\0\0\0\
\x7b\x90\x38\0\0\0\0\0\x7b\x60\x30\0\0\0\0\0\x7b\x80\x48\0\0\0\0\0\x7b\x80\x40\
\0\0\0\0\0\x7b\x80\x28\0\0\0\0\0\x7b\x80\x20\0\0\0\0\0\x7b\x80\x18\0\0\0\0\0\
\x7b\x80\x10\0\0\0\0\0\x7b\x80\x08\0\0\0\0\0\x7b\x80\0\0\0\0\0\0\xbf\x01\0\0\0\
\0\0\0\x07\x01\0\0\x20\0\0\0\xb4\x02\0\0\x10\0\0\0\x79\xa3\x90\xff\0\0\0\0\xbf\
\x06\0\0\0\0\0\0\x85\0\0\0\x2d\0\0\0\xb4\x01\0\0\x02\0\0\0\x63\x16\x44\0\0\0\0\
\0\x61\xa1\xa0\xff\0\0\0\0\x63\x16\x40\0\0\0\0\0\x69\xa1\xbe\xff\0\0\0\0\x6b\
\x16\x4a\0\0\0\0\0\x69\xa1\xbc\xff\0\0\0\0\x6b\x16\x48\0\0\0\0\0\x61\xa1\xb8\
\xff\0\0\0\0\x63\x16\x10\0\0\0\0\0\x61\xa1\xb4\xff\0\0\0\0\x63\x16\0\0\0\0\0\0\
\xbf\x61\0\0\0\0\0\0\xb7\x02\0\0\0\0\0\0\x85\0\0\0\x84\0\0\0\x79\xa1\x98\xff\0\
\0\0\0\x7b\x17\x10\0\0\0\0\0\xbf\xa2\0\0\0\0\0\0\x07\x02\0\0\xa0\xff\xff\xff\
\x18\x01\0\0\0\0\0\0\0\0\0\0\0\0\0\0\xbf\x73\0\0\0\0\0\0\x05\0\x80\0\0\0\0\0\
\x7b\x78\x38\0\0\0\0\0\x7b\x68\x30\0\0\0\0\0\xb7\x01\0\0\0\0\0\0\x7b\x18\x48\0\
\0\0\0\0\x7b\x18\x40\0\0\0\0\0\x7b\x18\x28\0\0\0\0\0\x7b\x18\x20\0\0\0\0\0\x7b\
\x18\x18\0\0\0\0\0\x7b\x18\x10\0\0\0\0\0\x7b\x18\x08\0\0\0\0\0\x7b\x18\0\0\0\0\
\0\0\xbf\x81\0\0\0\0\0\0\x07\x01\0\0\x20\0\0\0\xb4\x02\0\0\x10\0\0\0\x79\xa3\
\x88\xff\0\0\0\0\x85\0\0\0\x2d\0\0\0\xb4\x01\0\0\x0a\0\0\0\x63\x18\x44\0\0\0\0\
\0\x61\xa1\xc0\xff\0\0\0\0\x63\x18\x40\0\0\0\0\0\x69\xa1\xd6\xff\0\0\0\0\x6b\
\x18\x4a\0\0\0\0\0\x69\xa1\xd4\xff\0\0\0\0\x6b\x18\x48\0\0\0\0\0\xbf\x81\0\0\0\
\0\0\0\x07\x01\0\0\x10\0\0\0\xb4\x02\0\0\x10\0\0\0\x79\xa3\x90\xff\0\0\0\0\x85\
\0\0\0\x04\0\0\0\xbf\xa6\0\0\0\0\0\0\x07\x06\0\0\xa0\xff\xff\xff\xbf\x81\0\0\0\
\0\0\0\xb4\x02\0\0\x10\0\0\0\xbf\x63\0\0\0\0\0\0\x85\0\0\0\x04\0\0\0\xbf\x81\0\
\0\0\0\0\0\xb7\x02\0\0\0\0\0\0\x85\0\0\0\x84\0\0\0\x79\xa1\x98\xff\0\0\0\0\x7b\
\x19\x10\0\0\0\0\0\x18\x01\0\0\0\0\0\0\0\0\0\0\0\0\0\0\xbf\x62\0\0\0\0\0\0\xbf\
\x93\0\0\0\0\0\0\x05\0\x53\0\0\0\0\0\x7b\x80\x38\0\0\0\0\0\x7b\x60\x30\0\0\0\0\
\0\x7b\x90\x48\0\0\0\0\0\x7b\x90\x40\0\0\0\0\0\x7b\x90\x28\0\0\0\0\0\x7b\x90\
\x20\0\0\0\0\0\x7b\x90\x18\0\0\0\0\0\x7b\x90\x10\0\0\0\0\0\x7b\x90\x08\0\0\0\0\
\0\x7b\x90\0\0\0\0\0\0\xbf\x01\0\0\0\0\0\0\x07\x01\0\0\x20\0\0\0\xb4\x02\0\0\
\x10\0\0\0\x79\xa3\x90\xff\0\0\0\0\xbf\x06\0\0\0\0\0\0\x85\0\0\0\x2d\0\0\0\xb4\
\x01\0\0\x02\0\0\0\x63\x16\x44\0\0\0\0\0\x61\xa1\xa0\xff\0\0\0\0\x63\x16\x40\0\
\0\0\0\0\x69\xa1\xbe\xff\0\0\0\0\x6b\x16\x4a\0\0\0\0\0\x69\xa1\xbc\xff\0\0\0\0\
\x6b\x16\x48\0\0\0\0\0\x61\xa1\xb8\xff\0\0\0\0\x63\x16\x10\0\0\0\0\0\x61\xa1\
\xb4\xff\0\0\0\0\x63\x16\0\0\0\0\0\0\xbf\x61\0\0\0\0\0\0\xb7\x02\0\0\0\0\0\0\
\x85\0\0\0\x84\0\0\0\x7b\x7a\xf0\xff\0\0\0\0\xbf\xa2\0\0\0\0\0\0\x07\x02\0\0\
\xa0\xff\xff\xff\xbf\xa3\0\0\0\0\0\0\x07\x03\0\0\xe0\xff\xff\xff\x18\x01\0\0\0\
\0\0\0\0\0\0\0\0\0\0\0\x05\0\x2c\0\0\0\0\0\x7b\x98\x38\0\0\0\0\0\x7b\x68\x30\0\
\0\0\0\0\x7b\x78\x48\0\0\0\0\0\x7b\x78\x40\0\0\0\0\0\x7b\x78\x28\0\0\0\0\0\x7b\
\x78\x20\0\0\0\0\0\x7b\x78\x18\0\0\0\0\0\x7b\x78\x10\0\0\0\0\0\x7b\x78\x08\0\0\
\0\0\0\x7b\x78\0\0\0\0\0\0\xbf\x81\0\0\0\0\0\0\x07\x01\0\0\x20\0\0\0\xb4\x02\0\
\0\x10\0\0\0\x79\xa3\x88\xff\0\0\0\0\x85\0\0\0\x2d\0\0\0\xb4\x01\0\0\x0a\0\0\0\
\x63\x18\x44\0\0\0\0\0\x61\xa1\xc0\xff\0\0\0\0\x63\x18\x40\0\0\0\0\0\x69\xa1\
\xd6\xff\0\0\0\0\x6b\x18\x4a\0\0\0\0\0\x69\xa1\xd4\xff\0\0\0\0\x6b\x18\x48\0\0\
\0\0\0\xbf\x81\0\0\0\0\0\0\x07\x01\0\0\x10\0\0\0\xb4\x02\0\0\x10\0\0\0\x79\xa3\
\x90\xff\0\0\0\0\x85\0\0\0\x04\0\0\0\xbf\xa6\0\0\0\0\0\0\x07\x06\0\0\xa0\xff\
\xff\xff\xbf\x81\0\0\0\0\0\0\xb4\x02\0\0\x10\0\0\0\xbf\x63\0\0\0\0\0\0\x85\0\0\
\0\x04\0\0\0\xbf\x81\0\0\0\0\0\0\xb7\x02\0\0\0\0\0\0\x85\0\0\0\x84\0\0\0\x79\
\xa1\x98\xff\0\0\0\0\x7b\x1a\xf0\xff\0\0\0\0\xbf\xa3\0\0\0\0\0\0\x07\x03\0\0\
\xe0\xff\xff\xff\x18\x01\0\0\0\0\0\0\0\0\0\0\0\0\0\0\xbf\x62\0\0\0\0\0\0\xb7\
\x04\0\0\0\0\0\0\x85\0\0\0\x02\0\0\0\xb4\0\0\0\0\0\0\0\x95\0\0\0\0\0\0\0\x79\
\x11\x70\0\0\0\0\0\x7b\x1a\xf8\xff\0\0\0\0\x85\0\0\0\x0e\0\0\0\xbf\x06\0\0\0\0\
\0\0\x85\0\0\0\x05\0\0\0\x18\x01\0\0\0\0\0\0\0\0\0\0\x01\0\0\0\xad\x16\x13\0\0\
\0\0\0\x7b\x0a\xe0\xff\0\0\0\0\x63\x6a\xd8\xff\0\0\0\0\x77\x06\0\0\x20\0\0\0\
\x63\x6a\xdc\xff\0\0\0\0\xb7\x01\0\0\0\0\0\0\x7b\x1a\xe8\xff\0\0\0\0\x7b\x1a\
\xf0\xff\0\0\0\0\xbf\xa1\0\0\0\0\0\0\x07\x01\0\0\xe8\xff\xff\xff\xb4\x02\0\0\
\x10\0\0\0\x85\0\0\0\x10\0\0\0\xbf\xa2\0\0\0\0\0\0\x07\x02\0\0\xf8\xff\xff\xff\
\xbf\xa3\0\0\0\0\0\0\x07\x03\0\0\xd8\xff\xff\xff\x18\x01\0\0\0\0\0\0\0\0\0\0\0\
\0\0\0\xb7\x04\0\0\0\0\0\0\x85\0\0\0\x02\0\0\0\xb4\0\0\0\0\0\0\0\x95\0\0\0\0\0\
\0\0\x79\x11\x70\0\0\0\0\0\x7b\x1a\xf8\xff\0\0\0\0\x85\0\0\0\x0e\0\0\0\xbf\x06\
\0\0\0\0\0\0\x85\0\0\0\x05\0\0\0\x18\x01\0\0\0\0\0\0\0\0\0\0\x01\0\0\0\xad\x16\
\x13\0\0\0\0\0\x7b\x0a\xe0\xff\0\0\0\0\x63\x6a\xd8\xff\0\0\0\0\x77\x06\0\0\x20\
\0\0\0\x63\x6a\xdc\xff\0\0\0\0\xb7\x01\0\0\0\0\0\0\x7b\x1a\xe8\xff\0\0\0\0\x7b\
\x1a\xf0\xff\0\0\0\0\xbf\xa1\0\0\0\0\0\0\x07\x01\0\0\xe8\xff\xff\xff\xb4\x02\0\
\0\x10\0\0\0\x85\0\0\0\x10\0\0\0\xbf\xa2\0\0\0\0\0\0\x07\x02\0\0\xf8\xff\xff\
\xff\xbf\xa3\0\0\0\0\0\0\x07\x03\0\0\xd8\xff\xff\xff\x18\x01\0\0\0\0\0\0\0\0\0\
\0\0\0\0\0\xb7\x04\0\0\0\0\0\0\x85\0\0\0\x02\0\0\0\xb4\0\0\0\0\0\0\0\x95\0\0\0\
\0\0\0\0\x79\x11\x70\0\0\0\0\0\x85\x10\0\0\xff\xff\xff\xff\xb4\0\0\0\0\0\0\0\
\x95\0\0\0\0\0\0\0\x79\x11\0\0\0\0\0\0\x7b\x1a\xf8\xff\0\0\0\0\x85\0\0\0\x0e\0\
\0\0\xbf\x06\0\0\0\0\0\0\x85\0\0\0\x05\0\0\0\x18\x01\0\0\0\0\0\0\0\0\0\0\x01\0\
\0\0\xad\x16\x13\0\0\0\0\0\x7b\x0a\xe0\xff\0\0\0\0\x63\x6a\xd8\xff\0\0\0\0\x77\
\x06\0\0\x20\0\0\0\x63\x6a\xdc\xff\0\0\0\0\xb7\x01\0\0\0\0\0\0\x7b\x1a\xe8\xff\
\0\0\0\0\x7b\x1a\xf0\xff\0\0\0\0\xbf\xa1\0\0\0\0\0\0\x07\x01\0\0\xe8\xff\xff\
\xff\xb4\x02\0\0\x10\0\0\0\x85\0\0\0\x10\0\0\0\xbf\xa2\0\0\0\0\0\0\x07\x02\0\0\
\xf8\xff\xff\xff\xbf\xa3\0\0\0\0\0\0\x07\x03\0\0\xd8\xff\xff\xff\x18\x01\0\0\0\
\0\0\0\0\0\0\0\0\0\0\0\xb7\x04\0\0\0\0\0\0\x85\0\0\0\x02\0\0\0\xb4\0\0\0\0\0\0\
\0\x95\0\0\0\0\0\0\0\x79\x11\0\0\0\0\0\0\x7b\x1a\xf8\xff\0\0\0\0\x85\0\0\0\x0e\
\0\0\0\xbf\x06\0\0\0\0\0\0\x85\0\0\0\x05\0\0\0\x18\x01\0\0\0\0\0\0\0\0\0\0\x01\
\0\0\0\xad\x16\x13\0\0\0\0\0\x7b\x0a\xe0\xff\0\0\0\0\x63\x6a\xd8\xff\0\0\0\0\
\x77\x06\0\0\x20\0\0\0\x63\x6a\xdc\xff\0\0\0\0\xb7\x01\0\0\0\0\0\0\x7b\x1a\xe8\
\xff\0\0\0\0\x7b\x1a\xf0\xff\0\0\0\0\xbf\xa1\0\0\0\0\0\0\x07\x01\0\0\xe8\xff\
\xff\xff\xb4\x02\0\0\x10\0\0\0\x85\0\0\0\x10\0\0\0\xbf\xa2\0\0\0\0\0\0\x07\x02\
\0\0\xf8\xff\xff\xff\xbf\xa3\0\0\0\0\0\0\x07\x03\0\0\xd8\xff\xff\xff\x18\x01\0\
\0\0\0\0\0\0\0\0\0\0\0\0\0\xb7\x04\0\0\0\0\0\0\x85\0\0\0\x02\0\0\0\xb4\0\0\0\0\
\0\0\0\x95\0\0\0\0\0\0\0\x79\x11\0\0\0\0\0\0\x85\x10\0\0\xff\xff\xff\xff\xb4\0\
\0\0\0\0\0\0\x95\0\0\0\0\0\0\0\x79\x17\0\0\0\0\0\0\x18\x01\0\0\0\0\0\0\0\0\0\0\
\0\0\0\0\x18\x02\0\0\0\0\0\0\0\0\0\0\0\0\0\0\x85\0\0\0\x01\0\0\0\xbf\x06\0\0\0\
\0\0\0\x55\x06\x14\0\0\0\0\0\xb7\x01\0\0\0\0\0\0\x7b\x1a\xf8\xff\0\0\0\0\x7b\
\x1a\xf0\xff\0\0\0\0\x7b\x1a\xe8\xff\0\0\0\0\x7b\x1a\xe0\xff\0\0\0\0\xbf\xa3\0\
\0\0\0\0\0\x07\x03\0\0\xe0\xff\xff\xff\x18\x01\0\0\0\0\0\0\0\0\0\0\0\0\0\0\x18\
\x02\0\0\0\0\0\0\0\0\0\0\0\0\0\0\xb7\x04\0\0\0\0\0\0\x85\0\0\0\x02\0\0\0\x18\
\x01\0\0\0\0\0\0\0\0\0\0\0\0\0\0\x18\x02\0\0\0\0\0\0\0\0\0\0\0\0\0\0\x85\0\0\0\
\x01\0\0\0\xbf\x06\0\0\0\0\0\0\x15\x06\x24\0\0\0\0\0\xb7\x01\0\0\xc0\x06\0\0\
\x0f\x17\0\0\0\0\0\0\xbf\xa1\0\0\0\0\0\0\x07\x01\0\0\xe0\xff\xff\xff\xb4\x02\0\
\0\x04\0\0\0\xbf\x73\0\0\0\0\0\0\x85\0\0\0\x71\0\0\0\xb7\x01\0\0\0\0\0\0\x61\
\xa2\xe0\xff\0\0\0\0\xa6\x02\x0d\0\x40\x1f\0\0\xb7\x01\0\0\x01\0\0\0\xa6\x02\
\x0b\0\x40\x9c\0\0\xb7\x01\0\0\x02\0\0\0\xa6\x02\x09\0\x40\x13\x02\0\xb7\x01\0\
\0\x03\0\0\0\xa6\x02\x07\0\x40\x07\x04\0\xb7\x01\0\0\x04\0\0\0\xa6\x02\x05\0\
\x40\xef\x07\0\xb7\x01\0\0\x05\0\0\0\xa6\x02\x03\0\x40\xbf\x0f\0\xb7\x01\0\0\
\x06\0\0\0\xa6\x02\x01\0\x40\x5f\x1f\0\xb7\x01\0\0\x07\0\0\0\x67\x01\0\0\x02\0\
\0\0\xbf\x62\0\0\0\0\0\0\x0f\x12\0\0\0\0\0\0\x61\x21\0\0\0\0\0\0\x04\x01\0\0\
\x01\0\0\0\x63\x12\0\0\0\0\0\0\x18\x01\0\0\0\0\0\0\0\0\0\0\0\0\0\0\x18\x02\0\0\
\0\0\0\0\0\0\0\0\0\0\0\0\xbf\x63\0\0\0\0\0\0\xb7\x04\0\0\0\0\0\0\x85\0\0\0\x02\
\0\0\0\xb4\0\0\0\0\0\0\0\x95\0\0\0\0\0\0\0\x18\x01\0\0\0\0\0\0\0\0\0\0\0\0\0\0\
\x18\x02\0\0\0\0\0\0\0\0\0\0\0\0\0\0\x85\0\0\0\x01\0\0\0\xbf\x06\0\0\0\0\0\0\
\x55\x06\x05\0\0\0\0\0\x18\x01\0\0\x04\0\0\0\0\0\0\0\0\0\0\0\xb4\x02\0\0\x1c\0\
\0\0\x85\0\0\0\x06\0\0\0\x05\0\x27\0\0\0\0\0\x18\x01\0\0\0\0\0\0\0\0\0\0\0\0\0\
\0\xb7\x02\0\0\x20\0\0\0\xb7\x03\0\0\0\0\0\0\x85\0\0\0\x83\0\0\0\x55\0\x05\0\0\
\0\0\0\x18\x01\0\0\x20\0\0\0\0\0\0\0\0\0\0\0\xb4\x02\0\0\x1b\0\0\0\x85\0\0\0\
\x06\0\0\0\x05\0\x1c\0\0\0\0\0\xb7\x01\0\0\0\0\0\0\x63\x10\x1c\0\0\0\0\0\x63\
\x10\x18\0\0\0\0\0\x63\x10\x14\0\0\0\0\0\x63\x10\x10\0\0\0\0\0\x63\x10\x0c\0\0\
\0\0\0\x63\x10\x08\0\0\0\0\0\x63\x10\x04\0\0\0\0\0\x63\x10\0\0\0\0\0\0\x61\x61\
\0\0\0\0\0\0\x63\x10\0\0\0\0\0\0\x61\x61\x04\0\0\0\0\0\x63\x10\x04\0\0\0\0\0\
\x61\x61\x08\0\0\0\0\0\x63\x10\x08\0\0\0\0\0\x61\x61\x0c\0\0\0\0\0\x63\x10\x0c\
\0\0\0\0\0\x61\x61\x10\0\0\0\0\0\x63\x10\x10\0\0\0\0\0\x61\x61\x14\0\0\0\0\0\
\x63\x10\x14\0\0\0\0\0\x61\x61\x18\0\0\0\0\0\x63\x10\x18\0\0\0\0\0\x61\x61\x1c\
\0\0\0\0\0\x63\x10\x1c\0\0\0\0\0\xbf\x01\0\0\0\0\0\0\xb7\x02\0\0\0\0\0\0\x85\0\
\0\0\x84\0\0\0\xb4\0\0\0\0\0\0\0\x95\0\0\0\0\0\0\0\x44\x75\x61\x6c\x20\x42\x53\
\x44\x2f\x47\x50\x4c\0\0\0\0\0\0\0\0\x74\x68\x65\x20\x74\x63\x70\x72\x74\x74\
\x20\x6d\x61\x70\x20\x69\x73\x20\x6e\x6f\x74\x20\x69\x6e\x69\x74\x0a\0\x74\x68\
\x65\x20\x74\x63\x70\x72\x74\x74\x20\x62\x75\x66\x66\x65\x72\x20\x69\x73\x20\
\x66\x75\x6c\x6c\x0a\0\x74\x68\x65\x20\x74\x63\x70\x5f\x72\x65\x74\x72\x61\x6e\
\x73\x20\x62\x75\x66\x66\x65\x72\x20\x69\x73\x20\x66\x75\x6c\x6c\x0a\0\x74\x68\
\x65\x20\x74\x63\x70\x74\x6f\x70\x20\x62\x75\x66\x66\x65\x72\x20\x69\x73\x20\
\x66\x75\x6c\x6c\x0a\0\x74\x68\x65\x20\x6e\x65\x74\x20\x6c\x61\x74\x65\x6e\x63\
\x79\x20\x62\x75\x66\x66\x65\x72\x20\x69\x73\x20\x66\x75\x6c\x6c\x0a\0\0\0\0\0\
\0\0\0\0\0\0\0\0\0\0\0\0\0\0\0\0\0\0\0\0\0\0\0\0\0\0\0\0\0\0\0\0\0\0\0\0\0\0\0\
\0\0\0\0\0\0\0\0\0\0\0\0\0\0\0\0\0\0\0\0\0\0\0\0\0\0\0\0\0\0\0\0\0\0\0\0\0\0\0\
\0\0\0\0\0\0\0\0\0\0\0\0\0\0\0\0\0\0\0\0\0\0\0\0\0\0\0\0\0\0\0\0\0\0\0\0\0\0\0\
\0\0\0\0\0\0\0\0\0\0\0\0\0\0\0\0\0\0\0\0\0\0\0\0\0\0\0\0\0\0\0\0\0\0\0\0\0\0\0\
\0\0\0\0\0\0\0\0\0\0\0\0\0\0\0\0\0\0\0\0\0\0\0\0\0\0\0\0\0\0\0\0\0\0\0\0\0\0\0\
\0\0\0\0\0\0\0\0\0\0\0\0\0\0\0\0\0\0\0\0\0\0\0\0\0\0\0\x60\0\0\0\0\0\0\0\x01\0\
\0\0\x20\0\0\0\xb0\0\0\0\0\0\0\0\x01\0\0\0\x2b\0\0\0\xe8\0\0\0\0\0\0\0\x01\0\0\
\0\x15\0\0\0\xc0\x01\0\0\0\0\0\0\x01\0\0\0\x17\0\0\0\xf8\x01\0\0\0\0\0\0\x01\0\
\0\0\x15\0\0\0\x40\0\0\0\0\0\0\0\x01\0\0\0\x19\0\0\0\x28\0\0\0\0\0\0\0\x01\0\0\
\0\x19\0\0\0\x68\x02\0\0\0\0\0\0\x01\0\0\0\x1b\0\0\0\xd8\x02\0\0\0\0\0\0\x01\0\
\0\0\x1b\0\0\0\x50\x03\0\0\0\0\0\0\x01\0\0\0\x1c\0\0\0\x80\x03\0\0\0\0\0\0\x01\
\0\0\0\x15\0\0\0\x30\x05\0\0\0\0\0\0\x01\0\0\0\x1d\0\0\0\xa8\x05\0\0\0\0\0\0\
\x01\0\0\0\x1d\0\0\0\x18\x06\0\0\0\0\0\0\x01\0\0\0\x1c\0\0\0\x88\x06\0\0\0\0\0\
\0\x01\0\0\0\x1b\0\0\0\x08\x07\0\0\0\0\0\0\x01\0\0\0\x1c\0\0\0\x70\x07\0\0\0\0\
\0\0\x01\0\0\0\x1d\0\0\0\xe8\x07\0\0\0\0\0\0\x01\0\0\0\x1c\0\0\0\x40\x09\0\0\0\
\0\0\0\x01\0\0\0\x1b\0\0\0\xa0\x0a\0\0\0\0\0\0\x01\0\0\0\x1d\0\0\0\xe8\x0b\0\0\
\0\0\0\0\x01\0\0\0\x1b\0\0\0\x48\x0d\0\0\0\0\0\0\x01\0\0\0\x1d\0\0\0\x80\x0d\0\
\0\0\0\0\0\x01\0\0\0\x19\0\0\0\x28\x02\0\0\0\0\0\0\x01\0\0\0\x1b\0\0\0\x98\x02\
\0\0\0\0\0\0\x01\0\0\0\x1b\0\0\0\x10\x03\0\0\0\0\0\0\x01\0\0\0\x1c\0\0\0\x40\
\x03\0\0\0\0\0\0\x01\0\0\0\x15\0\0\0\xf0\x04\0\0\0\0\0\0\x01\0\0\0\x1d\0\0\0\
\x68\x05\0\0\0\0\0\0\x01\0\0\0\x1d\0\0\0\xd8\x05\0\0\0\0\0\0\x01\0\0\0\x1c\0\0\
\0\x48\x06\0\0\0\0\0\0\x01\0\0\0\x1b\0\0\0\xc8\x06\0\0\0\0\0\0\x01\0\0\0\x1c\0\
\0\0\x30\x07\0\0\0\0\0\0\x01\0\0\0\x1d\0\0\0\xa8\x07\0\0\0\0\0\0\x01\0\0\0\x1c\
\0\0\0\0\x09\0\0\0\0\0\0\x01\0\0\0\x1b\0\0\0\x60\x0a\0\0\0\0\0\0\x01\0\0\0\x1d\
\0\0\0\xa8\x0b\0\0\0\0\0\0\x01\0\0\0\x1b\0\0\0\x08\x0d\0\0\0\0\0\0\x01\0\0\0\
\x1d\0\0\0\xb8\0\0\0\0\0\0\0\x01\0\0\0\x20\0\0\0\xb8\0\0\0\0\0\0\0\x01\0\0\0\
\x20\0\0\0\x08\0\0\0\0\0\0\0\x0a\0\0\0\x02\0\0\0\xb8\0\0\0\0\0\0\0\x01\0\0\0\
\x20\0\0\0\xb8\0\0\0\0\0\0\0\x01\0\0\0\x20\0\0\0\x08\0\0\0\0\0\0\0\x0a\0\0\0\
\x02\0\0\0\x08\0\0\0\0\0\0\0\x01\0\0\0\x27\0\0\0\x18\0\0\0\0\0\0\0\x01\0\0\0\
\x28\0\0\0\x78\0\0\0\0\0\0\0\x01\0\0\0\x27\0\0\0\x88\0\0\0\0\0\0\0\x01\0\0\0\
\x28\0\0\0\xa8\0\0\0\0\0\0\0\x01\0\0\0\x27\0\0\0\xb8\0\0\0\0\0\0\0\x01\0\0\0\
\x28\0\0\0\xc8\x01\0\0\0\0\0\0\x01\0\0\0\x27\0\0\0\xd8\x01\0\0\0\0\0\0\x01\0\0\
\0\x28\0\0\0\0\0\0\0\0\0\0\0\x01\0\0\0\x27\0\0\0\x10\0\0\0\0\0\0\0\x01\0\0\0\
\x28\0\0\0\x38\0\0\0\0\0\0\0\x01\0\0\0\x15\0\0\0\x60\0\0\0\0\0\0\0\x01\0\0\0\
\x2a\0\0\0\x90\0\0\0\0\0\0\0\x01\0\0\0\x15\0\0\0\x9f\xeb\x01\0\x18\0\0\0\0\0\0\
\0\x40\x6e\0\0\x40\x6e\0\0\xa1\x6a\0\0\0\0\0\0\0\0\0\x02\x03\0\0\0\x01\0\0\0\0\
\0\0\x01\x04\0\0\0\x20\0\0\x01\0\0\0\0\0\0\0\x03\0\0\0\0\x02\0\0\0\x04\0\0\0\
\x02\0\0\0\x05\0\0\0\0\0\0\x01\x04\0\0\0\x20\0\0\0\0\0\0\0\0\0\0\x02\x06\0\0\0\
\0\0\0\0\0\0\0\x03\0\0\0\0\x02\0\0\0\x04\0\0\0\x04\0\0\0\0\0\0\0\0\0\0\x02\x08\
\0\0\0\0\0\0\0\0\0\0\x03\0\0\0\0\x02\0\0\0\x04\0\0\0\x20\0\0\0\0\0\0\0\0\0\0\
\x02\x0a\0\0\0\0\0\0\0\0\0\0\x03\0\0\0\0\x02\0\0\0\x04\0\0\0\x01\0\0\0\0\0\0\0\
\x04\0\0\x04\x20\0\0\0\x19\0\0\0\x01\0\0\0\0\0\0\0\x1e\0\0\0\x05\0\0\0\x40\0\0\
\0\x27\0\0\0\x07\0\0\0\x80\0\0\0\x32\0\0\0\x09\0\0\0\xc0\0\0\0\x3e\0\0\0\0\0\0\
\x0e\x0b\0\0\0\x01\0\0\0\0\0\0\0\0\0\0\x02\x0e\0\0\0\0\0\0\0\0\0\0\x03\0\0\0\0\
\x02\0\0\0\x04\0\0\0\x1b\0\0\0\0\0\0\0\0\0\0\x02\x10\0\0\0\0\0\0\0\0\0\0\x03\0\
\0\0\0\x02\0\0\0\x04\0\0\0\0\0\x02\0\0\0\0\0\x02\0\0\x04\x10\0\0\0\x19\0\0\0\
\x0d\0\0\0\0\0\0\0\x32\0\0\0\x0f\0\0\0\x40\0\0\0\x49\0\0\0\0\0\0\x0e\x11\0\0\0\
\x01\0\0\0\0\0\0\0\0\0\0\x02\x14\0\0\0\0\0\0\0\0\0\0\x03\0\0\0\0\x02\0\0\0\x04\
\0\0\0\x08\0\0\0\0\0\0\0\0\0\0\x02\x16\0\0\0\0\0\0\0\0\0\0\x03\0\0\0\0\x02\0\0\
\0\x04\0\0\0\0\x10\0\0\0\0\0\0\x04\0\0\x04\x20\0\0\0\x19\0\0\0\x09\0\0\0\0\0\0\
\0\x1e\0\0\0\x13\0\0\0\x40\0\0\0\x27\0\0\0\x07\0\0\0\x80\0\0\0\x32\0\0\0\x15\0\
\0\0\xc0\0\0\0\x57\0\0\0\0\0\0\x0e\x17\0\0\0\x01\0\0\0\0\0\0\0\0\0\0\x02\x1a\0\
\0\0\0\0\0\0\0\0\0\x03\0\0\0\0\x02\0\0\0\x04\0\0\0\x18\0\0\0\0\0\0\0\0\0\0\x02\
\x1c\0\0\0\0\0\0\0\0\0\0\x03\0\0\0\0\x02\0\0\0\x04\0\0\0\0\x04\0\0\0\0\0\0\x04\
\0\0\x04\x20\0\0\0\x19\0\0\0\x09\0\0\0\0\0\0\0\x1e\0\0\0\x07\0\0\0\x40\0\0\0\
\x27\0\0\0\x19\0\0\0\x80\0\0\0\x32\0\0\0\x1b\0\0\0\xc0\0\0\0\x69\0\0\0\0\0\0\
\x0e\x1d\0\0\0\x01\0\0\0\0\0\0\0\0\0\0\x02\x20\0\0\0\0\0\0\0\0\0\0\x03\0\0\0\0\
\x02\0\0\0\x04\0\0\0\x40\0\0\0\0\0\0\0\x04\0\0\x04\x20\0\0\0\x19\0\0\0\x09\0\0\
\0\0\0\0\0\x1e\0\0\0\x1f\0\0\0\x40\0\0\0\x27\0\0\0\x19\0\0\0\x80\0\0\0\x32\0\0\
\0\x1b\0\0\0\xc0\0\0\0\x76\0\0\0\0\0\0\x0e\x21\0\0\0\x01\0\0\0\0\0\0\0\x04\0\0\
\x04\x20\0\0\0\x19\0\0\0\x09\0\0\0\0\0\0\0\x1e\0\0\0\x05\0\0\0\x40\0\0\0\x27\0\
\0\0\x13\0\0\0\x80\0\0\0\x32\0\0\0\x1b\0\0\0\xc0\0\0\0\x83\0\0\0\0\0\0\x0e\x23\
\0\0\0\x01\0\0\0\0\0\0\0\0\0\0\x02\x26\0\0\0\0\0\0\0\0\0\0\x03\0\0\0\0\x02\0\0\
\0\x04\0\0\0\0\0\x08\0\0\0\0\0\x02\0\0\x04\x10\0\0\0\x19\0\0\0\x0d\0\0\0\0\0\0\
\0\x32\0\0\0\x25\0\0\0\x40\0\0\0\x92\0\0\0\0\0\0\x0e\x27\0\0\0\x01\0\0\0\0\0\0\
\0\0\0\0\x02\x2a\0\0\0\0\0\0\0\0\0\0\x03\0\0\0\0\x02\0\0\0\x04\0\0\0\0\0\x10\0\
\0\0\0\0\x02\0\0\x04\x10\0\0\0\x19\0\0\0\x0d\0\0\0\0\0\0\0\x32\0\0\0\x29\0\0\0\
\x40\0\0\0\xa5\0\0\0\0\0\0\x0e\x2b\0\0\0\x01\0\0\0\xb3\0\0\0\0\0\0\x0e\x2b\0\0\
\0\x01\0\0\0\0\0\0\0\0\0\0\x02\x2f\0\0\0\xc5\0\0\0\x0e\0\0\x04\x50\0\0\0\xde\0\
\0\0\x30\0\0\0\0\0\0\0\xea\0\0\0\x31\0\0\0\x10\0\0\0\xf7\0\0\0\x31\0\0\0\x18\0\
\0\0\x0c\x01\0\0\x02\0\0\0\x20\0\0\0\x17\x01\0\0\x32\0\0\0\x40\0\0\0\x1f\x01\0\
\0\x32\0\0\0\x80\0\0\0\x26\x01\0\0\x02\0\0\0\xc0\0\0\0\x2c\x01\0\0\x34\0\0\0\
\xe0\0\0\0\x32\x01\0\0\x34\0\0\0\xf0\0\0\0\x38\x01\0\0\x34\0\0\0\0\x01\0\0\x3f\
\x01\0\0\x36\0\0\0\x10\x01\0\0\x45\x01\0\0\x36\0\0\0\x30\x01\0\0\x4b\x01\0\0\
\x37\0\0\0\x50\x01\0\0\x54\x01\0\0\x37\0\0\0\xd0\x01\0\0\x5d\x01\0\0\0\0\0\x01\
\x02\0\0\0\x10\0\0\0\x6c\x01\0\0\0\0\0\x01\x01\0\0\0\x08\0\0\0\0\0\0\0\0\0\0\
\x02\x33\0\0\0\0\0\0\0\0\0\0\x0a\0\0\0\0\x7a\x01\0\0\0\0\0\x08\x30\0\0\0\x80\
\x01\0\0\0\0\0\x08\x31\0\0\0\0\0\0\0\0\0\0\x03\0\0\0\0\x35\0\0\0\x04\0\0\0\x04\
\0\0\0\0\0\0\0\0\0\0\x03\0\0\0\0\x35\0\0\0\x04\0\0\0\x10\0\0\0\0\0\0\0\x01\0\0\
\x0d\x02\0\0\0\x85\x01\0\0\x2e\0\0\0\x89\x01\0\0\x01\0\0\x0c\x38\0\0\0\x9a\x01\
\0\0\x1c\0\0\x84\xe8\0\0\0\0\0\0\0\x3b\0\0\0\0\0\0\0\xa2\x01\0\0\x47\0\0\0\xc0\
\0\0\0\0\0\0\0\x48\0\0\0\0\x01\0\0\xa5\x01\0\0\x51\0\0\0\x40\x01\0\0\0\0\0\0\
\x52\0\0\0\xc0\x02\0\0\xa8\x01\0\0\x40\0\0\0\x40\x03\0\0\xae\x01\0\0\x56\0\0\0\
\x80\x03\0\0\xb2\x01\0\0\x56\0\0\0\xa0\x03\0\0\xbb\x01\0\0\x34\0\0\0\xc0\x03\0\
\0\xc3\x01\0\0\x34\0\0\0\xd0\x03\0\0\xcb\x01\0\0\x34\0\0\0\xe0\x03\0\0\xd9\x01\
\0\0\x57\0\0\0\xf0\x03\0\0\xe9\x01\0\0\x35\0\0\0\xf0\x03\0\x01\xf0\x01\0\0\x35\
\0\0\0\xf1\x03\0\x01\xf6\x01\0\0\x35\0\0\0\xf2\x03\0\x02\xfd\x01\0\0\x35\0\0\0\
\xf4\x03\0\x01\x04\x02\0\0\x35\0\0\0\xf5\x03\0\x01\x0e\x02\0\0\x35\0\0\0\xf6\
\x03\0\x01\x19\x02\0\0\x35\0\0\0\xf7\x03\0\x01\x24\x02\0\0\x35\0\0\0\xf8\x03\0\
\0\0\0\0\0\x58\0\0\0\0\x04\0\0\x36\x02\0\0\x66\0\0\0\xe0\x05\0\0\x3b\x02\0\0\
\x66\0\0\0\0\x06\0\0\x3f\x02\0\0\x67\0\0\0\x40\x06\0\0\x44\x02\0\0\x67\0\0\0\
\x80\x06\0\0\x49\x02\0\0\x56\0\0\0\xc0\x06\0\0\x52\x02\0\0\x68\0\0\0\xe0\x06\0\
\0\x58\x02\0\0\x6c\0\0\0\0\x07\0\0\0\0\0\0\x04\0\0\x05\x18\0\0\0\0\0\0\0\x3c\0\
\0\0\0\0\0\0\x63\x02\0\0\x41\0\0\0\0\0\0\0\x6a\x02\0\0\x43\0\0\0\0\0\0\0\x6f\
\x02\0\0\x45\0\0\0\0\0\0\0\0\0\0\0\x03\0\0\x04\x18\0\0\0\x77\x02\0\0\x3d\0\0\0\
\0\0\0\0\x7c\x02\0\0\x3d\0\0\0\x40\0\0\0\0\0\0\0\x3e\0\0\0\x80\0\0\0\0\0\0\0\0\
\0\0\x02\x3a\0\0\0\0\0\0\0\x02\0\0\x05\x08\0\0\0\x81\x02\0\0\x3f\0\0\0\0\0\0\0\
\x85\x02\0\0\x40\0\0\0\0\0\0\0\0\0\0\0\0\0\0\x02\xe2\0\0\0\x91\x02\0\0\0\0\0\
\x01\x08\0\0\0\x40\0\0\0\x9f\x02\0\0\x03\0\0\x04\x18\0\0\0\xa7\x02\0\0\x40\0\0\
\0\0\0\0\0\xb9\x02\0\0\x42\0\0\0\x40\0\0\0\xc2\x02\0\0\x42\0\0\0\x80\0\0\0\0\0\
\0\0\0\0\0\x02\x41\0\0\0\xca\x02\0\0\x02\0\0\x04\x10\0\0\0\x77\x02\0\0\x44\0\0\
\0\0\0\0\0\x7c\x02\0\0\x44\0\0\0\x40\0\0\0\0\0\0\0\0\0\0\x02\x43\0\0\0\xd4\x02\
\0\0\x01\0\0\x04\x08\0\0\0\x77\x02\0\0\x46\0\0\0\0\0\0\0\0\0\0\0\0\0\0\x02\x45\
\0\0\0\0\0\0\0\0\0\0\x02\x78\0\0\0\0\0\0\0\x02\0\0\x05\x08\0\0\0\xdf\x02\0\0\
\x49\0\0\0\0\0\0\0\xe6\x02\0\0\x4d\0\0\0\0\0\0\0\xf4\x02\0\0\0\0\0\x08\x4a\0\0\
\0\xfc\x02\0\0\0\0\0\x08\x4b\0\0\0\0\x03\0\0\0\0\0\x08\x4c\0\0\0\x06\x03\0\0\0\
\0\0\x01\x08\0\0\0\x40\0\0\x01\x10\x03\0\0\0\0\0\x08\x4e\0\0\0\x14\x03\0\0\0\0\
\0\x08\x4f\0\0\0\x1a\x03\0\0\0\0\0\x01\x08\0\0\0\x40\0\0\0\x2d\x03\0\0\0\0\0\
\x01\x01\0\0\0\x08\0\0\x01\0\0\0\0\0\0\0\x03\0\0\0\0\x50\0\0\0\x04\0\0\0\x30\0\
\0\0\0\0\0\0\x03\0\0\x05\x10\0\0\0\0\0\0\0\x53\0\0\0\0\0\0\0\x32\x03\0\0\x43\0\
\0\0\0\0\0\0\x45\x03\0\0\x40\0\0\0\0\0\0\0\0\0\0\0\x02\0\0\x04\x10\0\0\0\x4f\
\x03\0\0\x40\0\0\0\0\0\0\0\x5b\x03\0\0\x54\0\0\0\x40\0\0\0\0\0\0\0\0\0\0\x02\
\x55\0\0\0\0\0\0\0\x01\0\0\x0d\0\0\0\0\0\0\0\0\x3d\0\0\0\x66\x03\0\0\0\0\0\x01\
\x04\0\0\0\x20\0\0\0\0\0\0\0\0\0\0\x03\0\0\0\0\x35\0\0\0\x04\0\0\0\0\0\0\0\0\0\
\0\0\x02\0\0\x05\x3c\0\0\0\0\0\0\0\x59\0\0\0\0\0\0\0\x73\x03\0\0\x59\0\0\0\0\0\
\0\0\0\0\0\0\x34\0\0\x84\x3c\0\0\0\x7b\x03\0\0\x57\0\0\0\0\0\0\0\x8d\x03\0\0\
\x35\0\0\0\0\0\0\x03\x96\x03\0\0\x35\0\0\0\x03\0\0\x01\xa0\x03\0\0\x35\0\0\0\
\x04\0\0\x01\xb4\x03\0\0\x35\0\0\0\x05\0\0\x02\xbe\x03\0\0\x35\0\0\0\x07\0\0\
\x01\xc7\x03\0\0\x57\0\0\0\x08\0\0\0\xd8\x03\0\0\x35\0\0\0\x08\0\0\x02\xe4\x03\
\0\0\x35\0\0\0\x0a\0\0\x01\xf2\x03\0\0\x35\0\0\0\x0b\0\0\x01\x03\x04\0\0\x35\0\
\0\0\x0c\0\0\x01\x13\x04\0\0\x35\0\0\0\x0d\0\0\x01\x24\x04\0\0\x35\0\0\0\x0e\0\
\0\x02\x2f\x04\0\0\x35\0\0\0\x10\0\0\x01\x43\x04\0\0\x35\0\0\0\x11\0\0\x01\x4b\
\x04\0\0\x35\0\0\0\x12\0\0\x01\x53\x04\0\0\x35\0\0\0\x13\0\0\x01\x64\x04\0\0\
\x35\0\0\0\x14\0\0\x01\x6f\x04\0\0\x35\0\0\0\x15\0\0\x01\x76\x04\0\0\x35\0\0\0\
\x16\0\0\x01\x84\x04\0\0\x35\0\0\0\x17\0\0\x01\x93\x04\0\0\x35\0\0\0\x18\0\0\
\x01\x9e\x04\0\0\x35\0\0\0\x19\0\0\x02\xad\x04\0\0\x35\0\0\0\x1b\0\0\x01\xbb\
\x04\0\0\x35\0\0\0\x1c\0\0\x01\xc4\x04\0\0\x35\0\0\0\x1d\0\0\x01\xd5\x04\0\0\
\x35\0\0\0\x1e\0\0\x01\xe9\x04\0\0\x35\0\0\0\x1f\0\0\x01\xf4\x04\0\0\x35\0\0\0\
\x20\0\0\x01\x01\x05\0\0\x35\0\0\0\x21\0\0\x01\x10\x05\0\0\x35\0\0\0\x22\0\0\
\x01\x1a\x05\0\0\x35\0\0\0\x23\0\0\x01\x23\x05\0\0\x35\0\0\0\x24\0\0\x01\x31\
\x05\0\0\x35\0\0\0\x25\0\0\x01\x3c\x05\0\0\x34\0\0\0\x30\0\0\0\x45\x05\0\0\x5a\
\0\0\0\x40\0\0\0\0\0\0\0\x5b\0\0\0\x60\0\0\0\x4f\x05\0\0\x5d\0\0\0\x80\0\0\0\
\x58\x05\0\0\x02\0\0\0\xa0\0\0\0\x60\x05\0\0\x5d\0\0\0\xc0\0\0\0\0\0\0\0\x5f\0\
\0\0\xe0\0\0\0\0\0\0\0\x63\0\0\0\0\x01\0\0\x65\x05\0\0\x5d\0\0\0\x20\x01\0\0\0\
\0\0\0\x64\0\0\0\x40\x01\0\0\0\0\0\0\x65\0\0\0\x60\x01\0\0\x6d\x05\0\0\x34\0\0\
\0\x70\x01\0\0\x84\x05\0\0\x34\0\0\0\x80\x01\0\0\x99\x05\0\0\x34\0\0\0\x90\x01\
\0\0\xaa\x05\0\0\x62\0\0\0\xa0\x01\0\0\xb3\x05\0\0\x34\0\0\0\xb0\x01\0\0\xc4\
\x05\0\0\x34\0\0\0\xc0\x01\0\0\xd3\x05\0\0\x34\0\0\0\xd0\x01\0\0\xde\x05\0\0\0\
\0\0\x08\x34\0\0\0\0\0\0\0\x02\0\0\x05\x04\0\0\0\xe2\x05\0\0\x5c\0\0\0\0\0\0\0\
\0\0\0\0\x5e\0\0\0\0\0\0\0\xe7\x05\0\0\0\0\0\x08\x5d\0\0\0\xee\x05\0\0\0\0\0\
\x08\x56\0\0\0\0\0\0\0\x02\0\0\x04\x04\0\0\0\xf4\x05\0\0\x34\0\0\0\0\0\0\0\xff\
\x05\0\0\x34\0\0\0\x10\0\0\0\0\0\0\0\x02\0\0\x05\x04\0\0\0\x0b\x06\0\0\x60\0\0\
\0\0\0\0\0\0\0\0\0\x61\0\0\0\0\0\0\0\x14\x06\0\0\0\0\0\x08\x5d\0\0\0\0\0\0\0\
\x02\0\0\x04\x04\0\0\0\x18\x06\0\0\x62\0\0\0\0\0\0\0\x23\x06\0\0\x34\0\0\0\x10\
\0\0\0\x2c\x06\0\0\0\0\0\x08\x34\0\0\0\0\0\0\0\x02\0\0\x05\x04\0\0\0\x33\x06\0\
\0\x56\0\0\0\0\0\0\0\x3b\x06\0\0\x56\0\0\0\0\0\0\0\0\0\0\0\x02\0\0\x05\x04\0\0\
\0\x46\x06\0\0\x5d\0\0\0\0\0\0\0\x4b\x06\0\0\x5d\0\0\0\0\0\0\0\0\0\0\0\x02\0\0\
\x05\x02\0\0\0\x5d\x06\0\0\x62\0\0\0\0\0\0\0\x6c\x06\0\0\x35\0\0\0\0\0\0\0\x7a\
\x06\0\0\0\0\0\x08\x56\0\0\0\0\0\0\0\0\0\0\x02\x31\0\0\0\x89\x06\0\0\0\0\0\x08\
\x69\0\0\0\x94\x06\0\0\x01\0\0\x04\x04\0\0\0\xa4\x06\0\0\x6a\0\0\0\0\0\0\0\xa9\
\x06\0\0\0\0\0\x08\x6b\0\0\0\0\0\0\0\x01\0\0\x04\x04\0\0\0\xb2\x06\0\0\x02\0\0\
\0\0\0\0\0\0\0\0\0\0\0\0\x02\xfe\x02\0\0\xba\x06\0\0\x0c\0\0\x84\x30\0\0\0\xc5\
\x06\0\0\x5d\0\0\0\0\0\0\0\xc9\x06\0\0\x5d\0\0\0\x20\0\0\0\0\0\0\0\x6e\0\0\0\
\x40\0\0\0\xd1\x06\0\0\x35\0\0\0\x60\0\0\0\xdb\x06\0\0\x35\0\0\0\x68\0\0\0\xe2\
\x06\0\0\x35\0\0\0\x70\0\0\0\xed\x06\0\0\x35\0\0\0\x78\0\0\x01\xf9\x06\0\0\x35\
\0\0\0\x79\0\0\x01\xfd\x06\0\0\x35\0\0\0\x7a\0\0\x01\x0a\x07\0\0\x35\0\0\0\x7b\
\0\0\x05\x11\x07\0\0\x5d\0\0\0\x80\0\0\0\0\0\0\0\x70\0\0\0\xc0\0\0\0\0\0\0\0\
\x01\0\0\x05\x04\0\0\0\0\0\0\0\x6f\0\0\0\0\0\0\0\0\0\0\0\x02\0\0\x04\x04\0\0\0\
\x19\x07\0\0\x5a\0\0\0\0\0\0\0\x26\x07\0\0\x5a\0\0\0\x10\0\0\0\0\0\0\0\x02\0\0\
\x05\x18\0\0\0\x33\x07\0\0\x71\0\0\0\0\0\0\0\x36\x07\0\0\x72\0\0\0\0\0\0\0\0\0\
\0\0\x06\0\0\x84\x18\0\0\0\x3d\x07\0\0\x5d\0\0\0\0\0\0\x01\x4c\x07\0\0\x5d\0\0\
\0\x01\0\0\x14\x0a\x07\0\0\x5d\0\0\0\x15\0\0\x0b\x59\x07\0\0\x5d\0\0\0\x20\0\0\
\0\x63\x07\0\0\x4d\0\0\0\x40\0\0\0\x73\x07\0\0\x4d\0\0\0\x80\0\0\0\0\0\0\0\x02\
\0\0\x05\x18\0\0\0\x84\x07\0\0\x73\0\0\0\0\0\0\0\x87\x07\0\0\x77\0\0\0\0\0\0\0\
\x8a\x07\0\0\x04\0\0\x04\x18\0\0\0\x98\x07\0\0\x02\0\0\0\0\0\0\0\x9c\x07\0\0\
\x74\0\0\0\x20\0\0\0\xa0\x07\0\0\x5a\0\0\0\xa0\0\0\0\xa6\x07\0\0\x5a\0\0\0\xb0\
\0\0\0\xb4\x07\0\0\x10\0\0\x84\x10\0\0\0\xbf\x07\0\0\x75\0\0\0\0\0\0\0\xc5\x07\
\0\0\x75\0\0\0\x20\0\0\0\xcd\x07\0\0\x31\0\0\0\x40\0\0\0\xd4\x07\0\0\x31\0\0\0\
\x48\0\0\0\xd8\x07\0\0\x31\0\0\0\x50\0\0\0\xdb\x07\0\0\x31\0\0\0\x58\0\0\0\xde\
\x07\0\0\x31\0\0\0\x60\0\0\x01\xed\x07\0\0\x31\0\0\0\x61\0\0\x01\xf8\x07\0\0\
\x31\0\0\0\x62\0\0\x01\x03\x08\0\0\x31\0\0\0\x63\0\0\x01\x0f\x08\0\0\x31\0\0\0\
\x64\0\0\x01\x1b\x08\0\0\x31\0\0\0\x65\0\0\x01\x27\x08\0\0\x31\0\0\0\x68\0\0\0\
\x34\x08\0\0\x31\0\0\0\x70\0\0\0\x3a\x08\0\0\x31\0\0\0\x78\0\0\0\x41\x08\0\0\
\x76\0\0\0\x80\0\0\0\x48\x08\0\0\0\0\0\x08\x5d\0\0\0\0\0\0\0\0\0\0\x03\0\0\0\0\
\x31\0\0\0\x04\0\0\0\0\0\0\0\x4f\x08\0\0\x0b\0\0\x04\x18\0\0\0\x98\x07\0\0\x02\
\0\0\0\0\0\0\0\x5e\x08\0\0\x62\0\0\0\x20\0\0\0\x61\x08\0\0\x34\0\0\0\x30\0\0\0\
\x66\x08\0\0\x34\0\0\0\x40\0\0\0\x6c\x08\0\0\x34\0\0\0\x50\0\0\0\x71\x08\0\0\
\x34\0\0\0\x60\0\0\0\x79\x08\0\0\x34\0\0\0\x70\0\0\0\xa0\x07\0\0\x34\0\0\0\x80\
\0\0\0\x7f\x08\0\0\x34\0\0\0\x90\0\0\0\xa6\x07\0\0\x34\0\0\0\xa0\0\0\0\x86\x08\
\0\0\x34\0\0\0\xb0\0\0\0\x8d\x08\0\0\x6b\0\0\x84\x08\x03\0\0\x92\x08\0\0\x79\0\
\0\0\0\0\0\0\x9e\x08\0\0\x57\0\0\0\x40\x04\0\0\xc5\x08\0\0\x6a\0\0\0\x40\x04\0\
\0\xce\x08\0\0\x9a\0\0\0\x60\x04\0\0\xda\x08\0\0\x9b\0\0\0\x80\x04\0\0\xe9\x08\
\0\0\x9b\0\0\0\x40\x05\0\0\xfa\x08\0\0\xa9\0\0\0\0\x06\0\0\x05\x09\0\0\x57\0\0\
\0\xc0\x06\0\0\x2a\x09\0\0\x57\0\0\0\xc0\x06\0\0\x50\x09\0\0\xaa\0\0\0\xc0\x06\
\0\0\x5a\x09\0\0\x02\0\0\0\0\x07\0\0\x6c\x09\0\0\x60\0\0\0\x20\x07\0\0\x7d\x09\
\0\0\x56\0\0\0\x40\x07\0\0\x88\x09\0\0\x56\0\0\0\x60\x07\0\0\x93\x09\0\0\x5a\0\
\0\0\x80\x07\0\0\xa7\x09\0\0\xa7\0\0\0\x90\x07\0\0\xbb\x09\0\0\xa7\0\0\0\x98\
\x07\0\0\xc8\x09\0\0\x02\0\0\0\xa0\x07\0\0\xd2\x09\0\0\xab\0\0\0\xc0\x07\0\0\0\
\0\0\0\xac\0\0\0\0\x08\0\0\xdc\x09\0\0\xae\0\0\0\x40\x08\0\0\xea\x09\0\0\xb0\0\
\0\0\x80\x08\0\0\xf6\x09\0\0\x02\0\0\0\xc0\x08\0\0\x02\x0a\0\0\x57\0\0\0\xe0\
\x08\0\0\x26\x0a\0\0\x57\0\0\0\xe0\x08\0\0\x4e\x0a\0\0\x02\0\0\0\xe0\x08\0\0\
\x55\x0a\0\0\xb1\0\0\0\0\x09\0\0\x5f\x0a\0\0\xb2\0\0\0\x40\x09\0\0\x68\x0a\0\0\
\xd6\0\0\0\x80\x09\0\0\x72\x0a\0\0\x57\0\0\0\0\x0a\0\0\x98\x0a\0\0\x57\0\0\0\0\
\x0a\0\0\xc1\x0a\0\0\xd7\0\0\0\0\x0a\0\0\xc9\x0a\0\0\x60\0\0\0\0\x0b\0\0\xd9\
\x0a\0\0\x02\0\0\0\x20\x0b\0\0\xea\x0a\0\0\x60\0\0\0\x40\x0b\0\0\xf5\x0a\0\0\
\x57\0\0\0\x60\x0b\0\0\x1c\x0b\0\0\x57\0\0\0\x60\x0b\0\0\x43\x0b\0\0\x02\0\0\0\
\x60\x0b\0\0\x54\x0b\0\0\x6a\0\0\0\x80\x0b\0\0\x62\x0b\0\0\x02\0\0\0\xa0\x0b\0\
\0\x6c\x0b\0\0\x02\0\0\0\xc0\x0b\0\0\x7b\x0b\0\0\x68\0\0\0\xe0\x0b\0\0\x89\x0b\
\0\0\x40\0\0\0\0\x0c\0\0\0\0\0\0\xdb\0\0\0\x40\x0c\0\0\x96\x0b\0\0\x9b\0\0\0\
\x80\x0c\0\0\xa5\x0b\0\0\x60\0\0\0\x40\x0d\0\0\xbc\x0b\0\0\x60\0\0\0\x60\x0d\0\
\0\xcd\x0b\0\0\xdd\0\0\0\x80\x0d\0\0\xd5\x0b\0\0\xbc\0\0\0\0\x0e\0\0\xde\x0b\0\
\0\x40\0\0\0\x40\x0f\0\0\xed\x0b\0\0\x6a\0\0\0\x80\x0f\0\0\xf6\x0b\0\0\x6a\0\0\
\0\xa0\x0f\0\0\xff\x0b\0\0\x57\0\0\0\xc0\x0f\0\0\x24\x0c\0\0\x57\0\0\0\xc0\x0f\
\0\0\x4a\x0c\0\0\x40\0\0\0\xc0\x0f\0\0\x5d\x0c\0\0\xb0\0\0\0\0\x10\0\0\x69\x0c\
\0\0\x60\0\0\0\x40\x10\0\0\x75\x0c\0\0\x60\0\0\0\x60\x10\0\0\x7d\x0c\0\0\xaa\0\
\0\0\x80\x10\0\0\x8a\x0c\0\0\xdf\0\0\0\xc0\x10\0\0\x98\x0c\0\0\xe0\0\0\0\0\x11\
\0\0\xad\x0c\0\0\x5a\0\0\0\x40\x11\0\0\xb9\x0c\0\0\x5a\0\0\0\x50\x11\0\0\xc9\
\x0c\0\0\x56\0\0\0\x60\x11\0\0\xd9\x0c\0\0\xb6\x01\0\0\x80\x11\0\0\xe7\x0c\0\0\
\x60\0\0\0\xa0\x11\0\0\xf1\x0c\0\0\xa7\0\0\0\xc0\x11\0\0\x01\x0d\0\0\xc9\0\0\0\
\xc8\x11\0\0\x12\x0d\0\0\x57\0\0\0\xd0\x11\0\0\x36\x0d\0\0\xa7\0\0\0\xd0\x11\0\
\x01\x46\x0d\0\0\xa7\0\0\0\xd1\x11\0\x01\x53\x0d\0\0\xa7\0\0\0\xd2\x11\0\x01\
\x62\x0d\0\0\xa7\0\0\0\xd3\x11\0\x01\x71\x0d\0\0\xa7\0\0\0\xd8\x11\0\0\x7d\x0d\
\0\0\x5a\0\0\0\xe0\x11\0\0\x85\x0d\0\0\x5a\0\0\0\xf0\x11\0\0\x91\x0d\0\0\x40\0\
\0\0\0\x12\0\0\x9f\x0d\0\0\x87\0\0\0\x40\x12\0\0\xaf\x0d\0\0\xb5\0\0\0\x80\x12\
\0\0\xc0\x0d\0\0\x02\0\0\0\xc0\x12\0\0\xcc\x0d\0\0\x60\0\0\0\xe0\x12\0\0\xdb\
\x0d\0\0\x60\0\0\0\0\x13\0\0\xee\x0d\0\0\x0f\x02\0\0\x20\x13\0\0\xf5\x0d\0\0\
\x9f\0\0\0\x40\x13\0\0\x02\x0e\0\0\x02\0\0\0\x60\x13\0\0\x0e\x0e\0\0\x12\x02\0\
\0\x80\x13\0\0\x1a\x0e\0\0\xc6\x01\0\0\xc0\x13\0\0\x27\x0e\0\0\x49\0\0\0\0\x14\
\0\0\x30\x0e\0\0\x02\0\0\0\x40\x14\0\0\x3f\x0e\0\0\xa7\0\0\0\x60\x14\0\0\x4b\
\x0e\0\0\xa7\0\0\0\x68\x14\0\0\x56\x0e\0\0\xa7\0\0\0\x70\x14\0\x01\x6e\x0e\0\0\
\xa7\0\0\0\x71\x14\0\x01\x86\x0e\0\0\xa7\0\0\0\x72\x14\0\x06\x97\x0e\0\0\x05\
\x01\0\0\x80\x14\0\0\xa4\x0e\0\0\x05\x01\0\0\xc0\x14\0\0\xb0\x0e\0\0\x20\x02\0\
\0\0\x15\0\0\xbd\x0e\0\0\xae\0\0\0\x80\x15\0\0\xcd\x0e\0\0\xae\0\0\0\xc0\x15\0\
\0\xdc\x0e\0\0\xae\0\0\0\0\x16\0\0\xec\x0e\0\0\x22\x02\0\0\x40\x16\0\0\xfb\x0e\
\0\0\xae\0\0\0\x80\x16\0\0\x07\x0f\0\0\x24\x02\0\0\xc0\x16\0\0\x17\x0f\0\0\x25\
\x02\0\0\0\x17\0\0\x26\x0f\0\0\xcf\0\0\0\x40\x17\0\0\x2d\x0f\0\0\x26\x02\0\0\
\xc0\x17\0\0\x38\x0f\0\0\xb5\x01\0\0\xc0\x17\0\0\x46\x0f\0\0\x19\0\0\x84\x88\0\
\0\0\0\0\0\0\x7a\0\0\0\0\0\0\0\0\0\0\0\x7d\0\0\0\x40\0\0\0\0\0\0\0\x7f\0\0\0\
\x60\0\0\0\x52\x0f\0\0\x30\0\0\0\x80\0\0\0\x5d\x0f\0\0\x82\0\0\0\x90\0\0\0\x67\
\x0f\0\0\x31\0\0\0\x98\0\0\x04\x71\x0f\0\0\x31\0\0\0\x9c\0\0\x01\x7f\x0f\0\0\
\x31\0\0\0\x9d\0\0\x01\x8c\x0f\0\0\x31\0\0\0\x9e\0\0\x01\x9b\x0f\0\0\x02\0\0\0\
\xa0\0\0\0\0\0\0\0\x83\0\0\0\xc0\0\0\0\xac\x0f\0\0\x87\0\0\0\x40\x01\0\0\xb5\
\x0f\0\0\x88\0\0\0\x80\x01\0\0\xbd\x0f\0\0\x8b\0\0\0\xc0\x01\0\0\xca\x0f\0\0\
\x8b\0\0\0\x40\x02\0\0\xdb\x0f\0\0\x8f\0\0\0\xc0\x02\0\0\0\0\0\0\x91\0\0\0\0\
\x03\0\0\xe6\x0f\0\0\x93\0\0\0\x40\x03\0\0\0\0\0\0\x94\0\0\0\x40\x03\0\0\xf9\
\x0f\0\0\x30\0\0\0\xc0\x03\0\0\x0e\x10\0\0\x30\0\0\0\xd0\x03\0\0\0\0\0\0\x98\0\
\0\0\xe0\x03\0\0\x23\x10\0\0\x68\0\0\0\0\x04\0\0\x2e\x10\0\0\x93\0\0\0\x20\x04\
\0\0\0\0\0\0\x99\0\0\0\x20\x04\0\0\0\0\0\0\x02\0\0\x05\x08\0\0\0\x3f\x10\0\0\
\x7b\0\0\0\0\0\0\0\0\0\0\0\x7c\0\0\0\0\0\0\0\x4c\x10\0\0\0\0\0\x08\x4e\0\0\0\0\
\0\0\0\x02\0\0\x04\x08\0\0\0\x57\x10\0\0\x75\0\0\0\0\0\0\0\x61\x10\0\0\x75\0\0\
\0\x20\0\0\0\0\0\0\0\x02\0\0\x05\x04\0\0\0\x6f\x10\0\0\x56\0\0\0\0\0\0\0\x78\
\x10\0\0\x7e\0\0\0\0\0\0\0\0\0\0\0\0\0\0\x03\0\0\0\0\x34\0\0\0\x04\0\0\0\x02\0\
\0\0\0\0\0\0\x02\0\0\x05\x04\0\0\0\x86\x10\0\0\x80\0\0\0\0\0\0\0\0\0\0\0\x81\0\
\0\0\0\0\0\0\x93\x10\0\0\0\0\0\x08\x5d\0\0\0\0\0\0\0\x02\0\0\x04\x04\0\0\0\x9e\
\x10\0\0\x62\0\0\0\0\0\0\0\xa8\x10\0\0\x34\0\0\0\x10\0\0\0\0\0\0\0\0\0\0\x09\
\x31\0\0\0\0\0\0\0\x02\0\0\x05\x10\0\0\0\xb0\x10\0\0\x84\0\0\0\0\0\0\0\xbe\x10\
\0\0\x84\0\0\0\0\0\0\0\xd0\x10\0\0\x02\0\0\x04\x10\0\0\0\x77\x02\0\0\x85\0\0\0\
\0\0\0\0\xdb\x10\0\0\x86\0\0\0\x40\0\0\0\0\0\0\0\0\0\0\x02\x84\0\0\0\0\0\0\0\0\
\0\0\x02\x85\0\0\0\0\0\0\0\0\0\0\x02\xd6\x02\0\0\xe1\x10\0\0\0\0\0\x08\x89\0\0\
\0\0\0\0\0\x01\0\0\x04\x08\0\0\0\xf0\x10\0\0\x8a\0\0\0\0\0\0\0\0\0\0\0\0\0\0\
\x02\x8f\x02\0\0\xf4\x10\0\0\x01\0\0\x04\x10\0\0\0\xfd\x10\0\0\x8c\0\0\0\0\0\0\
\0\0\0\0\0\x03\0\0\x05\x10\0\0\0\x03\x11\0\0\x37\0\0\0\0\0\0\0\x0c\x11\0\0\x8d\
\0\0\0\0\0\0\0\x16\x11\0\0\x8e\0\0\0\0\0\0\0\0\0\0\0\0\0\0\x03\0\0\0\0\x62\0\0\
\0\x04\0\0\0\x08\0\0\0\0\0\0\0\0\0\0\x03\0\0\0\0\x75\0\0\0\x04\0\0\0\x04\0\0\0\
\x20\x11\0\0\0\0\0\x08\x90\0\0\0\0\0\0\0\x01\0\0\x04\x08\0\0\0\xb2\x06\0\0\x4a\
\0\0\0\0\0\0\0\0\0\0\0\x03\0\0\x05\x08\0\0\0\x2b\x11\0\0\x40\0\0\0\0\0\0\0\x35\
\x11\0\0\x47\0\0\0\0\0\0\0\x42\x11\0\0\x92\0\0\0\0\0\0\0\0\0\0\0\0\0\0\x02\xdb\
\x02\0\0\0\0\0\0\0\0\0\x03\0\0\0\0\x02\0\0\0\x04\0\0\0\0\0\0\0\0\0\0\0\x02\0\0\
\x05\x10\0\0\0\x4c\x11\0\0\x84\0\0\0\0\0\0\0\x55\x11\0\0\x95\0\0\0\0\0\0\0\x64\
\x11\0\0\x02\0\0\x04\x10\0\0\0\x77\x02\0\0\x96\0\0\0\0\0\0\0\xdb\x10\0\0\x97\0\
\0\0\x40\0\0\0\0\0\0\0\0\0\0\x02\x95\0\0\0\0\0\0\0\0\0\0\x02\x96\0\0\0\0\0\0\0\
\x03\0\0\x05\x04\0\0\0\x75\x11\0\0\x02\0\0\0\0\0\0\0\x86\x11\0\0\x60\0\0\0\0\0\
\0\0\x92\x11\0\0\x60\0\0\0\0\0\0\0\0\0\0\0\x03\0\0\x05\x04\0\0\0\xa1\x11\0\0\
\x60\0\0\0\0\0\0\0\xac\x11\0\0\x60\0\0\0\0\0\0\0\xbd\x11\0\0\x60\0\0\0\0\0\0\0\
\xcc\x11\0\0\0\0\0\x08\x02\0\0\0\xd2\x11\0\0\x03\0\0\x04\x18\0\0\0\0\0\0\0\x9c\
\0\0\0\0\0\0\0\xdf\x11\0\0\x5d\0\0\0\x80\0\0\0\xe4\x11\0\0\x9f\0\0\0\xa0\0\0\0\
\0\0\0\0\x02\0\0\x05\x10\0\0\0\0\0\0\0\x9d\0\0\0\0\0\0\0\x6a\x02\0\0\x9e\0\0\0\
\0\0\0\0\0\0\0\0\x02\0\0\x04\x10\0\0\0\x77\x02\0\0\x3d\0\0\0\0\0\0\0\x7c\x02\0\
\0\x3d\0\0\0\x40\0\0\0\xe9\x11\0\0\x02\0\0\x04\x10\0\0\0\x77\x02\0\0\x3d\0\0\0\
\0\0\0\0\x7c\x02\0\0\x3d\0\0\0\x40\0\0\0\xf6\x11\0\0\0\0\0\x08\xa0\0\0\0\x01\
\x12\0\0\x01\0\0\x04\x04\0\0\0\0\0\0\0\xa1\0\0\0\0\0\0\0\0\0\0\0\x01\0\0\x05\
\x04\0\0\0\x0a\x12\0\0\xa2\0\0\0\0\0\0\0\x10\x12\0\0\x01\0\0\x04\x04\0\0\0\x1d\
\x12\0\0\xa3\0\0\0\0\0\0\0\x26\x12\0\0\0\0\0\x08\xa4\0\0\0\x36\x12\0\0\x01\0\0\
\x04\x04\0\0\0\0\0\0\0\xa5\0\0\0\0\0\0\0\0\0\0\0\x03\0\0\x05\x04\0\0\0\x40\x12\
\0\0\x6a\0\0\0\0\0\0\0\0\0\0\0\xa6\0\0\0\0\0\0\0\0\0\0\0\xa8\0\0\0\0\0\0\0\0\0\
\0\0\x02\0\0\x04\x02\0\0\0\x44\x12\0\0\xa7\0\0\0\0\0\0\0\x4b\x12\0\0\xa7\0\0\0\
\x08\0\0\0\x53\x12\0\0\0\0\0\x08\x35\0\0\0\0\0\0\0\x02\0\0\x04\x04\0\0\0\x56\
\x12\0\0\x5a\0\0\0\0\0\0\0\x36\x02\0\0\x5a\0\0\0\x10\0\0\0\0\0\0\0\x04\0\0\x04\
\x18\0\0\0\x65\x12\0\0\x6a\0\0\0\0\0\0\0\xae\x01\0\0\x02\0\0\0\x20\0\0\0\x3f\
\x02\0\0\x3d\0\0\0\x40\0\0\0\x36\x02\0\0\x3d\0\0\0\x80\0\0\0\0\0\0\0\0\0\0\x02\
\xdc\x02\0\0\0\0\0\0\0\0\0\x02\xde\x02\0\0\0\0\0\0\x02\0\0\x05\x08\0\0\0\x70\
\x12\0\0\xad\0\0\0\0\0\0\0\x76\x12\0\0\xad\0\0\0\0\0\0\0\0\0\0\0\0\0\0\x02\xd8\
\x02\0\0\0\0\0\0\0\0\0\x02\xaf\0\0\0\0\0\0\0\x01\0\0\x0d\0\0\0\0\0\0\0\0\x47\0\
\0\0\x80\x12\0\0\0\0\0\x01\x08\0\0\0\x40\0\0\x01\0\0\0\0\0\0\0\x02\xd7\x02\0\0\
\0\0\0\0\0\0\0\x02\xb4\x02\0\0\0\0\0\0\0\0\0\x02\xb4\0\0\0\x85\x12\0\0\x1b\0\0\
\x04\x30\x03\0\0\x91\x12\0\0\x88\0\0\0\0\0\0\0\x98\x12\0\0\x84\0\0\0\x40\0\0\0\
\x9e\x12\0\0\x84\0\0\0\xc0\0\0\0\xe4\x11\0\0\xb5\0\0\0\x40\x01\0\0\xa4\x12\0\0\
\x68\0\0\0\x80\x01\0\0\xab\x12\0\0\x60\0\0\0\xa0\x01\0\0\xaf\x12\0\0\xbc\0\0\0\
\xc0\x01\0\0\xb5\x12\0\0\x6a\0\0\0\0\x03\0\0\x4f\x05\0\0\x60\0\0\0\x20\x03\0\0\
\xbb\x12\0\0\x60\0\0\0\x40\x03\0\0\xc1\x12\0\0\x60\0\0\0\x60\x03\0\0\x46\x06\0\
\0\xc0\0\0\0\x80\x03\0\0\xc7\x12\0\0\xc1\0\0\0\xc0\x03\0\0\xd0\x12\0\0\xc5\0\0\
\0\x80\x05\0\0\xd4\x12\0\0\xc6\0\0\0\x80\x07\0\0\xdb\x12\0\0\xc7\0\0\0\x80\x08\
\0\0\xe0\x12\0\0\xc8\0\0\0\x40\x09\0\0\xe5\x12\0\0\xc9\0\0\0\x80\x0b\0\0\x19\0\
\0\0\xa7\0\0\0\x88\x0b\0\0\xf4\x12\0\0\xa7\0\0\0\x90\x0b\0\0\xa0\x07\0\0\xa7\0\
\0\0\x98\x0b\0\0\xfb\x12\0\0\xa7\0\0\0\xa0\x0b\0\0\x38\x01\0\0\x5a\0\0\0\xb0\
\x0b\0\0\x03\x13\0\0\xcb\0\0\0\xc0\x0b\0\0\x0c\x13\0\0\xce\0\0\0\0\x0c\0\0\x15\
\x13\0\0\xcf\0\0\0\0\x18\0\0\x19\x13\0\0\xd3\0\0\0\x80\x18\0\0\x1d\x13\0\0\0\0\
\0\x08\xb6\0\0\0\0\0\0\0\x01\0\0\x04\x08\0\0\0\x1d\x12\0\0\xb7\0\0\0\0\0\0\0\
\x26\x13\0\0\0\0\0\x08\xb8\0\0\0\x34\x13\0\0\x02\0\0\x04\x08\0\0\0\0\0\0\0\xb9\
\0\0\0\0\0\0\0\x3c\x13\0\0\xa3\0\0\0\x20\0\0\0\0\0\0\0\x02\0\0\x05\x04\0\0\0\
\x46\x13\0\0\x6a\0\0\0\0\0\0\0\0\0\0\0\xba\0\0\0\0\0\0\0\0\0\0\0\x02\0\0\x04\
\x04\0\0\0\x4b\x13\0\0\xa7\0\0\0\0\0\0\0\x53\x13\0\0\xbb\0\0\0\x08\0\0\0\0\0\0\
\0\0\0\0\x03\0\0\0\0\xa7\0\0\0\x04\0\0\0\x03\0\0\0\x5c\x13\0\0\x04\0\0\x04\x28\
\0\0\0\x67\x13\0\0\x84\0\0\0\0\0\0\0\x6d\x13\0\0\x40\0\0\0\x80\0\0\0\x75\x13\0\
\0\xbd\0\0\0\xc0\0\0\0\xa0\x07\0\0\x60\0\0\0\0\x01\0\0\0\0\0\0\0\0\0\x02\xbe\0\
\0\0\0\0\0\0\x01\0\0\x0d\0\0\0\0\0\0\0\0\xbf\0\0\0\0\0\0\0\0\0\0\x02\xbc\0\0\0\
\x7e\x13\0\0\x02\0\0\x04\x08\0\0\0\x88\x13\0\0\x5d\0\0\0\0\0\0\0\x8a\x13\0\0\
\x5d\0\0\0\x20\0\0\0\x8c\x13\0\0\x0c\0\0\x04\x38\0\0\0\x45\x01\0\0\xc2\0\0\0\0\
\0\0\0\x3f\x01\0\0\xc2\0\0\0\x80\0\0\0\x32\x01\0\0\x62\0\0\0\0\x01\0\0\x9a\x13\
\0\0\x62\0\0\0\x10\x01\0\0\x2c\x01\0\0\x62\0\0\0\x20\x01\0\0\xa5\x13\0\0\x62\0\
\0\0\x30\x01\0\0\x38\x01\0\0\x34\0\0\0\x40\x01\0\0\xb0\x13\0\0\x35\0\0\0\x50\
\x01\0\0\xbc\x13\0\0\x35\0\0\0\x58\x01\0\0\xc8\x13\0\0\x35\0\0\0\x60\x01\0\0\
\xce\x13\0\0\x02\0\0\0\x80\x01\0\0\xd6\x13\0\0\xc4\0\0\0\xa0\x01\0\0\xdb\x13\0\
\0\0\0\0\x08\xc3\0\0\0\0\0\0\0\x03\0\0\x05\x10\0\0\0\xea\x13\0\0\x75\0\0\0\0\0\
\0\0\xed\x13\0\0\x8e\0\0\0\0\0\0\0\xf0\x13\0\0\x8b\0\0\0\0\0\0\0\xf4\x13\0\0\0\
\0\0\x08\x56\0\0\0\x05\x14\0\0\x08\0\0\x04\x40\0\0\0\x17\x14\0\0\x4e\0\0\0\0\0\
\0\0\x27\x14\0\0\x4e\0\0\0\x40\0\0\0\x37\x14\0\0\x4e\0\0\0\x80\0\0\0\x49\x14\0\
\0\x4e\0\0\0\xc0\0\0\0\x5b\x14\0\0\x4e\0\0\0\0\x01\0\0\x74\x14\0\0\x4e\0\0\0\
\x40\x01\0\0\x8d\x14\0\0\x4e\0\0\0\x80\x01\0\0\xa6\x14\0\0\x4e\0\0\0\xc0\x01\0\
\0\xbf\x14\0\0\x04\0\0\x04\x20\0\0\0\xd1\x14\0\0\x4e\0\0\0\0\0\0\0\xd7\x14\0\0\
\x4e\0\0\0\x40\0\0\0\xdf\x14\0\0\x4e\0\0\0\x80\0\0\0\xe8\x14\0\0\x4e\0\0\0\xc0\
\0\0\0\xf1\x14\0\0\x02\0\0\x04\x18\0\0\0\x08\x15\0\0\x43\0\0\0\0\0\0\0\x0c\x15\
\0\0\xa7\0\0\0\x80\0\0\0\x11\x15\0\0\x03\0\0\x04\x48\0\0\0\x23\x15\0\0\x9b\0\0\
\0\0\0\0\0\x2e\x15\0\0\xbc\0\0\0\xc0\0\0\0\x39\x15\0\0\x40\0\0\0\0\x02\0\0\x41\
\x15\0\0\0\0\0\x08\xca\0\0\0\x46\x15\0\0\0\0\0\x01\x01\0\0\0\x08\0\0\x04\0\0\0\
\0\0\0\0\x02\xdd\x02\0\0\x4c\x15\0\0\x0b\0\0\x04\x40\0\0\0\x56\x15\0\0\xcd\0\0\
\0\0\0\0\0\x3f\x01\0\0\xc2\0\0\0\xc0\0\0\0\x59\x15\0\0\x30\0\0\0\x40\x01\0\0\
\x66\x15\0\0\x60\0\0\0\x60\x01\0\0\x6c\x15\0\0\xa7\0\0\0\x80\x01\0\0\x71\x15\0\
\0\xa7\0\0\0\x88\x01\0\0\x77\x15\0\0\xa7\0\0\0\x90\x01\0\0\x80\x15\0\0\xa7\0\0\
\0\x98\x01\0\0\x88\x15\0\0\x60\0\0\0\xa0\x01\0\0\x8f\x15\0\0\x60\0\0\0\xc0\x01\
\0\0\x96\x15\0\0\x60\0\0\0\xe0\x01\0\0\x9d\x15\0\0\x03\0\0\x04\x18\0\0\0\x45\
\x01\0\0\xc2\0\0\0\0\0\0\0\xa5\x15\0\0\x75\0\0\0\x80\0\0\0\xc8\x13\0\0\x35\0\0\
\0\xa0\0\0\0\0\0\0\0\0\0\0\x03\0\0\0\0\xcc\0\0\0\x04\0\0\0\x06\0\0\0\xa9\x15\0\
\0\x02\0\0\x04\x10\0\0\0\x77\x02\0\0\xd0\0\0\0\0\0\0\0\xb7\x15\0\0\xd1\0\0\0\
\x40\0\0\0\0\0\0\0\0\0\0\x02\xcf\0\0\0\0\0\0\0\0\0\0\x02\xd2\0\0\0\0\0\0\0\x01\
\0\0\x0d\0\0\0\0\0\0\0\0\xd0\0\0\0\xbc\x15\0\0\x07\0\0\x84\x20\0\0\0\x81\x02\0\
\0\x3f\0\0\0\0\0\0\0\xcd\x15\0\0\xd4\0\0\0\x40\0\0\0\xd9\x15\0\0\x3f\0\0\0\x40\
\0\0\0\xe2\x15\0\0\x40\0\0\0\x80\0\0\0\xf1\x15\0\0\xa7\0\0\0\xc0\0\0\x02\x19\0\
\0\0\xa7\0\0\0\xc2\0\0\x02\xa0\x07\0\0\xa7\0\0\0\xc4\0\0\x02\xf5\x15\0\0\0\0\0\
\x08\xd5\0\0\0\0\0\0\0\0\0\0\x04\0\0\0\0\0\0\0\0\0\0\0\x03\0\0\0\0\xb3\0\0\0\
\x04\0\0\0\x02\0\0\0\x07\x16\0\0\0\0\0\x08\xd8\0\0\0\0\0\0\0\x03\0\0\x04\x20\0\
\0\0\x15\x16\0\0\x9f\0\0\0\0\0\0\0\x1b\x16\0\0\x02\0\0\0\x20\0\0\0\x21\x16\0\0\
\xd9\0\0\0\x40\0\0\0\x24\x16\0\0\0\0\0\x08\xda\0\0\0\x36\x16\0\0\x02\0\0\x04\
\x18\0\0\0\xe4\x11\0\0\x9f\0\0\0\0\0\0\0\x3f\x02\0\0\x43\0\0\0\x40\0\0\0\0\0\0\
\0\x02\0\0\x05\x08\0\0\0\x46\x16\0\0\x3d\0\0\0\0\0\0\0\x53\x16\0\0\xdc\0\0\0\0\
\0\0\0\x61\x16\0\0\x01\0\0\x04\x08\0\0\0\x9f\x02\0\0\x42\0\0\0\0\0\0\0\x69\x16\
\0\0\x03\0\0\x04\x10\0\0\0\x73\x16\0\0\xde\0\0\0\0\0\0\0\x78\x16\0\0\x5d\0\0\0\
\x40\0\0\0\x7f\x16\0\0\x5d\0\0\0\x60\0\0\0\0\0\0\0\0\0\0\x02\x8e\x02\0\0\x84\
\x16\0\0\0\0\0\x08\x4d\0\0\0\0\0\0\0\0\0\0\x02\xe1\0\0\0\0\0\0\0\x03\0\0\x0d\
\x3d\0\0\0\0\0\0\0\x47\0\0\0\0\0\0\0\x3f\0\0\0\0\0\0\0\x3d\0\0\0\x96\x16\0\0\
\xb7\0\0\x84\0\x0a\0\0\xa1\x16\0\0\x57\0\0\0\0\0\0\0\0\0\0\0\xe3\0\0\0\0\0\0\0\
\xcd\x16\0\0\xe5\0\0\0\x40\0\0\0\xd8\x16\0\0\xe7\0\0\0\x80\0\0\0\xe3\x16\0\0\
\xe9\0\0\0\xc0\0\0\0\xe7\x16\0\0\xdf\0\0\0\0\x01\0\0\xfc\x16\0\0\x56\0\0\0\x40\
\x01\0\0\x0f\x17\0\0\x56\0\0\0\x60\x01\0\0\x1c\x17\0\0\x56\0\0\0\x80\x01\0\0\
\x2e\x17\0\0\x5a\0\0\0\xa0\x01\0\0\x3b\x17\0\0\xea\0\0\0\xb0\x01\0\0\x42\x17\0\
\0\x56\0\0\0\xc0\x01\0\0\x46\x17\0\0\x30\0\0\0\xe0\x01\0\0\x56\x17\0\0\xee\0\0\
\0\xf0\x01\0\0\x60\x17\0\0\xf5\0\0\0\0\x04\0\0\x69\x17\0\0\xf6\0\0\0\x80\x04\0\
\0\x79\x17\0\0\xf7\0\0\0\xc0\x04\0\0\x84\x17\0\0\x57\0\0\0\0\x05\0\0\xae\x17\0\
\0\x57\0\0\0\0\x05\0\0\0\0\0\0\xf8\0\0\0\0\x05\0\0\x26\x01\0\0\x40\0\0\0\x40\
\x05\0\0\xa0\x07\0\0\x56\0\0\0\x80\x05\0\0\xdc\x17\0\0\x30\0\0\0\xa0\x05\0\0\
\xec\x17\0\0\xdf\0\0\0\xc0\x05\0\0\xf5\x17\0\0\xfc\0\0\0\0\x06\0\0\xfd\x17\0\0\
\x57\0\0\0\x40\x06\0\0\x29\x18\0\0\x57\0\0\0\x40\x06\0\0\x55\x18\0\0\xfd\0\0\0\
\x40\x06\0\0\x5e\x18\0\0\x43\0\0\0\x80\x06\0\0\xce\x13\0\0\x02\0\0\0\0\x07\0\0\
\x6d\x18\0\0\x56\0\0\0\x20\x07\0\0\x80\x18\0\0\xfe\0\0\0\x40\x07\0\0\x84\x18\0\
\0\x40\0\0\0\x80\x07\0\0\x96\x18\0\0\x60\0\0\0\xc0\x07\0\0\xab\x18\0\0\x56\0\0\
\0\xe0\x07\0\0\xb8\x18\0\0\x56\0\0\0\0\x08\0\0\xca\x18\0\0\xff\0\0\0\x40\x08\0\
\0\xd5\x18\0\0\x05\x01\0\0\x80\x08\0\0\xe5\x18\0\0\x88\0\0\0\xc0\x08\0\0\xec\
\x18\0\0\x06\x01\0\0\0\x09\0\0\xf3\x18\0\0\xf7\0\0\0\x40\x09\0\0\xff\x18\0\0\
\x57\0\0\0\x80\x09\0\0\x29\x19\0\0\x07\x01\0\0\x80\x09\0\0\x2e\x19\0\0\x08\x01\
\0\0\0\x0a\0\0\x38\x19\0\0\x09\x01\0\0\x40\x0a\0\0\x40\x19\0\0\x40\0\0\0\x80\
\x0a\0\0\x48\x19\0\0\x40\0\0\0\xc0\x0a\0\0\x52\x19\0\0\x40\0\0\0\0\x0b\0\0\x5c\
\x19\0\0\x43\0\0\0\x40\x0b\0\0\x65\x19\0\0\x43\0\0\0\xc0\x0b\0\0\x6f\x19\0\0\
\x43\0\0\0\x40\x0c\0\0\x7a\x19\0\0\x43\0\0\0\xc0\x0c\0\0\x85\x19\0\0\x43\0\0\0\
\x40\x0d\0\0\x8f\x19\0\0\x0a\x01\0\0\xc0\x0d\0\0\x98\x19\0\0\x0b\x01\0\0\xc0\
\x0e\0\0\xa5\x19\0\0\x0c\x01\0\0\0\x0f\0\0\xb6\x19\0\0\x0e\x01\0\0\x40\x0f\0\0\
\xca\x19\0\0\x30\0\0\0\x80\x0f\0\0\xd1\x19\0\0\x30\0\0\0\x90\x0f\0\0\xe1\x19\0\
\0\xdf\0\0\0\xc0\x0f\0\0\xed\x19\0\0\xdf\0\0\0\0\x10\0\0\xfd\x19\0\0\xdf\0\0\0\
\x40\x10\0\0\x0b\x1a\0\0\xdf\0\0\0\x80\x10\0\0\x1b\x1a\0\0\xdf\0\0\0\xc0\x10\0\
\0\x29\x1a\0\0\x56\0\0\0\0\x11\0\0\x31\x1a\0\0\x56\0\0\0\x20\x11\0\0\x19\0\0\0\
\x30\0\0\0\x40\x11\0\0\x39\x1a\0\0\x31\0\0\0\x50\x11\0\0\x48\x1a\0\0\x31\0\0\0\
\x58\x11\0\0\x59\x1a\0\0\x02\0\0\0\x60\x11\0\0\x5f\x1a\0\0\x10\x01\0\0\x80\x11\
\0\0\x65\x1a\0\0\x29\x01\0\0\x40\x17\0\0\x70\x1a\0\0\x6a\0\0\0\x80\x17\0\0\x81\
\x1a\0\0\x6a\0\0\0\xa0\x17\0\0\x94\x1a\0\0\x2a\x01\0\0\xc0\x17\0\0\xa6\x1a\0\0\
\x2c\x01\0\0\0\x18\0\0\xb4\x1a\0\0\x2d\x01\0\0\x40\x18\0\0\xc0\x1a\0\0\x2f\x01\
\0\0\x80\x18\0\0\xcb\x1a\0\0\x31\x01\0\0\xc0\x18\0\0\xd5\x1a\0\0\x33\x01\0\0\0\
\x19\0\0\xe1\x1a\0\0\x35\x01\0\0\x40\x19\0\0\xec\x1a\0\0\x56\0\0\0\x80\x19\0\0\
\xf6\x1a\0\0\x31\0\0\0\xa0\x19\0\0\0\x1b\0\0\x31\0\0\0\xa8\x19\0\0\x08\x1b\0\0\
\x31\0\0\0\xb0\x19\0\0\x0c\x1b\0\0\x37\x01\0\0\xb8\x19\0\0\x16\x1b\0\0\x31\0\0\
\0\xb8\x1a\0\0\x27\x1b\0\0\x31\0\0\0\xc0\x1a\0\0\x30\x1b\0\0\x31\0\0\0\xc8\x1a\
\0\0\x3c\x1b\0\0\x31\0\0\0\xd0\x1a\0\0\x48\x1b\0\0\x30\0\0\0\xe0\x1a\0\0\x57\
\x1b\0\0\x30\0\0\0\xf0\x1a\0\0\x5e\x1b\0\0\x30\0\0\0\0\x1b\0\0\x67\x1b\0\0\x02\
\0\0\0\x20\x1b\0\0\x6b\x1b\0\0\x60\0\0\0\x40\x1b\0\0\x74\x1b\0\0\x9f\0\0\0\x60\
\x1b\0\0\x83\x1b\0\0\x38\x01\0\0\x80\x1b\0\0\x86\x1b\0\0\x38\x01\0\0\x80\x1c\0\
\0\x89\x1b\0\0\x38\x01\0\0\x80\x1d\0\0\x93\x1b\0\0\x39\x01\0\0\x80\x1e\0\0\x9f\
\x1b\0\0\x56\0\0\0\xc0\x1e\0\0\xab\x1b\0\0\x56\0\0\0\xe0\x1e\0\0\xb4\x1b\0\0\
\xc9\0\0\0\0\x1f\0\0\xbf\x1b\0\0\x3a\x01\0\0\x40\x1f\0\0\xc6\x1b\0\0\x3b\x01\0\
\0\x80\x1f\0\0\xd0\x1b\0\0\x3c\x01\0\0\xc0\x1f\0\0\xd8\x1b\0\0\x3d\x01\0\0\0\
\x20\0\0\xe1\x1b\0\0\x05\x01\0\0\x40\x20\0\0\xeb\x1b\0\0\x05\x01\0\0\x80\x20\0\
\0\xf4\x1b\0\0\x3f\x01\0\0\xc0\x20\0\0\x02\x1c\0\0\x40\x01\0\0\0\x21\0\0\x11\
\x1c\0\0\x41\x01\0\0\x40\x21\0\0\x1a\x1c\0\0\x43\x01\0\0\x80\x21\0\0\x23\x1c\0\
\0\x44\x01\0\0\xc0\x21\0\0\x2c\x1c\0\0\x56\0\0\0\0\x22\0\0\x3a\x1c\0\0\x56\0\0\
\0\x20\x22\0\0\x4a\x1c\0\0\xe9\0\0\0\x40\x22\0\0\x58\x1c\0\0\xf6\0\0\0\x80\x22\
\0\0\x69\x1c\0\0\x37\x01\0\0\xc0\x22\0\0\x73\x1c\0\0\x46\x01\0\0\xc0\x23\0\0\
\x7f\x1c\0\0\x84\0\0\0\0\x24\0\0\x8b\x1c\0\0\x56\0\0\0\x80\x24\0\0\x99\x1c\0\0\
\x47\x01\0\0\xc0\x24\0\0\x9f\x1c\0\0\x56\0\0\0\0\x25\0\0\xac\x1c\0\0\x9f\0\0\0\
\x20\x25\0\0\xbb\x1c\0\0\x48\x01\0\0\x40\x25\0\0\xc5\x1c\0\0\x4a\x01\0\0\x80\
\x25\0\0\xd0\x1c\0\0\xbc\0\0\0\x80\x29\0\0\xdf\x1c\0\0\x02\0\0\0\xc0\x2a\0\0\
\xee\x1c\0\0\x60\0\0\0\xe0\x2a\0\0\0\x1d\0\0\x43\0\0\0\0\x2b\0\0\x0a\x1d\0\0\
\x4b\x01\0\0\x80\x2b\0\0\x16\x1d\0\0\x4c\x01\0\0\xc0\x2b\0\0\x25\x1d\0\0\x43\0\
\0\0\xc0\x2b\0\0\x35\x1d\0\0\xa7\0\0\0\x40\x2c\0\0\x3f\x1d\0\0\xc9\0\0\0\x48\
\x2c\0\0\x49\x1d\0\0\x4d\x01\0\0\x50\x2c\0\x10\x59\x1d\0\0\xc9\0\0\0\x60\x2c\0\
\0\x6b\x1d\0\0\x4e\x01\0\0\x80\x2c\0\0\x7b\x1d\0\0\x05\x01\0\0\xc0\x2c\0\0\x83\
\x1d\0\0\x50\x01\0\0\0\x2d\0\0\x90\x1d\0\0\x51\x01\0\0\x20\x2d\0\x08\x9f\x1d\0\
\0\x52\x01\0\0\x40\x2d\0\0\xa9\x1d\0\0\x54\x01\0\0\x80\x2d\0\0\xb2\x1d\0\0\x56\
\x01\0\0\xc0\x2d\0\0\x81\x02\0\0\x57\x01\0\0\0\x2e\0\0\xbd\x1d\0\0\xf0\x01\0\0\
\0\x46\0\0\xca\x1d\0\0\x9b\x01\0\0\0\x47\0\0\xdf\x1d\0\0\xf1\x01\0\0\x40\x47\0\
\0\xed\x1d\0\0\xf3\x01\0\0\x80\x47\0\0\xf6\x1d\0\0\xf5\x01\0\0\xc0\x47\0\0\x05\
\x1e\0\0\x56\0\0\0\0\x48\0\0\x12\x1e\0\0\x5a\0\0\0\x20\x48\0\0\x1f\x1e\0\0\xf7\
\x01\0\0\x40\x48\0\0\x29\x1e\0\0\xf9\x01\0\0\x80\x48\0\0\x35\x1e\0\0\x56\0\0\0\
\0\x49\0\0\x42\x1e\0\0\xfa\x01\0\0\x40\x49\0\0\x4a\x1e\0\0\xfb\x01\0\0\x80\x49\
\0\0\x54\x1e\0\0\xfc\x01\0\0\xc0\x49\0\0\x5b\x1e\0\0\xfd\x01\0\0\0\x4a\0\0\x63\
\x1e\0\0\xfe\x01\0\0\x40\x4a\0\0\x75\x1e\0\0\xc9\0\0\0\x80\x4a\0\0\x80\x1e\0\0\
\xc9\0\0\0\x88\x4a\0\0\x89\x1e\0\0\x40\0\0\0\x90\x4a\0\x01\xa3\x1e\0\0\x40\0\0\
\0\x91\x4a\0\x01\xb5\x1e\0\0\x40\0\0\0\x92\x4a\0\x01\xc1\x1e\0\0\x40\0\0\0\x93\
\x4a\0\x01\xca\x1e\0\0\x43\0\0\0\xc0\x4a\0\0\xdc\x1e\0\0\xff\x01\0\0\x40\x4b\0\
\0\xe7\x1e\0\0\x01\x02\0\0\x80\x4b\0\0\xfb\x1e\0\0\x03\x02\0\0\xc0\x4b\0\0\x0a\
\x1f\0\0\x05\x02\0\0\0\x4c\0\0\x12\x1f\0\0\x08\x02\0\0\x40\x4c\0\0\x1c\x1f\0\0\
\x09\x02\0\0\xc0\x4d\0\0\x2c\x1f\0\0\xd4\0\0\0\xc0\x4e\0\0\x42\x1f\0\0\xd4\0\0\
\0\xc0\x4e\0\0\x57\x1f\0\0\xd4\0\0\0\xc0\x4e\0\0\x6e\x1f\0\0\x0a\x02\0\0\xc0\
\x4e\0\0\x80\x1f\0\0\x0b\x02\0\0\0\x4f\0\0\x8d\x1f\0\0\x0c\x02\0\0\x40\x4f\0\0\
\x96\x1f\0\0\x49\x01\0\0\x80\x4f\0\0\xa1\x1f\0\0\x0d\x02\0\0\xc0\x4f\0\0\xab\
\x1f\0\0\x0e\x02\0\0\0\x50\0\0\0\0\0\0\x02\0\0\x05\x08\0\0\0\0\0\0\0\xe4\0\0\0\
\0\0\0\0\xb0\x1f\0\0\xe4\0\0\0\0\0\0\0\0\0\0\0\x02\0\0\x84\x08\0\0\0\xc0\x1f\0\
\0\x40\0\0\0\0\0\0\x20\xcb\x1f\0\0\x40\0\0\0\x20\0\0\x01\0\0\0\0\0\0\0\x02\xe6\
\0\0\0\0\0\0\0\0\0\0\x0a\x8c\x02\0\0\0\0\0\0\0\0\0\x02\xe8\0\0\0\0\0\0\0\0\0\0\
\x0a\xeb\x02\0\0\0\0\0\0\0\0\0\x02\xb8\x02\0\0\xd0\x1f\0\0\0\0\0\x08\xeb\0\0\0\
\xd4\x1f\0\0\0\0\0\x08\xec\0\0\0\xda\x1f\0\0\0\0\0\x01\x02\0\0\0\x10\0\0\x01\
\xe0\x1f\0\0\x02\0\0\x04\x04\0\0\0\xee\x1f\0\0\x5a\0\0\0\0\0\0\0\x78\x16\0\0\
\x5a\0\0\0\x10\0\0\0\0\0\0\0\0\0\0\x03\0\0\0\0\xed\0\0\0\x04\0\0\0\x10\0\0\0\0\
\0\0\0\0\0\0\x02\xf0\0\0\0\xf4\x1f\0\0\x04\0\0\x04\x18\0\0\0\x15\x13\0\0\xcf\0\
\0\0\0\0\0\0\x01\x20\0\0\x56\0\0\0\x80\0\0\0\x3b\x17\0\0\xea\0\0\0\xa0\0\0\0\
\x08\x20\0\0\xf4\0\0\0\xc0\0\0\0\0\0\0\0\0\0\0\x02\xf2\0\0\0\x11\x20\0\0\x04\0\
\0\x04\x18\0\0\0\xae\x01\0\0\x56\0\0\0\0\0\0\0\x19\x20\0\0\x56\0\0\0\x20\0\0\0\
\x15\x13\0\0\xcf\0\0\0\x40\0\0\0\x23\x20\0\0\xf3\0\0\0\xc0\0\0\0\0\0\0\0\0\0\0\
\x03\0\0\0\0\x5a\0\0\0\x04\0\0\0\0\0\0\0\0\0\0\0\0\0\0\x03\0\0\0\0\xf1\0\0\0\
\x04\0\0\0\0\0\0\0\0\0\0\0\0\0\0\x03\0\0\0\0\xef\0\0\0\x04\0\0\0\x02\0\0\0\0\0\
\0\0\0\0\0\x02\xe9\x02\0\0\0\0\0\0\0\0\0\x02\xbc\x02\0\0\0\0\0\0\x03\0\0\x05\
\x08\0\0\0\x2a\x20\0\0\xf9\0\0\0\0\0\0\0\x31\x20\0\0\xfa\0\0\0\0\0\0\0\x38\x20\
\0\0\xfb\0\0\0\0\0\0\0\0\0\0\0\0\0\0\x02\xbd\x02\0\0\0\0\0\0\0\0\0\x02\xbe\x02\
\0\0\0\0\0\0\0\0\0\x02\xbf\x02\0\0\0\0\0\0\0\0\0\x02\xe8\x02\0\0\0\0\0\0\0\0\0\
\x02\xb7\x02\0\0\0\0\0\0\0\0\0\x02\xc0\x02\0\0\0\0\0\0\0\0\0\x02\0\x01\0\0\x3f\
\x20\0\0\0\0\0\x08\x01\x01\0\0\0\0\0\0\x01\0\0\x0d\x02\x01\0\0\0\0\0\0\x04\x01\
\0\0\x51\x20\0\0\0\0\0\x08\x03\x01\0\0\x65\x20\0\0\x04\0\0\x06\x04\0\0\0\x77\
\x20\0\0\0\0\0\0\x8b\x20\0\0\x01\0\0\0\x9e\x20\0\0\x02\0\0\0\xaf\x20\0\0\x03\0\
\0\0\0\0\0\0\0\0\0\x02\x3d\0\0\0\0\0\0\0\0\0\0\x02\0\0\0\0\0\0\0\0\0\0\0\x02\
\xea\x02\0\0\0\0\0\0\0\0\0\x03\0\0\0\0\x50\0\0\0\x04\0\0\0\x10\0\0\0\0\0\0\0\0\
\0\0\x02\xc1\x02\0\0\0\0\0\0\0\0\0\x02\xc2\x02\0\0\0\0\0\0\x02\0\0\x04\x20\0\0\
\0\xbf\x20\0\0\x43\0\0\0\0\0\0\0\xc5\x20\0\0\x43\0\0\0\x80\0\0\0\xcb\x20\0\0\0\
\0\0\x08\x60\0\0\0\0\0\0\0\0\0\0\x02\x0d\x01\0\0\0\0\0\0\0\0\0\x0a\xc3\x02\0\0\
\0\0\0\0\0\0\0\x02\x0f\x01\0\0\0\0\0\0\0\0\0\x0a\xc4\x02\0\0\xda\x20\0\0\x17\0\
\0\x04\xb8\0\0\0\0\0\0\0\x11\x01\0\0\0\0\0\0\0\0\0\0\x13\x01\0\0\x40\0\0\0\0\0\
\0\0\x14\x01\0\0\x80\0\0\0\0\0\0\0\x15\x01\0\0\xc0\0\0\0\0\0\0\0\x16\x01\0\0\0\
\x01\0\0\0\0\0\0\x17\x01\0\0\x40\x01\0\0\0\0\0\0\x18\x01\0\0\x80\x01\0\0\0\0\0\
\0\x19\x01\0\0\xc0\x01\0\0\0\0\0\0\x1a\x01\0\0\0\x02\0\0\0\0\0\0\x1b\x01\0\0\
\x40\x02\0\0\0\0\0\0\x1c\x01\0\0\x80\x02\0\0\0\0\0\0\x1d\x01\0\0\xc0\x02\0\0\0\
\0\0\0\x1e\x01\0\0\0\x03\0\0\0\0\0\0\x1f\x01\0\0\x40\x03\0\0\0\0\0\0\x20\x01\0\
\0\x80\x03\0\0\0\0\0\0\x21\x01\0\0\xc0\x03\0\0\0\0\0\0\x22\x01\0\0\0\x04\0\0\0\
\0\0\0\x23\x01\0\0\x40\x04\0\0\0\0\0\0\x24\x01\0\0\x80\x04\0\0\0\0\0\0\x25\x01\
\0\0\xc0\x04\0\0\0\0\0\0\x26\x01\0\0\0\x05\0\0\0\0\0\0\x27\x01\0\0\x40\x05\0\0\
\0\0\0\0\x28\x01\0\0\x80\x05\0\0\0\0\0\0\x02\0\0\x05\x08\0\0\0\xeb\x20\0\0\x40\
\0\0\0\0\0\0\0\xf6\x20\0\0\x12\x01\0\0\0\0\0\0\x03\x21\0\0\0\0\0\x08\x8f\0\0\0\
\0\0\0\0\x02\0\0\x05\x08\0\0\0\x11\x21\0\0\x40\0\0\0\0\0\0\0\x1c\x21\0\0\x12\
\x01\0\0\0\0\0\0\0\0\0\0\x02\0\0\x05\x08\0\0\0\x29\x21\0\0\x40\0\0\0\0\0\0\0\
\x32\x21\0\0\x12\x01\0\0\0\0\0\0\0\0\0\0\x02\0\0\x05\x08\0\0\0\x3d\x21\0\0\x40\
\0\0\0\0\0\0\0\x46\x21\0\0\x12\x01\0\0\0\0\0\0\0\0\0\0\x02\0\0\x05\x08\0\0\0\
\x51\x21\0\0\x40\0\0\0\0\0\0\0\x5b\x21\0\0\x12\x01\0\0\0\0\0\0\0\0\0\0\x02\0\0\
\x05\x08\0\0\0\x67\x21\0\0\x40\0\0\0\0\0\0\0\x71\x21\0\0\x12\x01\0\0\0\0\0\0\0\
\0\0\0\x02\0\0\x05\x08\0\0\0\x7d\x21\0\0\x40\0\0\0\0\0\0\0\x88\x21\0\0\x12\x01\
\0\0\0\0\0\0\0\0\0\0\x02\0\0\x05\x08\0\0\0\x95\x21\0\0\x40\0\0\0\0\0\0\0\xa0\
\x21\0\0\x12\x01\0\0\0\0\0\0\0\0\0\0\x02\0\0\x05\x08\0\0\0\xad\x21\0\0\x40\0\0\
\0\0\0\0\0\xb7\x21\0\0\x12\x01\0\0\0\0\0\0\0\0\0\0\x02\0\0\x05\x08\0\0\0\xc3\
\x21\0\0\x40\0\0\0\0\0\0\0\xce\x21\0\0\x12\x01\0\0\0\0\0\0\0\0\0\0\x02\0\0\x05\
\x08\0\0\0\xdb\x21\0\0\x40\0\0\0\0\0\0\0\xec\x21\0\0\x12\x01\0\0\0\0\0\0\0\0\0\
\0\x02\0\0\x05\x08\0\0\0\xff\x21\0\0\x40\0\0\0\0\0\0\0\x0e\x22\0\0\x12\x01\0\0\
\0\0\0\0\0\0\0\0\x02\0\0\x05\x08\0\0\0\x1f\x22\0\0\x40\0\0\0\0\0\0\0\x2d\x22\0\
\0\x12\x01\0\0\0\0\0\0\0\0\0\0\x02\0\0\x05\x08\0\0\0\x3d\x22\0\0\x40\0\0\0\0\0\
\0\0\x4d\x22\0\0\x12\x01\0\0\0\0\0\0\0\0\0\0\x02\0\0\x05\x08\0\0\0\x5f\x22\0\0\
\x40\0\0\0\0\0\0\0\x6e\x22\0\0\x12\x01\0\0\0\0\0\0\0\0\0\0\x02\0\0\x05\x08\0\0\
\0\x7f\x22\0\0\x40\0\0\0\0\0\0\0\x90\x22\0\0\x12\x01\0\0\0\0\0\0\0\0\0\0\x02\0\
\0\x05\x08\0\0\0\xa3\x22\0\0\x40\0\0\0\0\0\0\0\xb5\x22\0\0\x12\x01\0\0\0\0\0\0\
\0\0\0\0\x02\0\0\x05\x08\0\0\0\xc9\x22\0\0\x40\0\0\0\0\0\0\0\xdb\x22\0\0\x12\
\x01\0\0\0\0\0\0\0\0\0\0\x02\0\0\x05\x08\0\0\0\xef\x22\0\0\x40\0\0\0\0\0\0\0\
\xfe\x22\0\0\x12\x01\0\0\0\0\0\0\0\0\0\0\x02\0\0\x05\x08\0\0\0\x0f\x23\0\0\x40\
\0\0\0\0\0\0\0\x23\x23\0\0\x12\x01\0\0\0\0\0\0\0\0\0\0\x02\0\0\x05\x08\0\0\0\
\x39\x23\0\0\x40\0\0\0\0\0\0\0\x4a\x23\0\0\x12\x01\0\0\0\0\0\0\0\0\0\0\x02\0\0\
\x05\x08\0\0\0\x5d\x23\0\0\x40\0\0\0\0\0\0\0\x6b\x23\0\0\x12\x01\0\0\0\0\0\0\0\
\0\0\0\x02\0\0\x05\x08\0\0\0\x7b\x23\0\0\x40\0\0\0\0\0\0\0\x89\x23\0\0\x12\x01\
\0\0\0\0\0\0\0\0\0\0\0\0\0\x02\xc5\x02\0\0\0\0\0\0\0\0\0\x02\x2b\x01\0\0\0\0\0\
\0\0\0\0\x0a\xc6\x02\0\0\0\0\0\0\0\0\0\x02\xc7\x02\0\0\0\0\0\0\0\0\0\x02\x2e\
\x01\0\0\0\0\0\0\0\0\0\x0a\xc8\x02\0\0\0\0\0\0\0\0\0\x02\x30\x01\0\0\0\0\0\0\0\
\0\0\x0a\xc9\x02\0\0\0\0\0\0\0\0\0\x02\x32\x01\0\0\0\0\0\0\0\0\0\x0a\xca\x02\0\
\0\0\0\0\0\0\0\0\x02\x34\x01\0\0\0\0\0\0\0\0\0\x0a\xb3\x02\0\0\0\0\0\0\0\0\0\
\x02\x36\x01\0\0\0\0\0\0\0\0\0\x0a\xcb\x02\0\0\0\0\0\0\0\0\0\x03\0\0\0\0\x31\0\
\0\0\x04\0\0\0\x20\0\0\0\x99\x23\0\0\x03\0\0\x04\x20\0\0\0\x6a\x02\0\0\x43\0\0\
\0\0\0\0\0\xee\x1f\0\0\x02\0\0\0\x80\0\0\0\xad\x23\0\0\xdc\0\0\0\xc0\0\0\0\0\0\
\0\0\0\0\0\x02\x98\x02\0\0\0\0\0\0\0\0\0\x02\xcc\x02\0\0\0\0\0\0\0\0\0\x02\xcd\
\x02\0\0\0\0\0\0\0\0\0\x02\xce\x02\0\0\0\0\0\0\0\0\0\x02\x3e\x01\0\0\xb2\x23\0\
\0\0\0\0\x07\0\0\0\0\0\0\0\0\0\0\0\x02\xee\x02\0\0\0\0\0\0\0\0\0\x02\xef\x02\0\
\0\0\0\0\0\0\0\0\x02\x42\x01\0\0\xbe\x23\0\0\0\0\0\x07\0\0\0\0\0\0\0\0\0\0\0\
\x02\xf0\x02\0\0\0\0\0\0\0\0\0\x02\x45\x01\0\0\0\0\0\0\0\0\0\x0a\x31\0\0\0\0\0\
\0\0\0\0\0\x02\xf1\x02\0\0\0\0\0\0\0\0\0\x02\xb9\x02\0\0\0\0\0\0\0\0\0\x02\xf2\
\x02\0\0\xc7\x23\0\0\x01\0\0\x04\x08\0\0\0\xd2\x23\0\0\x85\0\0\0\0\0\0\0\0\0\0\
\0\0\0\0\x03\0\0\0\0\x49\x01\0\0\x04\0\0\0\x10\0\0\0\0\0\0\0\0\0\0\x02\x02\0\0\
\0\xd8\x23\0\0\0\0\0\x04\0\0\0\0\0\0\0\0\x02\0\0\x06\x04\0\0\0\xe8\x23\0\0\0\0\
\0\0\xfe\x23\0\0\x01\0\0\0\0\0\0\0\0\0\0\x02\x4f\x01\0\0\0\0\0\0\x01\0\0\x0d\0\
\0\0\0\0\0\0\0\x3f\0\0\0\x15\x24\0\0\x02\0\0\x06\x04\0\0\0\x29\x24\0\0\0\0\0\0\
\x36\x24\0\0\x01\0\0\0\x42\x24\0\0\x04\0\0\x06\x04\0\0\0\x53\x24\0\0\0\0\0\0\
\x69\x24\0\0\x01\0\0\0\x81\x24\0\0\x02\0\0\0\x99\x24\0\0\x03\0\0\0\0\0\0\0\0\0\
\0\x02\x53\x01\0\0\x9f\x1d\0\0\0\0\0\x07\0\0\0\0\0\0\0\0\0\0\0\x02\x55\x01\0\0\
\xa9\x1d\0\0\0\0\0\x07\0\0\0\0\0\0\0\0\0\0\0\x02\xf3\x02\0\0\xb1\x24\0\0\x31\0\
\0\x84\0\x03\0\0\xb8\x24\0\0\x58\x01\0\0\0\0\0\0\xbd\x24\0\0\x60\x01\0\0\0\x02\
\0\0\xc4\x24\0\0\x61\x01\0\0\x40\x02\0\0\xc6\x24\0\0\x59\x01\0\0\x80\x02\0\0\
\x19\0\0\0\x62\x01\0\0\xc0\x02\0\0\xd0\x24\0\0\x64\x01\0\0\0\x03\0\0\xd4\x24\0\
\0\x66\x01\0\0\x40\x03\0\0\xdb\x24\0\0\x05\x01\0\0\x80\x03\0\0\xe9\x24\0\0\x05\
\x01\0\0\xc0\x03\0\0\xf5\x24\0\0\x67\x01\0\0\0\x04\0\0\xfb\x24\0\0\x6a\x01\0\0\
\0\x05\0\0\x01\x25\0\0\x6c\x01\0\0\xc0\x06\0\0\x07\x25\0\0\x86\x01\0\0\x80\x10\
\0\0\x11\x25\0\0\x87\x01\0\0\xc0\x10\0\0\x17\x25\0\0\x88\x01\0\0\0\x11\0\0\x1c\
\x25\0\0\x89\x01\0\0\x40\x11\0\0\x20\x25\0\0\x8c\x01\0\0\xc0\x11\0\0\x28\x25\0\
\0\x8e\x01\0\0\0\x12\0\0\x31\x25\0\0\x4d\0\0\0\x40\x12\0\0\x43\x25\0\0\x4d\0\0\
\0\x80\x12\0\0\x51\x25\0\0\x8f\x01\0\0\xc0\x12\0\0\x5f\x25\0\0\x91\x01\0\0\0\
\x13\0\0\x69\x25\0\0\x43\0\0\0\x40\x13\0\0\x73\x25\0\0\x92\x01\0\0\xc0\x13\0\0\
\x82\x25\0\0\x43\0\0\0\0\x14\0\0\x93\x25\0\0\x9f\0\0\0\x80\x14\0\0\xa3\x25\0\0\
\xc9\0\0\0\xa0\x14\0\0\xb3\x25\0\0\x93\x01\0\0\xa8\x14\0\0\xbc\x25\0\0\x94\x01\
\0\0\xc0\x14\0\0\xc4\x25\0\0\x95\x01\0\0\0\x15\0\0\xcb\x25\0\0\x02\0\0\0\x40\
\x15\0\0\xd5\x25\0\0\x96\x01\0\0\x60\x15\0\0\x56\x15\0\0\x60\0\0\0\x80\x15\0\0\
\xda\x25\0\0\x9f\0\0\0\xa0\x15\0\0\xe6\x25\0\0\x43\0\0\0\xc0\x15\0\0\xf2\x25\0\
\0\x98\x01\0\0\x40\x16\0\0\xf8\x25\0\0\x9a\x01\0\0\x80\x16\0\0\xff\x25\0\0\x9d\
\x01\0\0\xc0\x16\0\0\x07\x26\0\0\x9f\x01\0\0\0\x17\0\0\x13\x26\0\0\xa0\x01\0\0\
\x40\x17\0\0\x19\x26\0\0\xa1\x01\0\0\x80\x17\0\0\x2b\x26\0\0\xa2\x01\0\0\xc0\
\x17\0\0\x35\x26\0\0\xc9\0\0\0\xe0\x17\0\x01\x46\x26\0\0\xc9\0\0\0\xe1\x17\0\
\x01\x4e\x26\0\0\xc9\0\0\0\xe2\x17\0\x01\x5d\x26\0\0\xc9\0\0\0\xe3\x17\0\x01\
\x6a\x26\0\0\xc9\0\0\0\xe4\x17\0\x01\x74\x26\0\0\xc9\0\0\0\xe5\x17\0\x01\x82\
\x26\0\0\xc9\0\0\0\xe6\x17\0\x01\x8c\x26\0\0\x0c\0\0\x84\x40\0\0\0\x29\x19\0\0\
\x59\x01\0\0\0\0\0\0\x67\x13\0\0\x43\0\0\0\x40\0\0\0\xbd\x24\0\0\x5b\x01\0\0\
\xc0\0\0\0\x94\x26\0\0\x39\x01\0\0\0\x01\0\0\x99\x26\0\0\x5c\x01\0\0\x40\x01\0\
\0\x9f\x26\0\0\x5e\x01\0\0\x80\x01\0\0\xa2\x26\0\0\x5f\x01\0\0\xc0\x01\0\0\xa7\
\x26\0\0\x56\0\0\0\xe0\x01\0\x01\xb9\x26\0\0\x56\0\0\0\xe1\x01\0\x01\xc8\x26\0\
\0\x56\0\0\0\xe2\x01\0\x01\xde\x26\0\0\x56\0\0\0\xe3\x01\0\x01\xf7\x26\0\0\x56\
\0\0\0\xe4\x01\0\x01\0\0\0\0\0\0\0\x02\x5a\x01\0\0\0\0\0\0\0\0\0\x0a\x50\0\0\0\
\0\0\0\0\0\0\0\x02\x58\x01\0\0\0\0\0\0\0\0\0\x02\x5d\x01\0\0\0\0\0\0\0\0\0\x0a\
\x99\x02\0\0\0\0\0\0\0\0\0\x02\xb6\x02\0\0\xa2\x26\0\0\x01\0\0\x04\x04\0\0\0\
\x07\x27\0\0\x68\0\0\0\0\0\0\0\0\0\0\0\0\0\0\x02\x57\x01\0\0\0\0\0\0\0\0\0\x02\
\x90\x02\0\0\0\0\0\0\0\0\0\x02\x63\x01\0\0\0\0\0\0\0\0\0\x0a\x9c\x02\0\0\0\0\0\
\0\0\0\0\x02\x65\x01\0\0\0\0\0\0\0\0\0\x0a\x92\x02\0\0\0\0\0\0\0\0\0\x02\x91\
\x02\0\0\xf5\x24\0\0\x04\0\0\x04\x20\0\0\0\x10\x27\0\0\x12\x01\0\0\0\0\0\0\x3c\
\x13\0\0\x68\x01\0\0\x40\0\0\0\x16\x27\0\0\x69\x01\0\0\x60\0\0\0\x1a\x27\0\0\
\x43\0\0\0\x80\0\0\0\x24\x27\0\0\0\0\0\x08\xa2\0\0\0\x33\x27\0\0\x01\0\0\x04\
\x04\0\0\0\x36\x02\0\0\x6a\0\0\0\0\0\0\0\x49\x27\0\0\x04\0\0\x04\x38\0\0\0\x58\
\x27\0\0\x43\0\0\0\0\0\0\0\x62\x27\0\0\x43\0\0\0\x80\0\0\0\x6c\x27\0\0\x43\0\0\
\0\0\x01\0\0\x77\x27\0\0\x6b\x01\0\0\x80\x01\0\0\x7e\x27\0\0\x04\0\0\x06\x04\0\
\0\0\x8b\x27\0\0\0\0\0\0\x9c\x27\0\0\x01\0\0\0\xab\x27\0\0\x02\0\0\0\xbf\x27\0\
\0\x03\0\0\0\xd0\x27\0\0\x36\0\0\x84\x38\x01\0\0\xdc\x27\0\0\x6d\x01\0\0\0\0\0\
\0\xe8\x27\0\0\xc9\0\0\0\x20\0\0\x01\xf3\x27\0\0\xc9\0\0\0\x21\0\0\x01\x01\x28\
\0\0\xc9\0\0\0\x22\0\0\x01\x0d\x28\0\0\xc9\0\0\0\x23\0\0\x01\x19\x28\0\0\xc9\0\
\0\0\x24\0\0\x01\x26\x28\0\0\xc9\0\0\0\x25\0\0\x01\x39\x28\0\0\xc9\0\0\0\x26\0\
\0\x01\x4b\x28\0\0\xc9\0\0\0\x27\0\0\x01\x51\x28\0\0\xc9\0\0\0\x28\0\0\x01\x5c\
\x28\0\0\xc9\0\0\0\x29\0\0\x01\x6c\x28\0\0\x60\0\0\0\x40\0\0\0\xe4\x11\0\0\x9f\
\0\0\0\x60\0\0\0\x67\x13\0\0\x43\0\0\0\x80\0\0\0\x79\x28\0\0\x6f\x01\0\0\0\x01\
\0\0\x84\x28\0\0\x71\x01\0\0\0\x02\0\0\x8b\x28\0\0\xc9\0\0\0\x40\x02\0\x01\x97\
\x28\0\0\xc9\0\0\0\x41\x02\0\x01\x9f\x28\0\0\xc9\0\0\0\x42\x02\0\x01\xaf\x28\0\
\0\xc9\0\0\0\x43\x02\0\x01\xc1\x28\0\0\xc9\0\0\0\x44\x02\0\x01\xcd\x28\0\0\xc9\
\0\0\0\x45\x02\0\x01\xdd\x28\0\0\x72\x01\0\0\x80\x02\0\0\xeb\x28\0\0\x4d\0\0\0\
\x80\x04\0\0\xf9\x28\0\0\x79\x01\0\0\xc0\x04\0\0\xfe\x28\0\0\xd9\0\0\0\xc0\x05\
\0\0\x09\x29\0\0\x7e\x01\0\0\x80\x06\0\0\x11\x29\0\0\x6a\0\0\0\xc0\x06\0\0\x1d\
\x29\0\0\x6a\0\0\0\xe0\x06\0\0\x29\x29\0\0\x56\0\0\0\0\x07\0\x03\x37\x29\0\0\
\xc9\0\0\0\x03\x07\0\x01\x49\x29\0\0\xc9\0\0\0\x04\x07\0\x01\x59\x29\0\0\xc9\0\
\0\0\x05\x07\0\x01\x69\x29\0\0\xc9\0\0\0\x06\x07\0\x01\x7c\x29\0\0\xc9\0\0\0\
\x07\x07\0\x01\x89\x29\0\0\xc9\0\0\0\x08\x07\0\x01\x99\x29\0\0\xc9\0\0\0\x09\
\x07\0\x01\xa6\x29\0\0\xc9\0\0\0\x0a\x07\0\x01\xaf\x29\0\0\xc9\0\0\0\x0b\x07\0\
\x01\xbf\x29\0\0\xc9\0\0\0\x0c\x07\0\x01\xd2\x29\0\0\xc9\0\0\0\x0d\x07\0\x01\
\xe0\x29\0\0\x56\0\0\0\x20\x07\0\0\xec\x29\0\0\x7f\x01\0\0\x40\x07\0\0\xf4\x29\
\0\0\x80\x01\0\0\x60\x07\0\0\x03\x2a\0\0\x80\x01\0\0\x80\x07\0\0\x0f\x2a\0\0\
\x02\0\0\0\xa0\x07\0\0\x1d\x2a\0\0\x02\0\0\0\xc0\x07\0\0\x2f\x2a\0\0\x4d\0\0\0\
\0\x08\0\0\x39\x2a\0\0\x4d\0\0\0\x40\x08\0\0\x45\x2a\0\0\x4d\0\0\0\x80\x08\0\0\
\x54\x2a\0\0\x4d\0\0\0\xc0\x08\0\0\x69\x2a\0\0\x81\x01\0\0\0\x09\0\0\x75\x2a\0\
\0\x82\x01\0\0\x40\x09\0\0\x8b\x2a\0\0\x85\x01\0\0\x80\x09\0\0\x8f\x2a\0\0\0\0\
\0\x08\x6e\x01\0\0\x9c\x2a\0\0\x01\0\0\x04\x04\0\0\0\xa7\x2a\0\0\x02\0\0\0\0\0\
\0\0\x79\x28\0\0\x02\0\0\x04\x20\0\0\0\xad\x2a\0\0\x56\0\0\0\0\0\0\0\xb2\x2a\0\
\0\x70\x01\0\0\x40\0\0\0\xb7\x2a\0\0\x02\0\0\x04\x18\0\0\0\xe4\x11\0\0\x68\x01\
\0\0\0\0\0\0\xc8\x2a\0\0\x43\0\0\0\x40\0\0\0\0\0\0\0\0\0\0\x02\x9d\x02\0\0\xd2\
\x2a\0\0\x08\0\0\x04\x40\0\0\0\xda\x2a\0\0\x73\x01\0\0\0\0\0\0\xdf\x2a\0\0\x49\
\0\0\0\0\x01\0\0\x75\x13\0\0\x74\x01\0\0\x40\x01\0\0\xec\x2a\0\0\x78\x01\0\0\
\x80\x01\0\0\x26\x01\0\0\xa7\0\0\0\xc0\x01\0\0\xf1\x2a\0\0\xa7\0\0\0\xc8\x01\0\
\0\xf8\x2a\0\0\xa7\0\0\0\xd0\x01\0\0\0\x2b\0\0\xa7\0\0\0\xd8\x01\0\0\x08\x2b\0\
\0\x02\0\0\x04\x20\0\0\0\xda\x2a\0\0\x41\0\0\0\0\0\0\0\x6d\x13\0\0\x49\0\0\0\
\xc0\0\0\0\0\0\0\0\0\0\0\x02\x75\x01\0\0\0\0\0\0\x01\0\0\x0d\x76\x01\0\0\0\0\0\
\0\x77\x01\0\0\x18\x2b\0\0\x02\0\0\x06\x04\0\0\0\x28\x2b\0\0\0\0\0\0\x3a\x2b\0\
\0\x01\0\0\0\0\0\0\0\0\0\0\x02\x72\x01\0\0\0\0\0\0\0\0\0\x02\x95\x02\0\0\x4a\
\x2b\0\0\x03\0\0\x04\x20\0\0\0\x44\x02\0\0\x12\x01\0\0\0\0\0\0\x67\x13\0\0\x43\
\0\0\0\x40\0\0\0\xb7\x15\0\0\x7a\x01\0\0\xc0\0\0\0\x56\x2b\0\0\0\0\0\x08\x7b\
\x01\0\0\0\0\0\0\0\0\0\x02\x7c\x01\0\0\0\0\0\0\x01\0\0\x0d\0\0\0\0\0\0\0\0\x7d\
\x01\0\0\0\0\0\0\0\0\0\x02\x79\x01\0\0\0\0\0\0\0\0\0\x02\x9e\x02\0\0\x62\x2b\0\
\0\x05\0\0\x06\x04\0\0\0\x6e\x2b\0\0\0\0\0\0\x7b\x2b\0\0\x01\0\0\0\x88\x2b\0\0\
\x02\0\0\0\x98\x2b\0\0\x03\0\0\0\xac\x2b\0\0\x04\0\0\0\xbb\x2b\0\0\x05\0\0\x86\
\x04\0\0\0\xc6\x2b\0\0\xff\xff\xff\xff\xd2\x2b\0\0\0\0\0\0\xdd\x2b\0\0\x01\0\0\
\0\xea\x2b\0\0\x02\0\0\0\xf8\x2b\0\0\x03\0\0\0\0\0\0\0\0\0\0\x02\xa3\x02\0\0\0\
\0\0\0\0\0\0\x02\x83\x01\0\0\0\0\0\0\x02\0\0\x0d\0\0\0\0\0\0\0\0\x60\x01\0\0\0\
\0\0\0\x84\x01\0\0\x07\x2c\0\0\0\0\0\x08\x9a\0\0\0\0\0\0\0\0\0\0\x02\xa4\x02\0\
\0\0\0\0\0\0\0\0\x02\x9a\x02\0\0\0\0\0\0\0\0\0\x02\x96\x02\0\0\0\0\0\0\0\0\0\
\x02\xa7\x02\0\0\x0b\x2c\0\0\x02\0\0\x04\x10\0\0\0\x18\x2c\0\0\x8a\x01\0\0\0\0\
\0\0\x44\x02\0\0\x8b\x01\0\0\x40\0\0\0\0\0\0\0\0\0\0\x02\xa8\x02\0\0\0\0\0\0\0\
\0\0\x02\xd0\x02\0\0\0\0\0\0\0\0\0\x02\x8d\x01\0\0\0\0\0\0\0\0\0\x0a\xd1\x02\0\
\0\0\0\0\0\0\0\0\x02\x4d\0\0\0\0\0\0\0\0\0\0\x02\x90\x01\0\0\0\0\0\0\0\0\0\x0a\
\xd2\x02\0\0\0\0\0\0\0\0\0\x02\xd3\x02\0\0\0\0\0\0\0\0\0\x02\xd4\x02\0\0\x1f\
\x2c\0\0\0\0\0\x04\0\0\0\0\0\0\0\0\0\0\0\x02\xa9\x02\0\0\0\0\0\0\0\0\0\x02\xaa\
\x02\0\0\x2c\x2c\0\0\0\0\0\x08\x97\x01\0\0\x32\x2c\0\0\0\0\0\x08\x60\0\0\0\0\0\
\0\0\0\0\0\x02\x99\x01\0\0\0\0\0\0\0\0\0\x0a\xd5\x02\0\0\0\0\0\0\0\0\0\x02\x9b\
\x01\0\0\0\0\0\0\0\0\0\x02\x9c\x01\0\0\0\0\0\0\0\0\0\x0a\xa3\x01\0\0\0\0\0\0\0\
\0\0\x02\x9e\x01\0\0\0\0\0\0\x01\0\0\x0d\0\0\0\0\0\0\0\0\x60\x01\0\0\0\0\0\0\0\
\0\0\x02\xe0\x02\0\0\0\0\0\0\0\0\0\x02\xe1\x02\0\0\0\0\0\0\0\0\0\x02\xe2\x02\0\
\0\x41\x2c\0\0\x04\0\0\x06\x04\0\0\0\x52\x2c\0\0\0\0\0\0\x71\x2c\0\0\x01\0\0\0\
\x8a\x2c\0\0\x02\0\0\0\x97\x2c\0\0\x03\0\0\0\xa8\x2c\0\0\x05\0\0\x04\x28\0\0\0\
\x29\x19\0\0\x59\x01\0\0\0\0\0\0\xb8\x2c\0\0\xa4\x01\0\0\x40\0\0\0\xc3\x2c\0\0\
\xa9\x01\0\0\x80\0\0\0\xd2\x2c\0\0\xee\x01\0\0\xc0\0\0\0\xd8\x2c\0\0\xef\x01\0\
\0\0\x01\0\0\0\0\0\0\0\0\0\x02\xa5\x01\0\0\0\0\0\0\x03\0\0\x0d\xa6\x01\0\0\0\0\
\0\0\x5b\x01\0\0\0\0\0\0\xa7\x01\0\0\0\0\0\0\x02\0\0\0\xe2\x2c\0\0\0\0\0\x08\
\x30\0\0\0\0\0\0\0\0\0\0\x02\xa8\x01\0\0\xea\x2c\0\0\x02\0\0\x04\x10\0\0\0\x29\
\x19\0\0\x59\x01\0\0\0\0\0\0\x6c\x15\0\0\xa6\x01\0\0\x40\0\0\0\0\0\0\0\0\0\0\
\x02\xaa\x01\0\0\0\0\0\0\x03\0\0\x0d\xa6\x01\0\0\0\0\0\0\x5b\x01\0\0\0\0\0\0\
\xab\x01\0\0\0\0\0\0\x02\0\0\0\0\0\0\0\0\0\0\x02\xac\x01\0\0\xf4\x2c\0\0\x08\0\
\0\x04\x48\0\0\0\x02\x2d\0\0\xa8\x01\0\0\0\0\0\0\x7f\x16\0\0\xad\x01\0\0\x80\0\
\0\0\x07\x2d\0\0\x05\x01\0\0\xc0\0\0\0\x0f\x2d\0\0\xb0\x01\0\0\0\x01\0\0\x19\
\x2d\0\0\xbc\x01\0\0\x40\x01\0\0\x1e\x2d\0\0\xbc\x01\0\0\x80\x01\0\0\x24\x2d\0\
\0\xd5\x01\0\0\xc0\x01\0\0\x2b\x2d\0\0\xd7\x01\0\0\0\x02\0\0\x30\x2d\0\0\0\0\0\
\x08\xae\x01\0\0\x37\x2d\0\0\0\0\0\x08\xaf\x01\0\0\x47\x2d\0\0\0\0\0\x08\x40\0\
\0\0\0\0\0\0\0\0\0\x02\xb1\x01\0\0\0\0\0\0\0\0\0\x0d\xb2\x01\0\0\0\0\0\0\0\0\0\
\x02\xb3\x01\0\0\x58\x2d\0\0\x0f\0\0\x04\xc0\0\0\0\x66\x2d\0\0\xb4\x01\0\0\0\0\
\0\0\x6b\x2d\0\0\xb5\x01\0\0\x40\0\0\0\x73\x2d\0\0\xb7\x01\0\0\xc0\0\0\0\x83\
\x2d\0\0\xb6\x01\0\0\0\x02\0\0\x8c\x2d\0\0\x6a\0\0\0\x20\x02\0\0\x9c\x2d\0\0\
\xb8\x01\0\0\x40\x02\0\0\xa3\x2d\0\0\x40\0\0\0\xc0\x02\0\0\xab\x2d\0\0\x40\0\0\
\0\0\x03\0\0\xbb\x2d\0\0\xb9\x01\0\0\x40\x03\0\0\xa0\x07\0\0\x40\0\0\0\x80\x03\
\0\0\xc1\x2d\0\0\xbb\x01\0\0\xc0\x03\0\0\xc8\x2d\0\0\x9f\0\0\0\xe0\x03\0\0\xd7\
\x2d\0\0\x43\0\0\0\0\x04\0\0\xe6\x2d\0\0\xb7\x01\0\0\x80\x04\0\0\xf3\x2d\0\0\
\x05\x01\0\0\xc0\x05\0\0\0\0\0\0\0\0\0\x02\x94\x02\0\0\x02\x2e\0\0\x03\0\0\x04\
\x10\0\0\0\x09\x2e\0\0\x9f\0\0\0\0\0\0\0\x11\x2e\0\0\xb6\x01\0\0\x20\0\0\0\x1a\
\x2e\0\0\x05\x01\0\0\x40\0\0\0\x22\x2e\0\0\0\0\0\x08\x56\0\0\0\x28\x2e\0\0\x05\
\0\0\x04\x28\0\0\0\xee\x1f\0\0\x12\x01\0\0\0\0\0\0\x10\x27\0\0\x12\x01\0\0\x40\
\0\0\0\x16\x27\0\0\x69\x01\0\0\x80\0\0\0\x3c\x13\0\0\x68\x01\0\0\xa0\0\0\0\x1a\
\x27\0\0\x43\0\0\0\xc0\0\0\0\x35\x2e\0\0\x02\0\0\x04\x10\0\0\0\x61\x16\0\0\xdc\
\0\0\0\0\0\0\0\x44\x2e\0\0\x42\0\0\0\x40\0\0\0\0\0\0\0\0\0\0\x02\xba\x01\0\0\0\
\0\0\0\0\0\0\x0a\x9b\x02\0\0\x50\x2e\0\0\0\0\0\x08\x60\0\0\0\0\0\0\0\0\0\0\x02\
\xbd\x01\0\0\0\0\0\0\x06\0\0\x0d\xbe\x01\0\0\0\0\0\0\xc1\x01\0\0\0\0\0\0\x5b\
\x01\0\0\0\0\0\0\xab\x01\0\0\0\0\0\0\xd4\x01\0\0\0\0\0\0\xcc\x01\0\0\0\0\0\0\
\xad\x01\0\0\x59\x2e\0\0\0\0\0\x08\xbf\x01\0\0\x61\x2e\0\0\0\0\0\x08\xc0\x01\0\
\0\x72\x2e\0\0\0\0\0\x08\xb0\0\0\0\0\0\0\0\0\0\0\x02\xc2\x01\0\0\x82\x2e\0\0\
\x13\0\0\x04\xb8\0\0\0\x87\x2e\0\0\x12\x01\0\0\0\0\0\0\x8f\x2e\0\0\x9f\0\0\0\
\x40\0\0\0\x96\x2e\0\0\xc3\x01\0\0\x60\0\0\0\x9d\x2e\0\0\xc4\x01\0\0\x80\0\0\0\
\x0f\x2d\0\0\xb2\x01\0\0\xc0\0\0\0\xa2\x2e\0\0\x05\x01\0\0\0\x01\0\0\xaf\x2e\0\
\0\xb4\x01\0\0\x40\x01\0\0\xb7\x2e\0\0\x56\0\0\0\x80\x01\0\0\xbf\x2e\0\0\x56\0\
\0\0\xa0\x01\0\0\xcc\x2e\0\0\xc6\x01\0\0\xc0\x01\0\0\xd3\x2e\0\0\xc8\x01\0\0\0\
\x02\0\0\0\0\0\0\xcb\x01\0\0\x80\x02\0\0\xda\x2e\0\0\xcc\x01\0\0\x80\x03\0\0\
\xe0\x2e\0\0\x05\x01\0\0\xc0\x03\0\0\xeb\x2e\0\0\xce\x01\0\0\0\x04\0\0\xf3\x2e\
\0\0\xbb\x01\0\0\x40\x04\0\0\xfc\x2e\0\0\xbb\x01\0\0\x60\x04\0\0\x05\x2f\0\0\
\xcf\x01\0\0\x80\x04\0\0\0\0\0\0\xd0\x01\0\0\xc0\x04\0\0\x0a\x2f\0\0\0\0\0\x08\
\x56\0\0\0\0\0\0\0\0\0\0\x02\xc5\x01\0\0\0\0\0\0\0\0\0\x0a\x97\x02\0\0\0\0\0\0\
\0\0\0\x02\xc7\x01\0\0\0\0\0\0\0\0\0\x0a\x13\x02\0\0\x12\x2f\0\0\x02\0\0\x04\
\x10\0\0\0\x17\x2f\0\0\xc9\x01\0\0\0\0\0\0\x1b\x2f\0\0\xca\x01\0\0\x40\0\0\0\0\
\0\0\0\0\0\0\x02\xbb\x02\0\0\0\0\0\0\0\0\0\x02\x93\x02\0\0\0\0\0\0\x02\0\0\x05\
\x20\0\0\0\x22\x2f\0\0\x67\x01\0\0\0\0\0\0\x2d\x2f\0\0\x4d\0\0\0\0\0\0\0\x34\
\x2f\0\0\0\0\0\x08\xcd\x01\0\0\x3b\x2f\0\0\0\0\0\x08\x4c\0\0\0\0\0\0\0\0\0\0\
\x02\xe5\x02\0\0\0\0\0\0\0\0\0\x02\x49\x01\0\0\0\0\0\0\x04\0\0\x05\x20\0\0\0\
\x4b\x2f\0\0\xcf\0\0\0\0\0\0\0\x57\x2f\0\0\x45\0\0\0\0\0\0\0\x5f\x2f\0\0\xd1\
\x01\0\0\0\0\0\0\x64\x2f\0\0\xd2\x01\0\0\0\0\0\0\x6e\x2f\0\0\x06\0\0\x04\x20\0\
\0\0\x7c\x2f\0\0\x40\0\0\0\0\0\0\0\x7f\x16\0\0\x56\0\0\0\x40\0\0\0\x82\x2f\0\0\
\x56\0\0\0\x60\0\0\0\x8d\x2f\0\0\x56\0\0\0\x80\0\0\0\x96\x2f\0\0\x56\0\0\0\xa0\
\0\0\0\xa0\x2f\0\0\xcc\x01\0\0\xc0\0\0\0\xa9\x2f\0\0\0\0\0\x08\xd3\x01\0\0\0\0\
\0\0\x01\0\0\x04\x08\0\0\0\x88\x13\0\0\x40\0\0\0\0\0\0\0\0\0\0\0\0\0\0\x02\x50\
\0\0\0\0\0\0\0\0\0\0\x02\xd6\x01\0\0\0\0\0\0\x05\0\0\x0d\xcc\x01\0\0\0\0\0\0\
\xc1\x01\0\0\0\0\0\0\x5b\x01\0\0\0\0\0\0\xab\x01\0\0\0\0\0\0\xcc\x01\0\0\0\0\0\
\0\x02\0\0\0\0\0\0\0\0\0\0\x02\xd8\x01\0\0\0\0\0\0\x04\0\0\x0d\x02\0\0\0\0\0\0\
\0\xc1\x01\0\0\0\0\0\0\x5b\x01\0\0\0\0\0\0\xab\x01\0\0\0\0\0\0\xd9\x01\0\0\0\0\
\0\0\0\0\0\x02\xda\x01\0\0\xb3\x2f\0\0\x13\0\0\x04\xb8\0\0\0\0\0\0\0\xdb\x01\0\
\0\0\0\0\0\xc2\x2f\0\0\xdd\x01\0\0\x80\0\0\0\xc8\x2f\0\0\xde\x01\0\0\xc0\0\0\0\
\0\0\0\0\xe1\x01\0\0\0\x01\0\0\xd5\x2f\0\0\xc9\0\0\0\x40\x01\0\0\xde\x2f\0\0\
\x02\0\0\0\x60\x01\0\0\xea\x2f\0\0\xe4\x01\0\0\x80\x01\0\0\xf2\x2f\0\0\xe5\x01\
\0\0\xc0\x01\0\0\xf9\x2f\0\0\x43\0\0\0\xc0\x02\0\0\x08\x30\0\0\xe6\x01\0\0\x40\
\x03\0\0\x11\x30\0\0\xe7\x01\0\0\x80\x03\0\0\x18\x30\0\0\x40\0\0\0\xc0\x03\0\0\
\x21\x30\0\0\xc1\x01\0\0\0\x04\0\0\x29\x30\0\0\x05\x01\0\0\x40\x04\0\0\x39\x30\
\0\0\xe9\x01\0\0\x80\x04\0\0\x43\x30\0\0\x12\x01\0\0\xc0\x04\0\0\x57\x30\0\0\
\xea\x01\0\0\0\x05\0\0\x61\x30\0\0\xeb\x01\0\0\x40\x05\0\0\x6d\x30\0\0\xec\x01\
\0\0\x80\x05\0\0\0\0\0\0\x02\0\0\x05\x10\0\0\0\0\0\0\0\xdc\x01\0\0\0\0\0\0\x80\
\x30\0\0\xcf\0\0\0\0\0\0\0\0\0\0\0\x02\0\0\x04\x10\0\0\0\x87\x30\0\0\x40\0\0\0\
\0\0\0\0\x90\x30\0\0\x40\0\0\0\x40\0\0\0\0\0\0\0\0\0\0\x02\xac\x02\0\0\x97\x30\
\0\0\0\0\0\x08\xdf\x01\0\0\xa0\x30\0\0\x01\0\0\x04\x08\0\0\0\xa0\x30\0\0\xe0\
\x01\0\0\0\0\0\0\xa7\x30\0\0\0\0\0\x08\x40\0\0\0\0\0\0\0\x02\0\0\x05\x08\0\0\0\
\xb3\x30\0\0\xe2\x01\0\0\0\0\0\0\xbc\x30\0\0\xe3\x01\0\0\0\0\0\0\0\0\0\0\0\0\0\
\x0a\xe3\x01\0\0\xc7\x30\0\0\0\0\0\x08\x40\0\0\0\0\0\0\0\0\0\0\x02\xad\x02\0\0\
\0\0\0\0\x02\0\0\x04\x20\0\0\0\xd2\x30\0\0\x41\0\0\0\0\0\0\0\xd5\x30\0\0\x40\0\
\0\0\xc0\0\0\0\0\0\0\0\0\0\0\x02\xae\x02\0\0\0\0\0\0\0\0\0\x02\xe8\x01\0\0\0\0\
\0\0\0\0\0\x0a\xaf\x02\0\0\0\0\0\0\0\0\0\x02\xa0\x02\0\0\0\0\0\0\0\0\0\x02\x9f\
\x02\0\0\0\0\0\0\0\0\0\x02\xa1\x02\0\0\x6d\x30\0\0\x01\0\0\x04\x08\0\0\0\x85\
\x01\0\0\xed\x01\0\0\0\0\0\0\0\0\0\0\0\0\0\x02\xa2\x02\0\0\0\0\0\0\0\0\0\x02\
\xa7\x01\0\0\0\0\0\0\0\0\0\x02\xab\x01\0\0\0\0\0\0\0\0\0\x03\0\0\0\0\x9b\x01\0\
\0\x04\0\0\0\x04\0\0\0\0\0\0\0\0\0\0\x02\xf2\x01\0\0\0\0\0\0\0\0\0\x0a\xf4\x02\
\0\0\0\0\0\0\0\0\0\x02\xf4\x01\0\0\0\0\0\0\0\0\0\x0a\xf5\x02\0\0\0\0\0\0\0\0\0\
\x02\xf6\x01\0\0\0\0\0\0\0\0\0\x0a\xf6\x02\0\0\0\0\0\0\0\0\0\x02\xf8\x01\0\0\0\
\0\0\0\0\0\0\x0a\xf7\x02\0\0\0\0\0\0\0\0\0\x03\0\0\0\0\xa7\0\0\0\x04\0\0\0\x10\
\0\0\0\0\0\0\0\0\0\0\x02\xe3\x02\0\0\0\0\0\0\0\0\0\x02\xe4\x02\0\0\0\0\0\0\0\0\
\0\x02\xcf\x02\0\0\0\0\0\0\0\0\0\x02\xec\x02\0\0\0\0\0\0\0\0\0\x02\xb0\x02\0\0\
\0\0\0\0\0\0\0\x02\0\x02\0\0\0\0\0\0\0\0\0\x0a\xed\x02\0\0\0\0\0\0\0\0\0\x02\
\x02\x02\0\0\0\0\0\0\0\0\0\x0a\xf8\x02\0\0\0\0\0\0\0\0\0\x02\x04\x02\0\0\xfb\
\x1e\0\0\0\0\0\x07\0\0\0\0\0\0\0\0\0\0\0\x02\xf9\x02\0\0\xe5\x30\0\0\x02\0\0\
\x04\x10\0\0\0\xf4\x30\0\0\xfd\0\0\0\0\0\0\0\xf9\x30\0\0\x07\x02\0\0\x40\0\0\0\
\0\0\0\0\0\0\0\x02\xfa\x02\0\0\0\0\0\0\0\0\0\x03\0\0\0\0\x06\x02\0\0\x04\0\0\0\
\x03\0\0\0\0\0\0\0\0\0\0\x03\0\0\0\0\xa7\0\0\0\x04\0\0\0\x20\0\0\0\0\0\0\0\0\0\
\0\x02\xfb\x02\0\0\0\0\0\0\0\0\0\x02\x8b\x02\0\0\0\0\0\0\0\0\0\x02\xfc\x02\0\0\
\0\0\0\0\0\0\0\x02\xfd\x02\0\0\0\0\0\0\0\0\0\x03\0\0\0\0\xa7\0\0\0\x04\0\0\0\0\
\0\0\0\xfe\x30\0\0\0\0\0\x08\x10\x02\0\0\0\0\0\0\x01\0\0\x04\x04\0\0\0\x40\x12\
\0\0\x11\x02\0\0\0\0\0\0\x05\x31\0\0\0\0\0\x08\xc4\0\0\0\0\0\0\0\0\0\0\x02\xba\
\x02\0\0\x0b\x31\0\0\x1a\0\0\x04\xb8\0\0\0\x10\x31\0\0\x12\x01\0\0\0\0\0\0\x16\
\x31\0\0\x0f\x02\0\0\x40\0\0\0\x1a\x31\0\0\x14\x02\0\0\x60\0\0\0\x1e\x31\0\0\
\x0f\x02\0\0\x80\0\0\0\x23\x31\0\0\x14\x02\0\0\xa0\0\0\0\x28\x31\0\0\x0f\x02\0\
\0\xc0\0\0\0\x2d\x31\0\0\x14\x02\0\0\xe0\0\0\0\x32\x31\0\0\x0f\x02\0\0\0\x01\0\
\0\x38\x31\0\0\x14\x02\0\0\x20\x01\0\0\x3e\x31\0\0\x56\0\0\0\x40\x01\0\0\x49\
\x31\0\0\x18\x02\0\0\x80\x01\0\0\x59\x31\0\0\x18\x02\0\0\xc0\x01\0\0\x67\x31\0\
\0\x18\x02\0\0\0\x02\0\0\x75\x31\0\0\x18\x02\0\0\x40\x02\0\0\x7e\x31\0\0\x18\
\x02\0\0\x80\x02\0\0\x8a\x31\0\0\x31\0\0\0\xc0\x02\0\0\x96\x31\0\0\x1a\x02\0\0\
\0\x03\0\0\xa6\x31\0\0\x1a\x02\0\0\x40\x03\0\0\xb6\x31\0\0\x1a\x02\0\0\x80\x03\
\0\0\xc5\x31\0\0\x1a\x02\0\0\xc0\x03\0\0\x03\x13\0\0\x05\x01\0\0\0\x04\0\0\xd6\
\x13\0\0\x1b\x02\0\0\x40\x04\0\0\xd6\x31\0\0\x1c\x02\0\0\x80\x04\0\0\xde\x31\0\
\0\x1d\x02\0\0\xc0\x04\0\0\xe6\x31\0\0\x1e\x02\0\0\0\x05\0\0\0\0\0\0\x1f\x02\0\
\0\x40\x05\0\0\xf1\x31\0\0\0\0\0\x08\x15\x02\0\0\0\0\0\0\x01\0\0\x04\x04\0\0\0\
\x40\x12\0\0\x16\x02\0\0\0\0\0\0\xf8\x31\0\0\0\0\0\x08\x17\x02\0\0\xfe\x31\0\0\
\0\0\0\x08\x56\0\0\0\x0f\x32\0\0\0\0\0\x08\x19\x02\0\0\0\0\0\0\x01\0\0\x04\x08\
\0\0\0\x40\x12\0\0\x4d\0\0\0\0\0\0\0\0\0\0\0\0\0\0\x02\xa5\x02\0\0\0\0\0\0\0\0\
\0\x02\xa6\x02\0\0\0\0\0\0\0\0\0\x02\x8d\x02\0\0\0\0\0\0\0\0\0\x02\xb1\x02\0\0\
\0\0\0\0\0\0\0\x02\xb2\x02\0\0\0\0\0\0\x02\0\0\x05\x10\0\0\0\x1c\x32\0\0\x02\0\
\0\0\0\0\0\0\x15\x13\0\0\xcf\0\0\0\0\0\0\0\x24\x32\0\0\x03\0\0\x04\x10\0\0\0\
\x35\x32\0\0\x21\x02\0\0\0\0\0\0\x3c\x32\0\0\x60\0\0\0\x40\0\0\0\x44\x32\0\0\
\x5a\0\0\0\x60\0\0\0\0\0\0\0\0\0\0\x02\xb5\x02\0\0\0\0\0\0\0\0\0\x02\x23\x02\0\
\0\0\0\0\0\x02\0\0\x0d\x02\0\0\0\0\0\0\0\x47\0\0\0\0\0\0\0\x3d\0\0\0\0\0\0\0\0\
\0\0\x02\xdf\x02\0\0\0\0\0\0\0\0\0\x02\xab\x02\0\0\x4c\x32\0\0\0\0\0\x08\xd5\0\
\0\0\0\0\0\0\0\0\0\x02\x28\x02\0\0\x5a\x32\0\0\x15\0\0\x04\xa8\0\0\0\x62\x32\0\
\0\x40\0\0\0\0\0\0\0\x66\x32\0\0\x40\0\0\0\x40\0\0\0\x6a\x32\0\0\x40\0\0\0\x80\
\0\0\0\x6e\x32\0\0\x40\0\0\0\xc0\0\0\0\x72\x32\0\0\x40\0\0\0\0\x01\0\0\x75\x32\
\0\0\x40\0\0\0\x40\x01\0\0\x78\x32\0\0\x40\0\0\0\x80\x01\0\0\x7c\x32\0\0\x40\0\
\0\0\xc0\x01\0\0\x80\x32\0\0\x40\0\0\0\0\x02\0\0\x83\x32\0\0\x40\0\0\0\x40\x02\
\0\0\x86\x32\0\0\x40\0\0\0\x80\x02\0\0\x89\x32\0\0\x40\0\0\0\xc0\x02\0\0\x8c\
\x32\0\0\x40\0\0\0\0\x03\0\0\x8f\x32\0\0\x40\0\0\0\x40\x03\0\0\x92\x32\0\0\x40\
\0\0\0\x80\x03\0\0\x95\x32\0\0\x40\0\0\0\xc0\x03\0\0\x9d\x32\0\0\x40\0\0\0\0\
\x04\0\0\0\0\0\0\x29\x02\0\0\x40\x04\0\0\xa0\x07\0\0\x40\0\0\0\x80\x04\0\0\xa0\
\x32\0\0\x40\0\0\0\xc0\x04\0\0\0\0\0\0\x2b\x02\0\0\0\x05\0\0\0\0\0\0\x03\0\0\
\x05\x08\0\0\0\xa3\x32\0\0\x5a\0\0\0\0\0\0\0\xa6\x32\0\0\x4d\0\0\0\0\0\0\0\xaa\
\x32\0\0\x2a\x02\0\0\0\0\0\0\xaa\x32\0\0\x03\0\0\x84\x08\0\0\0\xa3\x32\0\0\x4d\
\0\0\0\0\0\0\x10\xb2\x32\0\0\x4d\0\0\0\x10\0\0\x02\xb5\x32\0\0\x4d\0\0\0\x12\0\
\0\x01\0\0\0\0\x03\0\0\x05\x08\0\0\0\xb9\x32\0\0\x5a\0\0\0\0\0\0\0\xbc\x32\0\0\
\x4d\0\0\0\0\0\0\0\xc0\x32\0\0\x2c\x02\0\0\0\0\0\0\xc0\x32\0\0\x0a\0\0\x84\x08\
\0\0\0\xb9\x32\0\0\x4d\0\0\0\0\0\0\x10\xc8\x32\0\0\x4d\0\0\0\x10\0\0\x01\xcc\
\x32\0\0\x4d\0\0\0\x11\0\0\x01\xd4\x32\0\0\x4d\0\0\0\x12\0\0\x01\xd8\x32\0\0\
\x4d\0\0\0\x20\0\0\x08\x19\0\0\0\x4d\0\0\0\x30\0\0\x04\xdf\x32\0\0\x4d\0\0\0\
\x38\0\0\x01\xe7\x32\0\0\x4d\0\0\0\x39\0\0\x01\xea\x32\0\0\x4d\0\0\0\x3a\0\0\
\x01\xf1\x32\0\0\x4d\0\0\0\x3c\0\0\x04\0\0\0\0\x01\0\0\x0d\x02\0\0\0\x85\x01\0\
\0\x27\x02\0\0\xf9\x32\0\0\x01\0\0\x0c\x2d\x02\0\0\x0c\x33\0\0\x01\0\0\x0c\x2d\
\x02\0\0\x1d\x33\0\0\x01\0\0\x0c\x2d\x02\0\0\x30\x33\0\0\x01\0\0\x0c\x2d\x02\0\
\0\x3f\x33\0\0\x01\0\0\x0c\x2d\x02\0\0\x4e\x33\0\0\x01\0\0\x0c\x2d\x02\0\0\0\0\
\0\0\0\0\0\x02\x4f\0\0\0\0\0\0\0\x01\0\0\x0d\x02\0\0\0\x85\x01\0\0\x34\x02\0\0\
\x64\x33\0\0\x01\0\0\x0c\x35\x02\0\0\x7a\x33\0\0\x01\0\0\x0c\x35\x02\0\0\x90\
\x33\0\0\x01\0\0\x0c\x35\x02\0\0\xad\x33\0\0\x01\0\0\x0c\x35\x02\0\0\xb4\x33\0\
\0\xa2\0\0\x84\x40\x09\0\0\xbd\x33\0\0\x3b\x02\0\0\0\0\0\0\xc7\x33\0\0\x57\0\0\
\0\xc0\x2b\0\0\xf1\x33\0\0\x60\0\0\0\xc0\x2b\0\0\xfc\x33\0\0\x60\0\0\0\xe0\x2b\
\0\0\x09\x34\0\0\x60\0\0\0\0\x2c\0\0\x14\x34\0\0\x60\0\0\0\x20\x2c\0\0\x22\x34\
\0\0\x5a\0\0\0\x40\x2c\0\0\x2b\x34\0\0\x3d\0\0\0\x80\x2c\0\0\x39\x34\0\0\x3d\0\
\0\0\xc0\x2c\0\0\x4d\x34\0\0\x57\0\0\0\0\x2d\0\0\x75\x34\0\0\x57\0\0\0\0\x2d\0\
\0\xa1\x34\0\0\x60\0\0\0\0\x2d\0\0\xaa\x34\0\0\x60\0\0\0\x20\x2d\0\0\xb2\x34\0\
\0\x60\0\0\0\x40\x2d\0\0\xbc\x34\0\0\x60\0\0\0\x60\x2d\0\0\xc5\x34\0\0\x60\0\0\
\0\x80\x2d\0\0\xcd\x34\0\0\x60\0\0\0\xa0\x2d\0\0\xd6\x34\0\0\x60\0\0\0\xc0\x2d\
\0\0\xe1\x34\0\0\x5a\0\0\0\xe0\x2d\0\0\xf0\x34\0\0\xa7\0\0\0\xf0\x2d\0\0\xfe\
\x34\0\0\xa7\0\0\0\xf8\x2d\0\x02\x0a\x35\0\0\xa7\0\0\0\xfa\x2d\0\x01\x11\x35\0\
\0\xa7\0\0\0\xfb\x2d\0\x01\x1d\x35\0\0\xa7\0\0\0\xfc\x2d\0\x01\x2b\x35\0\0\xa7\
\0\0\0\xfd\x2d\0\x01\x3b\x35\0\0\x57\0\0\0\0\x2e\0\0\x65\x35\0\0\x57\0\0\0\0\
\x2e\0\0\x8f\x35\0\0\x60\0\0\0\0\x2e\0\0\x9a\x35\0\0\x60\0\0\0\x20\x2e\0\0\xa5\
\x35\0\0\x60\0\0\0\x40\x2e\0\0\xad\x35\0\0\x60\0\0\0\x60\x2e\0\0\xba\x35\0\0\
\x60\0\0\0\x80\x2e\0\0\xc4\x35\0\0\x60\0\0\0\xa0\x2e\0\0\xd0\x35\0\0\x5a\0\0\0\
\xc0\x2e\0\0\xd7\x35\0\0\x5a\0\0\0\xd0\x2e\0\0\xe0\x35\0\0\x60\0\0\0\xe0\x2e\0\
\0\xe5\x35\0\0\x61\x02\0\0\0\x2f\0\0\xed\x35\0\0\xdc\0\0\0\xc0\x2f\0\0\0\x36\0\
\0\x60\0\0\0\0\x30\0\0\x0d\x36\0\0\xa7\0\0\0\x20\x30\0\x01\x19\x36\0\0\x57\0\0\
\0\x28\x30\0\0\x41\x36\0\0\x57\0\0\0\0\x32\0\0\x6c\x36\0\0\x60\0\0\0\0\x32\0\0\
\x75\x36\0\0\x60\0\0\0\x20\x32\0\0\x83\x36\0\0\x4d\0\0\0\x40\x32\0\0\x8e\x36\0\
\0\x60\0\0\0\x80\x32\0\0\x96\x36\0\0\x60\0\0\0\xa0\x32\0\0\xa3\x36\0\0\x64\x02\
\0\0\xc0\x32\0\0\xaf\x36\0\0\x60\0\0\0\x20\x33\0\0\xb9\x36\0\0\x60\0\0\0\x40\
\x33\0\0\xc4\x36\0\0\x60\0\0\0\x60\x33\0\0\xcd\x36\0\0\x60\0\0\0\x80\x33\0\0\
\xd5\x36\0\0\x60\0\0\0\xa0\x33\0\0\xdd\x36\0\0\x4d\0\0\0\xc0\x33\0\0\xeb\x36\0\
\0\x43\0\0\0\0\x34\0\0\xfe\x36\0\0\x3d\0\0\0\x80\x34\0\0\x0b\x37\0\0\xa7\0\0\0\
\xc0\x34\0\0\x15\x37\0\0\x57\0\0\0\xc8\x34\0\0\x3e\x37\0\0\x57\0\0\0\xc8\x34\0\
\0\x6b\x37\0\0\x75\0\0\0\xe0\x34\0\0\x76\x37\0\0\x4d\0\0\0\0\x35\0\0\x86\x37\0\
\0\x4d\0\0\0\x40\x35\0\0\x91\x37\0\0\x60\0\0\0\x80\x35\0\0\x99\x37\0\0\x60\0\0\
\0\xa0\x35\0\0\xa1\x37\0\0\x60\0\0\0\xc0\x35\0\0\xa9\x37\0\0\x60\0\0\0\xe0\x35\
\0\0\xb6\x37\0\0\x60\0\0\0\0\x36\0\0\xbe\x37\0\0\x60\0\0\0\x20\x36\0\0\xca\x37\
\0\0\x60\0\0\0\x40\x36\0\0\x59\x07\0\0\x60\0\0\0\x60\x36\0\0\x4c\x07\0\0\x60\0\
\0\0\x80\x36\0\0\xd1\x37\0\0\x60\0\0\0\xa0\x36\0\0\xdd\x37\0\0\x60\0\0\0\xc0\
\x36\0\0\xe5\x37\0\0\x65\x02\0\0\xe0\x36\0\0\xec\x37\0\0\xa7\0\0\0\xa0\x37\0\
\x04\xf4\x37\0\0\xa7\0\0\0\xa4\x37\0\x01\x05\x38\0\0\x57\0\0\0\xa8\x37\0\0\x30\
\x38\0\0\x57\0\0\0\xc0\x37\0\0\x5b\x38\0\0\x4d\0\0\0\xc0\x37\0\0\x6a\x38\0\0\
\x60\0\0\0\0\x38\0\0\x72\x38\0\0\x60\0\0\0\x20\x38\0\0\x7f\x38\0\0\x60\0\0\0\
\x40\x38\0\0\x87\x38\0\0\x60\0\0\0\x60\x38\0\0\x97\x38\0\0\x60\0\0\0\x80\x38\0\
\0\xa6\x38\0\0\x60\0\0\0\xa0\x38\0\0\xb5\x38\0\0\x60\0\0\0\xc0\x38\0\0\xc6\x38\
\0\0\x60\0\0\0\xe0\x38\0\0\x63\x07\0\0\x4d\0\0\0\0\x39\0\0\x73\x07\0\0\x4d\0\0\
\0\x40\x39\0\0\xd9\x38\0\0\x4d\0\0\0\x80\x39\0\0\xe5\x38\0\0\x66\x02\0\0\xc0\
\x39\0\0\xf1\x38\0\0\x67\x02\0\0\x40\x3a\0\0\xfc\x38\0\0\x57\0\0\0\xc0\x3a\0\0\
\x25\x39\0\0\x60\0\0\0\xc0\x3a\0\0\x30\x39\0\0\x60\0\0\0\xe0\x3a\0\0\x47\x39\0\
\0\x43\0\0\0\0\x3b\0\0\x50\x39\0\0\x68\x02\0\0\x80\x3b\0\0\x55\x39\0\0\xa7\0\0\
\0\x40\x3c\0\0\x64\x39\0\0\xa7\0\0\0\x48\x3c\0\x02\x74\x39\0\0\xa7\0\0\0\x4a\
\x3c\0\x01\x0a\x07\0\0\xa7\0\0\0\x4b\x3c\0\x05\x80\x39\0\0\xa7\0\0\0\x50\x3c\0\
\x01\x89\x39\0\0\xa7\0\0\0\x51\x3c\0\x01\x9a\x39\0\0\xa7\0\0\0\x52\x3c\0\x01\
\xad\x39\0\0\xa7\0\0\0\x53\x3c\0\x02\xc2\x39\0\0\xa7\0\0\0\x55\x3c\0\x01\xc7\
\x39\0\0\xa7\0\0\0\x58\x3c\0\0\xd4\x39\0\0\xa7\0\0\0\x60\x3c\0\x02\xdd\x39\0\0\
\xa7\0\0\0\x62\x3c\0\x01\xe6\x39\0\0\xa7\0\0\0\x63\x3c\0\x01\xf3\x39\0\0\xa7\0\
\0\0\x64\x3c\0\x01\x04\x3a\0\0\xa7\0\0\0\x65\x3c\0\x01\x14\x3a\0\0\xa7\0\0\0\
\x66\x3c\0\x01\x23\x3a\0\0\xa7\0\0\0\x68\x3c\0\0\x34\x3a\0\0\x60\0\0\0\x80\x3c\
\0\0\x41\x3a\0\0\x60\0\0\0\xa0\x3c\0\0\x4d\x3a\0\0\x60\0\0\0\xc0\x3c\0\0\x58\
\x3a\0\0\x60\0\0\0\xe0\x3c\0\0\x65\x3a\0\0\x60\0\0\0\0\x3d\0\0\x74\x3a\0\0\x60\
\0\0\0\x20\x3d\0\0\x82\x3a\0\0\x60\0\0\0\x40\x3d\0\0\x91\x3a\0\0\x60\0\0\0\x60\
\x3d\0\0\x9c\x3a\0\0\x60\0\0\0\x80\x3d\0\0\xaa\x3a\0\0\x60\0\0\0\xa0\x3d\0\0\
\xbc\x3a\0\0\x72\x01\0\0\xc0\x3d\0\0\xc9\x3a\0\0\x72\x01\0\0\xc0\x3f\0\0\xde\
\x3a\0\0\x3d\0\0\0\xc0\x41\0\0\xeb\x3a\0\0\x6a\x02\0\0\0\x42\0\0\xfa\x3a\0\0\
\x6b\x02\0\0\x40\x42\0\0\x09\x3b\0\0\x6b\x02\0\0\x40\x43\0\0\x19\x3b\0\0\x02\0\
\0\0\x40\x44\0\0\x27\x3b\0\0\x60\0\0\0\x60\x44\0\0\x36\x3b\0\0\x60\0\0\0\x80\
\x44\0\0\x3f\x3b\0\0\x60\0\0\0\xa0\x44\0\0\x4d\x3b\0\0\x60\0\0\0\xc0\x44\0\0\
\x59\x3b\0\0\x02\0\0\0\xe0\x44\0\0\x66\x3b\0\0\x4d\0\0\0\0\x45\0\0\x74\x3b\0\0\
\x60\0\0\0\x40\x45\0\0\x82\x3b\0\0\x60\0\0\0\x60\x45\0\0\x8c\x3b\0\0\x5a\0\0\0\
\x80\x45\0\0\x96\x3b\0\0\x5a\0\0\0\x90\x45\0\0\xab\x3b\0\0\x60\0\0\0\xa0\x45\0\
\0\xba\x3b\0\0\x60\0\0\0\xc0\x45\0\0\xc2\x3b\0\0\x56\0\0\0\xe0\x45\0\0\xd1\x3b\
\0\0\x56\0\0\0\0\x46\0\0\xe1\x3b\0\0\x02\0\0\0\x20\x46\0\0\xe9\x3b\0\0\xa7\0\0\
\0\x40\x46\0\0\xff\x3b\0\0\xa7\0\0\0\x48\x46\0\x01\x15\x3c\0\0\x5a\0\0\0\x50\
\x46\0\0\x24\x3c\0\0\x60\0\0\0\x60\x46\0\0\x30\x3c\0\0\x6c\x02\0\0\x80\x46\0\0\
\x3a\x3c\0\0\x60\0\0\0\xc0\x46\0\0\x45\x3c\0\0\x60\0\0\0\xe0\x46\0\0\x4e\x3c\0\
\0\xc9\0\0\0\0\x47\0\0\x57\x3c\0\0\xc9\0\0\0\x08\x47\0\0\x5f\x3c\0\0\x6d\x02\0\
\0\x40\x47\0\0\x70\x3c\0\0\x71\x02\0\0\x80\x47\0\0\x7c\x3c\0\0\x73\x02\0\0\xc0\
\x47\0\0\x88\x3c\0\0\x74\x02\0\0\0\x48\0\0\x90\x3c\0\0\x75\x02\0\0\x40\x48\0\0\
\x9d\x3c\0\0\x4f\x02\0\0\x80\x48\0\0\xaa\x3c\0\0\x76\x02\0\0\xc0\x48\0\0\xb4\
\x3c\0\0\x20\0\0\x84\x78\x05\0\0\xc9\x3c\0\0\x3c\x02\0\0\0\0\0\0\xd3\x3c\0\0\
\x4e\x02\0\0\0\x1f\0\0\xe5\x3c\0\0\x52\x02\0\0\x80\x21\0\0\xf4\x3c\0\0\x53\x02\
\0\0\xc0\x21\0\0\x04\x3d\0\0\x40\0\0\0\0\x22\0\0\x11\x3d\0\0\xbc\0\0\0\x40\x22\
\0\0\x27\x3d\0\0\xbc\0\0\0\x80\x23\0\0\x39\x3d\0\0\x5d\0\0\0\xc0\x24\0\0\x42\
\x3d\0\0\x5d\0\0\0\xe0\x24\0\0\x4f\x3d\0\0\x5d\0\0\0\0\x25\0\0\x5f\x3d\0\0\x5d\
\0\0\0\x20\x25\0\0\x70\x3d\0\0\x54\x02\0\0\x40\x25\0\0\x7c\x3d\0\0\x56\x02\0\0\
\x80\x25\0\0\x88\x3d\0\0\x58\x02\0\0\xc0\x25\0\0\x95\x3d\0\0\x05\x01\0\0\0\x26\
\0\0\xa3\x3d\0\0\x5a\x02\0\0\x40\x26\0\0\xb4\x3d\0\0\x5c\x02\0\0\x80\x26\0\0\
\xc2\x3d\0\0\x35\0\0\0\xc0\x26\0\x05\xd0\x3d\0\0\x35\0\0\0\xc5\x26\0\x01\xe4\
\x3d\0\0\x35\0\0\0\xc6\x26\0\x01\xf7\x3d\0\0\x35\0\0\0\xc7\x26\0\x01\x0a\x3e\0\
\0\x35\0\0\0\xc8\x26\0\0\x1b\x3e\0\0\x35\0\0\0\xd0\x26\0\0\x28\x3e\0\0\x35\0\0\
\0\xd8\x26\0\0\x35\x3e\0\0\x35\0\0\0\xe0\x26\0\0\x46\x3e\0\0\x35\0\0\0\xe8\x26\
\0\0\x56\x3e\0\0\x34\0\0\0\xf0\x26\0\0\x67\x3e\0\0\x5e\x02\0\0\0\x27\0\0\x70\
\x3e\0\0\x5f\x02\0\0\xc0\x27\0\0\x7a\x3e\0\0\x60\0\0\0\x40\x28\0\0\x8d\x3e\0\0\
\x60\0\0\0\x60\x28\0\0\x9f\x3e\0\0\x60\x02\0\0\x80\x28\0\0\xac\x3e\0\0\x14\0\0\
\x04\xe0\x03\0\0\xa2\x01\0\0\x78\0\0\0\0\0\0\0\xb6\x3e\0\0\x3d\x02\0\0\x40\x18\
\0\0\xbd\x3e\0\0\x40\0\0\0\x80\x18\0\0\xc8\x3e\0\0\x75\0\0\0\xc0\x18\0\0\xd3\
\x3e\0\0\xeb\0\0\0\xe0\x18\0\0\xda\x3e\0\0\x62\0\0\0\xf0\x18\0\0\xe5\x3e\0\0\
\x3e\x02\0\0\0\x19\0\0\xee\x3e\0\0\x6a\0\0\0\x40\x19\0\0\xf6\x3e\0\0\x35\0\0\0\
\x60\x19\0\0\xfa\x3e\0\0\x35\0\0\0\x68\x19\0\0\x02\x3f\0\0\x35\0\0\0\x70\x19\0\
\0\x09\x3f\0\0\x35\0\0\0\x78\x19\0\0\x12\x3f\0\0\x35\0\0\0\x80\x19\0\0\x1a\x3f\
\0\0\x35\0\0\0\x88\x19\0\0\x27\x3f\0\0\x02\0\0\0\xa0\x19\0\0\x30\x3f\0\0\x02\0\
\0\0\xc0\x19\0\0\x39\x3f\0\0\x75\0\0\0\xe0\x19\0\0\x41\x3f\0\0\x60\0\0\0\0\x1a\
\0\0\x52\x3f\0\0\x3f\x02\0\0\x40\x1a\0\0\x5a\x3f\0\0\x40\x02\0\0\x80\x1a\0\0\0\
\0\0\0\0\0\0\x02\xff\x02\0\0\0\0\0\0\0\0\0\x02\0\x03\0\0\0\0\0\0\0\0\0\x02\x01\
\x03\0\0\x5f\x3f\0\0\x02\0\0\x04\x90\0\0\0\xec\x2a\0\0\x41\x02\0\0\0\0\0\0\x6e\
\x3f\0\0\x43\x02\0\0\xc0\x01\0\0\x71\x3f\0\0\x0d\0\0\x04\x38\0\0\0\xa0\x07\0\0\
\x56\0\0\0\0\0\0\0\x7b\x3f\0\0\x75\0\0\0\x20\0\0\0\x9c\x07\0\0\x42\x02\0\0\x40\
\0\0\0\x80\x3f\0\0\x56\0\0\0\x80\0\0\0\x89\x3f\0\0\x02\0\0\0\xa0\0\0\0\x90\x3f\
\0\0\xaa\0\0\0\xc0\0\0\0\x94\x3f\0\0\xa7\0\0\0\0\x01\0\0\x9d\x3f\0\0\x35\0\0\0\
\x08\x01\0\0\xf6\x3e\0\0\xeb\0\0\0\x10\x01\0\0\x4f\x05\0\0\x50\0\0\0\x20\x01\0\
\0\xa1\x3f\0\0\x34\0\0\0\x30\x01\0\0\xaa\x3f\0\0\x4d\0\0\0\x40\x01\0\0\x46\x06\
\0\0\x60\0\0\0\x80\x01\0\0\0\0\0\0\0\0\0\x02\x74\0\0\0\xb8\x3f\0\0\x01\0\0\x04\
\x58\0\0\0\xbe\x3f\0\0\x44\x02\0\0\0\0\0\0\0\0\0\0\x03\0\0\x05\x58\0\0\0\xc0\
\x3f\0\0\x45\x02\0\0\0\0\0\0\xcc\x3f\0\0\x48\x02\0\0\0\0\0\0\xd0\x3f\0\0\x4d\
\x02\0\0\0\0\0\0\xd4\x3f\0\0\x0c\0\0\x04\x28\0\0\0\xe1\x3f\0\0\x02\0\0\0\0\0\0\
\0\xec\x3f\0\0\x02\0\0\0\x20\0\0\0\xf7\x3f\0\0\x02\0\0\0\x40\0\0\0\x05\x40\0\0\
\x5d\0\0\0\x60\0\0\0\x11\x40\0\0\x35\0\0\0\x80\0\0\0\x1c\x40\0\0\x35\0\0\0\x88\
\0\0\0\x29\x40\0\0\x35\0\0\0\x90\0\0\0\x36\x40\0\0\x35\0\0\0\x98\0\0\0\x43\x40\
\0\0\x5d\0\0\0\xa0\0\0\0\x50\x40\0\0\x0f\x02\0\0\xc0\0\0\0\x5b\x40\0\0\x5d\0\0\
\0\xe0\0\0\0\x71\x40\0\0\x46\x02\0\0\0\x01\0\0\x80\x40\0\0\x01\0\0\x04\x08\0\0\
\0\x8d\x40\0\0\x47\x02\0\0\0\0\0\0\x94\x40\0\0\0\0\0\x08\x4e\0\0\0\x9b\x40\0\0\
\x04\0\0\x04\x38\0\0\0\xc0\x3f\0\0\x45\x02\0\0\0\0\0\0\x3f\x01\0\0\x75\0\0\0\
\x40\x01\0\0\x45\x01\0\0\x75\0\0\0\x60\x01\0\0\xa2\x40\0\0\x49\x02\0\0\x80\x01\
\0\0\xa6\x40\0\0\x04\0\0\x05\x04\0\0\0\xb0\x40\0\0\x4a\x02\0\0\0\0\0\0\xb6\x40\
\0\0\x4b\x02\0\0\0\0\0\0\xbc\x40\0\0\x75\0\0\0\0\0\0\0\xc4\x40\0\0\x4c\x02\0\0\
\0\0\0\0\0\0\0\0\x02\0\0\x04\x04\0\0\0\x32\x01\0\0\x62\0\0\0\0\0\0\0\x2c\x01\0\
\0\x62\0\0\0\x10\0\0\0\0\0\0\0\x02\0\0\x04\x02\0\0\0\x19\0\0\0\x35\0\0\0\0\0\0\
\0\xc8\x40\0\0\x35\0\0\0\x08\0\0\0\0\0\0\0\x01\0\0\x04\x01\0\0\0\x19\0\0\0\x35\
\0\0\0\0\0\0\0\xcd\x40\0\0\x06\0\0\x04\x58\0\0\0\xc0\x3f\0\0\x45\x02\0\0\0\0\0\
\0\x45\x01\0\0\x8b\0\0\0\x40\x01\0\0\x3f\x01\0\0\x8b\0\0\0\xc0\x01\0\0\xd4\x40\
\0\0\x75\0\0\0\x40\x02\0\0\xa2\x40\0\0\x49\x02\0\0\x60\x02\0\0\xde\x40\0\0\x5d\
\0\0\0\x80\x02\0\0\xe6\x40\0\0\x08\0\0\x04\x50\0\0\0\xf9\x40\0\0\x9f\0\0\0\0\0\
\0\0\x03\x41\0\0\xa7\0\0\0\x20\0\0\0\x15\x41\0\0\x60\0\0\0\x40\0\0\0\xdf\x11\0\
\0\x6a\0\0\0\x60\0\0\0\x25\x41\0\0\x6a\0\0\0\x80\0\0\0\x2b\x41\0\0\x4f\x02\0\0\
\xc0\0\0\0\x3c\x41\0\0\x4f\x02\0\0\0\x01\0\0\x4d\x41\0\0\x50\x02\0\0\x40\x01\0\
\0\0\0\0\0\0\0\0\x02\xd9\x02\0\0\x57\x41\0\0\x06\0\0\x04\x28\0\0\0\x66\x41\0\0\
\x4f\x02\0\0\0\0\0\0\x74\x41\0\0\x4f\x02\0\0\x40\0\0\0\xe4\x11\0\0\x9f\0\0\0\
\x80\0\0\0\xdf\x11\0\0\x02\0\0\0\xa0\0\0\0\x82\x41\0\0\x02\0\0\0\xc0\0\0\0\x85\
\x01\0\0\x51\x02\0\0\0\x01\0\0\0\0\0\0\0\0\0\x02\xe7\x02\0\0\0\0\0\0\0\0\0\x02\
\x02\x03\0\0\0\0\0\0\0\0\0\x02\x03\x03\0\0\0\0\0\0\0\0\0\x02\x55\x02\0\0\0\0\0\
\0\0\0\0\x0a\xe6\x02\0\0\0\0\0\0\0\0\0\x02\x57\x02\0\0\0\0\0\0\0\0\0\x0a\x04\
\x03\0\0\0\0\0\0\0\0\0\x02\x59\x02\0\0\0\0\0\0\0\0\0\x0a\x05\x03\0\0\0\0\0\0\0\
\0\0\x02\x5b\x02\0\0\0\0\0\0\x02\0\0\x0d\0\0\0\0\0\0\0\0\x47\0\0\0\0\0\0\0\x60\
\0\0\0\0\0\0\0\0\0\0\x02\x5d\x02\0\0\0\0\0\0\x02\0\0\x0d\x56\0\0\0\0\0\0\0\x47\
\0\0\0\0\0\0\0\x60\0\0\0\0\0\0\0\x0b\0\0\x84\x18\0\0\0\x4b\x12\0\0\x35\0\0\0\0\
\0\0\0\x8b\x41\0\0\x35\0\0\0\x08\0\0\0\x91\x41\0\0\x35\0\0\0\x10\0\0\0\x9a\x41\
\0\0\x35\0\0\0\x18\0\0\0\xa0\x41\0\0\x5d\0\0\0\x20\0\0\x08\xa4\x41\0\0\x5d\0\0\
\0\x28\0\0\x14\x0a\x07\0\0\x5d\0\0\0\x3c\0\0\x04\x39\x15\0\0\x40\0\0\0\x40\0\0\
\0\xb3\x41\0\0\x5d\0\0\0\x80\0\0\0\xbc\x41\0\0\x34\0\0\0\xa0\0\0\0\xca\x41\0\0\
\x34\0\0\0\xb0\0\0\0\0\0\0\0\x05\0\0\x84\x10\0\0\0\xd2\x41\0\0\x02\0\0\0\0\0\0\
\0\xde\x41\0\0\x02\0\0\0\x20\0\0\0\xe9\x41\0\0\x60\0\0\0\x40\0\0\x1f\xf4\x41\0\
\0\x60\0\0\0\x5f\0\0\x01\xfc\x41\0\0\x60\0\0\0\x60\0\0\0\0\0\0\0\0\0\0\x03\0\0\
\0\0\x4d\0\0\0\x04\0\0\0\x0d\0\0\0\x0c\x42\0\0\x01\0\0\x04\x18\0\0\0\x13\x42\0\
\0\x63\x02\0\0\0\0\0\0\x15\x42\0\0\x02\0\0\x04\x08\0\0\0\x23\x42\0\0\x60\0\0\0\
\0\0\0\0\x88\x13\0\0\x60\0\0\0\x20\0\0\0\0\0\0\0\0\0\0\x03\0\0\0\0\x62\x02\0\0\
\x04\0\0\0\x03\0\0\0\0\0\0\0\0\0\0\x03\0\0\0\0\x60\0\0\0\x04\0\0\0\x03\0\0\0\
\x25\x42\0\0\x11\0\0\x84\x18\0\0\0\x3a\x42\0\0\x02\0\0\0\0\0\0\0\x4a\x42\0\0\
\x60\0\0\0\x20\0\0\0\x54\x42\0\0\x60\0\0\0\x40\0\0\0\x5e\x42\0\0\x60\0\0\0\x60\
\0\0\0\x68\x42\0\0\x5a\0\0\0\x80\0\0\x01\x73\x42\0\0\x5a\0\0\0\x81\0\0\x01\x7d\
\x42\0\0\x5a\0\0\0\x82\0\0\x01\x83\x42\0\0\x5a\0\0\0\x83\0\0\x01\x8d\x42\0\0\
\x5a\0\0\0\x84\0\0\x03\x95\x42\0\0\x5a\0\0\0\x87\0\0\x01\x9c\x42\0\0\x5a\0\0\0\
\x88\0\0\x04\xa7\x42\0\0\x5a\0\0\0\x8c\0\0\x04\xb2\x42\0\0\xa7\0\0\0\x90\0\0\
\x01\x0a\x07\0\0\xa7\0\0\0\x91\0\0\x07\xbe\x42\0\0\xa7\0\0\0\x98\0\0\0\xc8\x42\
\0\0\x5a\0\0\0\xa0\0\0\0\xd1\x42\0\0\x5a\0\0\0\xb0\0\0\0\0\0\0\0\x03\0\0\x04\
\x10\0\0\0\xdb\x42\0\0\x60\0\0\0\0\0\0\0\xc5\x06\0\0\x60\0\0\0\x20\0\0\0\xe2\
\x42\0\0\x4d\0\0\0\x40\0\0\0\0\0\0\0\x03\0\0\x04\x10\0\0\0\xe7\x42\0\0\x60\0\0\
\0\0\0\0\0\xc5\x06\0\0\x60\0\0\0\x20\0\0\0\xe2\x42\0\0\x4d\0\0\0\x40\0\0\0\xed\
\x42\0\0\x08\0\0\x84\x18\0\0\0\xf6\x42\0\0\x4d\0\0\0\0\0\0\0\xdb\x42\0\0\x60\0\
\0\0\x40\0\0\0\xc9\x06\0\0\x60\0\0\0\x60\0\0\0\xfd\x42\0\0\x60\0\0\0\x80\0\0\0\
\x0c\x43\0\0\xa7\0\0\0\xa0\0\0\0\x1a\x43\0\0\xa7\0\0\0\xa8\0\0\x05\x2a\x43\0\0\
\xa7\0\0\0\xad\0\0\x01\x35\x43\0\0\xa7\0\0\0\xae\0\0\x01\x3e\x43\0\0\x02\0\0\
\x04\x08\0\0\0\x4d\x43\0\0\x60\0\0\0\0\0\0\0\xc9\x06\0\0\x60\0\0\0\x20\0\0\0\0\
\0\0\0\0\0\0\x03\0\0\0\0\x69\x02\0\0\x04\0\0\0\x01\0\0\0\0\0\0\0\0\0\0\x03\0\0\
\0\0\x69\x02\0\0\x04\0\0\0\x04\0\0\0\0\0\0\0\x02\0\0\x04\x08\0\0\0\x57\x43\0\0\
\x60\0\0\0\0\0\0\0\x67\x43\0\0\x60\0\0\0\x20\0\0\0\0\0\0\0\0\0\0\x02\x6e\x02\0\
\0\0\0\0\0\x01\0\0\x0d\xc9\0\0\0\0\0\0\0\x6f\x02\0\0\0\0\0\0\0\0\0\x02\x70\x02\
\0\0\0\0\0\0\0\0\0\x0a\x78\0\0\0\0\0\0\0\0\0\0\x02\x72\x02\0\0\0\0\0\0\0\0\0\
\x0a\x06\x03\0\0\0\0\0\0\0\0\0\x02\x07\x03\0\0\0\0\0\0\0\0\0\x02\x08\x03\0\0\0\
\0\0\0\0\0\0\x02\x09\x03\0\0\0\0\0\0\0\0\0\x02\xda\x02\0\0\0\0\0\0\0\0\0\x02\
\x78\x02\0\0\x75\x43\0\0\x03\0\0\x04\xb8\0\0\0\x89\x43\0\0\x79\x02\0\0\0\0\0\0\
\x8e\x43\0\0\x4e\0\0\0\x40\x05\0\0\x7b\x3f\0\0\x4e\0\0\0\x80\x05\0\0\x9c\x43\0\
\0\0\0\0\x08\x28\x02\0\0\0\0\0\0\x01\0\0\x0d\x02\0\0\0\x85\x01\0\0\x77\x02\0\0\
\xaf\x43\0\0\x01\0\0\x0c\x7a\x02\0\0\0\0\0\0\x01\0\0\x0d\x02\0\0\0\xa2\x01\0\0\
\x47\0\0\0\xc3\x43\0\0\0\0\0\x0c\x7c\x02\0\0\0\0\0\0\0\0\0\x03\0\0\0\0\x50\0\0\
\0\x04\0\0\0\x0d\0\0\0\xe0\x43\0\0\0\0\0\x0e\x7e\x02\0\0\x01\0\0\0\0\0\0\0\0\0\
\0\x0a\x81\x02\0\0\x14\x06\0\0\0\0\0\x08\x56\0\0\0\xe8\x43\0\0\0\0\0\x0e\x80\
\x02\0\0\x01\0\0\0\0\0\0\0\0\0\0\x03\0\0\0\0\x5a\x01\0\0\x04\0\0\0\x1c\0\0\0\
\xed\x43\0\0\0\0\0\x0e\x83\x02\0\0\0\0\0\0\0\0\0\0\0\0\0\x03\0\0\0\0\x5a\x01\0\
\0\x04\0\0\0\x1b\0\0\0\x09\x44\0\0\0\0\0\x0e\x85\x02\0\0\0\0\0\0\0\0\0\0\0\0\0\
\x03\0\0\0\0\x5a\x01\0\0\x04\0\0\0\x20\0\0\0\x27\x44\0\0\0\0\0\x0e\x87\x02\0\0\
\0\0\0\0\x48\x44\0\0\0\0\0\x0e\x85\x02\0\0\0\0\0\0\x66\x44\0\0\0\0\0\x0e\x87\
\x02\0\0\0\0\0\0\x80\x1f\0\0\0\0\0\x07\0\0\0\0\x8b\x44\0\0\0\0\0\x07\0\0\0\0\
\x9a\x44\0\0\0\0\0\x07\0\0\0\0\x73\x16\0\0\0\0\0\x07\0\0\0\0\xf0\x10\0\0\0\0\0\
\x07\0\0\0\0\xa9\x44\0\0\0\0\0\x07\0\0\0\0\xb8\x44\0\0\0\0\0\x07\0\0\0\0\xc6\
\x44\0\0\0\0\0\x07\0\0\0\0\x1b\x2f\0\0\0\0\0\x07\0\0\0\0\xcf\x44\0\0\0\0\0\x07\
\0\0\0\0\xd5\x44\0\0\0\0\0\x07\0\0\0\0\xe8\x44\0\0\0\0\0\x07\0\0\0\0\xf7\x44\0\
\0\0\0\0\x07\0\0\0\0\x94\x26\0\0\0\0\0\x07\0\0\0\0\x07\x45\0\0\0\0\0\x07\0\0\0\
\0\x11\x45\0\0\0\0\0\x07\0\0\0\0\x1f\x45\0\0\0\0\0\x07\0\0\0\0\x38\x45\0\0\0\0\
\0\x07\0\0\0\0\x44\x45\0\0\0\0\0\x07\0\0\0\0\x52\x45\0\0\0\0\0\x07\0\0\0\0\x5b\
\x45\0\0\0\0\0\x07\0\0\0\0\x65\x45\0\0\0\0\0\x07\0\0\0\0\x73\x45\0\0\0\0\0\x07\
\0\0\0\0\x83\x45\0\0\0\0\0\x07\0\0\0\0\x93\x45\0\0\0\0\0\x07\0\0\0\0\xa2\x45\0\
\0\0\0\0\x07\0\0\0\0\xad\x45\0\0\0\0\0\x07\0\0\0\0\xb1\x45\0\0\0\0\0\x07\0\0\0\
\0\xbd\x45\0\0\0\0\0\x07\0\0\0\0\xca\x45\0\0\0\0\0\x07\0\0\0\0\xd5\x45\0\0\0\0\
\0\x07\0\0\0\0\xe1\x45\0\0\0\0\0\x07\0\0\0\0\xef\x45\0\0\0\0\0\x07\0\0\0\0\x01\
\x46\0\0\0\0\0\x07\0\0\0\0\x0b\x46\0\0\0\0\0\x07\0\0\0\0\x08\x30\0\0\0\0\0\x07\
\0\0\0\0\x14\x46\0\0\0\0\0\x07\0\0\0\0\x29\x46\0\0\0\0\0\x07\0\0\0\0\xde\x31\0\
\0\0\0\0\x07\0\0\0\0\xe6\x31\0\0\0\0\0\x07\0\0\0\0\xd5\x1a\0\0\0\0\0\x07\0\0\0\
\0\x38\x46\0\0\0\0\0\x07\0\0\0\0\x35\x32\0\0\0\0\0\x07\0\0\0\0\x43\x46\0\0\0\0\
\0\x07\0\0\0\0\x4f\x46\0\0\0\0\0\x07\0\0\0\0\x58\x46\0\0\0\0\0\x07\0\0\0\0\x65\
\x46\0\0\0\0\0\x07\0\0\0\0\x6b\x46\0\0\0\0\0\x07\0\0\0\0\x6f\x46\0\0\0\0\0\x07\
\0\0\0\0\x78\x46\0\0\0\0\0\x07\0\0\0\0\x88\x46\0\0\0\0\0\x07\0\0\0\0\x94\x46\0\
\0\0\0\0\x07\0\0\0\0\xa5\x46\0\0\0\0\0\x07\0\0\0\0\xb1\x46\0\0\0\0\0\x07\0\0\0\
\0\xc1\x46\0\0\0\0\0\x07\0\0\0\0\xd2\x46\0\0\0\0\0\x07\0\0\0\0\xa5\x19\0\0\0\0\
\0\x07\0\0\0\0\xb6\x19\0\0\0\0\0\x07\0\0\0\0\xde\x46\0\0\0\0\0\x07\0\0\0\0\xf4\
\x46\0\0\0\0\0\x07\0\0\0\0\x03\x47\0\0\0\0\0\x07\0\0\0\0\xb4\x1a\0\0\0\0\0\x07\
\0\0\0\0\xc0\x1a\0\0\0\0\0\x07\0\0\0\0\xcb\x1a\0\0\0\0\0\x07\0\0\0\0\xe1\x1a\0\
\0\0\0\0\x07\0\0\0\0\x12\x47\0\0\0\0\0\x07\0\0\0\0\xc6\x1b\0\0\0\0\0\x07\0\0\0\
\0\x1c\x47\0\0\0\0\0\x07\0\0\0\0\x25\x47\0\0\0\0\0\x07\0\0\0\0\x30\x47\0\0\0\0\
\0\x07\0\0\0\0\x40\x47\0\0\0\0\0\x07\0\0\0\0\x4c\x47\0\0\0\0\0\x07\0\0\0\0\x5b\
\x47\0\0\0\0\0\x07\0\0\0\0\x71\x47\0\0\0\0\0\x07\0\0\0\0\xf2\x25\0\0\0\0\0\x07\
\0\0\0\0\xc8\x13\0\0\0\0\0\x07\0\0\0\0\x7c\x47\0\0\0\0\0\x07\0\0\0\0\x83\x47\0\
\0\0\0\0\x07\0\0\0\0\x8d\x47\0\0\0\0\0\x07\0\0\0\0\xaa\x3c\0\0\0\0\0\x07\0\0\0\
\0\x9a\x47\0\0\0\0\0\x07\0\0\0\0\xb2\x47\0\0\0\0\0\x07\0\0\0\0\xbc\x47\0\0\0\0\
\0\x07\0\0\0\0\xd2\x09\0\0\0\0\0\x07\0\0\0\0\xc9\x47\0\0\0\0\0\x07\0\0\0\0\x07\
\x26\0\0\0\0\0\x07\0\0\0\0\xd8\x47\0\0\0\0\0\x07\0\0\0\0\xe2\x47\0\0\0\0\0\x07\
\0\0\0\0\xfb\x47\0\0\0\0\0\x07\0\0\0\0\x07\x48\0\0\0\0\0\x07\0\0\0\0\x19\x48\0\
\0\0\0\0\x07\0\0\0\0\x25\x48\0\0\0\0\0\x07\0\0\0\0\x38\x48\0\0\0\0\0\x07\0\0\0\
\0\x4d\x48\0\0\0\0\0\x07\0\0\0\0\x57\x48\0\0\0\0\0\x07\0\0\0\0\x67\x48\0\0\0\0\
\0\x07\0\0\0\0\xd8\x16\0\0\0\0\0\x07\0\0\0\0\x5b\x1e\0\0\0\0\0\x07\0\0\0\0\xdc\
\x1e\0\0\0\0\0\x07\0\0\0\0\x74\x48\0\0\0\0\0\x07\0\0\0\0\x81\x48\0\0\0\0\0\x07\
\0\0\0\0\x8a\x48\0\0\0\0\0\x07\0\0\0\0\x93\x48\0\0\0\0\0\x07\0\0\0\0\x9c\x48\0\
\0\0\0\0\x07\0\0\0\0\xaf\x48\0\0\0\0\0\x07\0\0\0\0\xdf\x1d\0\0\0\0\0\x07\0\0\0\
\0\xc0\x48\0\0\0\0\0\x07\0\0\0\0\xd0\x48\0\0\0\0\0\x07\0\0\0\0\xe6\x48\0\0\0\0\
\0\x07\0\0\0\0\xe7\x1e\0\0\0\0\0\x07\0\0\0\0\xf5\x48\0\0\0\0\0\x07\0\0\0\0\x0a\
\x49\0\0\0\0\0\x07\0\0\0\0\x17\x49\0\0\0\0\0\x07\0\0\0\0\x8d\x1f\0\0\0\0\0\x07\
\0\0\0\0\x27\x49\0\0\0\0\0\x07\0\0\0\0\x35\x49\0\0\0\0\0\x07\0\0\0\0\x3d\x49\0\
\0\0\0\0\x07\0\0\0\0\x48\x49\0\0\0\0\0\x07\0\0\0\0\x57\x49\0\0\0\0\0\x07\0\0\0\
\0\x66\x49\0\0\0\0\0\x07\0\0\0\0\x77\x49\0\0\0\0\0\x07\0\0\0\0\x89\x49\0\0\0\0\
\0\x07\0\0\0\0\xa5\x49\0\0\0\0\0\x07\0\0\0\0\xb1\x49\0\0\0\0\0\x07\0\0\0\0\xc1\
\x49\0\0\0\0\0\x07\0\0\0\0\xd1\x49\0\0\0\0\0\x07\0\0\0\0\xdd\x49\0\0\0\0\0\x07\
\0\0\0\0\x6a\x69\0\0\x01\0\0\x0f\x0d\0\0\0\x7f\x02\0\0\0\0\0\0\x0d\0\0\0\x72\
\x69\0\0\x06\0\0\x0f\x96\0\0\0\x82\x02\0\0\0\0\0\0\x04\0\0\0\x84\x02\0\0\x04\0\
\0\0\x1c\0\0\0\x86\x02\0\0\x20\0\0\0\x1b\0\0\0\x88\x02\0\0\x3b\0\0\0\x20\0\0\0\
\x89\x02\0\0\x5b\0\0\0\x1b\0\0\0\x8a\x02\0\0\x76\0\0\0\x20\0\0\0\x7a\x69\0\0\
\x09\0\0\x0f\xe0\0\0\0\x0c\0\0\0\0\0\0\0\x20\0\0\0\x12\0\0\0\x20\0\0\0\x10\0\0\
\0\x18\0\0\0\x30\0\0\0\x20\0\0\0\x1e\0\0\0\x50\0\0\0\x20\0\0\0\x22\0\0\0\x70\0\
\0\0\x20\0\0\0\x24\0\0\0\x90\0\0\0\x20\0\0\0\x28\0\0\0\xb0\0\0\0\x10\0\0\0\x2c\
\0\0\0\xc0\0\0\0\x10\0\0\0\x2d\0\0\0\xd0\0\0\0\x10\0\0\0\0\x69\x6e\x74\0\x5f\
\x5f\x41\x52\x52\x41\x59\x5f\x53\x49\x5a\x45\x5f\x54\x59\x50\x45\x5f\x5f\0\x74\
\x79\x70\x65\0\x6b\x65\x79\x5f\x73\x69\x7a\x65\0\x76\x61\x6c\x75\x65\x5f\x73\
\x69\x7a\x65\0\x6d\x61\x78\x5f\x65\x6e\x74\x72\x69\x65\x73\0\x74\x63\x70\x72\
\x74\x74\x5f\x6d\x61\x70\0\x74\x63\x70\x72\x74\x74\x5f\x62\x75\x66\x66\x65\x72\
\0\x6e\x65\x74\x5f\x6c\x61\x74\x65\x6e\x63\x79\x5f\x73\x74\x61\x72\x74\0\x69\
\x70\x76\x34\x5f\x74\x6f\x70\x5f\x6d\x61\x70\0\x69\x70\x76\x36\x5f\x74\x6f\x70\
\x5f\x6d\x61\x70\0\x74\x6f\x70\x5f\x73\x6f\x63\x6b\x5f\x73\x74\x6f\x72\x65\0\
\x6e\x65\x74\x5f\x6c\x61\x74\x65\x6e\x63\x79\x5f\x62\x75\x66\x66\x65\x72\0\x74\
\x63\x70\x74\x6f\x70\x5f\x62\x75\x66\x66\x65\x72\0\x74\x63\x70\x72\x65\x74\x72\
\x61\x6e\x73\x5f\x62\x75\x66\x66\x65\x72\0\x74\x63\x70\x5f\x72\x65\x74\x72\x61\
\x6e\x73\x6d\x69\x74\x5f\x73\x6b\x62\x5f\x65\x76\x65\x6e\x74\0\x63\x6f\x6d\x6d\
\x6f\x6e\x5f\x74\x79\x70\x65\0\x63\x6f\x6d\x6d\x6f\x6e\x5f\x66\x6c\x61\x67\x73\
\0\x63\x6f\x6d\x6d\x6f\x6e\x5f\x70\x72\x65\x65\x6d\x70\x74\x5f\x63\x6f\x75\x6e\
\x74\0\x63\x6f\x6d\x6d\x6f\x6e\x5f\x70\x69\x64\0\x73\x6b\x62\x61\x64\x64\x72\0\
\x73\x6b\x61\x64\x64\x72\0\x73\x74\x61\x74\x65\0\x73\x70\x6f\x72\x74\0\x64\x70\
\x6f\x72\x74\0\x66\x61\x6d\x69\x6c\x79\0\x73\x61\x64\x64\x72\0\x64\x61\x64\x64\
\x72\0\x73\x61\x64\x64\x72\x5f\x76\x36\0\x64\x61\x64\x64\x72\x5f\x76\x36\0\x75\
\x6e\x73\x69\x67\x6e\x65\x64\x20\x73\x68\x6f\x72\x74\0\x75\x6e\x73\x69\x67\x6e\
\x65\x64\x20\x63\x68\x61\x72\0\x5f\x5f\x75\x31\x36\0\x5f\x5f\x75\x38\0\x63\x74\
\x78\0\x74\x72\x61\x63\x65\x5f\x72\x65\x74\x72\x61\x6e\x73\x6d\x69\x74\0\x73\
\x6b\x5f\x62\x75\x66\x66\0\x73\x6b\0\x63\x62\0\x5f\x6e\x66\x63\x74\0\x6c\x65\
\x6e\0\x64\x61\x74\x61\x5f\x6c\x65\x6e\0\x6d\x61\x63\x5f\x6c\x65\x6e\0\x68\x64\
\x72\x5f\x6c\x65\x6e\0\x71\x75\x65\x75\x65\x5f\x6d\x61\x70\x70\x69\x6e\x67\0\
\x5f\x5f\x63\x6c\x6f\x6e\x65\x64\x5f\x6f\x66\x66\x73\x65\x74\0\x63\x6c\x6f\x6e\
\x65\x64\0\x6e\x6f\x68\x64\x72\0\x66\x63\x6c\x6f\x6e\x65\0\x70\x65\x65\x6b\x65\
\x64\0\x68\x65\x61\x64\x5f\x66\x72\x61\x67\0\x70\x66\x6d\x65\x6d\x61\x6c\x6c\
\x6f\x63\0\x70\x70\x5f\x72\x65\x63\x79\x63\x6c\x65\0\x61\x63\x74\x69\x76\x65\
\x5f\x65\x78\x74\x65\x6e\x73\x69\x6f\x6e\x73\0\x74\x61\x69\x6c\0\x65\x6e\x64\0\
\x68\x65\x61\x64\0\x64\x61\x74\x61\0\x74\x72\x75\x65\x73\x69\x7a\x65\0\x75\x73\
\x65\x72\x73\0\x65\x78\x74\x65\x6e\x73\x69\x6f\x6e\x73\0\x72\x62\x6e\x6f\x64\
\x65\0\x6c\x69\x73\x74\0\x6c\x6c\x5f\x6e\x6f\x64\x65\0\x6e\x65\x78\x74\0\x70\
\x72\x65\x76\0\x64\x65\x76\0\x64\x65\x76\x5f\x73\x63\x72\x61\x74\x63\x68\0\x75\
\x6e\x73\x69\x67\x6e\x65\x64\x20\x6c\x6f\x6e\x67\0\x72\x62\x5f\x6e\x6f\x64\x65\
\0\x5f\x5f\x72\x62\x5f\x70\x61\x72\x65\x6e\x74\x5f\x63\x6f\x6c\x6f\x72\0\x72\
\x62\x5f\x72\x69\x67\x68\x74\0\x72\x62\x5f\x6c\x65\x66\x74\0\x6c\x69\x73\x74\
\x5f\x68\x65\x61\x64\0\x6c\x6c\x69\x73\x74\x5f\x6e\x6f\x64\x65\0\x74\x73\x74\
\x61\x6d\x70\0\x73\x6b\x62\x5f\x6d\x73\x74\x61\x6d\x70\x5f\x6e\x73\0\x6b\x74\
\x69\x6d\x65\x5f\x74\0\x73\x36\x34\0\x5f\x5f\x73\x36\x34\0\x6c\x6f\x6e\x67\x20\
\x6c\x6f\x6e\x67\0\x75\x36\x34\0\x5f\x5f\x75\x36\x34\0\x75\x6e\x73\x69\x67\x6e\
\x65\x64\x20\x6c\x6f\x6e\x67\x20\x6c\x6f\x6e\x67\0\x63\x68\x61\x72\0\x74\x63\
\x70\x5f\x74\x73\x6f\x72\x74\x65\x64\x5f\x61\x6e\x63\x68\x6f\x72\0\x5f\x73\x6b\
\x5f\x72\x65\x64\x69\x72\0\x5f\x73\x6b\x62\x5f\x72\x65\x66\x64\x73\x74\0\x64\
\x65\x73\x74\x72\x75\x63\x74\x6f\x72\0\x75\x6e\x73\x69\x67\x6e\x65\x64\x20\x69\
\x6e\x74\0\x68\x65\x61\x64\x65\x72\x73\0\x5f\x5f\x70\x6b\x74\x5f\x74\x79\x70\
\x65\x5f\x6f\x66\x66\x73\x65\x74\0\x70\x6b\x74\x5f\x74\x79\x70\x65\0\x69\x67\
\x6e\x6f\x72\x65\x5f\x64\x66\0\x64\x73\x74\x5f\x70\x65\x6e\x64\x69\x6e\x67\x5f\
\x63\x6f\x6e\x66\x69\x72\x6d\0\x69\x70\x5f\x73\x75\x6d\x6d\x65\x64\0\x6f\x6f\
\x6f\x5f\x6f\x6b\x61\x79\0\x5f\x5f\x6d\x6f\x6e\x6f\x5f\x74\x63\x5f\x6f\x66\x66\
\x73\x65\x74\0\x74\x73\x74\x61\x6d\x70\x5f\x74\x79\x70\x65\0\x74\x63\x5f\x61\
\x74\x5f\x69\x6e\x67\x72\x65\x73\x73\0\x74\x63\x5f\x73\x6b\x69\x70\x5f\x63\x6c\
\x61\x73\x73\x69\x66\x79\0\x72\x65\x6d\x63\x73\x75\x6d\x5f\x6f\x66\x66\x6c\x6f\
\x61\x64\0\x63\x73\x75\x6d\x5f\x63\x6f\x6d\x70\x6c\x65\x74\x65\x5f\x73\x77\0\
\x63\x73\x75\x6d\x5f\x6c\x65\x76\x65\x6c\0\x69\x6e\x6e\x65\x72\x5f\x70\x72\x6f\
\x74\x6f\x63\x6f\x6c\x5f\x74\x79\x70\x65\0\x6c\x34\x5f\x68\x61\x73\x68\0\x73\
\x77\x5f\x68\x61\x73\x68\0\x77\x69\x66\x69\x5f\x61\x63\x6b\x65\x64\x5f\x76\x61\
\x6c\x69\x64\0\x77\x69\x66\x69\x5f\x61\x63\x6b\x65\x64\0\x6e\x6f\x5f\x66\x63\
\x73\0\x65\x6e\x63\x61\x70\x73\x75\x6c\x61\x74\x69\x6f\x6e\0\x65\x6e\x63\x61\
\x70\x5f\x68\x64\x72\x5f\x63\x73\x75\x6d\0\x63\x73\x75\x6d\x5f\x76\x61\x6c\x69\
\x64\0\x6e\x64\x69\x73\x63\x5f\x6e\x6f\x64\x65\x74\x79\x70\x65\0\x69\x70\x76\
\x73\x5f\x70\x72\x6f\x70\x65\x72\x74\x79\0\x6e\x66\x5f\x74\x72\x61\x63\x65\0\
\x6f\x66\x66\x6c\x6f\x61\x64\x5f\x66\x77\x64\x5f\x6d\x61\x72\x6b\0\x6f\x66\x66\
\x6c\x6f\x61\x64\x5f\x6c\x33\x5f\x66\x77\x64\x5f\x6d\x61\x72\x6b\0\x72\x65\x64\
\x69\x72\x65\x63\x74\x65\x64\0\x66\x72\x6f\x6d\x5f\x69\x6e\x67\x72\x65\x73\x73\
\0\x6e\x66\x5f\x73\x6b\x69\x70\x5f\x65\x67\x72\x65\x73\x73\0\x64\x65\x63\x72\
\x79\x70\x74\x65\x64\0\x73\x6c\x6f\x77\x5f\x67\x72\x6f\0\x63\x73\x75\x6d\x5f\
\x6e\x6f\x74\x5f\x69\x6e\x65\x74\0\x75\x6e\x72\x65\x61\x64\x61\x62\x6c\x65\0\
\x74\x63\x5f\x69\x6e\x64\x65\x78\0\x61\x6c\x6c\x6f\x63\x5f\x63\x70\x75\0\x70\
\x72\x69\x6f\x72\x69\x74\x79\0\x73\x6b\x62\x5f\x69\x69\x66\0\x68\x61\x73\x68\0\
\x73\x65\x63\x6d\x61\x72\x6b\0\x69\x6e\x6e\x65\x72\x5f\x74\x72\x61\x6e\x73\x70\
\x6f\x72\x74\x5f\x68\x65\x61\x64\x65\x72\0\x69\x6e\x6e\x65\x72\x5f\x6e\x65\x74\
\x77\x6f\x72\x6b\x5f\x68\x65\x61\x64\x65\x72\0\x69\x6e\x6e\x65\x72\x5f\x6d\x61\
\x63\x5f\x68\x65\x61\x64\x65\x72\0\x70\x72\x6f\x74\x6f\x63\x6f\x6c\0\x74\x72\
\x61\x6e\x73\x70\x6f\x72\x74\x5f\x68\x65\x61\x64\x65\x72\0\x6e\x65\x74\x77\x6f\
\x72\x6b\x5f\x68\x65\x61\x64\x65\x72\0\x6d\x61\x63\x5f\x68\x65\x61\x64\x65\x72\
\0\x75\x31\x36\0\x63\x73\x75\x6d\0\x5f\x5f\x77\x73\x75\x6d\0\x5f\x5f\x75\x33\
\x32\0\x63\x73\x75\x6d\x5f\x73\x74\x61\x72\x74\0\x63\x73\x75\x6d\x5f\x6f\x66\
\x66\x73\x65\x74\0\x76\x6c\x61\x6e\x5f\x61\x6c\x6c\0\x75\x33\x32\0\x76\x6c\x61\
\x6e\x5f\x70\x72\x6f\x74\x6f\0\x76\x6c\x61\x6e\x5f\x74\x63\x69\0\x5f\x5f\x62\
\x65\x31\x36\0\x6e\x61\x70\x69\x5f\x69\x64\0\x73\x65\x6e\x64\x65\x72\x5f\x63\
\x70\x75\0\x6d\x61\x72\x6b\0\x72\x65\x73\x65\x72\x76\x65\x64\x5f\x74\x61\x69\
\x6c\x72\x6f\x6f\x6d\0\x69\x6e\x6e\x65\x72\x5f\x70\x72\x6f\x74\x6f\x63\x6f\x6c\
\0\x69\x6e\x6e\x65\x72\x5f\x69\x70\x70\x72\x6f\x74\x6f\0\x73\x6b\x5f\x62\x75\
\x66\x66\x5f\x64\x61\x74\x61\x5f\x74\0\x72\x65\x66\x63\x6f\x75\x6e\x74\x5f\x74\
\0\x72\x65\x66\x63\x6f\x75\x6e\x74\x5f\x73\x74\x72\x75\x63\x74\0\x72\x65\x66\
\x73\0\x61\x74\x6f\x6d\x69\x63\x5f\x74\0\x63\x6f\x75\x6e\x74\x65\x72\0\x74\x63\
\x70\x5f\x73\x6b\x62\x5f\x63\x62\0\x73\x65\x71\0\x65\x6e\x64\x5f\x73\x65\x71\0\
\x74\x63\x70\x5f\x66\x6c\x61\x67\x73\0\x73\x61\x63\x6b\x65\x64\0\x69\x70\x5f\
\x64\x73\x66\x69\x65\x6c\x64\0\x74\x78\x73\x74\x61\x6d\x70\x5f\x61\x63\x6b\0\
\x65\x6f\x72\0\x68\x61\x73\x5f\x72\x78\x74\x73\x74\x61\x6d\x70\0\x75\x6e\x75\
\x73\x65\x64\0\x61\x63\x6b\x5f\x73\x65\x71\0\x74\x63\x70\x5f\x67\x73\x6f\x5f\
\x73\x65\x67\x73\0\x74\x63\x70\x5f\x67\x73\x6f\x5f\x73\x69\x7a\x65\0\x74\x78\0\
\x68\x65\x61\x64\x65\x72\0\x69\x73\x5f\x61\x70\x70\x5f\x6c\x69\x6d\x69\x74\x65\
\x64\0\x64\x65\x6c\x69\x76\x65\x72\x65\x64\x5f\x63\x65\0\x64\x65\x6c\x69\x76\
\x65\x72\x65\x64\0\x66\x69\x72\x73\x74\x5f\x74\x78\x5f\x6d\x73\x74\x61\x6d\x70\
\0\x64\x65\x6c\x69\x76\x65\x72\x65\x64\x5f\x6d\x73\x74\x61\x6d\x70\0\x68\x34\0\
\x68\x36\0\x69\x6e\x65\x74\x5f\x73\x6b\x62\x5f\x70\x61\x72\x6d\0\x69\x69\x66\0\
\x6f\x70\x74\0\x66\x6c\x61\x67\x73\0\x66\x72\x61\x67\x5f\x6d\x61\x78\x5f\x73\
\x69\x7a\x65\0\x69\x70\x5f\x6f\x70\x74\x69\x6f\x6e\x73\0\x66\x61\x64\x64\x72\0\
\x6e\x65\x78\x74\x68\x6f\x70\0\x6f\x70\x74\x6c\x65\x6e\0\x73\x72\x72\0\x72\x72\
\0\x74\x73\0\x69\x73\x5f\x73\x74\x72\x69\x63\x74\x72\x6f\x75\x74\x65\0\x73\x72\
\x72\x5f\x69\x73\x5f\x68\x69\x74\0\x69\x73\x5f\x63\x68\x61\x6e\x67\x65\x64\0\
\x72\x72\x5f\x6e\x65\x65\x64\x61\x64\x64\x72\0\x74\x73\x5f\x6e\x65\x65\x64\x74\
\x69\x6d\x65\0\x74\x73\x5f\x6e\x65\x65\x64\x61\x64\x64\x72\0\x72\x6f\x75\x74\
\x65\x72\x5f\x61\x6c\x65\x72\x74\0\x63\x69\x70\x73\x6f\0\x5f\x5f\x70\x61\x64\
\x32\0\x5f\x5f\x64\x61\x74\x61\0\x5f\x5f\x62\x65\x33\x32\0\x69\x6e\x65\x74\x36\
\x5f\x73\x6b\x62\x5f\x70\x61\x72\x6d\0\x72\x61\0\x64\x73\x74\x30\0\x73\x72\x63\
\x72\x74\0\x64\x73\x74\x31\0\x6c\x61\x73\x74\x6f\x70\x74\0\x6e\x68\x6f\x66\x66\
\0\x64\x73\x74\x68\x61\x6f\0\x73\x72\x68\x6f\x66\x66\0\x73\x6f\x63\x6b\0\x5f\
\x5f\x73\x6b\x5f\x63\x6f\x6d\x6d\x6f\x6e\0\x5f\x5f\x63\x61\x63\x68\x65\x6c\x69\
\x6e\x65\x5f\x67\x72\x6f\x75\x70\x5f\x62\x65\x67\x69\x6e\x5f\x5f\x73\x6f\x63\
\x6b\x5f\x77\x72\x69\x74\x65\x5f\x72\x78\0\x73\x6b\x5f\x64\x72\x6f\x70\x73\0\
\x73\x6b\x5f\x70\x65\x65\x6b\x5f\x6f\x66\x66\0\x73\x6b\x5f\x65\x72\x72\x6f\x72\
\x5f\x71\x75\x65\x75\x65\0\x73\x6b\x5f\x72\x65\x63\x65\x69\x76\x65\x5f\x71\x75\
\x65\x75\x65\0\x73\x6b\x5f\x62\x61\x63\x6b\x6c\x6f\x67\0\x5f\x5f\x63\x61\x63\
\x68\x65\x6c\x69\x6e\x65\x5f\x67\x72\x6f\x75\x70\x5f\x65\x6e\x64\x5f\x5f\x73\
\x6f\x63\x6b\x5f\x77\x72\x69\x74\x65\x5f\x72\x78\0\x5f\x5f\x63\x61\x63\x68\x65\
\x6c\x69\x6e\x65\x5f\x67\x72\x6f\x75\x70\x5f\x62\x65\x67\x69\x6e\x5f\x5f\x73\
\x6f\x63\x6b\x5f\x72\x65\x61\x64\x5f\x72\x78\0\x73\x6b\x5f\x72\x78\x5f\x64\x73\
\x74\0\x73\x6b\x5f\x72\x78\x5f\x64\x73\x74\x5f\x69\x66\x69\x6e\x64\x65\x78\0\
\x73\x6b\x5f\x72\x78\x5f\x64\x73\x74\x5f\x63\x6f\x6f\x6b\x69\x65\0\x73\x6b\x5f\
\x6c\x6c\x5f\x75\x73\x65\x63\0\x73\x6b\x5f\x6e\x61\x70\x69\x5f\x69\x64\0\x73\
\x6b\x5f\x62\x75\x73\x79\x5f\x70\x6f\x6c\x6c\x5f\x62\x75\x64\x67\x65\x74\0\x73\
\x6b\x5f\x70\x72\x65\x66\x65\x72\x5f\x62\x75\x73\x79\x5f\x70\x6f\x6c\x6c\0\x73\
\x6b\x5f\x75\x73\x65\x72\x6c\x6f\x63\x6b\x73\0\x73\x6b\x5f\x72\x63\x76\x62\x75\
\x66\0\x73\x6b\x5f\x66\x69\x6c\x74\x65\x72\0\x73\x6b\x5f\x64\x61\x74\x61\x5f\
\x72\x65\x61\x64\x79\0\x73\x6b\x5f\x72\x63\x76\x74\x69\x6d\x65\x6f\0\x73\x6b\
\x5f\x72\x63\x76\x6c\x6f\x77\x61\x74\0\x5f\x5f\x63\x61\x63\x68\x65\x6c\x69\x6e\
\x65\x5f\x67\x72\x6f\x75\x70\x5f\x65\x6e\x64\x5f\x5f\x73\x6f\x63\x6b\x5f\x72\
\x65\x61\x64\x5f\x72\x78\0\x5f\x5f\x63\x61\x63\x68\x65\x6c\x69\x6e\x65\x5f\x67\
\x72\x6f\x75\x70\x5f\x62\x65\x67\x69\x6e\x5f\x5f\x73\x6f\x63\x6b\x5f\x72\x65\
\x61\x64\x5f\x72\x78\x74\x78\0\x73\x6b\x5f\x65\x72\x72\0\x73\x6b\x5f\x73\x6f\
\x63\x6b\x65\x74\0\x73\x6b\x5f\x6d\x65\x6d\x63\x67\0\x73\x6b\x5f\x70\x6f\x6c\
\x69\x63\x79\0\x5f\x5f\x63\x61\x63\x68\x65\x6c\x69\x6e\x65\x5f\x67\x72\x6f\x75\
\x70\x5f\x65\x6e\x64\x5f\x5f\x73\x6f\x63\x6b\x5f\x72\x65\x61\x64\x5f\x72\x78\
\x74\x78\0\x5f\x5f\x63\x61\x63\x68\x65\x6c\x69\x6e\x65\x5f\x67\x72\x6f\x75\x70\
\x5f\x62\x65\x67\x69\x6e\x5f\x5f\x73\x6f\x63\x6b\x5f\x77\x72\x69\x74\x65\x5f\
\x72\x78\x74\x78\0\x73\x6b\x5f\x6c\x6f\x63\x6b\0\x73\x6b\x5f\x72\x65\x73\x65\
\x72\x76\x65\x64\x5f\x6d\x65\x6d\0\x73\x6b\x5f\x66\x6f\x72\x77\x61\x72\x64\x5f\
\x61\x6c\x6c\x6f\x63\0\x73\x6b\x5f\x74\x73\x66\x6c\x61\x67\x73\0\x5f\x5f\x63\
\x61\x63\x68\x65\x6c\x69\x6e\x65\x5f\x67\x72\x6f\x75\x70\x5f\x65\x6e\x64\x5f\
\x5f\x73\x6f\x63\x6b\x5f\x77\x72\x69\x74\x65\x5f\x72\x78\x74\x78\0\x5f\x5f\x63\
\x61\x63\x68\x65\x6c\x69\x6e\x65\x5f\x67\x72\x6f\x75\x70\x5f\x62\x65\x67\x69\
\x6e\x5f\x5f\x73\x6f\x63\x6b\x5f\x77\x72\x69\x74\x65\x5f\x74\x78\0\x73\x6b\x5f\
\x77\x72\x69\x74\x65\x5f\x70\x65\x6e\x64\x69\x6e\x67\0\x73\x6b\x5f\x6f\x6d\x65\
\x6d\x5f\x61\x6c\x6c\x6f\x63\0\x73\x6b\x5f\x73\x6e\x64\x62\x75\x66\0\x73\x6b\
\x5f\x77\x6d\x65\x6d\x5f\x71\x75\x65\x75\x65\x64\0\x73\x6b\x5f\x77\x6d\x65\x6d\
\x5f\x61\x6c\x6c\x6f\x63\0\x73\x6b\x5f\x74\x73\x71\x5f\x66\x6c\x61\x67\x73\0\
\x73\x6b\x5f\x77\x72\x69\x74\x65\x5f\x71\x75\x65\x75\x65\0\x73\x6b\x5f\x64\x73\
\x74\x5f\x70\x65\x6e\x64\x69\x6e\x67\x5f\x63\x6f\x6e\x66\x69\x72\x6d\0\x73\x6b\
\x5f\x70\x61\x63\x69\x6e\x67\x5f\x73\x74\x61\x74\x75\x73\0\x73\x6b\x5f\x66\x72\
\x61\x67\0\x73\x6b\x5f\x74\x69\x6d\x65\x72\0\x73\x6b\x5f\x70\x61\x63\x69\x6e\
\x67\x5f\x72\x61\x74\x65\0\x73\x6b\x5f\x7a\x63\x6b\x65\x79\0\x73\x6b\x5f\x74\
\x73\x6b\x65\x79\0\x5f\x5f\x63\x61\x63\x68\x65\x6c\x69\x6e\x65\x5f\x67\x72\x6f\
\x75\x70\x5f\x65\x6e\x64\x5f\x5f\x73\x6f\x63\x6b\x5f\x77\x72\x69\x74\x65\x5f\
\x74\x78\0\x5f\x5f\x63\x61\x63\x68\x65\x6c\x69\x6e\x65\x5f\x67\x72\x6f\x75\x70\
\x5f\x62\x65\x67\x69\x6e\x5f\x5f\x73\x6f\x63\x6b\x5f\x72\x65\x61\x64\x5f\x74\
\x78\0\x73\x6b\x5f\x6d\x61\x78\x5f\x70\x61\x63\x69\x6e\x67\x5f\x72\x61\x74\x65\
\0\x73\x6b\x5f\x73\x6e\x64\x74\x69\x6d\x65\x6f\0\x73\x6b\x5f\x70\x72\x69\x6f\
\x72\x69\x74\x79\0\x73\x6b\x5f\x6d\x61\x72\x6b\0\x73\x6b\x5f\x64\x73\x74\x5f\
\x63\x61\x63\x68\x65\0\x73\x6b\x5f\x72\x6f\x75\x74\x65\x5f\x63\x61\x70\x73\0\
\x73\x6b\x5f\x76\x61\x6c\x69\x64\x61\x74\x65\x5f\x78\x6d\x69\x74\x5f\x73\x6b\
\x62\0\x73\x6b\x5f\x67\x73\x6f\x5f\x74\x79\x70\x65\0\x73\x6b\x5f\x67\x73\x6f\
\x5f\x6d\x61\x78\x5f\x73\x65\x67\x73\0\x73\x6b\x5f\x67\x73\x6f\x5f\x6d\x61\x78\
\x5f\x73\x69\x7a\x65\0\x73\x6b\x5f\x61\x6c\x6c\x6f\x63\x61\x74\x69\x6f\x6e\0\
\x73\x6b\x5f\x74\x78\x68\x61\x73\x68\0\x73\x6b\x5f\x70\x61\x63\x69\x6e\x67\x5f\
\x73\x68\x69\x66\x74\0\x73\x6b\x5f\x75\x73\x65\x5f\x74\x61\x73\x6b\x5f\x66\x72\
\x61\x67\0\x5f\x5f\x63\x61\x63\x68\x65\x6c\x69\x6e\x65\x5f\x67\x72\x6f\x75\x70\
\x5f\x65\x6e\x64\x5f\x5f\x73\x6f\x63\x6b\x5f\x72\x65\x61\x64\x5f\x74\x78\0\x73\
\x6b\x5f\x67\x73\x6f\x5f\x64\x69\x73\x61\x62\x6c\x65\x64\0\x73\x6b\x5f\x6b\x65\
\x72\x6e\x5f\x73\x6f\x63\x6b\0\x73\x6b\x5f\x6e\x6f\x5f\x63\x68\x65\x63\x6b\x5f\
\x74\x78\0\x73\x6b\x5f\x6e\x6f\x5f\x63\x68\x65\x63\x6b\x5f\x72\x78\0\x73\x6b\
\x5f\x73\x68\x75\x74\x64\x6f\x77\x6e\0\x73\x6b\x5f\x74\x79\x70\x65\0\x73\x6b\
\x5f\x70\x72\x6f\x74\x6f\x63\x6f\x6c\0\x73\x6b\x5f\x6c\x69\x6e\x67\x65\x72\x74\
\x69\x6d\x65\0\x73\x6b\x5f\x70\x72\x6f\x74\x5f\x63\x72\x65\x61\x74\x6f\x72\0\
\x73\x6b\x5f\x63\x61\x6c\x6c\x62\x61\x63\x6b\x5f\x6c\x6f\x63\x6b\0\x73\x6b\x5f\
\x65\x72\x72\x5f\x73\x6f\x66\x74\0\x73\x6b\x5f\x61\x63\x6b\x5f\x62\x61\x63\x6b\
\x6c\x6f\x67\0\x73\x6b\x5f\x6d\x61\x78\x5f\x61\x63\x6b\x5f\x62\x61\x63\x6b\x6c\
\x6f\x67\0\x73\x6b\x5f\x75\x69\x64\0\x73\x6b\x5f\x70\x65\x65\x72\x5f\x6c\x6f\
\x63\x6b\0\x73\x6b\x5f\x62\x69\x6e\x64\x5f\x70\x68\x63\0\x73\x6b\x5f\x70\x65\
\x65\x72\x5f\x70\x69\x64\0\x73\x6b\x5f\x70\x65\x65\x72\x5f\x63\x72\x65\x64\0\
\x73\x6b\x5f\x73\x74\x61\x6d\x70\0\x73\x6b\x5f\x64\x69\x73\x63\x6f\x6e\x6e\x65\
\x63\x74\x73\0\x73\x6b\x5f\x74\x78\x72\x65\x68\x61\x73\x68\0\x73\x6b\x5f\x63\
\x6c\x6f\x63\x6b\x69\x64\0\x73\x6b\x5f\x74\x78\x74\x69\x6d\x65\x5f\x64\x65\x61\
\x64\x6c\x69\x6e\x65\x5f\x6d\x6f\x64\x65\0\x73\x6b\x5f\x74\x78\x74\x69\x6d\x65\
\x5f\x72\x65\x70\x6f\x72\x74\x5f\x65\x72\x72\x6f\x72\x73\0\x73\x6b\x5f\x74\x78\
\x74\x69\x6d\x65\x5f\x75\x6e\x75\x73\x65\x64\0\x73\x6b\x5f\x75\x73\x65\x72\x5f\
\x64\x61\x74\x61\0\x73\x6b\x5f\x73\x65\x63\x75\x72\x69\x74\x79\0\x73\x6b\x5f\
\x63\x67\x72\x70\x5f\x64\x61\x74\x61\0\x73\x6b\x5f\x73\x74\x61\x74\x65\x5f\x63\
\x68\x61\x6e\x67\x65\0\x73\x6b\x5f\x77\x72\x69\x74\x65\x5f\x73\x70\x61\x63\x65\
\0\x73\x6b\x5f\x65\x72\x72\x6f\x72\x5f\x72\x65\x70\x6f\x72\x74\0\x73\x6b\x5f\
\x62\x61\x63\x6b\x6c\x6f\x67\x5f\x72\x63\x76\0\x73\x6b\x5f\x64\x65\x73\x74\x72\
\x75\x63\x74\0\x73\x6b\x5f\x72\x65\x75\x73\x65\x70\x6f\x72\x74\x5f\x63\x62\0\
\x73\x6b\x5f\x62\x70\x66\x5f\x73\x74\x6f\x72\x61\x67\x65\0\x73\x6b\x5f\x72\x63\
\x75\0\x6e\x73\x5f\x74\x72\x61\x63\x6b\x65\x72\0\x73\x6b\x5f\x75\x73\x65\x72\
\x5f\x66\x72\x61\x67\x73\0\x73\x6f\x63\x6b\x5f\x63\x6f\x6d\x6d\x6f\x6e\0\x73\
\x6b\x63\x5f\x66\x61\x6d\x69\x6c\x79\0\x73\x6b\x63\x5f\x73\x74\x61\x74\x65\0\
\x73\x6b\x63\x5f\x72\x65\x75\x73\x65\0\x73\x6b\x63\x5f\x72\x65\x75\x73\x65\x70\
\x6f\x72\x74\0\x73\x6b\x63\x5f\x69\x70\x76\x36\x6f\x6e\x6c\x79\0\x73\x6b\x63\
\x5f\x6e\x65\x74\x5f\x72\x65\x66\x63\x6e\x74\0\x73\x6b\x63\x5f\x62\x6f\x75\x6e\
\x64\x5f\x64\x65\x76\x5f\x69\x66\0\x73\x6b\x63\x5f\x70\x72\x6f\x74\0\x73\x6b\
\x63\x5f\x6e\x65\x74\0\x73\x6b\x63\x5f\x76\x36\x5f\x64\x61\x64\x64\x72\0\x73\
\x6b\x63\x5f\x76\x36\x5f\x72\x63\x76\x5f\x73\x61\x64\x64\x72\0\x73\x6b\x63\x5f\
\x63\x6f\x6f\x6b\x69\x65\0\x73\x6b\x63\x5f\x64\x6f\x6e\x74\x63\x6f\x70\x79\x5f\
\x62\x65\x67\x69\x6e\0\x73\x6b\x63\x5f\x74\x78\x5f\x71\x75\x65\x75\x65\x5f\x6d\
\x61\x70\x70\x69\x6e\x67\0\x73\x6b\x63\x5f\x72\x78\x5f\x71\x75\x65\x75\x65\x5f\
\x6d\x61\x70\x70\x69\x6e\x67\0\x73\x6b\x63\x5f\x72\x65\x66\x63\x6e\x74\0\x73\
\x6b\x63\x5f\x64\x6f\x6e\x74\x63\x6f\x70\x79\x5f\x65\x6e\x64\0\x73\x6b\x63\x5f\
\x61\x64\x64\x72\x70\x61\x69\x72\0\x5f\x5f\x61\x64\x64\x72\x70\x61\x69\x72\0\
\x73\x6b\x63\x5f\x64\x61\x64\x64\x72\0\x73\x6b\x63\x5f\x72\x63\x76\x5f\x73\x61\
\x64\x64\x72\0\x73\x6b\x63\x5f\x68\x61\x73\x68\0\x73\x6b\x63\x5f\x75\x31\x36\
\x68\x61\x73\x68\x65\x73\0\x73\x6b\x63\x5f\x70\x6f\x72\x74\x70\x61\x69\x72\0\
\x5f\x5f\x70\x6f\x72\x74\x70\x61\x69\x72\0\x73\x6b\x63\x5f\x64\x70\x6f\x72\x74\
\0\x73\x6b\x63\x5f\x6e\x75\x6d\0\x73\x6b\x63\x5f\x62\x69\x6e\x64\x5f\x6e\x6f\
\x64\x65\0\x73\x6b\x63\x5f\x70\x6f\x72\x74\x61\x64\x64\x72\x5f\x6e\x6f\x64\x65\
\0\x68\x6c\x69\x73\x74\x5f\x6e\x6f\x64\x65\0\x70\x70\x72\x65\x76\0\x70\x6f\x73\
\x73\x69\x62\x6c\x65\x5f\x6e\x65\x74\x5f\x74\0\x6e\x65\x74\0\x69\x6e\x36\x5f\
\x61\x64\x64\x72\0\x69\x6e\x36\x5f\x75\0\x75\x36\x5f\x61\x64\x64\x72\x38\0\x75\
\x36\x5f\x61\x64\x64\x72\x31\x36\0\x75\x36\x5f\x61\x64\x64\x72\x33\x32\0\x61\
\x74\x6f\x6d\x69\x63\x36\x34\x5f\x74\0\x73\x6b\x63\x5f\x66\x6c\x61\x67\x73\0\
\x73\x6b\x63\x5f\x6c\x69\x73\x74\x65\x6e\x65\x72\0\x73\x6b\x63\x5f\x74\x77\x5f\
\x64\x72\0\x73\x6b\x63\x5f\x6e\x6f\x64\x65\0\x73\x6b\x63\x5f\x6e\x75\x6c\x6c\
\x73\x5f\x6e\x6f\x64\x65\0\x68\x6c\x69\x73\x74\x5f\x6e\x75\x6c\x6c\x73\x5f\x6e\
\x6f\x64\x65\0\x73\x6b\x63\x5f\x69\x6e\x63\x6f\x6d\x69\x6e\x67\x5f\x63\x70\x75\
\0\x73\x6b\x63\x5f\x72\x63\x76\x5f\x77\x6e\x64\0\x73\x6b\x63\x5f\x74\x77\x5f\
\x72\x63\x76\x5f\x6e\x78\x74\0\x73\x6b\x63\x5f\x72\x78\x68\x61\x73\x68\0\x73\
\x6b\x63\x5f\x77\x69\x6e\x64\x6f\x77\x5f\x63\x6c\x61\x6d\x70\0\x73\x6b\x63\x5f\
\x74\x77\x5f\x73\x6e\x64\x5f\x6e\x78\x74\0\x5f\x5f\x73\x33\x32\0\x73\x6b\x5f\
\x62\x75\x66\x66\x5f\x68\x65\x61\x64\0\x71\x6c\x65\x6e\0\x6c\x6f\x63\x6b\0\x73\
\x6b\x5f\x62\x75\x66\x66\x5f\x6c\x69\x73\x74\0\x73\x70\x69\x6e\x6c\x6f\x63\x6b\
\x5f\x74\0\x73\x70\x69\x6e\x6c\x6f\x63\x6b\0\x72\x6c\x6f\x63\x6b\0\x72\x61\x77\
\x5f\x73\x70\x69\x6e\x6c\x6f\x63\x6b\0\x72\x61\x77\x5f\x6c\x6f\x63\x6b\0\x61\
\x72\x63\x68\x5f\x73\x70\x69\x6e\x6c\x6f\x63\x6b\x5f\x74\0\x71\x73\x70\x69\x6e\
\x6c\x6f\x63\x6b\0\x76\x61\x6c\0\x6c\x6f\x63\x6b\x65\x64\0\x70\x65\x6e\x64\x69\
\x6e\x67\0\x75\x38\0\x6c\x6f\x63\x6b\x65\x64\x5f\x70\x65\x6e\x64\x69\x6e\x67\0\
\x72\x6d\x65\x6d\x5f\x61\x6c\x6c\x6f\x63\0\x73\x6b\x5f\x77\x71\0\x73\x6b\x5f\
\x77\x71\x5f\x72\x61\x77\0\x6c\x6f\x6e\x67\0\x78\x66\x72\x6d\x5f\x70\x6f\x6c\
\x69\x63\x79\0\x78\x70\x5f\x6e\x65\x74\0\x62\x79\x64\x73\x74\0\x62\x79\x69\x64\
\x78\0\x72\x65\x66\x63\x6e\x74\0\x70\x6f\x73\0\x74\x69\x6d\x65\x72\0\x67\x65\
\x6e\x69\x64\0\x69\x6e\x64\x65\x78\0\x69\x66\x5f\x69\x64\0\x73\x65\x6c\x65\x63\
\x74\x6f\x72\0\x6c\x66\x74\0\x63\x75\x72\x6c\x66\x74\0\x77\x61\x6c\x6b\0\x70\
\x6f\x6c\x71\0\x62\x79\x64\x73\x74\x5f\x72\x65\x69\x6e\x73\x65\x72\x74\0\x61\
\x63\x74\x69\x6f\x6e\0\x78\x66\x72\x6d\x5f\x6e\x72\0\x73\x65\x63\x75\x72\x69\
\x74\x79\0\x78\x66\x72\x6d\x5f\x76\x65\x63\0\x72\x63\x75\0\x78\x64\x6f\0\x72\
\x77\x6c\x6f\x63\x6b\x5f\x74\0\x61\x72\x63\x68\x5f\x72\x77\x6c\x6f\x63\x6b\x5f\
\x74\0\x71\x72\x77\x6c\x6f\x63\x6b\0\x77\x61\x69\x74\x5f\x6c\x6f\x63\x6b\0\x63\
\x6e\x74\x73\0\x77\x6c\x6f\x63\x6b\x65\x64\0\x5f\x5f\x6c\x73\x74\x61\x74\x65\0\
\x74\x69\x6d\x65\x72\x5f\x6c\x69\x73\x74\0\x65\x6e\x74\x72\x79\0\x65\x78\x70\
\x69\x72\x65\x73\0\x66\x75\x6e\x63\x74\x69\x6f\x6e\0\x78\x66\x72\x6d\x5f\x6d\
\x61\x72\x6b\0\x76\0\x6d\0\x78\x66\x72\x6d\x5f\x73\x65\x6c\x65\x63\x74\x6f\x72\
\0\x64\x70\x6f\x72\x74\x5f\x6d\x61\x73\x6b\0\x73\x70\x6f\x72\x74\x5f\x6d\x61\
\x73\x6b\0\x70\x72\x65\x66\x69\x78\x6c\x65\x6e\x5f\x64\0\x70\x72\x65\x66\x69\
\x78\x6c\x65\x6e\x5f\x73\0\x70\x72\x6f\x74\x6f\0\x69\x66\x69\x6e\x64\x65\x78\0\
\x75\x73\x65\x72\0\x78\x66\x72\x6d\x5f\x61\x64\x64\x72\x65\x73\x73\x5f\x74\0\
\x61\x34\0\x61\x36\0\x69\x6e\x36\0\x5f\x5f\x6b\x65\x72\x6e\x65\x6c\x5f\x75\x69\
\x64\x33\x32\x5f\x74\0\x78\x66\x72\x6d\x5f\x6c\x69\x66\x65\x74\x69\x6d\x65\x5f\
\x63\x66\x67\0\x73\x6f\x66\x74\x5f\x62\x79\x74\x65\x5f\x6c\x69\x6d\x69\x74\0\
\x68\x61\x72\x64\x5f\x62\x79\x74\x65\x5f\x6c\x69\x6d\x69\x74\0\x73\x6f\x66\x74\
\x5f\x70\x61\x63\x6b\x65\x74\x5f\x6c\x69\x6d\x69\x74\0\x68\x61\x72\x64\x5f\x70\
\x61\x63\x6b\x65\x74\x5f\x6c\x69\x6d\x69\x74\0\x73\x6f\x66\x74\x5f\x61\x64\x64\
\x5f\x65\x78\x70\x69\x72\x65\x73\x5f\x73\x65\x63\x6f\x6e\x64\x73\0\x68\x61\x72\
\x64\x5f\x61\x64\x64\x5f\x65\x78\x70\x69\x72\x65\x73\x5f\x73\x65\x63\x6f\x6e\
\x64\x73\0\x73\x6f\x66\x74\x5f\x75\x73\x65\x5f\x65\x78\x70\x69\x72\x65\x73\x5f\
\x73\x65\x63\x6f\x6e\x64\x73\0\x68\x61\x72\x64\x5f\x75\x73\x65\x5f\x65\x78\x70\
\x69\x72\x65\x73\x5f\x73\x65\x63\x6f\x6e\x64\x73\0\x78\x66\x72\x6d\x5f\x6c\x69\
\x66\x65\x74\x69\x6d\x65\x5f\x63\x75\x72\0\x62\x79\x74\x65\x73\0\x70\x61\x63\
\x6b\x65\x74\x73\0\x61\x64\x64\x5f\x74\x69\x6d\x65\0\x75\x73\x65\x5f\x74\x69\
\x6d\x65\0\x78\x66\x72\x6d\x5f\x70\x6f\x6c\x69\x63\x79\x5f\x77\x61\x6c\x6b\x5f\
\x65\x6e\x74\x72\x79\0\x61\x6c\x6c\0\x64\x65\x61\x64\0\x78\x66\x72\x6d\x5f\x70\
\x6f\x6c\x69\x63\x79\x5f\x71\x75\x65\x75\x65\0\x68\x6f\x6c\x64\x5f\x71\x75\x65\
\x75\x65\0\x68\x6f\x6c\x64\x5f\x74\x69\x6d\x65\x72\0\x74\x69\x6d\x65\x6f\x75\
\x74\0\x62\x6f\x6f\x6c\0\x5f\x42\x6f\x6f\x6c\0\x78\x66\x72\x6d\x5f\x74\x6d\x70\
\x6c\0\x69\x64\0\x65\x6e\x63\x61\x70\x5f\x66\x61\x6d\x69\x6c\x79\0\x72\x65\x71\
\x69\x64\0\x6d\x6f\x64\x65\0\x73\x68\x61\x72\x65\0\x6f\x70\x74\x69\x6f\x6e\x61\
\x6c\0\x61\x6c\x6c\x61\x6c\x67\x73\0\x61\x61\x6c\x67\x6f\x73\0\x65\x61\x6c\x67\
\x6f\x73\0\x63\x61\x6c\x67\x6f\x73\0\x78\x66\x72\x6d\x5f\x69\x64\0\x73\x70\x69\
\0\x63\x61\x6c\x6c\x62\x61\x63\x6b\x5f\x68\x65\x61\x64\0\x66\x75\x6e\x63\0\x78\
\x66\x72\x6d\x5f\x64\x65\x76\x5f\x6f\x66\x66\x6c\x6f\x61\x64\0\x64\x65\x76\x5f\
\x74\x72\x61\x63\x6b\x65\x72\0\x72\x65\x61\x6c\x5f\x64\x65\x76\0\x6f\x66\x66\
\x6c\x6f\x61\x64\x5f\x68\x61\x6e\x64\x6c\x65\0\x64\x69\x72\0\x6e\x65\x74\x64\
\x65\x76\x69\x63\x65\x5f\x74\x72\x61\x63\x6b\x65\x72\0\x73\x6f\x63\x6b\x65\x74\
\x5f\x6c\x6f\x63\x6b\x5f\x74\0\x73\x6c\x6f\x63\x6b\0\x6f\x77\x6e\x65\x64\0\x77\
\x71\0\x77\x61\x69\x74\x5f\x71\x75\x65\x75\x65\x5f\x68\x65\x61\x64\x5f\x74\0\
\x77\x61\x69\x74\x5f\x71\x75\x65\x75\x65\x5f\x68\x65\x61\x64\0\x73\x6b\x5f\x73\
\x65\x6e\x64\x5f\x68\x65\x61\x64\0\x74\x63\x70\x5f\x72\x74\x78\x5f\x71\x75\x65\
\x75\x65\0\x72\x62\x5f\x72\x6f\x6f\x74\0\x70\x61\x67\x65\x5f\x66\x72\x61\x67\0\
\x70\x61\x67\x65\0\x6f\x66\x66\x73\x65\x74\0\x73\x69\x7a\x65\0\x6e\x65\x74\x64\
\x65\x76\x5f\x66\x65\x61\x74\x75\x72\x65\x73\x5f\x74\0\x6e\x65\x74\x5f\x64\x65\
\x76\x69\x63\x65\0\x5f\x5f\x63\x61\x63\x68\x65\x6c\x69\x6e\x65\x5f\x67\x72\x6f\
\x75\x70\x5f\x62\x65\x67\x69\x6e\x5f\x5f\x6e\x65\x74\x5f\x64\x65\x76\x69\x63\
\x65\x5f\x72\x65\x61\x64\x5f\x74\x78\0\x6e\x65\x74\x64\x65\x76\x5f\x6f\x70\x73\
\0\x68\x65\x61\x64\x65\x72\x5f\x6f\x70\x73\0\x5f\x74\x78\0\x67\x73\x6f\x5f\x70\
\x61\x72\x74\x69\x61\x6c\x5f\x66\x65\x61\x74\x75\x72\x65\x73\0\x72\x65\x61\x6c\
\x5f\x6e\x75\x6d\x5f\x74\x78\x5f\x71\x75\x65\x75\x65\x73\0\x67\x73\x6f\x5f\x6d\
\x61\x78\x5f\x73\x69\x7a\x65\0\x67\x73\x6f\x5f\x69\x70\x76\x34\x5f\x6d\x61\x78\
\x5f\x73\x69\x7a\x65\0\x67\x73\x6f\x5f\x6d\x61\x78\x5f\x73\x65\x67\x73\0\x6e\
\x75\x6d\x5f\x74\x63\0\x6d\x74\x75\0\x6e\x65\x65\x64\x65\x64\x5f\x68\x65\x61\
\x64\x72\x6f\x6f\x6d\0\x74\x63\x5f\x74\x6f\x5f\x74\x78\x71\0\x78\x70\x73\x5f\
\x6d\x61\x70\x73\0\x6e\x66\x5f\x68\x6f\x6f\x6b\x73\x5f\x65\x67\x72\x65\x73\x73\
\0\x74\x63\x78\x5f\x65\x67\x72\x65\x73\x73\0\x5f\x5f\x63\x61\x63\x68\x65\x6c\
\x69\x6e\x65\x5f\x67\x72\x6f\x75\x70\x5f\x65\x6e\x64\x5f\x5f\x6e\x65\x74\x5f\
\x64\x65\x76\x69\x63\x65\x5f\x72\x65\x61\x64\x5f\x74\x78\0\x5f\x5f\x63\x61\x63\
\x68\x65\x6c\x69\x6e\x65\x5f\x67\x72\x6f\x75\x70\x5f\x62\x65\x67\x69\x6e\x5f\
\x5f\x6e\x65\x74\x5f\x64\x65\x76\x69\x63\x65\x5f\x72\x65\x61\x64\x5f\x74\x78\
\x72\x78\0\x68\x61\x72\x64\x5f\x68\x65\x61\x64\x65\x72\x5f\x6c\x65\x6e\0\x66\
\x65\x61\x74\x75\x72\x65\x73\0\x69\x70\x36\x5f\x70\x74\x72\0\x5f\x5f\x63\x61\
\x63\x68\x65\x6c\x69\x6e\x65\x5f\x67\x72\x6f\x75\x70\x5f\x65\x6e\x64\x5f\x5f\
\x6e\x65\x74\x5f\x64\x65\x76\x69\x63\x65\x5f\x72\x65\x61\x64\x5f\x74\x78\x72\
\x78\0\x5f\x5f\x63\x61\x63\x68\x65\x6c\x69\x6e\x65\x5f\x67\x72\x6f\x75\x70\x5f\
\x62\x65\x67\x69\x6e\x5f\x5f\x6e\x65\x74\x5f\x64\x65\x76\x69\x63\x65\x5f\x72\
\x65\x61\x64\x5f\x72\x78\0\x78\x64\x70\x5f\x70\x72\x6f\x67\0\x70\x74\x79\x70\
\x65\x5f\x73\x70\x65\x63\x69\x66\x69\x63\0\x72\x65\x61\x6c\x5f\x6e\x75\x6d\x5f\
\x72\x78\x5f\x71\x75\x65\x75\x65\x73\0\x5f\x72\x78\0\x67\x72\x6f\x5f\x66\x6c\
\x75\x73\x68\x5f\x74\x69\x6d\x65\x6f\x75\x74\0\x6e\x61\x70\x69\x5f\x64\x65\x66\
\x65\x72\x5f\x68\x61\x72\x64\x5f\x69\x72\x71\x73\0\x67\x72\x6f\x5f\x6d\x61\x78\
\x5f\x73\x69\x7a\x65\0\x67\x72\x6f\x5f\x69\x70\x76\x34\x5f\x6d\x61\x78\x5f\x73\
\x69\x7a\x65\0\x72\x78\x5f\x68\x61\x6e\x64\x6c\x65\x72\0\x72\x78\x5f\x68\x61\
\x6e\x64\x6c\x65\x72\x5f\x64\x61\x74\x61\0\x6e\x64\x5f\x6e\x65\x74\0\x6e\x70\
\x69\x6e\x66\x6f\0\x74\x63\x78\x5f\x69\x6e\x67\x72\x65\x73\x73\0\x5f\x5f\x63\
\x61\x63\x68\x65\x6c\x69\x6e\x65\x5f\x67\x72\x6f\x75\x70\x5f\x65\x6e\x64\x5f\
\x5f\x6e\x65\x74\x5f\x64\x65\x76\x69\x63\x65\x5f\x72\x65\x61\x64\x5f\x72\x78\0\
\x6e\x61\x6d\x65\0\x6e\x61\x6d\x65\x5f\x6e\x6f\x64\x65\0\x69\x66\x61\x6c\x69\
\x61\x73\0\x6d\x65\x6d\x5f\x65\x6e\x64\0\x6d\x65\x6d\x5f\x73\x74\x61\x72\x74\0\
\x62\x61\x73\x65\x5f\x61\x64\x64\x72\0\x64\x65\x76\x5f\x6c\x69\x73\x74\0\x6e\
\x61\x70\x69\x5f\x6c\x69\x73\x74\0\x75\x6e\x72\x65\x67\x5f\x6c\x69\x73\x74\0\
\x63\x6c\x6f\x73\x65\x5f\x6c\x69\x73\x74\0\x70\x74\x79\x70\x65\x5f\x61\x6c\x6c\
\0\x61\x64\x6a\x5f\x6c\x69\x73\x74\0\x78\x64\x70\x5f\x66\x65\x61\x74\x75\x72\
\x65\x73\0\x78\x64\x70\x5f\x6d\x65\x74\x61\x64\x61\x74\x61\x5f\x6f\x70\x73\0\
\x78\x73\x6b\x5f\x74\x78\x5f\x6d\x65\x74\x61\x64\x61\x74\x61\x5f\x6f\x70\x73\0\
\x67\x66\x6c\x61\x67\x73\0\x6e\x65\x65\x64\x65\x64\x5f\x74\x61\x69\x6c\x72\x6f\
\x6f\x6d\0\x68\x77\x5f\x66\x65\x61\x74\x75\x72\x65\x73\0\x77\x61\x6e\x74\x65\
\x64\x5f\x66\x65\x61\x74\x75\x72\x65\x73\0\x76\x6c\x61\x6e\x5f\x66\x65\x61\x74\
\x75\x72\x65\x73\0\x68\x77\x5f\x65\x6e\x63\x5f\x66\x65\x61\x74\x75\x72\x65\x73\
\0\x6d\x70\x6c\x73\x5f\x66\x65\x61\x74\x75\x72\x65\x73\0\x6d\x69\x6e\x5f\x6d\
\x74\x75\0\x6d\x61\x78\x5f\x6d\x74\x75\0\x6d\x69\x6e\x5f\x68\x65\x61\x64\x65\
\x72\x5f\x6c\x65\x6e\0\x6e\x61\x6d\x65\x5f\x61\x73\x73\x69\x67\x6e\x5f\x74\x79\
\x70\x65\0\x67\x72\x6f\x75\x70\0\x73\x74\x61\x74\x73\0\x63\x6f\x72\x65\x5f\x73\
\x74\x61\x74\x73\0\x63\x61\x72\x72\x69\x65\x72\x5f\x75\x70\x5f\x63\x6f\x75\x6e\
\x74\0\x63\x61\x72\x72\x69\x65\x72\x5f\x64\x6f\x77\x6e\x5f\x63\x6f\x75\x6e\x74\
\0\x77\x69\x72\x65\x6c\x65\x73\x73\x5f\x68\x61\x6e\x64\x6c\x65\x72\x73\0\x77\
\x69\x72\x65\x6c\x65\x73\x73\x5f\x64\x61\x74\x61\0\x65\x74\x68\x74\x6f\x6f\x6c\
\x5f\x6f\x70\x73\0\x6c\x33\x6d\x64\x65\x76\x5f\x6f\x70\x73\0\x6e\x64\x69\x73\
\x63\x5f\x6f\x70\x73\0\x78\x66\x72\x6d\x64\x65\x76\x5f\x6f\x70\x73\0\x74\x6c\
\x73\x64\x65\x76\x5f\x6f\x70\x73\0\x6f\x70\x65\x72\x73\x74\x61\x74\x65\0\x6c\
\x69\x6e\x6b\x5f\x6d\x6f\x64\x65\0\x69\x66\x5f\x70\x6f\x72\x74\0\x64\x6d\x61\0\
\x70\x65\x72\x6d\x5f\x61\x64\x64\x72\0\x61\x64\x64\x72\x5f\x61\x73\x73\x69\x67\
\x6e\x5f\x74\x79\x70\x65\0\x61\x64\x64\x72\x5f\x6c\x65\x6e\0\x75\x70\x70\x65\
\x72\x5f\x6c\x65\x76\x65\x6c\0\x6c\x6f\x77\x65\x72\x5f\x6c\x65\x76\x65\x6c\0\
\x6e\x65\x69\x67\x68\x5f\x70\x72\x69\x76\x5f\x6c\x65\x6e\0\x64\x65\x76\x5f\x69\
\x64\0\x64\x65\x76\x5f\x70\x6f\x72\x74\0\x69\x72\x71\0\x70\x72\x69\x76\x5f\x6c\
\x65\x6e\0\x61\x64\x64\x72\x5f\x6c\x69\x73\x74\x5f\x6c\x6f\x63\x6b\0\x75\x63\0\
\x6d\x63\0\x64\x65\x76\x5f\x61\x64\x64\x72\x73\0\x71\x75\x65\x75\x65\x73\x5f\
\x6b\x73\x65\x74\0\x70\x72\x6f\x6d\x69\x73\x63\x75\x69\x74\x79\0\x61\x6c\x6c\
\x6d\x75\x6c\x74\x69\0\x75\x63\x5f\x70\x72\x6f\x6d\x69\x73\x63\0\x69\x70\x5f\
\x70\x74\x72\0\x76\x6c\x61\x6e\x5f\x69\x6e\x66\x6f\0\x64\x73\x61\x5f\x70\x74\
\x72\0\x74\x69\x70\x63\x5f\x70\x74\x72\0\x61\x74\x61\x6c\x6b\x5f\x70\x74\x72\0\
\x61\x78\x32\x35\x5f\x70\x74\x72\0\x69\x65\x65\x65\x38\x30\x32\x31\x31\x5f\x70\
\x74\x72\0\x69\x65\x65\x65\x38\x30\x32\x31\x35\x34\x5f\x70\x74\x72\0\x6d\x70\
\x6c\x73\x5f\x70\x74\x72\0\x6d\x63\x74\x70\x5f\x70\x74\x72\0\x64\x65\x76\x5f\
\x61\x64\x64\x72\0\x6e\x75\x6d\x5f\x72\x78\x5f\x71\x75\x65\x75\x65\x73\0\x78\
\x64\x70\x5f\x7a\x63\x5f\x6d\x61\x78\x5f\x73\x65\x67\x73\0\x69\x6e\x67\x72\x65\
\x73\x73\x5f\x71\x75\x65\x75\x65\0\x6e\x66\x5f\x68\x6f\x6f\x6b\x73\x5f\x69\x6e\
\x67\x72\x65\x73\x73\0\x62\x72\x6f\x61\x64\x63\x61\x73\x74\0\x72\x78\x5f\x63\
\x70\x75\x5f\x72\x6d\x61\x70\0\x69\x6e\x64\x65\x78\x5f\x68\x6c\x69\x73\x74\0\
\x6e\x75\x6d\x5f\x74\x78\x5f\x71\x75\x65\x75\x65\x73\0\x71\x64\x69\x73\x63\0\
\x74\x78\x5f\x71\x75\x65\x75\x65\x5f\x6c\x65\x6e\0\x74\x78\x5f\x67\x6c\x6f\x62\
\x61\x6c\x5f\x6c\x6f\x63\x6b\0\x78\x64\x70\x5f\x62\x75\x6c\x6b\x71\0\x71\x64\
\x69\x73\x63\x5f\x68\x61\x73\x68\0\x77\x61\x74\x63\x68\x64\x6f\x67\x5f\x74\x69\
\x6d\x65\x72\0\x77\x61\x74\x63\x68\x64\x6f\x67\x5f\x74\x69\x6d\x65\x6f\0\x70\
\x72\x6f\x74\x6f\x5f\x64\x6f\x77\x6e\x5f\x72\x65\x61\x73\x6f\x6e\0\x74\x6f\x64\
\x6f\x5f\x6c\x69\x73\x74\0\x70\x63\x70\x75\x5f\x72\x65\x66\x63\x6e\x74\0\x72\
\x65\x66\x63\x6e\x74\x5f\x74\x72\x61\x63\x6b\x65\x72\0\x6c\x69\x6e\x6b\x5f\x77\
\x61\x74\x63\x68\x5f\x6c\x69\x73\x74\0\x72\x65\x67\x5f\x73\x74\x61\x74\x65\0\
\x64\x69\x73\x6d\x61\x6e\x74\x6c\x65\0\x72\x74\x6e\x6c\x5f\x6c\x69\x6e\x6b\x5f\
\x73\x74\x61\x74\x65\0\x6e\x65\x65\x64\x73\x5f\x66\x72\x65\x65\x5f\x6e\x65\x74\
\x64\x65\x76\0\x70\x72\x69\x76\x5f\x64\x65\x73\x74\x72\x75\x63\x74\x6f\x72\0\
\x6d\x6c\x5f\x70\x72\x69\x76\0\x6d\x6c\x5f\x70\x72\x69\x76\x5f\x74\x79\x70\x65\
\0\x70\x63\x70\x75\x5f\x73\x74\x61\x74\x5f\x74\x79\x70\x65\0\x67\x61\x72\x70\
\x5f\x70\x6f\x72\x74\0\x6d\x72\x70\x5f\x70\x6f\x72\x74\0\x64\x6d\x5f\x70\x72\
\x69\x76\x61\x74\x65\0\x73\x79\x73\x66\x73\x5f\x67\x72\x6f\x75\x70\x73\0\x73\
\x79\x73\x66\x73\x5f\x72\x78\x5f\x71\x75\x65\x75\x65\x5f\x67\x72\x6f\x75\x70\0\
\x72\x74\x6e\x6c\x5f\x6c\x69\x6e\x6b\x5f\x6f\x70\x73\0\x73\x74\x61\x74\x5f\x6f\
\x70\x73\0\x71\x75\x65\x75\x65\x5f\x6d\x67\x6d\x74\x5f\x6f\x70\x73\0\x74\x73\
\x6f\x5f\x6d\x61\x78\x5f\x73\x69\x7a\x65\0\x74\x73\x6f\x5f\x6d\x61\x78\x5f\x73\
\x65\x67\x73\0\x64\x63\x62\x6e\x6c\x5f\x6f\x70\x73\0\x70\x72\x69\x6f\x5f\x74\
\x63\x5f\x6d\x61\x70\0\x66\x63\x6f\x65\x5f\x64\x64\x70\x5f\x78\x69\x64\0\x70\
\x72\x69\x6f\x6d\x61\x70\0\x6c\x69\x6e\x6b\x5f\x74\x6f\x70\x6f\0\x70\x68\x79\
\x64\x65\x76\0\x73\x66\x70\x5f\x62\x75\x73\0\x71\x64\x69\x73\x63\x5f\x74\x78\
\x5f\x62\x75\x73\x79\x6c\x6f\x63\x6b\0\x70\x72\x6f\x74\x6f\x5f\x64\x6f\x77\x6e\
\0\x74\x68\x72\x65\x61\x64\x65\x64\0\x73\x65\x65\x5f\x61\x6c\x6c\x5f\x68\x77\
\x74\x73\x74\x61\x6d\x70\x5f\x72\x65\x71\x75\x65\x73\x74\x73\0\x63\x68\x61\x6e\
\x67\x65\x5f\x70\x72\x6f\x74\x6f\x5f\x64\x6f\x77\x6e\0\x6e\x65\x74\x6e\x73\x5f\
\x6c\x6f\x63\x61\x6c\0\x66\x63\x6f\x65\x5f\x6d\x74\x75\0\x6e\x65\x74\x5f\x6e\
\x6f\x74\x69\x66\x69\x65\x72\x5f\x6c\x69\x73\x74\0\x6d\x61\x63\x73\x65\x63\x5f\
\x6f\x70\x73\0\x75\x64\x70\x5f\x74\x75\x6e\x6e\x65\x6c\x5f\x6e\x69\x63\x5f\x69\
\x6e\x66\x6f\0\x75\x64\x70\x5f\x74\x75\x6e\x6e\x65\x6c\x5f\x6e\x69\x63\0\x65\
\x74\x68\x74\x6f\x6f\x6c\0\x78\x64\x70\x5f\x73\x74\x61\x74\x65\0\x64\x65\x76\
\x5f\x61\x64\x64\x72\x5f\x73\x68\x61\x64\x6f\x77\0\x6c\x69\x6e\x6b\x77\x61\x74\
\x63\x68\x5f\x64\x65\x76\x5f\x74\x72\x61\x63\x6b\x65\x72\0\x77\x61\x74\x63\x68\
\x64\x6f\x67\x5f\x64\x65\x76\x5f\x74\x72\x61\x63\x6b\x65\x72\0\x64\x65\x76\x5f\
\x72\x65\x67\x69\x73\x74\x65\x72\x65\x64\x5f\x74\x72\x61\x63\x6b\x65\x72\0\x6f\
\x66\x66\x6c\x6f\x61\x64\x5f\x78\x73\x74\x61\x74\x73\x5f\x6c\x33\0\x64\x65\x76\
\x6c\x69\x6e\x6b\x5f\x70\x6f\x72\x74\0\x64\x70\x6c\x6c\x5f\x70\x69\x6e\0\x70\
\x61\x67\x65\x5f\x70\x6f\x6f\x6c\x73\0\x69\x72\x71\x5f\x6d\x6f\x64\x65\x72\0\
\x70\x72\x69\x76\0\x70\x72\x69\x76\x5f\x66\x6c\x61\x67\x73\x5f\x66\x61\x73\x74\
\0\x70\x72\x69\x76\x5f\x66\x6c\x61\x67\x73\0\x6c\x6c\x74\x78\0\x73\x31\x36\0\
\x5f\x5f\x73\x31\x36\0\x73\x68\x6f\x72\x74\0\x6e\x65\x74\x64\x65\x76\x5f\x74\
\x63\x5f\x74\x78\x71\0\x63\x6f\x75\x6e\x74\0\x78\x70\x73\x5f\x64\x65\x76\x5f\
\x6d\x61\x70\x73\0\x6e\x72\x5f\x69\x64\x73\0\x61\x74\x74\x72\x5f\x6d\x61\x70\0\
\x78\x70\x73\x5f\x6d\x61\x70\0\x61\x6c\x6c\x6f\x63\x5f\x6c\x65\x6e\0\x71\x75\
\x65\x75\x65\x73\0\x6c\x73\x74\x61\x74\x73\0\x74\x73\x74\x61\x74\x73\0\x64\x73\
\x74\x61\x74\x73\0\x72\x78\x5f\x68\x61\x6e\x64\x6c\x65\x72\x5f\x66\x75\x6e\x63\
\x5f\x74\0\x72\x78\x5f\x68\x61\x6e\x64\x6c\x65\x72\x5f\x72\x65\x73\x75\x6c\x74\
\x5f\x74\0\x72\x78\x5f\x68\x61\x6e\x64\x6c\x65\x72\x5f\x72\x65\x73\x75\x6c\x74\
\0\x52\x58\x5f\x48\x41\x4e\x44\x4c\x45\x52\x5f\x43\x4f\x4e\x53\x55\x4d\x45\x44\
\0\x52\x58\x5f\x48\x41\x4e\x44\x4c\x45\x52\x5f\x41\x4e\x4f\x54\x48\x45\x52\0\
\x52\x58\x5f\x48\x41\x4e\x44\x4c\x45\x52\x5f\x45\x58\x41\x43\x54\0\x52\x58\x5f\
\x48\x41\x4e\x44\x4c\x45\x52\x5f\x50\x41\x53\x53\0\x75\x70\x70\x65\x72\0\x6c\
\x6f\x77\x65\x72\0\x78\x64\x70\x5f\x66\x65\x61\x74\x75\x72\x65\x73\x5f\x74\0\
\x6e\x65\x74\x5f\x64\x65\x76\x69\x63\x65\x5f\x73\x74\x61\x74\x73\0\x72\x78\x5f\
\x70\x61\x63\x6b\x65\x74\x73\0\x5f\x5f\x72\x78\x5f\x70\x61\x63\x6b\x65\x74\x73\
\0\x61\x74\x6f\x6d\x69\x63\x5f\x6c\x6f\x6e\x67\x5f\x74\0\x74\x78\x5f\x70\x61\
\x63\x6b\x65\x74\x73\0\x5f\x5f\x74\x78\x5f\x70\x61\x63\x6b\x65\x74\x73\0\x72\
\x78\x5f\x62\x79\x74\x65\x73\0\x5f\x5f\x72\x78\x5f\x62\x79\x74\x65\x73\0\x74\
\x78\x5f\x62\x79\x74\x65\x73\0\x5f\x5f\x74\x78\x5f\x62\x79\x74\x65\x73\0\x72\
\x78\x5f\x65\x72\x72\x6f\x72\x73\0\x5f\x5f\x72\x78\x5f\x65\x72\x72\x6f\x72\x73\
\0\x74\x78\x5f\x65\x72\x72\x6f\x72\x73\0\x5f\x5f\x74\x78\x5f\x65\x72\x72\x6f\
\x72\x73\0\x72\x78\x5f\x64\x72\x6f\x70\x70\x65\x64\0\x5f\x5f\x72\x78\x5f\x64\
\x72\x6f\x70\x70\x65\x64\0\x74\x78\x5f\x64\x72\x6f\x70\x70\x65\x64\0\x5f\x5f\
\x74\x78\x5f\x64\x72\x6f\x70\x70\x65\x64\0\x6d\x75\x6c\x74\x69\x63\x61\x73\x74\
\0\x5f\x5f\x6d\x75\x6c\x74\x69\x63\x61\x73\x74\0\x63\x6f\x6c\x6c\x69\x73\x69\
\x6f\x6e\x73\0\x5f\x5f\x63\x6f\x6c\x6c\x69\x73\x69\x6f\x6e\x73\0\x72\x78\x5f\
\x6c\x65\x6e\x67\x74\x68\x5f\x65\x72\x72\x6f\x72\x73\0\x5f\x5f\x72\x78\x5f\x6c\
\x65\x6e\x67\x74\x68\x5f\x65\x72\x72\x6f\x72\x73\0\x72\x78\x5f\x6f\x76\x65\x72\
\x5f\x65\x72\x72\x6f\x72\x73\0\x5f\x5f\x72\x78\x5f\x6f\x76\x65\x72\x5f\x65\x72\
\x72\x6f\x72\x73\0\x72\x78\x5f\x63\x72\x63\x5f\x65\x72\x72\x6f\x72\x73\0\x5f\
\x5f\x72\x78\x5f\x63\x72\x63\x5f\x65\x72\x72\x6f\x72\x73\0\x72\x78\x5f\x66\x72\
\x61\x6d\x65\x5f\x65\x72\x72\x6f\x72\x73\0\x5f\x5f\x72\x78\x5f\x66\x72\x61\x6d\
\x65\x5f\x65\x72\x72\x6f\x72\x73\0\x72\x78\x5f\x66\x69\x66\x6f\x5f\x65\x72\x72\
\x6f\x72\x73\0\x5f\x5f\x72\x78\x5f\x66\x69\x66\x6f\x5f\x65\x72\x72\x6f\x72\x73\
\0\x72\x78\x5f\x6d\x69\x73\x73\x65\x64\x5f\x65\x72\x72\x6f\x72\x73\0\x5f\x5f\
\x72\x78\x5f\x6d\x69\x73\x73\x65\x64\x5f\x65\x72\x72\x6f\x72\x73\0\x74\x78\x5f\
\x61\x62\x6f\x72\x74\x65\x64\x5f\x65\x72\x72\x6f\x72\x73\0\x5f\x5f\x74\x78\x5f\
\x61\x62\x6f\x72\x74\x65\x64\x5f\x65\x72\x72\x6f\x72\x73\0\x74\x78\x5f\x63\x61\
\x72\x72\x69\x65\x72\x5f\x65\x72\x72\x6f\x72\x73\0\x5f\x5f\x74\x78\x5f\x63\x61\
\x72\x72\x69\x65\x72\x5f\x65\x72\x72\x6f\x72\x73\0\x74\x78\x5f\x66\x69\x66\x6f\
\x5f\x65\x72\x72\x6f\x72\x73\0\x5f\x5f\x74\x78\x5f\x66\x69\x66\x6f\x5f\x65\x72\
\x72\x6f\x72\x73\0\x74\x78\x5f\x68\x65\x61\x72\x74\x62\x65\x61\x74\x5f\x65\x72\
\x72\x6f\x72\x73\0\x5f\x5f\x74\x78\x5f\x68\x65\x61\x72\x74\x62\x65\x61\x74\x5f\
\x65\x72\x72\x6f\x72\x73\0\x74\x78\x5f\x77\x69\x6e\x64\x6f\x77\x5f\x65\x72\x72\
\x6f\x72\x73\0\x5f\x5f\x74\x78\x5f\x77\x69\x6e\x64\x6f\x77\x5f\x65\x72\x72\x6f\
\x72\x73\0\x72\x78\x5f\x63\x6f\x6d\x70\x72\x65\x73\x73\x65\x64\0\x5f\x5f\x72\
\x78\x5f\x63\x6f\x6d\x70\x72\x65\x73\x73\x65\x64\0\x74\x78\x5f\x63\x6f\x6d\x70\
\x72\x65\x73\x73\x65\x64\0\x5f\x5f\x74\x78\x5f\x63\x6f\x6d\x70\x72\x65\x73\x73\
\x65\x64\0\x6e\x65\x74\x64\x65\x76\x5f\x68\x77\x5f\x61\x64\x64\x72\x5f\x6c\x69\
\x73\x74\0\x74\x72\x65\x65\0\x74\x69\x70\x63\x5f\x62\x65\x61\x72\x65\x72\0\x6d\
\x70\x6c\x73\x5f\x64\x65\x76\0\x68\x6c\x69\x73\x74\x5f\x68\x65\x61\x64\0\x66\
\x69\x72\x73\x74\0\x72\x65\x66\x5f\x74\x72\x61\x63\x6b\x65\x72\x5f\x64\x69\x72\
\0\x52\x54\x4e\x4c\x5f\x4c\x49\x4e\x4b\x5f\x49\x4e\x49\x54\x49\x41\x4c\x49\x5a\
\x45\x44\0\x52\x54\x4e\x4c\x5f\x4c\x49\x4e\x4b\x5f\x49\x4e\x49\x54\x49\x41\x4c\
\x49\x5a\x49\x4e\x47\0\x6e\x65\x74\x64\x65\x76\x5f\x6d\x6c\x5f\x70\x72\x69\x76\
\x5f\x74\x79\x70\x65\0\x4d\x4c\x5f\x50\x52\x49\x56\x5f\x4e\x4f\x4e\x45\0\x4d\
\x4c\x5f\x50\x52\x49\x56\x5f\x43\x41\x4e\0\x6e\x65\x74\x64\x65\x76\x5f\x73\x74\
\x61\x74\x5f\x74\x79\x70\x65\0\x4e\x45\x54\x44\x45\x56\x5f\x50\x43\x50\x55\x5f\
\x53\x54\x41\x54\x5f\x4e\x4f\x4e\x45\0\x4e\x45\x54\x44\x45\x56\x5f\x50\x43\x50\
\x55\x5f\x53\x54\x41\x54\x5f\x4c\x53\x54\x41\x54\x53\0\x4e\x45\x54\x44\x45\x56\
\x5f\x50\x43\x50\x55\x5f\x53\x54\x41\x54\x5f\x54\x53\x54\x41\x54\x53\0\x4e\x45\
\x54\x44\x45\x56\x5f\x50\x43\x50\x55\x5f\x53\x54\x41\x54\x5f\x44\x53\x54\x41\
\x54\x53\0\x64\x65\x76\x69\x63\x65\0\x6b\x6f\x62\x6a\0\x70\x61\x72\x65\x6e\x74\
\0\x70\0\x69\x6e\x69\x74\x5f\x6e\x61\x6d\x65\0\x62\x75\x73\0\x64\x72\x69\x76\
\x65\x72\0\x70\x6c\x61\x74\x66\x6f\x72\x6d\x5f\x64\x61\x74\x61\0\x64\x72\x69\
\x76\x65\x72\x5f\x64\x61\x74\x61\0\x6d\x75\x74\x65\x78\0\x6c\x69\x6e\x6b\x73\0\
\x70\x6f\x77\x65\x72\0\x70\x6d\x5f\x64\x6f\x6d\x61\x69\x6e\0\x65\x6d\x5f\x70\
\x64\0\x70\x69\x6e\x73\0\x6d\x73\x69\0\x64\x6d\x61\x5f\x6f\x70\x73\0\x64\x6d\
\x61\x5f\x6d\x61\x73\x6b\0\x63\x6f\x68\x65\x72\x65\x6e\x74\x5f\x64\x6d\x61\x5f\
\x6d\x61\x73\x6b\0\x62\x75\x73\x5f\x64\x6d\x61\x5f\x6c\x69\x6d\x69\x74\0\x64\
\x6d\x61\x5f\x72\x61\x6e\x67\x65\x5f\x6d\x61\x70\0\x64\x6d\x61\x5f\x70\x61\x72\
\x6d\x73\0\x64\x6d\x61\x5f\x70\x6f\x6f\x6c\x73\0\x64\x6d\x61\x5f\x69\x6f\x5f\
\x74\x6c\x62\x5f\x6d\x65\x6d\0\x64\x6d\x61\x5f\x69\x6f\x5f\x74\x6c\x62\x5f\x70\
\x6f\x6f\x6c\x73\0\x64\x6d\x61\x5f\x69\x6f\x5f\x74\x6c\x62\x5f\x6c\x6f\x63\x6b\
\0\x64\x6d\x61\x5f\x75\x73\x65\x73\x5f\x69\x6f\x5f\x74\x6c\x62\0\x61\x72\x63\
\x68\x64\x61\x74\x61\0\x6f\x66\x5f\x6e\x6f\x64\x65\0\x66\x77\x6e\x6f\x64\x65\0\
\x6e\x75\x6d\x61\x5f\x6e\x6f\x64\x65\0\x64\x65\x76\x74\0\x64\x65\x76\x72\x65\
\x73\x5f\x6c\x6f\x63\x6b\0\x64\x65\x76\x72\x65\x73\x5f\x68\x65\x61\x64\0\x63\
\x6c\x61\x73\x73\0\x67\x72\x6f\x75\x70\x73\0\x72\x65\x6c\x65\x61\x73\x65\0\x69\
\x6f\x6d\x6d\x75\x5f\x67\x72\x6f\x75\x70\0\x69\x6f\x6d\x6d\x75\0\x70\x68\x79\
\x73\x69\x63\x61\x6c\x5f\x6c\x6f\x63\x61\x74\x69\x6f\x6e\0\x72\x65\x6d\x6f\x76\
\x61\x62\x6c\x65\0\x6f\x66\x66\x6c\x69\x6e\x65\x5f\x64\x69\x73\x61\x62\x6c\x65\
\x64\0\x6f\x66\x66\x6c\x69\x6e\x65\0\x6f\x66\x5f\x6e\x6f\x64\x65\x5f\x72\x65\
\x75\x73\x65\x64\0\x73\x74\x61\x74\x65\x5f\x73\x79\x6e\x63\x65\x64\0\x63\x61\
\x6e\x5f\x6d\x61\x74\x63\x68\0\x64\x6d\x61\x5f\x73\x6b\x69\x70\x5f\x73\x79\x6e\
\x63\0\x64\x6d\x61\x5f\x69\x6f\x6d\x6d\x75\0\x6b\x6f\x62\x6a\x65\x63\x74\0\x6b\
\x73\x65\x74\0\x6b\x74\x79\x70\x65\0\x73\x64\0\x6b\x72\x65\x66\0\x73\x74\x61\
\x74\x65\x5f\x69\x6e\x69\x74\x69\x61\x6c\x69\x7a\x65\x64\0\x73\x74\x61\x74\x65\
\x5f\x69\x6e\x5f\x73\x79\x73\x66\x73\0\x73\x74\x61\x74\x65\x5f\x61\x64\x64\x5f\
\x75\x65\x76\x65\x6e\x74\x5f\x73\x65\x6e\x74\0\x73\x74\x61\x74\x65\x5f\x72\x65\
\x6d\x6f\x76\x65\x5f\x75\x65\x76\x65\x6e\x74\x5f\x73\x65\x6e\x74\0\x75\x65\x76\
\x65\x6e\x74\x5f\x73\x75\x70\x70\x72\x65\x73\x73\0\x72\x65\x66\x63\x6f\x75\x6e\
\x74\0\x6f\x77\x6e\x65\x72\0\x6f\x73\x71\0\x77\x61\x69\x74\x5f\x6c\x69\x73\x74\
\0\x72\x61\x77\x5f\x73\x70\x69\x6e\x6c\x6f\x63\x6b\x5f\x74\0\x6f\x70\x74\x69\
\x6d\x69\x73\x74\x69\x63\x5f\x73\x70\x69\x6e\x5f\x71\x75\x65\x75\x65\0\x64\x65\
\x76\x5f\x6c\x69\x6e\x6b\x73\x5f\x69\x6e\x66\x6f\0\x73\x75\x70\x70\x6c\x69\x65\
\x72\x73\0\x63\x6f\x6e\x73\x75\x6d\x65\x72\x73\0\x64\x65\x66\x65\x72\x5f\x73\
\x79\x6e\x63\0\x73\x74\x61\x74\x75\x73\0\x64\x6c\x5f\x64\x65\x76\x5f\x73\x74\
\x61\x74\x65\0\x44\x4c\x5f\x44\x45\x56\x5f\x4e\x4f\x5f\x44\x52\x49\x56\x45\x52\
\0\x44\x4c\x5f\x44\x45\x56\x5f\x50\x52\x4f\x42\x49\x4e\x47\0\x44\x4c\x5f\x44\
\x45\x56\x5f\x44\x52\x49\x56\x45\x52\x5f\x42\x4f\x55\x4e\x44\0\x44\x4c\x5f\x44\
\x45\x56\x5f\x55\x4e\x42\x49\x4e\x44\x49\x4e\x47\0\x64\x65\x76\x5f\x70\x6d\x5f\
\x69\x6e\x66\x6f\0\x70\x6f\x77\x65\x72\x5f\x73\x74\x61\x74\x65\0\x63\x61\x6e\
\x5f\x77\x61\x6b\x65\x75\x70\0\x61\x73\x79\x6e\x63\x5f\x73\x75\x73\x70\x65\x6e\
\x64\0\x69\x6e\x5f\x64\x70\x6d\x5f\x6c\x69\x73\x74\0\x69\x73\x5f\x70\x72\x65\
\x70\x61\x72\x65\x64\0\x69\x73\x5f\x73\x75\x73\x70\x65\x6e\x64\x65\x64\0\x69\
\x73\x5f\x6e\x6f\x69\x72\x71\x5f\x73\x75\x73\x70\x65\x6e\x64\x65\x64\0\x69\x73\
\x5f\x6c\x61\x74\x65\x5f\x73\x75\x73\x70\x65\x6e\x64\x65\x64\0\x6e\x6f\x5f\x70\
\x6d\0\x65\x61\x72\x6c\x79\x5f\x69\x6e\x69\x74\0\x64\x69\x72\x65\x63\x74\x5f\
\x63\x6f\x6d\x70\x6c\x65\x74\x65\0\x64\x72\x69\x76\x65\x72\x5f\x66\x6c\x61\x67\
\x73\0\x63\x6f\x6d\x70\x6c\x65\x74\x69\x6f\x6e\0\x77\x61\x6b\x65\x75\x70\0\x77\
\x61\x6b\x65\x75\x70\x5f\x70\x61\x74\x68\0\x73\x79\x73\x63\x6f\x72\x65\0\x6e\
\x6f\x5f\x70\x6d\x5f\x63\x61\x6c\x6c\x62\x61\x63\x6b\x73\0\x61\x73\x79\x6e\x63\
\x5f\x69\x6e\x5f\x70\x72\x6f\x67\x72\x65\x73\x73\0\x6d\x75\x73\x74\x5f\x72\x65\
\x73\x75\x6d\x65\0\x6d\x61\x79\x5f\x73\x6b\x69\x70\x5f\x72\x65\x73\x75\x6d\x65\
\0\x73\x75\x73\x70\x65\x6e\x64\x5f\x74\x69\x6d\x65\x72\0\x74\x69\x6d\x65\x72\
\x5f\x65\x78\x70\x69\x72\x65\x73\0\x77\x6f\x72\x6b\0\x77\x61\x69\x74\x5f\x71\
\x75\x65\x75\x65\0\x77\x61\x6b\x65\x69\x72\x71\0\x75\x73\x61\x67\x65\x5f\x63\
\x6f\x75\x6e\x74\0\x63\x68\x69\x6c\x64\x5f\x63\x6f\x75\x6e\x74\0\x64\x69\x73\
\x61\x62\x6c\x65\x5f\x64\x65\x70\x74\x68\0\x69\x64\x6c\x65\x5f\x6e\x6f\x74\x69\
\x66\x69\x63\x61\x74\x69\x6f\x6e\0\x72\x65\x71\x75\x65\x73\x74\x5f\x70\x65\x6e\
\x64\x69\x6e\x67\0\x64\x65\x66\x65\x72\x72\x65\x64\x5f\x72\x65\x73\x75\x6d\x65\
\0\x6e\x65\x65\x64\x73\x5f\x66\x6f\x72\x63\x65\x5f\x72\x65\x73\x75\x6d\x65\0\
\x72\x75\x6e\x74\x69\x6d\x65\x5f\x61\x75\x74\x6f\0\x69\x67\x6e\x6f\x72\x65\x5f\
\x63\x68\x69\x6c\x64\x72\x65\x6e\0\x6e\x6f\x5f\x63\x61\x6c\x6c\x62\x61\x63\x6b\
\x73\0\x69\x72\x71\x5f\x73\x61\x66\x65\0\x75\x73\x65\x5f\x61\x75\x74\x6f\x73\
\x75\x73\x70\x65\x6e\x64\0\x74\x69\x6d\x65\x72\x5f\x61\x75\x74\x6f\x73\x75\x73\
\x70\x65\x6e\x64\x73\0\x6d\x65\x6d\x61\x6c\x6c\x6f\x63\x5f\x6e\x6f\x69\x6f\0\
\x6c\x69\x6e\x6b\x73\x5f\x63\x6f\x75\x6e\x74\0\x72\x65\x71\x75\x65\x73\x74\0\
\x72\x75\x6e\x74\x69\x6d\x65\x5f\x73\x74\x61\x74\x75\x73\0\x6c\x61\x73\x74\x5f\
\x73\x74\x61\x74\x75\x73\0\x72\x75\x6e\x74\x69\x6d\x65\x5f\x65\x72\x72\x6f\x72\
\0\x61\x75\x74\x6f\x73\x75\x73\x70\x65\x6e\x64\x5f\x64\x65\x6c\x61\x79\0\x6c\
\x61\x73\x74\x5f\x62\x75\x73\x79\0\x61\x63\x74\x69\x76\x65\x5f\x74\x69\x6d\x65\
\0\x73\x75\x73\x70\x65\x6e\x64\x65\x64\x5f\x74\x69\x6d\x65\0\x61\x63\x63\x6f\
\x75\x6e\x74\x69\x6e\x67\x5f\x74\x69\x6d\x65\x73\x74\x61\x6d\x70\0\x73\x75\x62\
\x73\x79\x73\x5f\x64\x61\x74\x61\0\x73\x65\x74\x5f\x6c\x61\x74\x65\x6e\x63\x79\
\x5f\x74\x6f\x6c\x65\x72\x61\x6e\x63\x65\0\x71\x6f\x73\0\x70\x6d\x5f\x6d\x65\
\x73\x73\x61\x67\x65\x5f\x74\0\x70\x6d\x5f\x6d\x65\x73\x73\x61\x67\x65\0\x65\
\x76\x65\x6e\x74\0\x64\x6f\x6e\x65\0\x77\x61\x69\x74\0\x73\x77\x61\x69\x74\x5f\
\x71\x75\x65\x75\x65\x5f\x68\x65\x61\x64\0\x74\x61\x73\x6b\x5f\x6c\x69\x73\x74\
\0\x68\x72\x74\x69\x6d\x65\x72\0\x6e\x6f\x64\x65\0\x5f\x73\x6f\x66\x74\x65\x78\
\x70\x69\x72\x65\x73\0\x62\x61\x73\x65\0\x69\x73\x5f\x72\x65\x6c\0\x69\x73\x5f\
\x73\x6f\x66\x74\0\x69\x73\x5f\x68\x61\x72\x64\0\x74\x69\x6d\x65\x72\x71\x75\
\x65\x75\x65\x5f\x6e\x6f\x64\x65\0\x68\x72\x74\x69\x6d\x65\x72\x5f\x72\x65\x73\
\x74\x61\x72\x74\0\x48\x52\x54\x49\x4d\x45\x52\x5f\x4e\x4f\x52\x45\x53\x54\x41\
\x52\x54\0\x48\x52\x54\x49\x4d\x45\x52\x5f\x52\x45\x53\x54\x41\x52\x54\0\x77\
\x6f\x72\x6b\x5f\x73\x74\x72\x75\x63\x74\0\x77\x6f\x72\x6b\x5f\x66\x75\x6e\x63\
\x5f\x74\0\x72\x70\x6d\x5f\x72\x65\x71\x75\x65\x73\x74\0\x52\x50\x4d\x5f\x52\
\x45\x51\x5f\x4e\x4f\x4e\x45\0\x52\x50\x4d\x5f\x52\x45\x51\x5f\x49\x44\x4c\x45\
\0\x52\x50\x4d\x5f\x52\x45\x51\x5f\x53\x55\x53\x50\x45\x4e\x44\0\x52\x50\x4d\
\x5f\x52\x45\x51\x5f\x41\x55\x54\x4f\x53\x55\x53\x50\x45\x4e\x44\0\x52\x50\x4d\
\x5f\x52\x45\x51\x5f\x52\x45\x53\x55\x4d\x45\0\x72\x70\x6d\x5f\x73\x74\x61\x74\
\x75\x73\0\x52\x50\x4d\x5f\x49\x4e\x56\x41\x4c\x49\x44\0\x52\x50\x4d\x5f\x41\
\x43\x54\x49\x56\x45\0\x52\x50\x4d\x5f\x52\x45\x53\x55\x4d\x49\x4e\x47\0\x52\
\x50\x4d\x5f\x53\x55\x53\x50\x45\x4e\x44\x45\x44\0\x52\x50\x4d\x5f\x53\x55\x53\
\x50\x45\x4e\x44\x49\x4e\x47\0\x73\x33\x32\0\x64\x65\x76\x5f\x6d\x73\x69\x5f\
\x69\x6e\x66\x6f\0\x64\x6f\x6d\x61\x69\x6e\0\x64\x65\x76\x5f\x61\x72\x63\x68\
\x64\x61\x74\x61\0\x64\x65\x76\x5f\x74\0\x5f\x5f\x6b\x65\x72\x6e\x65\x6c\x5f\
\x64\x65\x76\x5f\x74\0\x64\x65\x76\x69\x63\x65\x5f\x72\x65\x6d\x6f\x76\x61\x62\
\x6c\x65\0\x44\x45\x56\x49\x43\x45\x5f\x52\x45\x4d\x4f\x56\x41\x42\x4c\x45\x5f\
\x4e\x4f\x54\x5f\x53\x55\x50\x50\x4f\x52\x54\x45\x44\0\x44\x45\x56\x49\x43\x45\
\x5f\x52\x45\x4d\x4f\x56\x41\x42\x4c\x45\x5f\x55\x4e\x4b\x4e\x4f\x57\x4e\0\x44\
\x45\x56\x49\x43\x45\x5f\x46\x49\x58\x45\x44\0\x44\x45\x56\x49\x43\x45\x5f\x52\
\x45\x4d\x4f\x56\x41\x42\x4c\x45\0\x61\x74\x74\x72\x69\x62\x75\x74\x65\x5f\x67\
\x72\x6f\x75\x70\0\x69\x73\x5f\x76\x69\x73\x69\x62\x6c\x65\0\x69\x73\x5f\x62\
\x69\x6e\x5f\x76\x69\x73\x69\x62\x6c\x65\0\x61\x74\x74\x72\x73\0\x62\x69\x6e\
\x5f\x61\x74\x74\x72\x73\0\x75\x6d\x6f\x64\x65\x5f\x74\0\x61\x74\x74\x72\x69\
\x62\x75\x74\x65\0\x62\x69\x6e\x5f\x61\x74\x74\x72\x69\x62\x75\x74\x65\0\x61\
\x74\x74\x72\0\x70\x72\x69\x76\x61\x74\x65\0\x66\x5f\x6d\x61\x70\x70\x69\x6e\
\x67\0\x72\x65\x61\x64\0\x77\x72\x69\x74\x65\0\x6c\x6c\x73\x65\x65\x6b\0\x6d\
\x6d\x61\x70\0\x73\x69\x7a\x65\x5f\x74\0\x5f\x5f\x6b\x65\x72\x6e\x65\x6c\x5f\
\x73\x69\x7a\x65\x5f\x74\0\x5f\x5f\x6b\x65\x72\x6e\x65\x6c\x5f\x75\x6c\x6f\x6e\
\x67\x5f\x74\0\x61\x64\x64\x72\x65\x73\x73\x5f\x73\x70\x61\x63\x65\0\x68\x6f\
\x73\x74\0\x69\x5f\x70\x61\x67\x65\x73\0\x69\x6e\x76\x61\x6c\x69\x64\x61\x74\
\x65\x5f\x6c\x6f\x63\x6b\0\x67\x66\x70\x5f\x6d\x61\x73\x6b\0\x69\x5f\x6d\x6d\
\x61\x70\x5f\x77\x72\x69\x74\x61\x62\x6c\x65\0\x69\x5f\x6d\x6d\x61\x70\0\x6e\
\x72\x70\x61\x67\x65\x73\0\x77\x72\x69\x74\x65\x62\x61\x63\x6b\x5f\x69\x6e\x64\
\x65\x78\0\x61\x5f\x6f\x70\x73\0\x77\x62\x5f\x65\x72\x72\0\x69\x5f\x70\x72\x69\
\x76\x61\x74\x65\x5f\x6c\x6f\x63\x6b\0\x69\x5f\x70\x72\x69\x76\x61\x74\x65\x5f\
\x6c\x69\x73\x74\0\x69\x5f\x6d\x6d\x61\x70\x5f\x72\x77\x73\x65\x6d\0\x69\x5f\
\x70\x72\x69\x76\x61\x74\x65\x5f\x64\x61\x74\x61\0\x78\x61\x72\x72\x61\x79\0\
\x78\x61\x5f\x6c\x6f\x63\x6b\0\x78\x61\x5f\x66\x6c\x61\x67\x73\0\x78\x61\x5f\
\x68\x65\x61\x64\0\x67\x66\x70\x5f\x74\0\x72\x77\x5f\x73\x65\x6d\x61\x70\x68\
\x6f\x72\x65\0\x72\x62\x5f\x72\x6f\x6f\x74\x5f\x63\x61\x63\x68\x65\x64\0\x72\
\x62\x5f\x6c\x65\x66\x74\x6d\x6f\x73\x74\0\x65\x72\x72\x73\x65\x71\x5f\x74\0\
\x73\x73\x69\x7a\x65\x5f\x74\0\x5f\x5f\x6b\x65\x72\x6e\x65\x6c\x5f\x73\x73\x69\
\x7a\x65\x5f\x74\0\x5f\x5f\x6b\x65\x72\x6e\x65\x6c\x5f\x6c\x6f\x6e\x67\x5f\x74\
\0\x66\x69\x6c\x65\0\x66\x5f\x63\x6f\x75\x6e\x74\0\x66\x5f\x6c\x6f\x63\x6b\0\
\x66\x5f\x6d\x6f\x64\x65\0\x66\x5f\x6f\x70\0\x70\x72\x69\x76\x61\x74\x65\x5f\
\x64\x61\x74\x61\0\x66\x5f\x69\x6e\x6f\x64\x65\0\x66\x5f\x66\x6c\x61\x67\x73\0\
\x66\x5f\x69\x6f\x63\x62\x5f\x66\x6c\x61\x67\x73\0\x66\x5f\x63\x72\x65\x64\0\
\x66\x5f\x70\x61\x74\x68\0\x66\x5f\x70\x6f\x73\0\x66\x5f\x73\x65\x63\x75\x72\
\x69\x74\x79\0\x66\x5f\x6f\x77\x6e\x65\x72\0\x66\x5f\x77\x62\x5f\x65\x72\x72\0\
\x66\x5f\x73\x62\x5f\x65\x72\x72\0\x66\x5f\x65\x70\0\x66\x6d\x6f\x64\x65\x5f\
\x74\0\x70\x61\x74\x68\0\x6d\x6e\x74\0\x64\x65\x6e\x74\x72\x79\0\x66\x5f\x70\
\x6f\x73\x5f\x6c\x6f\x63\x6b\0\x66\x5f\x70\x69\x70\x65\0\x6c\x6f\x66\x66\x5f\
\x74\0\x5f\x5f\x6b\x65\x72\x6e\x65\x6c\x5f\x6c\x6f\x66\x66\x5f\x74\0\x66\x5f\
\x74\x61\x73\x6b\x5f\x77\x6f\x72\x6b\0\x66\x5f\x6c\x6c\x69\x73\x74\0\x66\x5f\
\x72\x61\0\x66\x5f\x66\x72\x65\x65\x70\x74\x72\0\x66\x69\x6c\x65\x5f\x72\x61\
\x5f\x73\x74\x61\x74\x65\0\x73\x74\x61\x72\x74\0\x61\x73\x79\x6e\x63\x5f\x73\
\x69\x7a\x65\0\x72\x61\x5f\x70\x61\x67\x65\x73\0\x6d\x6d\x61\x70\x5f\x6d\x69\
\x73\x73\0\x70\x72\x65\x76\x5f\x70\x6f\x73\0\x66\x72\x65\x65\x70\x74\x72\x5f\
\x74\0\x76\x6d\x5f\x61\x72\x65\x61\x5f\x73\x74\x72\x75\x63\x74\0\x76\x6d\x5f\
\x6d\x6d\0\x76\x6d\x5f\x70\x61\x67\x65\x5f\x70\x72\x6f\x74\0\x64\x65\x74\x61\
\x63\x68\x65\x64\0\x76\x6d\x5f\x6c\x6f\x63\x6b\x5f\x73\x65\x71\0\x76\x6d\x5f\
\x6c\x6f\x63\x6b\0\x73\x68\x61\x72\x65\x64\0\x61\x6e\x6f\x6e\x5f\x76\x6d\x61\
\x5f\x63\x68\x61\x69\x6e\0\x61\x6e\x6f\x6e\x5f\x76\x6d\x61\0\x76\x6d\x5f\x6f\
\x70\x73\0\x76\x6d\x5f\x70\x67\x6f\x66\x66\0\x76\x6d\x5f\x66\x69\x6c\x65\0\x76\
\x6d\x5f\x70\x72\x69\x76\x61\x74\x65\x5f\x64\x61\x74\x61\0\x61\x6e\x6f\x6e\x5f\
\x6e\x61\x6d\x65\0\x73\x77\x61\x70\x5f\x72\x65\x61\x64\x61\x68\x65\x61\x64\x5f\
\x69\x6e\x66\x6f\0\x76\x6d\x5f\x70\x6f\x6c\x69\x63\x79\0\x6e\x75\x6d\x61\x62\
\x5f\x73\x74\x61\x74\x65\0\x76\x6d\x5f\x75\x73\x65\x72\x66\x61\x75\x6c\x74\x66\
\x64\x5f\x63\x74\x78\0\x76\x6d\x5f\x72\x63\x75\0\x76\x6d\x5f\x73\x74\x61\x72\
\x74\0\x76\x6d\x5f\x65\x6e\x64\0\x70\x67\x70\x72\x6f\x74\x5f\x74\0\x70\x67\x70\
\x72\x6f\x74\0\x70\x67\x70\x72\x6f\x74\x76\x61\x6c\x5f\x74\0\x76\x6d\x5f\x66\
\x6c\x61\x67\x73\0\x5f\x5f\x76\x6d\x5f\x66\x6c\x61\x67\x73\0\x76\x6d\x5f\x66\
\x6c\x61\x67\x73\x5f\x74\0\x72\x62\0\x72\x62\x5f\x73\x75\x62\x74\x72\x65\x65\
\x5f\x6c\x61\x73\x74\0\x62\x70\x66\x5f\x78\x64\x70\x5f\x65\x6e\x74\x69\x74\x79\
\0\x70\x72\x6f\x67\0\x6c\x69\x6e\x6b\0\x6b\x75\x69\x64\x5f\x74\0\x75\x69\x64\
\x5f\x74\0\x63\x72\x65\x64\0\x75\x73\x61\x67\x65\0\x75\x69\x64\0\x67\x69\x64\0\
\x73\x75\x69\x64\0\x73\x67\x69\x64\0\x65\x75\x69\x64\0\x65\x67\x69\x64\0\x66\
\x73\x75\x69\x64\0\x66\x73\x67\x69\x64\0\x73\x65\x63\x75\x72\x65\x62\x69\x74\
\x73\0\x63\x61\x70\x5f\x69\x6e\x68\x65\x72\x69\x74\x61\x62\x6c\x65\0\x63\x61\
\x70\x5f\x70\x65\x72\x6d\x69\x74\x74\x65\x64\0\x63\x61\x70\x5f\x65\x66\x66\x65\
\x63\x74\x69\x76\x65\0\x63\x61\x70\x5f\x62\x73\x65\x74\0\x63\x61\x70\x5f\x61\
\x6d\x62\x69\x65\x6e\x74\0\x6a\x69\x74\x5f\x6b\x65\x79\x72\x69\x6e\x67\0\x73\
\x65\x73\x73\x69\x6f\x6e\x5f\x6b\x65\x79\x72\x69\x6e\x67\0\x70\x72\x6f\x63\x65\
\x73\x73\x5f\x6b\x65\x79\x72\x69\x6e\x67\0\x74\x68\x72\x65\x61\x64\x5f\x6b\x65\
\x79\x72\x69\x6e\x67\0\x72\x65\x71\x75\x65\x73\x74\x5f\x6b\x65\x79\x5f\x61\x75\
\x74\x68\0\x75\x73\x65\x72\x5f\x6e\x73\0\x75\x63\x6f\x75\x6e\x74\x73\0\x67\x72\
\x6f\x75\x70\x5f\x69\x6e\x66\x6f\0\x6b\x67\x69\x64\x5f\x74\0\x67\x69\x64\x5f\
\x74\0\x5f\x5f\x6b\x65\x72\x6e\x65\x6c\x5f\x67\x69\x64\x33\x32\x5f\x74\0\x6b\
\x65\x72\x6e\x65\x6c\x5f\x63\x61\x70\x5f\x74\0\x6e\x6f\x6e\x5f\x72\x63\x75\0\
\x73\x6f\x63\x6b\x5f\x63\x67\x72\x6f\x75\x70\x5f\x64\x61\x74\x61\0\x63\x67\x72\
\x6f\x75\x70\0\x63\x6c\x61\x73\x73\x69\x64\0\x70\x72\x69\x6f\x69\x64\x78\0\x6e\
\x65\x74\x6e\x73\x5f\x74\x72\x61\x63\x6b\x65\x72\0\x70\x74\x5f\x72\x65\x67\x73\
\0\x72\x31\x35\0\x72\x31\x34\0\x72\x31\x33\0\x72\x31\x32\0\x62\x70\0\x62\x78\0\
\x72\x31\x31\0\x72\x31\x30\0\x72\x39\0\x72\x38\0\x61\x78\0\x63\x78\0\x64\x78\0\
\x73\x69\0\x64\x69\0\x6f\x72\x69\x67\x5f\x61\x78\0\x69\x70\0\x73\x70\0\x63\x73\
\0\x63\x73\x78\0\x66\x72\x65\x64\x5f\x63\x73\0\x73\x6c\0\x77\x66\x65\0\x73\x73\
\0\x73\x73\x78\0\x66\x72\x65\x64\x5f\x73\x73\0\x73\x74\x69\0\x73\x77\x65\x76\
\x65\x6e\x74\0\x6e\x6d\x69\0\x76\x65\x63\x74\x6f\x72\0\x65\x6e\x63\x6c\x61\x76\
\x65\0\x6c\x6d\0\x6e\x65\x73\x74\x65\x64\0\x69\x6e\x73\x6e\x6c\x65\x6e\0\x74\
\x6f\x70\x5f\x74\x63\x70\x5f\x73\x65\x6e\x64\x5f\x65\x6e\x74\x72\x79\0\x74\x6f\
\x70\x5f\x74\x63\x70\x5f\x73\x65\x6e\x64\x5f\x72\x65\x74\0\x74\x6f\x70\x5f\x74\
\x63\x70\x5f\x72\x65\x63\x76\x5f\x65\x6e\x74\x72\x79\0\x74\x63\x70\x5f\x76\x34\
\x5f\x63\x6f\x6e\x6e\x65\x63\x74\0\x74\x63\x70\x5f\x76\x36\x5f\x63\x6f\x6e\x6e\
\x65\x63\x74\0\x74\x63\x70\x5f\x72\x63\x76\x5f\x73\x74\x61\x74\x65\x5f\x70\x72\
\x6f\x63\x65\x73\x73\0\x66\x65\x6e\x74\x72\x79\x5f\x74\x63\x70\x5f\x76\x34\x5f\
\x63\x6f\x6e\x6e\x65\x63\x74\0\x66\x65\x6e\x74\x72\x79\x5f\x74\x63\x70\x5f\x76\
\x36\x5f\x63\x6f\x6e\x6e\x65\x63\x74\0\x66\x65\x6e\x74\x72\x79\x5f\x74\x63\x70\
\x5f\x72\x63\x76\x5f\x73\x74\x61\x74\x65\x5f\x70\x72\x6f\x63\x65\x73\x73\0\x74\
\x63\x70\x72\x74\x74\0\x74\x63\x70\x5f\x73\x6f\x63\x6b\0\x69\x6e\x65\x74\x5f\
\x63\x6f\x6e\x6e\0\x5f\x5f\x63\x61\x63\x68\x65\x6c\x69\x6e\x65\x5f\x67\x72\x6f\
\x75\x70\x5f\x62\x65\x67\x69\x6e\x5f\x5f\x74\x63\x70\x5f\x73\x6f\x63\x6b\x5f\
\x72\x65\x61\x64\x5f\x74\x78\0\x6d\x61\x78\x5f\x77\x69\x6e\x64\x6f\x77\0\x72\
\x63\x76\x5f\x73\x73\x74\x68\x72\x65\x73\x68\0\x72\x65\x6f\x72\x64\x65\x72\x69\
\x6e\x67\0\x6e\x6f\x74\x73\x65\x6e\x74\x5f\x6c\x6f\x77\x61\x74\0\x67\x73\x6f\
\x5f\x73\x65\x67\x73\0\x6c\x6f\x73\x74\x5f\x73\x6b\x62\x5f\x68\x69\x6e\x74\0\
\x72\x65\x74\x72\x61\x6e\x73\x6d\x69\x74\x5f\x73\x6b\x62\x5f\x68\x69\x6e\x74\0\
\x5f\x5f\x63\x61\x63\x68\x65\x6c\x69\x6e\x65\x5f\x67\x72\x6f\x75\x70\x5f\x65\
\x6e\x64\x5f\x5f\x74\x63\x70\x5f\x73\x6f\x63\x6b\x5f\x72\x65\x61\x64\x5f\x74\
\x78\0\x5f\x5f\x63\x61\x63\x68\x65\x6c\x69\x6e\x65\x5f\x67\x72\x6f\x75\x70\x5f\
\x62\x65\x67\x69\x6e\x5f\x5f\x74\x63\x70\x5f\x73\x6f\x63\x6b\x5f\x72\x65\x61\
\x64\x5f\x74\x78\x72\x78\0\x74\x73\x6f\x66\x66\x73\x65\x74\0\x73\x6e\x64\x5f\
\x77\x6e\x64\0\x6d\x73\x73\x5f\x63\x61\x63\x68\x65\0\x73\x6e\x64\x5f\x63\x77\
\x6e\x64\0\x70\x72\x72\x5f\x6f\x75\x74\0\x6c\x6f\x73\x74\x5f\x6f\x75\x74\0\x73\
\x61\x63\x6b\x65\x64\x5f\x6f\x75\x74\0\x74\x63\x70\x5f\x68\x65\x61\x64\x65\x72\
\x5f\x6c\x65\x6e\0\x73\x63\x61\x6c\x69\x6e\x67\x5f\x72\x61\x74\x69\x6f\0\x63\
\x68\x72\x6f\x6e\x6f\x5f\x74\x79\x70\x65\0\x72\x65\x70\x61\x69\x72\0\x74\x63\
\x70\x5f\x75\x73\x65\x63\x5f\x74\x73\0\x69\x73\x5f\x73\x61\x63\x6b\x5f\x72\x65\
\x6e\x65\x67\0\x69\x73\x5f\x63\x77\x6e\x64\x5f\x6c\x69\x6d\x69\x74\x65\x64\0\
\x5f\x5f\x63\x61\x63\x68\x65\x6c\x69\x6e\x65\x5f\x67\x72\x6f\x75\x70\x5f\x65\
\x6e\x64\x5f\x5f\x74\x63\x70\x5f\x73\x6f\x63\x6b\x5f\x72\x65\x61\x64\x5f\x74\
\x78\x72\x78\0\x5f\x5f\x63\x61\x63\x68\x65\x6c\x69\x6e\x65\x5f\x67\x72\x6f\x75\
\x70\x5f\x62\x65\x67\x69\x6e\x5f\x5f\x74\x63\x70\x5f\x73\x6f\x63\x6b\x5f\x72\
\x65\x61\x64\x5f\x72\x78\0\x63\x6f\x70\x69\x65\x64\x5f\x73\x65\x71\0\x72\x63\
\x76\x5f\x74\x73\x74\x61\x6d\x70\0\x73\x6e\x64\x5f\x77\x6c\x31\0\x74\x6c\x70\
\x5f\x68\x69\x67\x68\x5f\x73\x65\x71\0\x72\x74\x74\x76\x61\x72\x5f\x75\x73\0\
\x72\x65\x74\x72\x61\x6e\x73\x5f\x6f\x75\x74\0\x61\x64\x76\x6d\x73\x73\0\x75\
\x72\x67\x5f\x64\x61\x74\x61\0\x6c\x6f\x73\x74\0\x72\x74\x74\x5f\x6d\x69\x6e\0\
\x6f\x75\x74\x5f\x6f\x66\x5f\x6f\x72\x64\x65\x72\x5f\x71\x75\x65\x75\x65\0\x73\
\x6e\x64\x5f\x73\x73\x74\x68\x72\x65\x73\x68\0\x72\x65\x63\x76\x6d\x73\x67\x5f\
\x69\x6e\x71\0\x5f\x5f\x63\x61\x63\x68\x65\x6c\x69\x6e\x65\x5f\x67\x72\x6f\x75\
\x70\x5f\x65\x6e\x64\x5f\x5f\x74\x63\x70\x5f\x73\x6f\x63\x6b\x5f\x72\x65\x61\
\x64\x5f\x72\x78\0\x5f\x5f\x63\x61\x63\x68\x65\x6c\x69\x6e\x65\x5f\x67\x72\x6f\
\x75\x70\x5f\x62\x65\x67\x69\x6e\x5f\x5f\x74\x63\x70\x5f\x73\x6f\x63\x6b\x5f\
\x77\x72\x69\x74\x65\x5f\x74\x78\0\x73\x65\x67\x73\x5f\x6f\x75\x74\0\x64\x61\
\x74\x61\x5f\x73\x65\x67\x73\x5f\x6f\x75\x74\0\x62\x79\x74\x65\x73\x5f\x73\x65\
\x6e\x74\0\x73\x6e\x64\x5f\x73\x6d\x6c\0\x63\x68\x72\x6f\x6e\x6f\x5f\x73\x74\
\x61\x72\x74\0\x63\x68\x72\x6f\x6e\x6f\x5f\x73\x74\x61\x74\0\x77\x72\x69\x74\
\x65\x5f\x73\x65\x71\0\x70\x75\x73\x68\x65\x64\x5f\x73\x65\x71\0\x6c\x73\x6e\
\x64\x74\x69\x6d\x65\0\x6d\x64\x65\x76\x5f\x75\x73\0\x72\x74\x74\x5f\x73\x65\
\x71\0\x74\x63\x70\x5f\x77\x73\x74\x61\x6d\x70\x5f\x6e\x73\0\x74\x73\x6f\x72\
\x74\x65\x64\x5f\x73\x65\x6e\x74\x5f\x71\x75\x65\x75\x65\0\x68\x69\x67\x68\x65\
\x73\x74\x5f\x73\x61\x63\x6b\0\x65\x63\x6e\x5f\x66\x6c\x61\x67\x73\0\x5f\x5f\
\x63\x61\x63\x68\x65\x6c\x69\x6e\x65\x5f\x67\x72\x6f\x75\x70\x5f\x65\x6e\x64\
\x5f\x5f\x74\x63\x70\x5f\x73\x6f\x63\x6b\x5f\x77\x72\x69\x74\x65\x5f\x74\x78\0\
\x5f\x5f\x63\x61\x63\x68\x65\x6c\x69\x6e\x65\x5f\x67\x72\x6f\x75\x70\x5f\x62\
\x65\x67\x69\x6e\x5f\x5f\x74\x63\x70\x5f\x73\x6f\x63\x6b\x5f\x77\x72\x69\x74\
\x65\x5f\x74\x78\x72\x78\0\x70\x72\x65\x64\x5f\x66\x6c\x61\x67\x73\0\x74\x63\
\x70\x5f\x63\x6c\x6f\x63\x6b\x5f\x63\x61\x63\x68\x65\0\x74\x63\x70\x5f\x6d\x73\
\x74\x61\x6d\x70\0\x72\x63\x76\x5f\x6e\x78\x74\0\x73\x6e\x64\x5f\x6e\x78\x74\0\
\x73\x6e\x64\x5f\x75\x6e\x61\0\x77\x69\x6e\x64\x6f\x77\x5f\x63\x6c\x61\x6d\x70\
\0\x73\x72\x74\x74\x5f\x75\x73\0\x70\x61\x63\x6b\x65\x74\x73\x5f\x6f\x75\x74\0\
\x73\x6e\x64\x5f\x75\x70\0\x61\x70\x70\x5f\x6c\x69\x6d\x69\x74\x65\x64\0\x72\
\x63\x76\x5f\x77\x6e\x64\0\x72\x78\x5f\x6f\x70\x74\0\x6e\x6f\x6e\x61\x67\x6c\
\x65\0\x72\x61\x74\x65\x5f\x61\x70\x70\x5f\x6c\x69\x6d\x69\x74\x65\x64\0\x5f\
\x5f\x63\x61\x63\x68\x65\x6c\x69\x6e\x65\x5f\x67\x72\x6f\x75\x70\x5f\x65\x6e\
\x64\x5f\x5f\x74\x63\x70\x5f\x73\x6f\x63\x6b\x5f\x77\x72\x69\x74\x65\x5f\x74\
\x78\x72\x78\0\x5f\x5f\x63\x61\x63\x68\x65\x6c\x69\x6e\x65\x5f\x67\x72\x6f\x75\
\x70\x5f\x62\x65\x67\x69\x6e\x5f\x5f\x74\x63\x70\x5f\x73\x6f\x63\x6b\x5f\x77\
\x72\x69\x74\x65\x5f\x72\x78\0\x62\x79\x74\x65\x73\x5f\x72\x65\x63\x65\x69\x76\
\x65\x64\0\x73\x65\x67\x73\x5f\x69\x6e\0\x64\x61\x74\x61\x5f\x73\x65\x67\x73\
\x5f\x69\x6e\0\x72\x63\x76\x5f\x77\x75\x70\0\x6d\x61\x78\x5f\x70\x61\x63\x6b\
\x65\x74\x73\x5f\x6f\x75\x74\0\x63\x77\x6e\x64\x5f\x75\x73\x61\x67\x65\x5f\x73\
\x65\x71\0\x72\x61\x74\x65\x5f\x64\x65\x6c\x69\x76\x65\x72\x65\x64\0\x72\x61\
\x74\x65\x5f\x69\x6e\x74\x65\x72\x76\x61\x6c\x5f\x75\x73\0\x72\x63\x76\x5f\x72\
\x74\x74\x5f\x6c\x61\x73\x74\x5f\x74\x73\x65\x63\x72\0\x62\x79\x74\x65\x73\x5f\
\x61\x63\x6b\x65\x64\0\x72\x63\x76\x5f\x72\x74\x74\x5f\x65\x73\x74\0\x72\x63\
\x76\x71\x5f\x73\x70\x61\x63\x65\0\x5f\x5f\x63\x61\x63\x68\x65\x6c\x69\x6e\x65\
\x5f\x67\x72\x6f\x75\x70\x5f\x65\x6e\x64\x5f\x5f\x74\x63\x70\x5f\x73\x6f\x63\
\x6b\x5f\x77\x72\x69\x74\x65\x5f\x72\x78\0\x64\x73\x61\x63\x6b\x5f\x64\x75\x70\
\x73\0\x63\x6f\x6d\x70\x72\x65\x73\x73\x65\x64\x5f\x61\x63\x6b\x5f\x72\x63\x76\
\x5f\x6e\x78\x74\0\x74\x73\x71\x5f\x6e\x6f\x64\x65\0\x72\x61\x63\x6b\0\x63\x6f\
\x6d\x70\x72\x65\x73\x73\x65\x64\x5f\x61\x63\x6b\0\x64\x75\x70\x5f\x61\x63\x6b\
\x5f\x63\x6f\x75\x6e\x74\x65\x72\0\x74\x6c\x70\x5f\x72\x65\x74\x72\x61\x6e\x73\
\0\x74\x68\x69\x6e\x5f\x6c\x74\x6f\0\x66\x61\x73\x74\x6f\x70\x65\x6e\x5f\x63\
\x6f\x6e\x6e\x65\x63\x74\0\x66\x61\x73\x74\x6f\x70\x65\x6e\x5f\x6e\x6f\x5f\x63\
\x6f\x6f\x6b\x69\x65\0\x66\x61\x73\x74\x6f\x70\x65\x6e\x5f\x63\x6c\x69\x65\x6e\
\x74\x5f\x66\x61\x69\x6c\0\x66\x72\x74\x6f\0\x72\x65\x70\x61\x69\x72\x5f\x71\
\x75\x65\x75\x65\0\x73\x61\x76\x65\x5f\x73\x79\x6e\0\x73\x79\x6e\x5f\x64\x61\
\x74\x61\0\x73\x79\x6e\x5f\x66\x61\x73\x74\x6f\x70\x65\x6e\0\x73\x79\x6e\x5f\
\x66\x61\x73\x74\x6f\x70\x65\x6e\x5f\x65\x78\x70\0\x73\x79\x6e\x5f\x66\x61\x73\
\x74\x6f\x70\x65\x6e\x5f\x63\x68\0\x73\x79\x6e\x5f\x64\x61\x74\x61\x5f\x61\x63\
\x6b\x65\x64\0\x6b\x65\x65\x70\x61\x6c\x69\x76\x65\x5f\x70\x72\x6f\x62\x65\x73\
\0\x74\x63\x70\x5f\x74\x78\x5f\x64\x65\x6c\x61\x79\0\x6d\x64\x65\x76\x5f\x6d\
\x61\x78\x5f\x75\x73\0\x72\x65\x6f\x72\x64\x5f\x73\x65\x65\x6e\0\x73\x6e\x64\
\x5f\x63\x77\x6e\x64\x5f\x63\x6e\x74\0\x73\x6e\x64\x5f\x63\x77\x6e\x64\x5f\x63\
\x6c\x61\x6d\x70\0\x73\x6e\x64\x5f\x63\x77\x6e\x64\x5f\x75\x73\x65\x64\0\x73\
\x6e\x64\x5f\x63\x77\x6e\x64\x5f\x73\x74\x61\x6d\x70\0\x70\x72\x69\x6f\x72\x5f\
\x63\x77\x6e\x64\0\x70\x72\x72\x5f\x64\x65\x6c\x69\x76\x65\x72\x65\x64\0\x6c\
\x61\x73\x74\x5f\x6f\x6f\x77\x5f\x61\x63\x6b\x5f\x74\x69\x6d\x65\0\x70\x61\x63\
\x69\x6e\x67\x5f\x74\x69\x6d\x65\x72\0\x63\x6f\x6d\x70\x72\x65\x73\x73\x65\x64\
\x5f\x61\x63\x6b\x5f\x74\x69\x6d\x65\x72\0\x6f\x6f\x6f\x5f\x6c\x61\x73\x74\x5f\
\x73\x6b\x62\0\x64\x75\x70\x6c\x69\x63\x61\x74\x65\x5f\x73\x61\x63\x6b\0\x73\
\x65\x6c\x65\x63\x74\x69\x76\x65\x5f\x61\x63\x6b\x73\0\x72\x65\x63\x76\x5f\x73\
\x61\x63\x6b\x5f\x63\x61\x63\x68\x65\0\x6c\x6f\x73\x74\x5f\x63\x6e\x74\x5f\x68\
\x69\x6e\x74\0\x70\x72\x69\x6f\x72\x5f\x73\x73\x74\x68\x72\x65\x73\x68\0\x68\
\x69\x67\x68\x5f\x73\x65\x71\0\x72\x65\x74\x72\x61\x6e\x73\x5f\x73\x74\x61\x6d\
\x70\0\x75\x6e\x64\x6f\x5f\x6d\x61\x72\x6b\x65\x72\0\x75\x6e\x64\x6f\x5f\x72\
\x65\x74\x72\x61\x6e\x73\0\x62\x79\x74\x65\x73\x5f\x72\x65\x74\x72\x61\x6e\x73\
\0\x74\x6f\x74\x61\x6c\x5f\x72\x65\x74\x72\x61\x6e\x73\0\x72\x74\x6f\x5f\x73\
\x74\x61\x6d\x70\0\x74\x6f\x74\x61\x6c\x5f\x72\x74\x6f\0\x74\x6f\x74\x61\x6c\
\x5f\x72\x74\x6f\x5f\x72\x65\x63\x6f\x76\x65\x72\x69\x65\x73\0\x74\x6f\x74\x61\
\x6c\x5f\x72\x74\x6f\x5f\x74\x69\x6d\x65\0\x75\x72\x67\x5f\x73\x65\x71\0\x6b\
\x65\x65\x70\x61\x6c\x69\x76\x65\x5f\x74\x69\x6d\x65\0\x6b\x65\x65\x70\x61\x6c\
\x69\x76\x65\x5f\x69\x6e\x74\x76\x6c\0\x6c\x69\x6e\x67\x65\x72\x32\0\x62\x70\
\x66\x5f\x73\x6f\x63\x6b\x5f\x6f\x70\x73\x5f\x63\x62\x5f\x66\x6c\x61\x67\x73\0\
\x62\x70\x66\x5f\x63\x68\x67\x5f\x63\x63\x5f\x69\x6e\x70\x72\x6f\x67\x72\x65\
\x73\x73\0\x74\x69\x6d\x65\x6f\x75\x74\x5f\x72\x65\x68\x61\x73\x68\0\x72\x63\
\x76\x5f\x6f\x6f\x6f\x70\x61\x63\x6b\0\x6d\x74\x75\x5f\x70\x72\x6f\x62\x65\0\
\x70\x6c\x62\x5f\x72\x65\x68\x61\x73\x68\0\x6d\x74\x75\x5f\x69\x6e\x66\x6f\0\
\x69\x73\x5f\x6d\x70\x74\x63\x70\0\x73\x79\x6e\x5f\x73\x6d\x63\0\x73\x6d\x63\
\x5f\x68\x73\x5f\x63\x6f\x6e\x67\x65\x73\x74\x65\x64\0\x61\x66\x5f\x73\x70\x65\
\x63\x69\x66\x69\x63\0\x6d\x64\x35\x73\x69\x67\x5f\x69\x6e\x66\x6f\0\x61\x6f\
\x5f\x69\x6e\x66\x6f\0\x66\x61\x73\x74\x6f\x70\x65\x6e\x5f\x72\x65\x71\0\x66\
\x61\x73\x74\x6f\x70\x65\x6e\x5f\x72\x73\x6b\0\x73\x61\x76\x65\x64\x5f\x73\x79\
\x6e\0\x69\x6e\x65\x74\x5f\x63\x6f\x6e\x6e\x65\x63\x74\x69\x6f\x6e\x5f\x73\x6f\
\x63\x6b\0\x69\x63\x73\x6b\x5f\x69\x6e\x65\x74\0\x69\x63\x73\x6b\x5f\x61\x63\
\x63\x65\x70\x74\x5f\x71\x75\x65\x75\x65\0\x69\x63\x73\x6b\x5f\x62\x69\x6e\x64\
\x5f\x68\x61\x73\x68\0\x69\x63\x73\x6b\x5f\x62\x69\x6e\x64\x32\x5f\x68\x61\x73\
\x68\0\x69\x63\x73\x6b\x5f\x74\x69\x6d\x65\x6f\x75\x74\0\x69\x63\x73\x6b\x5f\
\x72\x65\x74\x72\x61\x6e\x73\x6d\x69\x74\x5f\x74\x69\x6d\x65\x72\0\x69\x63\x73\
\x6b\x5f\x64\x65\x6c\x61\x63\x6b\x5f\x74\x69\x6d\x65\x72\0\x69\x63\x73\x6b\x5f\
\x72\x74\x6f\0\x69\x63\x73\x6b\x5f\x72\x74\x6f\x5f\x6d\x69\x6e\0\x69\x63\x73\
\x6b\x5f\x64\x65\x6c\x61\x63\x6b\x5f\x6d\x61\x78\0\x69\x63\x73\x6b\x5f\x70\x6d\
\x74\x75\x5f\x63\x6f\x6f\x6b\x69\x65\0\x69\x63\x73\x6b\x5f\x63\x61\x5f\x6f\x70\
\x73\0\x69\x63\x73\x6b\x5f\x61\x66\x5f\x6f\x70\x73\0\x69\x63\x73\x6b\x5f\x75\
\x6c\x70\x5f\x6f\x70\x73\0\x69\x63\x73\x6b\x5f\x75\x6c\x70\x5f\x64\x61\x74\x61\
\0\x69\x63\x73\x6b\x5f\x63\x6c\x65\x61\x6e\x5f\x61\x63\x6b\x65\x64\0\x69\x63\
\x73\x6b\x5f\x73\x79\x6e\x63\x5f\x6d\x73\x73\0\x69\x63\x73\x6b\x5f\x63\x61\x5f\
\x73\x74\x61\x74\x65\0\x69\x63\x73\x6b\x5f\x63\x61\x5f\x69\x6e\x69\x74\x69\x61\
\x6c\x69\x7a\x65\x64\0\x69\x63\x73\x6b\x5f\x63\x61\x5f\x73\x65\x74\x73\x6f\x63\
\x6b\x6f\x70\x74\0\x69\x63\x73\x6b\x5f\x63\x61\x5f\x64\x73\x74\x5f\x6c\x6f\x63\
\x6b\x65\x64\0\x69\x63\x73\x6b\x5f\x72\x65\x74\x72\x61\x6e\x73\x6d\x69\x74\x73\
\0\x69\x63\x73\x6b\x5f\x70\x65\x6e\x64\x69\x6e\x67\0\x69\x63\x73\x6b\x5f\x62\
\x61\x63\x6b\x6f\x66\x66\0\x69\x63\x73\x6b\x5f\x73\x79\x6e\x5f\x72\x65\x74\x72\
\x69\x65\x73\0\x69\x63\x73\x6b\x5f\x70\x72\x6f\x62\x65\x73\x5f\x6f\x75\x74\0\
\x69\x63\x73\x6b\x5f\x65\x78\x74\x5f\x68\x64\x72\x5f\x6c\x65\x6e\0\x69\x63\x73\
\x6b\x5f\x61\x63\x6b\0\x69\x63\x73\x6b\x5f\x6d\x74\x75\x70\0\x69\x63\x73\x6b\
\x5f\x70\x72\x6f\x62\x65\x73\x5f\x74\x73\x74\x61\x6d\x70\0\x69\x63\x73\x6b\x5f\
\x75\x73\x65\x72\x5f\x74\x69\x6d\x65\x6f\x75\x74\0\x69\x63\x73\x6b\x5f\x63\x61\
\x5f\x70\x72\x69\x76\0\x69\x6e\x65\x74\x5f\x73\x6f\x63\x6b\0\x70\x69\x6e\x65\
\x74\x36\0\x69\x6e\x65\x74\x5f\x66\x6c\x61\x67\x73\0\x69\x6e\x65\x74\x5f\x73\
\x61\x64\x64\x72\0\x75\x63\x5f\x74\x74\x6c\0\x69\x6e\x65\x74\x5f\x73\x70\x6f\
\x72\x74\0\x69\x6e\x65\x74\x5f\x6f\x70\x74\0\x69\x6e\x65\x74\x5f\x69\x64\0\x74\
\x6f\x73\0\x6d\x69\x6e\x5f\x74\x74\x6c\0\x6d\x63\x5f\x74\x74\x6c\0\x70\x6d\x74\
\x75\x64\x69\x73\x63\0\x72\x63\x76\x5f\x74\x6f\x73\0\x63\x6f\x6e\x76\x65\x72\
\x74\x5f\x63\x73\x75\x6d\0\x75\x63\x5f\x69\x6e\x64\x65\x78\0\x6d\x63\x5f\x69\
\x6e\x64\x65\x78\0\x6d\x63\x5f\x61\x64\x64\x72\0\x6c\x6f\x63\x61\x6c\x5f\x70\
\x6f\x72\x74\x5f\x72\x61\x6e\x67\x65\0\x6d\x63\x5f\x6c\x69\x73\x74\0\x63\x6f\
\x72\x6b\0\x69\x6e\x65\x74\x5f\x63\x6f\x72\x6b\x5f\x66\x75\x6c\x6c\0\x66\x6c\0\
\x69\x6e\x65\x74\x5f\x63\x6f\x72\x6b\0\x61\x64\x64\x72\0\x66\x72\x61\x67\x73\
\x69\x7a\x65\0\x6c\x65\x6e\x67\x74\x68\0\x64\x73\x74\0\x74\x78\x5f\x66\x6c\x61\
\x67\x73\0\x74\x74\x6c\0\x67\x73\x6f\x5f\x73\x69\x7a\x65\0\x74\x72\x61\x6e\x73\
\x6d\x69\x74\x5f\x74\x69\x6d\x65\0\x66\x6c\x6f\x77\x69\0\x75\0\x5f\x5f\x66\x6c\
\x5f\x63\x6f\x6d\x6d\x6f\x6e\0\x69\x70\x34\0\x69\x70\x36\0\x66\x6c\x6f\x77\x69\
\x5f\x63\x6f\x6d\x6d\x6f\x6e\0\x66\x6c\x6f\x77\x69\x63\x5f\x6f\x69\x66\0\x66\
\x6c\x6f\x77\x69\x63\x5f\x69\x69\x66\0\x66\x6c\x6f\x77\x69\x63\x5f\x6c\x33\x6d\
\x64\x65\x76\0\x66\x6c\x6f\x77\x69\x63\x5f\x6d\x61\x72\x6b\0\x66\x6c\x6f\x77\
\x69\x63\x5f\x74\x6f\x73\0\x66\x6c\x6f\x77\x69\x63\x5f\x73\x63\x6f\x70\x65\0\
\x66\x6c\x6f\x77\x69\x63\x5f\x70\x72\x6f\x74\x6f\0\x66\x6c\x6f\x77\x69\x63\x5f\
\x66\x6c\x61\x67\x73\0\x66\x6c\x6f\x77\x69\x63\x5f\x73\x65\x63\x69\x64\0\x66\
\x6c\x6f\x77\x69\x63\x5f\x75\x69\x64\0\x66\x6c\x6f\x77\x69\x63\x5f\x6d\x75\x6c\
\x74\x69\x70\x61\x74\x68\x5f\x68\x61\x73\x68\0\x66\x6c\x6f\x77\x69\x63\x5f\x74\
\x75\x6e\x5f\x6b\x65\x79\0\x66\x6c\x6f\x77\x69\x5f\x74\x75\x6e\x6e\x65\x6c\0\
\x74\x75\x6e\x5f\x69\x64\0\x5f\x5f\x62\x65\x36\x34\0\x66\x6c\x6f\x77\x69\x34\0\
\x75\x6c\x69\0\x66\x6c\x6f\x77\x69\x5f\x75\x6c\x69\0\x70\x6f\x72\x74\x73\0\x69\
\x63\x6d\x70\x74\0\x67\x72\x65\x5f\x6b\x65\x79\0\x6d\x68\x74\0\x63\x6f\x64\x65\
\0\x66\x6c\x6f\x77\x69\x36\0\x66\x6c\x6f\x77\x6c\x61\x62\x65\x6c\0\x6d\x70\x5f\
\x68\x61\x73\x68\0\x72\x65\x71\x75\x65\x73\x74\x5f\x73\x6f\x63\x6b\x5f\x71\x75\
\x65\x75\x65\0\x72\x73\x6b\x71\x5f\x6c\x6f\x63\x6b\0\x72\x73\x6b\x71\x5f\x64\
\x65\x66\x65\x72\x5f\x61\x63\x63\x65\x70\x74\0\x73\x79\x6e\x66\x6c\x6f\x6f\x64\
\x5f\x77\x61\x72\x6e\x65\x64\0\x79\x6f\x75\x6e\x67\0\x72\x73\x6b\x71\x5f\x61\
\x63\x63\x65\x70\x74\x5f\x68\x65\x61\x64\0\x72\x73\x6b\x71\x5f\x61\x63\x63\x65\
\x70\x74\x5f\x74\x61\x69\x6c\0\x66\x61\x73\x74\x6f\x70\x65\x6e\x71\0\x66\x61\
\x73\x74\x6f\x70\x65\x6e\x5f\x71\x75\x65\x75\x65\0\x72\x73\x6b\x71\x5f\x72\x73\
\x74\x5f\x68\x65\x61\x64\0\x72\x73\x6b\x71\x5f\x72\x73\x74\x5f\x74\x61\x69\x6c\
\0\x6d\x61\x78\x5f\x71\x6c\x65\x6e\0\x71\x75\x69\x63\x6b\0\x70\x69\x6e\x67\x70\
\x6f\x6e\x67\0\x72\x65\x74\x72\x79\0\x61\x74\x6f\0\x6c\x72\x63\x76\x5f\x66\x6c\
\x6f\x77\x6c\x61\x62\x65\x6c\0\x6c\x72\x63\x76\x74\x69\x6d\x65\0\x6c\x61\x73\
\x74\x5f\x73\x65\x67\x5f\x73\x69\x7a\x65\0\x72\x63\x76\x5f\x6d\x73\x73\0\x73\
\x65\x61\x72\x63\x68\x5f\x68\x69\x67\x68\0\x73\x65\x61\x72\x63\x68\x5f\x6c\x6f\
\x77\0\x70\x72\x6f\x62\x65\x5f\x73\x69\x7a\x65\0\x65\x6e\x61\x62\x6c\x65\x64\0\
\x70\x72\x6f\x62\x65\x5f\x74\x69\x6d\x65\x73\x74\x61\x6d\x70\0\x6d\x69\x6e\x6d\
\x61\x78\0\x73\0\x6d\x69\x6e\x6d\x61\x78\x5f\x73\x61\x6d\x70\x6c\x65\0\x74\0\
\x74\x63\x70\x5f\x6f\x70\x74\x69\x6f\x6e\x73\x5f\x72\x65\x63\x65\x69\x76\x65\
\x64\0\x74\x73\x5f\x72\x65\x63\x65\x6e\x74\x5f\x73\x74\x61\x6d\x70\0\x74\x73\
\x5f\x72\x65\x63\x65\x6e\x74\0\x72\x63\x76\x5f\x74\x73\x76\x61\x6c\0\x72\x63\
\x76\x5f\x74\x73\x65\x63\x72\0\x73\x61\x77\x5f\x74\x73\x74\x61\x6d\x70\0\x74\
\x73\x74\x61\x6d\x70\x5f\x6f\x6b\0\x64\x73\x61\x63\x6b\0\x77\x73\x63\x61\x6c\
\x65\x5f\x6f\x6b\0\x73\x61\x63\x6b\x5f\x6f\x6b\0\x73\x6d\x63\x5f\x6f\x6b\0\x73\
\x6e\x64\x5f\x77\x73\x63\x61\x6c\x65\0\x72\x63\x76\x5f\x77\x73\x63\x61\x6c\x65\
\0\x73\x61\x77\x5f\x75\x6e\x6b\x6e\x6f\x77\x6e\0\x6e\x75\x6d\x5f\x73\x61\x63\
\x6b\x73\0\x75\x73\x65\x72\x5f\x6d\x73\x73\0\x6d\x73\x73\x5f\x63\x6c\x61\x6d\
\x70\0\x72\x74\x74\x5f\x75\x73\0\x74\x69\x6d\x65\0\x73\x70\x61\x63\x65\0\x74\
\x63\x70\x5f\x72\x61\x63\x6b\0\x6d\x73\x74\x61\x6d\x70\0\x6c\x61\x73\x74\x5f\
\x64\x65\x6c\x69\x76\x65\x72\x65\x64\0\x72\x65\x6f\x5f\x77\x6e\x64\x5f\x73\x74\
\x65\x70\x73\0\x72\x65\x6f\x5f\x77\x6e\x64\x5f\x70\x65\x72\x73\x69\x73\x74\0\
\x64\x73\x61\x63\x6b\x5f\x73\x65\x65\x6e\0\x61\x64\x76\x61\x6e\x63\x65\x64\0\
\x74\x63\x70\x5f\x73\x61\x63\x6b\x5f\x62\x6c\x6f\x63\x6b\0\x73\x74\x61\x72\x74\
\x5f\x73\x65\x71\0\x70\x72\x6f\x62\x65\x5f\x73\x65\x71\x5f\x73\x74\x61\x72\x74\
\0\x70\x72\x6f\x62\x65\x5f\x73\x65\x71\x5f\x65\x6e\x64\0\x62\x70\x66\x5f\x70\
\x65\x72\x66\x5f\x65\x76\x65\x6e\x74\x5f\x64\x61\x74\x61\0\x72\x65\x67\x73\0\
\x73\x61\x6d\x70\x6c\x65\x5f\x70\x65\x72\x69\x6f\x64\0\x62\x70\x66\x5f\x75\x73\
\x65\x72\x5f\x70\x74\x5f\x72\x65\x67\x73\x5f\x74\0\x68\x61\x6e\x64\x6c\x65\x5f\
\x74\x63\x70\x72\x74\x74\x5f\x65\x76\x65\x6e\x74\0\x68\x61\x6e\x64\x6c\x65\x5f\
\x74\x63\x70\x5f\x72\x63\x76\x5f\x73\x74\x61\x74\x65\x5f\x70\x72\x6f\x63\x65\
\x73\x73\0\x4c\x49\x43\x45\x4e\x53\x45\0\x7a\x65\x72\x6f\0\x68\x61\x6e\x64\x6c\
\x65\x5f\x74\x63\x70\x72\x74\x74\x5f\x65\x76\x65\x6e\x74\x2e\x5f\x5f\x5f\x5f\
\x66\x6d\x74\0\x68\x61\x6e\x64\x6c\x65\x5f\x74\x63\x70\x72\x74\x74\x5f\x65\x76\
\x65\x6e\x74\x2e\x5f\x5f\x5f\x5f\x66\x6d\x74\x2e\x31\0\x74\x63\x70\x5f\x6b\x70\
\x72\x6f\x62\x65\x5f\x72\x65\x74\x72\x61\x6e\x73\x5f\x65\x76\x65\x6e\x74\x2e\
\x5f\x5f\x5f\x5f\x66\x6d\x74\0\x74\x63\x70\x5f\x74\x6f\x70\x5f\x72\x69\x6e\x67\
\x62\x75\x66\x66\x5f\x73\x65\x6e\x64\x2e\x5f\x5f\x5f\x5f\x66\x6d\x74\0\x68\x61\
\x6e\x64\x6c\x65\x5f\x74\x63\x70\x5f\x72\x63\x76\x5f\x73\x74\x61\x74\x65\x5f\
\x70\x72\x6f\x63\x65\x73\x73\x2e\x5f\x5f\x5f\x5f\x66\x6d\x74\0\x6e\x65\x74\x5f\
\x64\x65\x76\x69\x63\x65\x5f\x6f\x70\x73\0\x75\x73\x65\x72\x5f\x6e\x61\x6d\x65\
\x73\x70\x61\x63\x65\0\x64\x65\x76\x69\x63\x65\x5f\x70\x72\x69\x76\x61\x74\x65\
\0\x64\x65\x76\x69\x63\x65\x5f\x64\x72\x69\x76\x65\x72\0\x62\x75\x73\x5f\x74\
\x79\x70\x65\0\x69\x6e\x6f\x64\x65\0\x68\x72\x74\x69\x6d\x65\x72\x5f\x63\x6c\
\x6f\x63\x6b\x5f\x62\x61\x73\x65\0\x65\x6d\x5f\x70\x65\x72\x66\x5f\x64\x6f\x6d\
\x61\x69\x6e\0\x66\x69\x6c\x65\x5f\x6f\x70\x65\x72\x61\x74\x69\x6f\x6e\x73\0\
\x6b\x6f\x62\x6a\x5f\x74\x79\x70\x65\0\x64\x65\x76\x5f\x70\x6d\x5f\x64\x6f\x6d\
\x61\x69\x6e\0\x61\x64\x64\x72\x65\x73\x73\x5f\x73\x70\x61\x63\x65\x5f\x6f\x70\
\x65\x72\x61\x74\x69\x6f\x6e\x73\0\x64\x65\x76\x69\x63\x65\x5f\x74\x79\x70\x65\
\0\x77\x61\x6b\x65\x75\x70\x5f\x73\x6f\x75\x72\x63\x65\0\x77\x61\x6b\x65\x5f\
\x69\x72\x71\0\x6d\x65\x6d\x70\x6f\x6c\x69\x63\x79\0\x61\x6e\x6f\x6e\x5f\x76\
\x6d\x61\x5f\x6e\x61\x6d\x65\0\x76\x6d\x61\x5f\x6e\x75\x6d\x61\x62\x5f\x73\x74\
\x61\x74\x65\0\x75\x73\x65\x72\x66\x61\x75\x6c\x74\x66\x64\x5f\x63\x74\x78\0\
\x70\x6d\x5f\x73\x75\x62\x73\x79\x73\x5f\x64\x61\x74\x61\0\x64\x65\x76\x5f\x70\
\x6d\x5f\x71\x6f\x73\0\x6b\x65\x79\0\x75\x73\x65\x72\x5f\x73\x74\x72\x75\x63\
\x74\0\x64\x65\x76\x5f\x70\x69\x6e\x5f\x69\x6e\x66\x6f\0\x69\x72\x71\x5f\x64\
\x6f\x6d\x61\x69\x6e\0\x64\x65\x76\x69\x63\x65\x5f\x6e\x6f\x64\x65\0\x66\x77\
\x6e\x6f\x64\x65\x5f\x68\x61\x6e\x64\x6c\x65\0\x62\x70\x66\x5f\x6c\x6f\x63\x61\
\x6c\x5f\x73\x74\x6f\x72\x61\x67\x65\0\x6d\x6d\x5f\x73\x74\x72\x75\x63\x74\0\
\x76\x6d\x61\x5f\x6c\x6f\x63\x6b\0\x76\x6d\x5f\x6f\x70\x65\x72\x61\x74\x69\x6f\
\x6e\x73\x5f\x73\x74\x72\x75\x63\x74\0\x6c\x6f\x63\x6b\x5f\x63\x6c\x61\x73\x73\
\x5f\x6b\x65\x79\0\x6d\x65\x6d\x5f\x63\x67\x72\x6f\x75\x70\0\x6b\x65\x72\x6e\
\x66\x73\x5f\x6e\x6f\x64\x65\0\x62\x70\x66\x5f\x70\x72\x6f\x67\0\x6e\x65\x74\
\x64\x65\x76\x5f\x71\x75\x65\x75\x65\0\x51\x64\x69\x73\x63\0\x70\x69\x64\0\x76\
\x66\x73\x6d\x6f\x75\x6e\x74\0\x62\x70\x66\x5f\x6d\x70\x72\x6f\x67\x5f\x65\x6e\
\x74\x72\x79\0\x70\x63\x70\x75\x5f\x6c\x73\x74\x61\x74\x73\0\x70\x63\x70\x75\
\x5f\x73\x77\x5f\x6e\x65\x74\x73\x74\x61\x74\x73\0\x70\x63\x70\x75\x5f\x64\x73\
\x74\x61\x74\x73\0\x6e\x65\x74\x64\x65\x76\x5f\x72\x78\x5f\x71\x75\x65\x75\x65\
\0\x6e\x65\x74\x64\x65\x76\x5f\x6e\x61\x6d\x65\x5f\x6e\x6f\x64\x65\0\x64\x65\
\x76\x5f\x69\x66\x61\x6c\x69\x61\x73\0\x6e\x65\x74\x5f\x64\x65\x76\x69\x63\x65\
\x5f\x63\x6f\x72\x65\x5f\x73\x74\x61\x74\x73\0\x69\x77\x5f\x68\x61\x6e\x64\x6c\
\x65\x72\x5f\x64\x65\x66\0\x69\x77\x5f\x70\x75\x62\x6c\x69\x63\x5f\x64\x61\x74\
\x61\0\x69\x6e\x5f\x64\x65\x76\x69\x63\x65\0\x64\x73\x61\x5f\x70\x6f\x72\x74\0\
\x70\x68\x79\x5f\x64\x65\x76\x69\x63\x65\0\x6d\x73\x69\x5f\x64\x65\x76\x69\x63\
\x65\x5f\x64\x61\x74\x61\0\x64\x6d\x61\x5f\x6d\x61\x70\x5f\x6f\x70\x73\0\x62\
\x75\x73\x5f\x64\x6d\x61\x5f\x72\x65\x67\x69\x6f\x6e\0\x64\x65\x76\x69\x63\x65\
\x5f\x64\x6d\x61\x5f\x70\x61\x72\x61\x6d\x65\x74\x65\x72\x73\0\x69\x6f\x5f\x74\
\x6c\x62\x5f\x6d\x65\x6d\0\x73\x6f\x63\x6b\x65\x74\0\x73\x6f\x63\x6b\x65\x74\
\x5f\x77\x71\0\x72\x65\x71\x75\x65\x73\x74\x5f\x73\x6f\x63\x6b\0\x69\x6e\x65\
\x74\x5f\x74\x69\x6d\x65\x77\x61\x69\x74\x5f\x64\x65\x61\x74\x68\x5f\x72\x6f\
\x77\0\x64\x73\x74\x5f\x65\x6e\x74\x72\x79\0\x78\x66\x72\x6d\x5f\x73\x65\x63\
\x5f\x63\x74\x78\0\x73\x6f\x63\x6b\x5f\x72\x65\x75\x73\x65\x70\x6f\x72\x74\0\
\x64\x65\x76\x5f\x69\x6f\x6d\x6d\x75\0\x64\x65\x76\x69\x63\x65\x5f\x70\x68\x79\
\x73\x69\x63\x61\x6c\x5f\x6c\x6f\x63\x61\x74\x69\x6f\x6e\0\x6e\x65\x74\x70\x72\
\x69\x6f\x5f\x6d\x61\x70\0\x70\x68\x79\x5f\x6c\x69\x6e\x6b\x5f\x74\x6f\x70\x6f\
\x6c\x6f\x67\x79\0\x66\x6f\x77\x6e\x5f\x73\x74\x72\x75\x63\x74\0\x74\x63\x70\
\x5f\x63\x6f\x6e\x67\x65\x73\x74\x69\x6f\x6e\x5f\x6f\x70\x73\0\x74\x63\x70\x5f\
\x66\x61\x73\x74\x6f\x70\x65\x6e\x5f\x63\x6f\x6e\x74\x65\x78\x74\0\x69\x6e\x65\
\x74\x36\x5f\x64\x65\x76\0\x6e\x66\x5f\x68\x6f\x6f\x6b\x5f\x65\x6e\x74\x72\x69\
\x65\x73\0\x6e\x65\x74\x70\x6f\x6c\x6c\x5f\x69\x6e\x66\x6f\0\x77\x69\x72\x65\
\x6c\x65\x73\x73\x5f\x64\x65\x76\0\x77\x70\x61\x6e\x5f\x64\x65\x76\0\x6d\x63\
\x74\x70\x5f\x64\x65\x76\0\x63\x70\x75\x5f\x72\x6d\x61\x70\0\x78\x64\x70\x5f\
\x64\x65\x76\x5f\x62\x75\x6c\x6b\x5f\x71\x75\x65\x75\x65\0\x64\x6d\x5f\x68\x77\
\x5f\x73\x74\x61\x74\x5f\x64\x65\x6c\x74\x61\0\x6e\x65\x74\x64\x65\x76\x5f\x73\
\x74\x61\x74\x5f\x6f\x70\x73\0\x6e\x65\x74\x64\x65\x76\x5f\x71\x75\x65\x75\x65\
\x5f\x6d\x67\x6d\x74\x5f\x6f\x70\x73\0\x64\x63\x62\x6e\x6c\x5f\x72\x74\x6e\x6c\
\x5f\x6f\x70\x73\0\x65\x74\x68\x74\x6f\x6f\x6c\x5f\x6e\x65\x74\x64\x65\x76\x5f\
\x73\x74\x61\x74\x65\0\x62\x70\x66\x5f\x78\x64\x70\x5f\x6c\x69\x6e\x6b\0\x72\
\x74\x6e\x6c\x5f\x68\x77\x5f\x73\x74\x61\x74\x73\x36\x34\0\x64\x69\x6d\x5f\x69\
\x72\x71\x5f\x6d\x6f\x64\x65\x72\0\x73\x6b\x62\x5f\x65\x78\x74\0\x69\x70\x76\
\x36\x5f\x70\x69\x6e\x66\x6f\0\x69\x70\x5f\x6f\x70\x74\x69\x6f\x6e\x73\x5f\x72\
\x63\x75\0\x69\x70\x5f\x6d\x63\x5f\x73\x6f\x63\x6b\x6c\x69\x73\x74\0\x69\x6e\
\x65\x74\x5f\x62\x69\x6e\x64\x5f\x62\x75\x63\x6b\x65\x74\0\x69\x6e\x65\x74\x5f\
\x62\x69\x6e\x64\x32\x5f\x62\x75\x63\x6b\x65\x74\0\x69\x6e\x65\x74\x5f\x63\x6f\
\x6e\x6e\x65\x63\x74\x69\x6f\x6e\x5f\x73\x6f\x63\x6b\x5f\x61\x66\x5f\x6f\x70\
\x73\0\x74\x63\x70\x5f\x75\x6c\x70\x5f\x6f\x70\x73\0\x74\x63\x70\x5f\x73\x6f\
\x63\x6b\x5f\x61\x66\x5f\x6f\x70\x73\0\x74\x63\x70\x5f\x6d\x64\x35\x73\x69\x67\
\x5f\x69\x6e\x66\x6f\0\x74\x63\x70\x5f\x61\x6f\x5f\x69\x6e\x66\x6f\0\x74\x63\
\x70\x5f\x66\x61\x73\x74\x6f\x70\x65\x6e\x5f\x72\x65\x71\x75\x65\x73\x74\0\x2f\
\x68\x6f\x6d\x65\x2f\x6e\x65\x31\x2f\x73\x79\x73\x5f\x63\x6f\x6d\x70\x65\x74\
\x69\x74\x69\x6f\x6e\x2f\x72\x61\x63\x65\x2f\x62\x70\x66\x2f\x6e\x65\x74\x5f\
\x73\x74\x61\x74\x73\x2e\x62\x70\x66\x2e\x63\0\x20\x20\x20\x20\x73\x74\x72\x75\
\x63\x74\x20\x73\x6f\x63\x6b\x20\x2a\x73\x6b\x20\x3d\x20\x28\x73\x74\x72\x75\
\x63\x74\x20\x73\x6f\x63\x6b\x20\x2a\x29\x63\x74\x78\x2d\x3e\x73\x6b\x61\x64\
\x64\x72\x3b\0\x20\x20\x20\x20\x69\x66\x28\x21\x73\x6b\x29\0\x20\x20\x20\x20\
\x75\x33\x32\x20\x70\x69\x64\x20\x3d\x20\x62\x70\x66\x5f\x67\x65\x74\x5f\x63\
\x75\x72\x72\x65\x6e\x74\x5f\x70\x69\x64\x5f\x74\x67\x69\x64\x28\x29\x20\x26\
\x20\x30\x78\x46\x46\x46\x46\x46\x46\x46\x46\x3b\x20\0\x20\x20\x20\x20\x69\x66\
\x28\x70\x69\x64\x20\x3d\x3d\x20\x66\x69\x6c\x69\x74\x65\x72\x5f\x69\x64\x29\0\
\x20\x20\x20\x20\x75\x36\x34\x20\x6e\x6f\x77\x20\x3d\x20\x62\x70\x66\x5f\x6b\
\x74\x69\x6d\x65\x5f\x67\x65\x74\x5f\x6e\x73\x28\x29\x3b\0\x20\x20\x20\x20\x69\
\x66\x20\x28\x73\x6b\x62\x29\x20\x7b\0\x20\x20\x20\x20\x20\x20\x20\x20\x62\x70\
\x66\x5f\x70\x72\x6f\x62\x65\x5f\x72\x65\x61\x64\x5f\x6b\x65\x72\x6e\x65\x6c\
\x28\x26\x74\x63\x62\x2c\x20\x73\x69\x7a\x65\x6f\x66\x28\x74\x63\x62\x29\x2c\
\x20\x73\x6b\x62\x2d\x3e\x63\x62\x29\x3b\0\x20\x20\x20\x20\x20\x20\x20\x20\x73\
\x65\x71\x20\x3d\x20\x74\x63\x62\x2e\x73\x65\x71\x3b\0\x20\x20\x20\x20\x62\x70\
\x66\x5f\x70\x72\x6f\x62\x65\x5f\x72\x65\x61\x64\x5f\x6b\x65\x72\x6e\x65\x6c\
\x28\x26\x66\x61\x6d\x69\x6c\x79\x2c\x20\x73\x69\x7a\x65\x6f\x66\x28\x66\x61\
\x6d\x69\x6c\x79\x29\x2c\x20\x26\x73\x6b\x2d\x3e\x5f\x5f\x73\x6b\x5f\x63\x6f\
\x6d\x6d\x6f\x6e\x2e\x73\x6b\x63\x5f\x66\x61\x6d\x69\x6c\x79\x29\x3b\0\x20\x20\
\x20\x20\x62\x70\x66\x5f\x70\x72\x6f\x62\x65\x5f\x72\x65\x61\x64\x5f\x6b\x65\
\x72\x6e\x65\x6c\x28\x26\x6c\x70\x6f\x72\x74\x2c\x20\x73\x69\x7a\x65\x6f\x66\
\x28\x6c\x70\x6f\x72\x74\x29\x2c\x20\x26\x73\x6b\x2d\x3e\x5f\x5f\x73\x6b\x5f\
\x63\x6f\x6d\x6d\x6f\x6e\x2e\x73\x6b\x63\x5f\x6e\x75\x6d\x29\x3b\0\x20\x20\x20\
\x20\x62\x70\x66\x5f\x70\x72\x6f\x62\x65\x5f\x72\x65\x61\x64\x5f\x6b\x65\x72\
\x6e\x65\x6c\x28\x26\x64\x70\x6f\x72\x74\x2c\x20\x73\x69\x7a\x65\x6f\x66\x28\
\x64\x70\x6f\x72\x74\x29\x2c\x20\x26\x73\x6b\x2d\x3e\x5f\x5f\x73\x6b\x5f\x63\
\x6f\x6d\x6d\x6f\x6e\x2e\x73\x6b\x63\x5f\x64\x70\x6f\x72\x74\x29\x3b\0\x20\x20\
\x20\x20\x62\x70\x66\x5f\x70\x72\x6f\x62\x65\x5f\x72\x65\x61\x64\x5f\x6b\x65\
\x72\x6e\x65\x6c\x28\x26\x73\x74\x61\x74\x65\x2c\x20\x73\x69\x7a\x65\x6f\x66\
\x28\x73\x74\x61\x74\x65\x29\x2c\x20\x26\x73\x6b\x2d\x3e\x5f\x5f\x73\x6b\x5f\
\x63\x6f\x6d\x6d\x6f\x6e\x2e\x73\x6b\x63\x5f\x73\x74\x61\x74\x65\x29\x3b\0\x20\
\x20\x20\x20\x62\x70\x66\x5f\x67\x65\x74\x5f\x63\x75\x72\x72\x65\x6e\x74\x5f\
\x63\x6f\x6d\x6d\x28\x26\x63\x6f\x6d\x6d\x2c\x20\x73\x69\x7a\x65\x6f\x66\x28\
\x63\x6f\x6d\x6d\x29\x29\x3b\0\x20\x20\x20\x20\x69\x66\x28\x66\x61\x6d\x69\x6c\
\x79\x20\x21\x3d\x20\x41\x46\x5f\x49\x4e\x45\x54\x20\x26\x26\x20\x66\x61\x6d\
\x69\x6c\x79\x20\x21\x3d\x20\x41\x46\x5f\x49\x4e\x45\x54\x36\x29\0\x20\x20\x20\
\x20\x73\x74\x72\x75\x63\x74\x20\x74\x63\x70\x5f\x72\x65\x73\x75\x62\x6d\x69\
\x74\x20\x2a\x62\x75\x66\x66\x20\x3d\x20\x62\x70\x66\x5f\x72\x69\x6e\x67\x62\
\x75\x66\x5f\x72\x65\x73\x65\x72\x76\x65\x28\x26\x74\x63\x70\x72\x65\x74\x72\
\x61\x6e\x73\x5f\x62\x75\x66\x66\x65\x72\x2c\x73\x69\x7a\x65\x6f\x66\x28\x73\
\x74\x72\x75\x63\x74\x20\x74\x63\x70\x5f\x72\x65\x73\x75\x62\x6d\x69\x74\x29\
\x2c\x30\x29\x3b\0\x20\x20\x20\x20\x69\x66\x28\x21\x62\x75\x66\x66\x29\x7b\0\
\x20\x20\x20\x20\x20\x20\x20\x20\x62\x70\x66\x5f\x70\x72\x69\x6e\x74\x6b\x28\
\x22\x74\x68\x65\x20\x74\x63\x70\x5f\x72\x65\x74\x72\x61\x6e\x73\x20\x62\x75\
\x66\x66\x65\x72\x20\x69\x73\x20\x66\x75\x6c\x6c\x5c\x6e\x22\x29\x3b\0\x20\x20\
\x20\x20\x20\x20\x20\x20\x72\x65\x74\x75\x72\x6e\x20\x30\x3b\0\x20\x20\x20\x20\
\x6d\x65\x6d\x73\x65\x74\x28\x62\x75\x66\x66\x2c\x30\x2c\x73\x69\x7a\x65\x6f\
\x66\x28\x73\x74\x72\x75\x63\x74\x20\x74\x63\x70\x5f\x72\x65\x73\x75\x62\x6d\
\x69\x74\x29\x29\x3b\0\x20\x20\x20\x20\x62\x75\x66\x66\x2d\x3e\x70\x69\x64\x20\
\x3d\x20\x70\x69\x64\x3b\0\x20\x20\x20\x20\x62\x75\x66\x66\x2d\x3e\x64\x70\x6f\
\x72\x74\x20\x3d\x20\x64\x70\x6f\x72\x74\x3b\0\x20\x20\x20\x20\x62\x75\x66\x66\
\x2d\x3e\x6c\x70\x6f\x72\x74\x20\x3d\x20\x6c\x70\x6f\x72\x74\x3b\0\x20\x20\x20\
\x20\x62\x75\x66\x66\x2d\x3e\x73\x65\x71\x20\x3d\x20\x73\x65\x71\x3b\0\x20\x20\
\x20\x20\x62\x75\x66\x66\x2d\x3e\x73\x74\x61\x74\x65\x20\x3d\x20\x73\x74\x61\
\x74\x65\x3b\0\x20\x20\x20\x20\x62\x75\x66\x66\x2d\x3e\x6f\x63\x63\x75\x72\x20\
\x3d\x20\x6e\x6f\x77\x3b\0\x20\x20\x20\x20\x62\x75\x66\x66\x2d\x3e\x74\x79\x70\
\x65\x20\x3d\x20\x74\x79\x70\x65\x3b\0\x20\x20\x20\x20\x62\x70\x66\x5f\x70\x72\
\x6f\x62\x65\x5f\x72\x65\x61\x64\x5f\x73\x74\x72\x28\x62\x75\x66\x66\x2d\x3e\
\x63\x6f\x6d\x6d\x2c\x73\x69\x7a\x65\x6f\x66\x28\x63\x6f\x6d\x6d\x29\x2c\x63\
\x6f\x6d\x6d\x29\x3b\0\x20\x20\x20\x20\x73\x77\x69\x74\x63\x68\x28\x66\x61\x6d\
\x69\x6c\x79\x29\x7b\0\x20\x20\x20\x20\x20\x20\x20\x20\x20\x20\x20\x20\x62\x75\
\x66\x66\x2d\x3e\x61\x66\x20\x3d\x20\x41\x46\x5f\x49\x4e\x45\x54\x3b\0\x20\x20\
\x20\x20\x20\x20\x20\x20\x20\x20\x20\x20\x62\x70\x66\x5f\x70\x72\x6f\x62\x65\
\x5f\x72\x65\x61\x64\x5f\x6b\x65\x72\x6e\x65\x6c\x28\x26\x64\x61\x64\x64\x72\
\x2c\x73\x69\x7a\x65\x6f\x66\x28\x64\x61\x64\x64\x72\x29\x2c\x26\x73\x6b\x2d\
\x3e\x5f\x5f\x73\x6b\x5f\x63\x6f\x6d\x6d\x6f\x6e\x2e\x73\x6b\x63\x5f\x64\x61\
\x64\x64\x72\x29\x3b\0\x20\x20\x20\x20\x20\x20\x20\x20\x20\x20\x20\x20\x62\x70\
\x66\x5f\x70\x72\x6f\x62\x65\x5f\x72\x65\x61\x64\x5f\x6b\x65\x72\x6e\x65\x6c\
\x28\x26\x73\x61\x64\x64\x72\x2c\x73\x69\x7a\x65\x6f\x66\x28\x73\x61\x64\x64\
\x72\x29\x2c\x26\x73\x6b\x2d\x3e\x5f\x5f\x73\x6b\x5f\x63\x6f\x6d\x6d\x6f\x6e\
\x2e\x73\x6b\x63\x5f\x72\x63\x76\x5f\x73\x61\x64\x64\x72\x29\x3b\0\x20\x20\x20\
\x20\x20\x20\x20\x20\x20\x20\x20\x20\x62\x75\x66\x66\x2d\x3e\x73\x72\x63\x5f\
\x61\x64\x64\x72\x2e\x73\x61\x64\x64\x72\x5f\x76\x34\x20\x3d\x20\x73\x61\x64\
\x64\x72\x3b\0\x20\x20\x20\x20\x20\x20\x20\x20\x20\x20\x20\x20\x62\x75\x66\x66\
\x2d\x3e\x64\x73\x74\x5f\x61\x64\x64\x72\x2e\x64\x61\x64\x64\x72\x5f\x76\x34\
\x20\x3d\x20\x64\x61\x64\x64\x72\x3b\0\x20\x20\x20\x20\x20\x20\x20\x20\x20\x20\
\x20\x20\x62\x70\x66\x5f\x72\x69\x6e\x67\x62\x75\x66\x5f\x73\x75\x62\x6d\x69\
\x74\x28\x62\x75\x66\x66\x2c\x30\x29\x3b\0\x20\x20\x20\x20\x20\x20\x20\x20\x20\
\x20\x20\x20\x62\x75\x66\x66\x2d\x3e\x61\x66\x20\x3d\x20\x41\x46\x5f\x49\x4e\
\x45\x54\x36\x3b\0\x20\x20\x20\x20\x20\x20\x20\x20\x20\x20\x20\x20\x62\x70\x66\
\x5f\x70\x72\x6f\x62\x65\x5f\x72\x65\x61\x64\x5f\x6b\x65\x72\x6e\x65\x6c\x28\
\x26\x62\x75\x66\x66\x2d\x3e\x73\x72\x63\x5f\x61\x64\x64\x72\x2e\x73\x61\x64\
\x64\x72\x5f\x76\x36\x2c\x20\x73\x69\x7a\x65\x6f\x66\x28\x62\x75\x66\x66\x2d\
\x3e\x73\x72\x63\x5f\x61\x64\x64\x72\x2e\x73\x61\x64\x64\x72\x5f\x76\x36\x29\
\x2c\x20\x26\x73\x6b\x2d\x3e\x5f\x5f\x73\x6b\x5f\x63\x6f\x6d\x6d\x6f\x6e\x2e\
\x73\x6b\x63\x5f\x76\x36\x5f\x72\x63\x76\x5f\x73\x61\x64\x64\x72\x29\x3b\0\x20\
\x20\x20\x20\x20\x20\x20\x20\x20\x20\x20\x20\x62\x70\x66\x5f\x70\x72\x6f\x62\
\x65\x5f\x72\x65\x61\x64\x5f\x6b\x65\x72\x6e\x65\x6c\x28\x26\x62\x75\x66\x66\
\x2d\x3e\x64\x73\x74\x5f\x61\x64\x64\x72\x2e\x64\x61\x64\x64\x72\x5f\x76\x36\
\x2c\x73\x69\x7a\x65\x6f\x66\x28\x62\x75\x66\x66\x2d\x3e\x64\x73\x74\x5f\x61\
\x64\x64\x72\x2e\x64\x61\x64\x64\x72\x5f\x76\x36\x29\x2c\x26\x73\x6b\x2d\x3e\
\x5f\x5f\x73\x6b\x5f\x63\x6f\x6d\x6d\x6f\x6e\x2e\x73\x6b\x63\x5f\x76\x36\x5f\
\x64\x61\x64\x64\x72\x29\x3b\0\x20\x20\x20\x20\x20\x20\x20\x20\x20\x20\x20\x20\
\x62\x72\x65\x61\x6b\x3b\0\x20\x20\x20\x20\x20\x20\x20\x20\x20\x20\x20\x20\x62\
\x70\x66\x5f\x72\x69\x6e\x67\x62\x75\x66\x5f\x64\x69\x73\x63\x61\x72\x64\x28\
\x62\x75\x66\x66\x2c\x20\x30\x29\x3b\0\x20\x20\x20\x20\x72\x65\x74\x75\x72\x6e\
\x20\x74\x63\x70\x5f\x6b\x70\x72\x6f\x62\x65\x5f\x72\x65\x74\x72\x61\x6e\x73\
\x5f\x65\x76\x65\x6e\x74\x28\x73\x6b\x2c\x73\x6b\x62\x2c\x52\x45\x54\x52\x41\
\x4e\x53\x4d\x49\x54\x29\x3b\0\x69\x6e\x74\x20\x42\x50\x46\x5f\x4b\x50\x52\x4f\
\x42\x45\x28\x74\x6f\x70\x5f\x74\x63\x70\x5f\x73\x65\x6e\x64\x5f\x65\x6e\x74\
\x72\x79\x2c\x20\x73\x74\x72\x75\x63\x74\x20\x73\x6f\x63\x6b\x20\x2a\x73\x6b\
\x29\x7b\0\x20\x20\x20\x20\x62\x70\x66\x5f\x6d\x61\x70\x5f\x75\x70\x64\x61\x74\
\x65\x5f\x65\x6c\x65\x6d\x28\x26\x74\x6f\x70\x5f\x73\x6f\x63\x6b\x5f\x73\x74\
\x6f\x72\x65\x2c\x26\x70\x69\x64\x2c\x26\x73\x6b\x2c\x42\x50\x46\x5f\x41\x4e\
\x59\x29\x3b\0\x69\x6e\x74\x20\x42\x50\x46\x5f\x4b\x52\x45\x54\x50\x52\x4f\x42\
\x45\x28\x74\x6f\x70\x5f\x74\x63\x70\x5f\x73\x65\x6e\x64\x5f\x72\x65\x74\x2c\
\x20\x69\x6e\x74\x20\x72\x65\x74\x29\x7b\0\x20\x20\x20\x20\x73\x74\x72\x75\x63\
\x74\x20\x73\x6f\x63\x6b\x20\x2a\x2a\x73\x6f\x63\x6b\x70\x70\x20\x3d\x20\x62\
\x70\x66\x5f\x6d\x61\x70\x5f\x6c\x6f\x6f\x6b\x75\x70\x5f\x65\x6c\x65\x6d\x28\
\x26\x74\x6f\x70\x5f\x73\x6f\x63\x6b\x5f\x73\x74\x6f\x72\x65\x2c\x20\x26\x70\
\x69\x64\x29\x3b\0\x20\x20\x20\x20\x69\x66\x20\x28\x21\x73\x6f\x63\x6b\x70\x70\
\x29\0\x20\x20\x20\x20\x69\x66\x20\x28\x72\x65\x74\x20\x3e\x20\x30\x29\x20\x7b\
\0\x20\x20\x20\x20\x73\x74\x72\x75\x63\x74\x20\x73\x6f\x63\x6b\x20\x2a\x73\x6b\
\x20\x3d\x20\x2a\x73\x6f\x63\x6b\x70\x70\x3b\0\x20\x20\x20\x20\x75\x31\x36\x20\
\x66\x61\x6d\x69\x6c\x79\x20\x3d\x20\x30\x2c\x20\x64\x70\x6f\x72\x74\x20\x3d\
\x20\x30\x3b\0\x20\x20\x20\x20\x42\x50\x46\x5f\x43\x4f\x52\x45\x5f\x52\x45\x41\
\x44\x5f\x49\x4e\x54\x4f\x28\x26\x66\x61\x6d\x69\x6c\x79\x2c\x73\x6b\x2c\x5f\
\x5f\x73\x6b\x5f\x63\x6f\x6d\x6d\x6f\x6e\x2e\x73\x6b\x63\x5f\x66\x61\x6d\x69\
\x6c\x79\x29\x3b\0\x20\x20\x20\x20\x69\x66\x20\x28\x66\x61\x6d\x69\x6c\x79\x20\
\x3d\x3d\x20\x41\x46\x5f\x49\x4e\x45\x54\x29\x7b\0\x20\x20\x20\x20\x20\x20\x20\
\x20\x6d\x65\x6d\x73\x65\x74\x28\x26\x6b\x65\x79\x2c\x30\x2c\x73\x69\x7a\x65\
\x6f\x66\x28\x73\x74\x72\x75\x63\x74\x20\x69\x70\x76\x34\x5f\x6b\x65\x79\x5f\
\x74\x29\x29\x3b\0\x20\x20\x20\x20\x20\x20\x20\x20\x6b\x65\x79\x2e\x70\x69\x64\
\x20\x3d\x20\x70\x69\x64\x3b\0\x20\x20\x20\x20\x20\x20\x20\x20\x62\x70\x66\x5f\
\x67\x65\x74\x5f\x63\x75\x72\x72\x65\x6e\x74\x5f\x63\x6f\x6d\x6d\x28\x26\x6b\
\x65\x79\x2e\x63\x6f\x6d\x6d\x2c\x73\x69\x7a\x65\x6f\x66\x28\x6b\x65\x79\x2e\
\x63\x6f\x6d\x6d\x29\x29\x3b\0\x20\x20\x20\x20\x20\x20\x20\x20\x42\x50\x46\x5f\
\x43\x4f\x52\x45\x5f\x52\x45\x41\x44\x5f\x49\x4e\x54\x4f\x28\x26\x6b\x65\x79\
\x2e\x73\x61\x64\x64\x72\x2c\x73\x6b\x2c\x5f\x5f\x73\x6b\x5f\x63\x6f\x6d\x6d\
\x6f\x6e\x2e\x73\x6b\x63\x5f\x72\x63\x76\x5f\x73\x61\x64\x64\x72\x29\x3b\0\x20\
\x20\x20\x20\x20\x20\x20\x20\x42\x50\x46\x5f\x43\x4f\x52\x45\x5f\x52\x45\x41\
\x44\x5f\x49\x4e\x54\x4f\x28\x26\x6b\x65\x79\x2e\x64\x61\x64\x64\x72\x2c\x73\
\x6b\x2c\x5f\x5f\x73\x6b\x5f\x63\x6f\x6d\x6d\x6f\x6e\x2e\x73\x6b\x63\x5f\x64\
\x61\x64\x64\x72\x29\x3b\0\x20\x20\x20\x20\x20\x20\x20\x20\x42\x50\x46\x5f\x43\
\x4f\x52\x45\x5f\x52\x45\x41\x44\x5f\x49\x4e\x54\x4f\x28\x26\x6b\x65\x79\x2e\
\x6c\x70\x6f\x72\x74\x2c\x73\x6b\x2c\x5f\x5f\x73\x6b\x5f\x63\x6f\x6d\x6d\x6f\
\x6e\x2e\x73\x6b\x63\x5f\x6e\x75\x6d\x29\x3b\0\x20\x20\x20\x20\x20\x20\x20\x20\
\x42\x50\x46\x5f\x43\x4f\x52\x45\x5f\x52\x45\x41\x44\x5f\x49\x4e\x54\x4f\x28\
\x26\x64\x70\x6f\x72\x74\x2c\x73\x6b\x2c\x5f\x5f\x73\x6b\x5f\x63\x6f\x6d\x6d\
\x6f\x6e\x2e\x73\x6b\x63\x5f\x64\x70\x6f\x72\x74\x29\x3b\0\x20\x20\x20\x20\x20\
\x20\x20\x20\x6b\x65\x79\x2e\x64\x70\x6f\x72\x74\x20\x3d\x20\x62\x70\x66\x5f\
\x6e\x74\x6f\x68\x73\x28\x64\x70\x6f\x72\x74\x29\x3b\0\x20\x20\x20\x20\x20\x20\
\x20\x20\x73\x74\x72\x75\x63\x74\x20\x72\x65\x63\x76\x5f\x73\x65\x6e\x64\x5f\
\x62\x79\x74\x65\x73\x20\x2a\x62\x79\x20\x3d\x20\x62\x70\x66\x5f\x6d\x61\x70\
\x5f\x6c\x6f\x6f\x6b\x75\x70\x5f\x65\x6c\x65\x6d\x28\x26\x69\x70\x76\x34\x5f\
\x74\x6f\x70\x5f\x6d\x61\x70\x2c\x26\x6b\x65\x79\x29\x3b\0\x20\x20\x20\x20\x20\
\x20\x20\x20\x69\x66\x28\x21\x62\x79\x29\x7b\0\x20\x20\x20\x20\x20\x20\x20\x20\
\x20\x20\x20\x20\x73\x74\x72\x75\x63\x74\x20\x72\x65\x63\x76\x5f\x73\x65\x6e\
\x64\x5f\x62\x79\x74\x65\x73\x20\x69\x6e\x69\x74\x20\x3d\x20\x7b\0\x20\x20\x20\
\x20\x20\x20\x20\x20\x20\x20\x20\x20\x20\x20\x20\x20\x2e\x73\x65\x6e\x64\x20\
\x3d\x20\x73\x69\x7a\x65\x2c\0\x20\x20\x20\x20\x20\x20\x20\x20\x20\x20\x20\x20\
\x62\x70\x66\x5f\x6d\x61\x70\x5f\x75\x70\x64\x61\x74\x65\x5f\x65\x6c\x65\x6d\
\x28\x26\x69\x70\x76\x34\x5f\x74\x6f\x70\x5f\x6d\x61\x70\x2c\x26\x6b\x65\x79\
\x2c\x26\x69\x6e\x69\x74\x2c\x42\x50\x46\x5f\x41\x4e\x59\x29\x3b\0\x20\x20\x20\
\x20\x69\x66\x28\x28\x6e\x6f\x77\x20\x2d\x20\x62\x79\x74\x65\x73\x2d\x3e\x6c\
\x61\x73\x74\x5f\x6f\x75\x74\x70\x75\x74\x29\x20\x3c\x20\x31\x30\x30\x30\x20\
\x2a\x20\x4d\x53\x45\x43\x29\0\x20\x20\x20\x20\x75\x36\x34\x20\x72\x65\x63\x76\
\x20\x3d\x20\x62\x79\x74\x65\x73\x2d\x3e\x72\x65\x63\x76\x3b\0\x20\x20\x20\x20\
\x75\x36\x34\x20\x73\x65\x6e\x64\x20\x3d\x20\x62\x79\x74\x65\x73\x2d\x3e\x73\
\x65\x6e\x64\x3b\0\x20\x20\x20\x20\x69\x66\x28\x73\x65\x6e\x64\x20\x3c\x20\x74\
\x63\x70\x74\x6f\x70\x5f\x73\x65\x6e\x64\x5f\x74\x68\x72\x65\x68\x6f\x6c\x64\
\x20\x26\x26\x20\x72\x65\x63\x76\x20\x3c\x20\x74\x63\x70\x74\x6f\x70\x5f\x72\
\x65\x63\x76\x5f\x74\x68\x72\x65\x68\x6f\x6c\x64\x29\0\x20\x20\x20\x20\x73\x74\
\x72\x75\x63\x74\x20\x74\x63\x70\x5f\x74\x6f\x70\x5f\x70\x65\x72\x66\x5f\x64\
\x61\x74\x61\x20\x2a\x62\x75\x66\x66\x20\x3d\x20\x62\x70\x66\x5f\x72\x69\x6e\
\x67\x62\x75\x66\x5f\x72\x65\x73\x65\x72\x76\x65\x28\x26\x74\x63\x70\x74\x6f\
\x70\x5f\x62\x75\x66\x66\x65\x72\x2c\x73\x69\x7a\x65\x6f\x66\x28\x73\x74\x72\
\x75\x63\x74\x20\x74\x63\x70\x5f\x74\x6f\x70\x5f\x70\x65\x72\x66\x5f\x64\x61\
\x74\x61\x29\x2c\x30\x29\x3b\0\x20\x20\x20\x20\x20\x20\x20\x20\x62\x70\x66\x5f\
\x70\x72\x69\x6e\x74\x6b\x28\x22\x74\x68\x65\x20\x74\x63\x70\x74\x6f\x70\x20\
\x62\x75\x66\x66\x65\x72\x20\x69\x73\x20\x66\x75\x6c\x6c\x5c\x6e\x22\x29\x3b\0\
\x20\x20\x20\x20\x20\x20\x20\x20\x6d\x65\x6d\x73\x65\x74\x28\x26\x6b\x65\x79\
\x2c\x30\x2c\x73\x69\x7a\x65\x6f\x66\x28\x73\x74\x72\x75\x63\x74\x20\x69\x70\
\x76\x36\x5f\x6b\x65\x79\x5f\x74\x29\x29\x3b\0\x20\x20\x20\x20\x20\x20\x20\x20\
\x42\x50\x46\x5f\x43\x4f\x52\x45\x5f\x52\x45\x41\x44\x5f\x49\x4e\x54\x4f\x28\
\x26\x6b\x65\x79\x2e\x73\x61\x64\x64\x72\x2c\x73\x6b\x2c\x5f\x5f\x73\x6b\x5f\
\x63\x6f\x6d\x6d\x6f\x6e\x2e\x73\x6b\x63\x5f\x76\x36\x5f\x72\x63\x76\x5f\x73\
\x61\x64\x64\x72\x2e\x69\x6e\x36\x5f\x75\x2e\x75\x36\x5f\x61\x64\x64\x72\x33\
\x32\x29\x3b\0\x20\x20\x20\x20\x20\x20\x20\x20\x42\x50\x46\x5f\x43\x4f\x52\x45\
\x5f\x52\x45\x41\x44\x5f\x49\x4e\x54\x4f\x28\x26\x6b\x65\x79\x2e\x64\x61\x64\
\x64\x72\x2c\x73\x6b\x2c\x5f\x5f\x73\x6b\x5f\x63\x6f\x6d\x6d\x6f\x6e\x2e\x73\
\x6b\x63\x5f\x76\x36\x5f\x64\x61\x64\x64\x72\x2e\x69\x6e\x36\x5f\x75\x2e\x75\
\x36\x5f\x61\x64\x64\x72\x33\x32\x29\x3b\0\x20\x20\x20\x20\x20\x20\x20\x20\x73\
\x74\x72\x75\x63\x74\x20\x72\x65\x63\x76\x5f\x73\x65\x6e\x64\x5f\x62\x79\x74\
\x65\x73\x20\x2a\x62\x79\x20\x3d\x20\x62\x70\x66\x5f\x6d\x61\x70\x5f\x6c\x6f\
\x6f\x6b\x75\x70\x5f\x65\x6c\x65\x6d\x28\x26\x69\x70\x76\x36\x5f\x74\x6f\x70\
\x5f\x6d\x61\x70\x2c\x26\x6b\x65\x79\x29\x3b\0\x20\x20\x20\x20\x20\x20\x20\x20\
\x20\x20\x20\x20\x62\x70\x66\x5f\x6d\x61\x70\x5f\x75\x70\x64\x61\x74\x65\x5f\
\x65\x6c\x65\x6d\x28\x26\x69\x70\x76\x36\x5f\x74\x6f\x70\x5f\x6d\x61\x70\x2c\
\x26\x6b\x65\x79\x2c\x26\x69\x6e\x69\x74\x2c\x42\x50\x46\x5f\x41\x4e\x59\x29\
\x3b\0\x20\x20\x20\x20\x20\x20\x20\x20\x20\x20\x20\x20\x62\x79\x2d\x3e\x73\x65\
\x6e\x64\x20\x2b\x3d\x20\x73\x69\x7a\x65\x3b\0\x20\x20\x20\x20\x20\x20\x20\x20\
\x20\x20\x20\x20\x62\x70\x66\x5f\x6d\x61\x70\x5f\x75\x70\x64\x61\x74\x65\x5f\
\x65\x6c\x65\x6d\x28\x26\x69\x70\x76\x34\x5f\x74\x6f\x70\x5f\x6d\x61\x70\x2c\
\x26\x6b\x65\x79\x2c\x62\x79\x2c\x42\x50\x46\x5f\x41\x4e\x59\x29\x3b\0\x20\x20\
\x20\x20\x20\x20\x20\x20\x20\x20\x20\x20\x62\x70\x66\x5f\x6d\x61\x70\x5f\x75\
\x70\x64\x61\x74\x65\x5f\x65\x6c\x65\x6d\x28\x26\x69\x70\x76\x36\x5f\x74\x6f\
\x70\x5f\x6d\x61\x70\x2c\x26\x6b\x65\x79\x2c\x62\x79\x2c\x42\x50\x46\x5f\x41\
\x4e\x59\x29\x3b\0\x20\x20\x20\x20\x62\x75\x66\x66\x2d\x3e\x72\x65\x63\x76\x20\
\x3d\x20\x72\x65\x63\x76\x3b\0\x20\x20\x20\x20\x62\x75\x66\x66\x2d\x3e\x73\x65\
\x6e\x64\x20\x3d\x20\x73\x65\x6e\x64\x3b\0\x20\x20\x20\x20\x6d\x65\x6d\x73\x65\
\x74\x28\x62\x75\x66\x66\x2c\x30\x2c\x73\x69\x7a\x65\x6f\x66\x28\x73\x74\x72\
\x75\x63\x74\x20\x74\x63\x70\x5f\x74\x6f\x70\x5f\x70\x65\x72\x66\x5f\x64\x61\
\x74\x61\x29\x29\x3b\0\x20\x20\x20\x20\x20\x20\x20\x20\x62\x70\x66\x5f\x70\x72\
\x6f\x62\x65\x5f\x72\x65\x61\x64\x5f\x73\x74\x72\x28\x62\x75\x66\x66\x2d\x3e\
\x63\x6f\x6d\x6d\x2c\x73\x69\x7a\x65\x6f\x66\x28\x62\x75\x66\x66\x2d\x3e\x63\
\x6f\x6d\x6d\x29\x2c\x69\x70\x34\x2d\x3e\x63\x6f\x6d\x6d\x29\x3b\0\x20\x20\x20\
\x20\x20\x20\x20\x20\x62\x75\x66\x66\x2d\x3e\x61\x66\x20\x3d\x20\x41\x46\x5f\
\x49\x4e\x45\x54\x3b\0\x20\x20\x20\x20\x20\x20\x20\x20\x62\x75\x66\x66\x2d\x3e\
\x70\x69\x64\x20\x3d\x20\x69\x70\x34\x2d\x3e\x70\x69\x64\x3b\0\x20\x20\x20\x20\
\x20\x20\x20\x20\x62\x75\x66\x66\x2d\x3e\x64\x70\x6f\x72\x74\x20\x3d\x20\x69\
\x70\x34\x2d\x3e\x64\x70\x6f\x72\x74\x3b\0\x20\x20\x20\x20\x20\x20\x20\x20\x62\
\x75\x66\x66\x2d\x3e\x6c\x70\x6f\x72\x74\x20\x3d\x20\x69\x70\x34\x2d\x3e\x6c\
\x70\x6f\x72\x74\x3b\0\x20\x20\x20\x20\x20\x20\x20\x20\x62\x75\x66\x66\x2d\x3e\
\x64\x73\x74\x5f\x61\x64\x64\x72\x2e\x64\x61\x64\x64\x72\x5f\x76\x34\x20\x3d\
\x20\x69\x70\x34\x2d\x3e\x64\x61\x64\x64\x72\x3b\0\x20\x20\x20\x20\x20\x20\x20\
\x20\x62\x75\x66\x66\x2d\x3e\x73\x72\x63\x5f\x61\x64\x64\x72\x2e\x73\x61\x64\
\x64\x72\x5f\x76\x34\x20\x3d\x20\x69\x70\x34\x2d\x3e\x73\x61\x64\x64\x72\x3b\0\
\x20\x20\x20\x20\x20\x20\x20\x20\x62\x70\x66\x5f\x72\x69\x6e\x67\x62\x75\x66\
\x5f\x73\x75\x62\x6d\x69\x74\x28\x62\x75\x66\x66\x2c\x30\x29\x3b\0\x20\x20\x20\
\x20\x20\x20\x20\x20\x62\x79\x74\x65\x73\x2d\x3e\x6c\x61\x73\x74\x5f\x6f\x75\
\x74\x70\x75\x74\x20\x3d\x20\x6e\x6f\x77\x3b\0\x20\x20\x20\x20\x20\x20\x20\x20\
\x62\x70\x66\x5f\x6d\x61\x70\x5f\x75\x70\x64\x61\x74\x65\x5f\x65\x6c\x65\x6d\
\x28\x26\x69\x70\x76\x34\x5f\x74\x6f\x70\x5f\x6d\x61\x70\x2c\x69\x70\x34\x2c\
\x62\x79\x74\x65\x73\x2c\x42\x50\x46\x5f\x41\x4e\x59\x29\x3b\0\x20\x20\x20\x20\
\x20\x20\x20\x20\x62\x70\x66\x5f\x70\x72\x6f\x62\x65\x5f\x72\x65\x61\x64\x5f\
\x73\x74\x72\x28\x62\x75\x66\x66\x2d\x3e\x63\x6f\x6d\x6d\x2c\x73\x69\x7a\x65\
\x6f\x66\x28\x62\x75\x66\x66\x2d\x3e\x63\x6f\x6d\x6d\x29\x2c\x69\x70\x36\x2d\
\x3e\x63\x6f\x6d\x6d\x29\x3b\0\x20\x20\x20\x20\x20\x20\x20\x20\x62\x75\x66\x66\
\x2d\x3e\x61\x66\x20\x3d\x20\x41\x46\x5f\x49\x4e\x45\x54\x36\x3b\0\x20\x20\x20\
\x20\x20\x20\x20\x20\x62\x75\x66\x66\x2d\x3e\x70\x69\x64\x20\x3d\x20\x69\x70\
\x36\x2d\x3e\x70\x69\x64\x3b\0\x20\x20\x20\x20\x20\x20\x20\x20\x62\x75\x66\x66\
\x2d\x3e\x64\x70\x6f\x72\x74\x20\x3d\x20\x69\x70\x36\x2d\x3e\x64\x70\x6f\x72\
\x74\x3b\0\x20\x20\x20\x20\x20\x20\x20\x20\x62\x75\x66\x66\x2d\x3e\x6c\x70\x6f\
\x72\x74\x20\x3d\x20\x69\x70\x36\x2d\x3e\x6c\x70\x6f\x72\x74\x3b\0\x20\x20\x20\
\x20\x20\x20\x20\x20\x62\x70\x66\x5f\x70\x72\x6f\x62\x65\x5f\x72\x65\x61\x64\
\x28\x26\x62\x75\x66\x66\x2d\x3e\x64\x73\x74\x5f\x61\x64\x64\x72\x2e\x64\x61\
\x64\x64\x72\x5f\x76\x36\x2c\x20\x73\x69\x7a\x65\x6f\x66\x28\x62\x75\x66\x66\
\x2d\x3e\x64\x73\x74\x5f\x61\x64\x64\x72\x2e\x64\x61\x64\x64\x72\x5f\x76\x36\
\x29\x2c\x20\x26\x69\x70\x36\x2d\x3e\x64\x61\x64\x64\x72\x29\x3b\0\x20\x20\x20\
\x20\x20\x20\x20\x20\x62\x70\x66\x5f\x70\x72\x6f\x62\x65\x5f\x72\x65\x61\x64\
\x28\x26\x62\x75\x66\x66\x2d\x3e\x73\x72\x63\x5f\x61\x64\x64\x72\x2e\x73\x61\
\x64\x64\x72\x5f\x76\x36\x2c\x20\x73\x69\x7a\x65\x6f\x66\x28\x62\x75\x66\x66\
\x2d\x3e\x73\x72\x63\x5f\x61\x64\x64\x72\x2e\x73\x61\x64\x64\x72\x5f\x76\x36\
\x29\x2c\x20\x26\x69\x70\x36\x2d\x3e\x73\x61\x64\x64\x72\x29\x3b\0\x20\x20\x20\
\x20\x20\x20\x20\x20\x62\x70\x66\x5f\x6d\x61\x70\x5f\x75\x70\x64\x61\x74\x65\
\x5f\x65\x6c\x65\x6d\x28\x26\x69\x70\x76\x36\x5f\x74\x6f\x70\x5f\x6d\x61\x70\
\x2c\x69\x70\x36\x2c\x62\x79\x74\x65\x73\x2c\x42\x50\x46\x5f\x41\x4e\x59\x29\
\x3b\0\x20\x20\x20\x20\x62\x70\x66\x5f\x6d\x61\x70\x5f\x64\x65\x6c\x65\x74\x65\
\x5f\x65\x6c\x65\x6d\x28\x26\x74\x6f\x70\x5f\x73\x6f\x63\x6b\x5f\x73\x74\x6f\
\x72\x65\x2c\x20\x26\x70\x69\x64\x29\x3b\0\x69\x6e\x74\x20\x42\x50\x46\x5f\x4b\
\x50\x52\x4f\x42\x45\x28\x74\x6f\x70\x5f\x74\x63\x70\x5f\x72\x65\x63\x76\x5f\
\x65\x6e\x74\x72\x79\x2c\x20\x73\x74\x72\x75\x63\x74\x20\x73\x6f\x63\x6b\x20\
\x2a\x73\x6b\x2c\x20\x69\x6e\x74\x20\x63\x6f\x70\x69\x65\x64\x29\x7b\0\x20\x20\
\x20\x20\x69\x66\x20\x28\x63\x6f\x70\x69\x65\x64\x20\x3c\x3d\x20\x30\x29\0\x20\
\x20\x20\x20\x20\x20\x20\x20\x20\x20\x20\x20\x20\x20\x20\x20\x2e\x72\x65\x63\
\x76\x20\x3d\x20\x63\x6f\x70\x69\x65\x64\x2c\0\x20\x20\x20\x20\x20\x20\x20\x20\
\x20\x20\x20\x20\x62\x79\x2d\x3e\x72\x65\x63\x76\x20\x2b\x3d\x20\x63\x6f\x70\
\x69\x65\x64\x3b\0\x69\x6e\x74\x20\x42\x50\x46\x5f\x4b\x50\x52\x4f\x42\x45\x28\
\x74\x63\x70\x5f\x76\x34\x5f\x63\x6f\x6e\x6e\x65\x63\x74\x2c\x20\x73\x74\x72\
\x75\x63\x74\x20\x73\x6f\x63\x6b\x20\x2a\x73\x6b\x29\0\x20\x20\x20\x20\x75\x36\
\x34\x20\x70\x69\x64\x5f\x74\x67\x69\x64\x20\x3d\x20\x62\x70\x66\x5f\x67\x65\
\x74\x5f\x63\x75\x72\x72\x65\x6e\x74\x5f\x70\x69\x64\x5f\x74\x67\x69\x64\x28\
\x29\x3b\0\x20\x20\x20\x20\x69\x66\x28\x74\x67\x69\x64\x20\x3d\x3d\x20\x30\x29\
\0\x20\x20\x20\x20\x73\x74\x72\x75\x63\x74\x20\x74\x61\x73\x6b\x5f\x70\x75\x62\
\x6c\x69\x63\x5f\x69\x6e\x66\x6f\x20\x69\x6e\x66\x6f\x20\x3d\x20\x7b\0\x20\x20\
\x20\x20\x75\x33\x32\x20\x74\x67\x69\x64\x20\x3d\x20\x70\x69\x64\x5f\x74\x67\
\x69\x64\x20\x3e\x3e\x20\x33\x32\x3b\x20\0\x20\x20\x20\x20\x62\x70\x66\x5f\x67\
\x65\x74\x5f\x63\x75\x72\x72\x65\x6e\x74\x5f\x63\x6f\x6d\x6d\x28\x26\x69\x6e\
\x66\x6f\x2e\x63\x6f\x6d\x6d\x2c\x73\x69\x7a\x65\x6f\x66\x28\x69\x6e\x66\x6f\
\x2e\x63\x6f\x6d\x6d\x29\x29\x3b\0\x20\x20\x20\x20\x62\x70\x66\x5f\x6d\x61\x70\
\x5f\x75\x70\x64\x61\x74\x65\x5f\x65\x6c\x65\x6d\x28\x26\x6e\x65\x74\x5f\x6c\
\x61\x74\x65\x6e\x63\x79\x5f\x73\x74\x61\x72\x74\x2c\x26\x73\x6b\x2c\x26\x69\
\x6e\x66\x6f\x2c\x42\x50\x46\x5f\x41\x4e\x59\x29\x3b\0\x69\x6e\x74\x20\x42\x50\
\x46\x5f\x4b\x50\x52\x4f\x42\x45\x28\x74\x63\x70\x5f\x76\x36\x5f\x63\x6f\x6e\
\x6e\x65\x63\x74\x2c\x20\x73\x74\x72\x75\x63\x74\x20\x73\x6f\x63\x6b\x20\x2a\
\x73\x6b\x29\0\x69\x6e\x74\x20\x42\x50\x46\x5f\x4b\x50\x52\x4f\x42\x45\x28\x74\
\x63\x70\x5f\x72\x63\x76\x5f\x73\x74\x61\x74\x65\x5f\x70\x72\x6f\x63\x65\x73\
\x73\x2c\x20\x73\x74\x72\x75\x63\x74\x20\x73\x6f\x63\x6b\x20\x2a\x73\x6b\x29\0\
\x20\x20\x20\x20\x72\x65\x74\x75\x72\x6e\x20\x68\x61\x6e\x64\x6c\x65\x5f\x74\
\x63\x70\x5f\x72\x63\x76\x5f\x73\x74\x61\x74\x65\x5f\x70\x72\x6f\x63\x65\x73\
\x73\x28\x73\x6b\x29\x3b\0\x69\x6e\x74\x20\x42\x50\x46\x5f\x50\x52\x4f\x47\x28\
\x66\x65\x6e\x74\x72\x79\x5f\x74\x63\x70\x5f\x76\x34\x5f\x63\x6f\x6e\x6e\x65\
\x63\x74\x2c\x20\x73\x74\x72\x75\x63\x74\x20\x73\x6f\x63\x6b\x20\x2a\x73\x6b\
\x29\0\x69\x6e\x74\x20\x42\x50\x46\x5f\x50\x52\x4f\x47\x28\x66\x65\x6e\x74\x72\
\x79\x5f\x74\x63\x70\x5f\x76\x36\x5f\x63\x6f\x6e\x6e\x65\x63\x74\x2c\x20\x73\
\x74\x72\x75\x63\x74\x20\x73\x6f\x63\x6b\x20\x2a\x73\x6b\x29\0\x69\x6e\x74\x20\
\x42\x50\x46\x5f\x50\x52\x4f\x47\x28\x66\x65\x6e\x74\x72\x79\x5f\x74\x63\x70\
\x5f\x72\x63\x76\x5f\x73\x74\x61\x74\x65\x5f\x70\x72\x6f\x63\x65\x73\x73\x2c\
\x20\x73\x74\x72\x75\x63\x74\x20\x73\x6f\x63\x6b\x20\x2a\x73\x6b\x29\0\x69\x6e\
\x74\x20\x42\x50\x46\x5f\x50\x52\x4f\x47\x28\x74\x63\x70\x72\x74\x74\x2c\x73\
\x74\x72\x75\x63\x74\x20\x73\x6f\x63\x6b\x20\x2a\x73\x6b\x29\0\x20\x20\x20\x20\
\x73\x74\x72\x75\x63\x74\x20\x74\x63\x70\x72\x74\x74\x5f\x70\x65\x72\x66\x5f\
\x64\x61\x74\x61\x20\x2a\x64\x61\x74\x61\x20\x3d\x20\x62\x70\x66\x5f\x6d\x61\
\x70\x5f\x6c\x6f\x6f\x6b\x75\x70\x5f\x65\x6c\x65\x6d\x28\x26\x74\x63\x70\x72\
\x74\x74\x5f\x6d\x61\x70\x2c\x26\x7a\x65\x72\x6f\x29\x3b\0\x20\x20\x20\x20\x69\
\x66\x28\x21\x64\x61\x74\x61\x29\x7b\0\x20\x20\x20\x20\x20\x20\x20\x20\x6d\x65\
\x6d\x73\x65\x74\x28\x26\x69\x6e\x69\x74\x2c\x30\x2c\x73\x69\x7a\x65\x6f\x66\
\x28\x73\x74\x72\x75\x63\x74\x20\x74\x63\x70\x72\x74\x74\x5f\x70\x65\x72\x66\
\x5f\x64\x61\x74\x61\x29\x29\x3b\0\x20\x20\x20\x20\x20\x20\x20\x20\x62\x70\x66\
\x5f\x6d\x61\x70\x5f\x75\x70\x64\x61\x74\x65\x5f\x65\x6c\x65\x6d\x28\x26\x74\
\x63\x70\x72\x74\x74\x5f\x6d\x61\x70\x2c\x26\x7a\x65\x72\x6f\x2c\x26\x69\x6e\
\x69\x74\x2c\x42\x50\x46\x5f\x41\x4e\x59\x29\x3b\0\x20\x20\x20\x20\x20\x20\x20\
\x20\x64\x61\x74\x61\x20\x3d\x20\x62\x70\x66\x5f\x6d\x61\x70\x5f\x6c\x6f\x6f\
\x6b\x75\x70\x5f\x65\x6c\x65\x6d\x28\x26\x74\x63\x70\x72\x74\x74\x5f\x6d\x61\
\x70\x2c\x26\x7a\x65\x72\x6f\x29\x3b\0\x20\x20\x20\x20\x73\x72\x74\x74\x20\x3d\
\x20\x42\x50\x46\x5f\x43\x4f\x52\x45\x5f\x52\x45\x41\x44\x28\x74\x73\x2c\x20\
\x73\x72\x74\x74\x5f\x75\x73\x29\x20\x3e\x3e\x20\x33\x3b\x20\x2f\x2f\x20\xe5\
\xb0\x86\x20\x73\x72\x74\x74\x20\xe4\xbb\x8e\xe7\xba\xb3\xe7\xa7\x92\xe8\xbd\
\xac\xe6\x8d\xa2\xe4\xb8\xba\xe5\xbe\xae\xe7\xa7\x92\0\x20\x20\x20\x20\x69\x66\
\x28\x73\x72\x74\x74\x20\x3c\x3d\x20\x30\x29\0\x20\x20\x20\x20\x65\x6c\x73\x65\
\x20\x69\x66\x28\x73\x72\x74\x74\x20\x3c\x20\x35\x29\0\x20\x20\x20\x20\x65\x6c\
\x73\x65\x20\x69\x66\x28\x73\x72\x74\x74\x20\x3c\x20\x31\x37\x29\0\x20\x20\x20\
\x20\x65\x6c\x73\x65\x20\x69\x66\x28\x73\x72\x74\x74\x20\x3c\x20\x33\x33\x29\0\
\x20\x20\x20\x20\x65\x6c\x73\x65\x20\x69\x66\x28\x73\x72\x74\x74\x20\x3c\x20\
\x36\x35\x29\0\x20\x20\x20\x20\x65\x6c\x73\x65\x20\x69\x66\x28\x73\x72\x74\x74\
\x20\x3c\x20\x31\x32\x39\x29\0\x20\x20\x20\x20\x64\x61\x74\x61\x2d\x3e\x64\x61\
\x74\x61\x5b\x69\x6e\x64\x65\x78\x5d\x20\x2b\x3d\x20\x31\x3b\0\x20\x20\x20\x20\
\x62\x70\x66\x5f\x6d\x61\x70\x5f\x75\x70\x64\x61\x74\x65\x5f\x65\x6c\x65\x6d\
\x28\x26\x74\x63\x70\x72\x74\x74\x5f\x6d\x61\x70\x2c\x26\x7a\x65\x72\x6f\x2c\
\x64\x61\x74\x61\x2c\x42\x50\x46\x5f\x41\x4e\x59\x29\x3b\0\x20\x20\x20\x20\x73\
\x74\x72\x75\x63\x74\x20\x74\x63\x70\x72\x74\x74\x5f\x70\x65\x72\x66\x5f\x64\
\x61\x74\x61\x20\x2a\x73\x72\x63\x20\x3d\x20\x62\x70\x66\x5f\x6d\x61\x70\x5f\
\x6c\x6f\x6f\x6b\x75\x70\x5f\x65\x6c\x65\x6d\x28\x26\x74\x63\x70\x72\x74\x74\
\x5f\x6d\x61\x70\x2c\x26\x7a\x65\x72\x6f\x29\x3b\0\x20\x20\x20\x20\x69\x66\x28\
\x21\x73\x72\x63\x29\x7b\0\x20\x20\x20\x20\x20\x20\x20\x20\x62\x70\x66\x5f\x70\
\x72\x69\x6e\x74\x6b\x28\x22\x74\x68\x65\x20\x74\x63\x70\x72\x74\x74\x20\x6d\
\x61\x70\x20\x69\x73\x20\x6e\x6f\x74\x20\x69\x6e\x69\x74\x5c\x6e\x22\x29\x3b\0\
\x20\x20\x20\x20\x73\x74\x72\x75\x63\x74\x20\x74\x63\x70\x72\x74\x74\x5f\x70\
\x65\x72\x66\x5f\x64\x61\x74\x61\x20\x2a\x62\x75\x66\x66\x20\x3d\x20\x62\x70\
\x66\x5f\x72\x69\x6e\x67\x62\x75\x66\x5f\x72\x65\x73\x65\x72\x76\x65\x28\x26\
\x74\x63\x70\x72\x74\x74\x5f\x62\x75\x66\x66\x65\x72\x2c\x73\x69\x7a\x65\x6f\
\x66\x28\x73\x74\x72\x75\x63\x74\x20\x74\x63\x70\x72\x74\x74\x5f\x70\x65\x72\
\x66\x5f\x64\x61\x74\x61\x29\x2c\x30\x29\x3b\0\x20\x20\x20\x20\x20\x20\x20\x20\
\x62\x70\x66\x5f\x70\x72\x69\x6e\x74\x6b\x28\x22\x74\x68\x65\x20\x74\x63\x70\
\x72\x74\x74\x20\x62\x75\x66\x66\x65\x72\x20\x69\x73\x20\x66\x75\x6c\x6c\x5c\
\x6e\x22\x29\x3b\0\x20\x20\x20\x20\x6d\x65\x6d\x73\x65\x74\x28\x62\x75\x66\x66\
\x2c\x30\x2c\x73\x69\x7a\x65\x6f\x66\x28\x73\x74\x72\x75\x63\x74\x20\x74\x63\
\x70\x72\x74\x74\x5f\x70\x65\x72\x66\x5f\x64\x61\x74\x61\x29\x29\x3b\0\x20\x20\
\x20\x20\x20\x20\x20\x20\x62\x75\x66\x66\x2d\x3e\x64\x61\x74\x61\x5b\x69\x5d\
\x20\x3d\x20\x73\x72\x63\x2d\x3e\x64\x61\x74\x61\x5b\x69\x5d\x3b\0\x20\x20\x20\
\x20\x62\x70\x66\x5f\x72\x69\x6e\x67\x62\x75\x66\x5f\x73\x75\x62\x6d\x69\x74\
\x28\x62\x75\x66\x66\x2c\x20\x30\x29\x3b\0\x7d\0\x73\x74\x61\x74\x69\x63\x20\
\x69\x6e\x74\x20\x68\x61\x6e\x64\x6c\x65\x5f\x74\x63\x70\x5f\x72\x63\x76\x5f\
\x73\x74\x61\x74\x65\x5f\x70\x72\x6f\x63\x65\x73\x73\x28\x73\x74\x72\x75\x63\
\x74\x20\x73\x6f\x63\x6b\x20\x2a\x73\x6b\x29\0\x20\x20\x20\x20\x69\x66\x28\x42\
\x50\x46\x5f\x43\x4f\x52\x45\x5f\x52\x45\x41\x44\x28\x73\x6b\x2c\x20\x5f\x5f\
\x73\x6b\x5f\x63\x6f\x6d\x6d\x6f\x6e\x2e\x73\x6b\x63\x5f\x73\x74\x61\x74\x65\
\x29\x20\x21\x3d\x20\x54\x43\x50\x5f\x53\x59\x4e\x5f\x53\x45\x4e\x54\x29\0\x20\
\x20\x20\x20\x69\x6e\x66\x6f\x20\x3d\x20\x62\x70\x66\x5f\x6d\x61\x70\x5f\x6c\
\x6f\x6f\x6b\x75\x70\x5f\x65\x6c\x65\x6d\x28\x26\x6e\x65\x74\x5f\x6c\x61\x74\
\x65\x6e\x63\x79\x5f\x73\x74\x61\x72\x74\x2c\x26\x73\x6b\x29\x3b\0\x20\x20\x20\
\x20\x69\x66\x28\x21\x69\x6e\x66\x6f\x29\0\x20\x20\x20\x20\x6e\x6f\x77\x20\x3d\
\x20\x62\x70\x66\x5f\x6b\x74\x69\x6d\x65\x5f\x67\x65\x74\x5f\x6e\x73\x28\x29\
\x3b\0\x20\x20\x20\x20\x64\x65\x6c\x74\x61\x20\x3d\x20\x6e\x6f\x77\x20\x2d\x20\
\x69\x6e\x66\x6f\x2d\x3e\x74\x69\x6d\x65\x3b\0\x20\x20\x20\x20\x6c\x61\x74\x65\
\x6e\x63\x79\x20\x3d\x20\x62\x70\x66\x5f\x72\x69\x6e\x67\x62\x75\x66\x5f\x72\
\x65\x73\x65\x72\x76\x65\x28\x26\x6e\x65\x74\x5f\x6c\x61\x74\x65\x6e\x63\x79\
\x5f\x62\x75\x66\x66\x65\x72\x2c\x73\x69\x7a\x65\x6f\x66\x28\x73\x74\x72\x75\
\x63\x74\x20\x74\x63\x70\x5f\x6e\x65\x74\x5f\x6c\x61\x74\x65\x6e\x63\x79\x29\
\x2c\x30\x29\x3b\0\x20\x20\x20\x20\x69\x66\x28\x21\x6c\x61\x74\x65\x6e\x63\x79\
\x29\x7b\0\x20\x20\x20\x20\x20\x20\x20\x20\x62\x70\x66\x5f\x70\x72\x69\x6e\x74\
\x6b\x28\x22\x74\x68\x65\x20\x6e\x65\x74\x20\x6c\x61\x74\x65\x6e\x63\x79\x20\
\x62\x75\x66\x66\x65\x72\x20\x69\x73\x20\x66\x75\x6c\x6c\x5c\x6e\x22\x29\x3b\0\
\x20\x20\x20\x20\x6d\x65\x6d\x73\x65\x74\x28\x6c\x61\x74\x65\x6e\x63\x79\x2c\
\x30\x2c\x73\x69\x7a\x65\x6f\x66\x28\x73\x74\x72\x75\x63\x74\x20\x74\x63\x70\
\x5f\x6e\x65\x74\x5f\x6c\x61\x74\x65\x6e\x63\x79\x29\x29\x3b\0\x20\x20\x20\x20\
\x6c\x61\x74\x65\x6e\x63\x79\x2d\x3e\x64\x65\x6c\x74\x61\x20\x3d\x20\x64\x65\
\x6c\x74\x61\x3b\0\x20\x20\x20\x20\x6c\x61\x74\x65\x6e\x63\x79\x2d\x3e\x74\x67\
\x69\x64\x20\x3d\x20\x69\x6e\x66\x6f\x2d\x3e\x70\x69\x64\x3b\0\x20\x20\x20\x20\
\x62\x70\x66\x5f\x70\x72\x6f\x62\x65\x5f\x72\x65\x61\x64\x5f\x6b\x65\x72\x6e\
\x65\x6c\x5f\x73\x74\x72\x28\x6c\x61\x74\x65\x6e\x63\x79\x2d\x3e\x63\x6f\x6d\
\x6d\x2c\x73\x69\x7a\x65\x6f\x66\x28\x69\x6e\x66\x6f\x2d\x3e\x63\x6f\x6d\x6d\
\x29\x2c\x69\x6e\x66\x6f\x2d\x3e\x63\x6f\x6d\x6d\x29\x3b\0\x20\x20\x20\x20\x6c\
\x61\x74\x65\x6e\x63\x79\x2d\x3e\x74\x73\x20\x3d\x20\x6e\x6f\x77\x3b\0\x20\x20\
\x20\x20\x6c\x61\x74\x65\x6e\x63\x79\x2d\x3e\x6c\x70\x6f\x72\x74\x20\x3d\x20\
\x42\x50\x46\x5f\x43\x4f\x52\x45\x5f\x52\x45\x41\x44\x28\x73\x6b\x2c\x20\x5f\
\x5f\x73\x6b\x5f\x63\x6f\x6d\x6d\x6f\x6e\x2e\x73\x6b\x63\x5f\x6e\x75\x6d\x29\
\x3b\0\x20\x20\x20\x20\x6c\x61\x74\x65\x6e\x63\x79\x2d\x3e\x64\x70\x6f\x72\x74\
\x20\x3d\x20\x42\x50\x46\x5f\x43\x4f\x52\x45\x5f\x52\x45\x41\x44\x28\x73\x6b\
\x2c\x20\x5f\x5f\x73\x6b\x5f\x63\x6f\x6d\x6d\x6f\x6e\x2e\x73\x6b\x63\x5f\x64\
\x70\x6f\x72\x74\x29\x3b\0\x20\x20\x20\x20\x6c\x61\x74\x65\x6e\x63\x79\x2d\x3e\
\x61\x66\x20\x3d\x20\x42\x50\x46\x5f\x43\x4f\x52\x45\x5f\x52\x45\x41\x44\x28\
\x73\x6b\x2c\x20\x5f\x5f\x73\x6b\x5f\x63\x6f\x6d\x6d\x6f\x6e\x2e\x73\x6b\x63\
\x5f\x66\x61\x6d\x69\x6c\x79\x29\x3b\0\x20\x20\x20\x20\x69\x66\x28\x6c\x61\x74\
\x65\x6e\x63\x79\x2d\x3e\x61\x66\x20\x3d\x3d\x20\x41\x46\x5f\x49\x4e\x45\x54\
\x29\x7b\0\x20\x20\x20\x20\x20\x20\x20\x20\x6c\x61\x74\x65\x6e\x63\x79\x2d\x3e\
\x73\x72\x63\x5f\x61\x64\x64\x72\x2e\x73\x61\x64\x64\x72\x5f\x76\x34\x20\x3d\
\x20\x42\x50\x46\x5f\x43\x4f\x52\x45\x5f\x52\x45\x41\x44\x28\x73\x6b\x2c\x20\
\x5f\x5f\x73\x6b\x5f\x63\x6f\x6d\x6d\x6f\x6e\x2e\x73\x6b\x63\x5f\x72\x63\x76\
\x5f\x73\x61\x64\x64\x72\x29\x3b\0\x20\x20\x20\x20\x20\x20\x20\x20\x6c\x61\x74\
\x65\x6e\x63\x79\x2d\x3e\x64\x73\x74\x5f\x61\x64\x64\x72\x2e\x64\x61\x64\x64\
\x72\x5f\x76\x34\x20\x3d\x20\x42\x50\x46\x5f\x43\x4f\x52\x45\x5f\x52\x45\x41\
\x44\x28\x73\x6b\x2c\x20\x5f\x5f\x73\x6b\x5f\x63\x6f\x6d\x6d\x6f\x6e\x2e\x73\
\x6b\x63\x5f\x64\x61\x64\x64\x72\x29\x3b\0\x20\x20\x20\x20\x7d\0\x20\x20\x20\
\x20\x20\x20\x20\x20\x42\x50\x46\x5f\x43\x4f\x52\x45\x5f\x52\x45\x41\x44\x5f\
\x49\x4e\x54\x4f\x28\x26\x6c\x61\x74\x65\x6e\x63\x79\x2d\x3e\x73\x72\x63\x5f\
\x61\x64\x64\x72\x2e\x73\x61\x64\x64\x72\x5f\x76\x36\x2c\x73\x6b\x2c\x5f\x5f\
\x73\x6b\x5f\x63\x6f\x6d\x6d\x6f\x6e\x2e\x73\x6b\x63\x5f\x76\x36\x5f\x72\x63\
\x76\x5f\x73\x61\x64\x64\x72\x2e\x69\x6e\x36\x5f\x75\x2e\x75\x36\x5f\x61\x64\
\x64\x72\x33\x32\x29\x3b\0\x20\x20\x20\x20\x20\x20\x20\x20\x42\x50\x46\x5f\x43\
\x4f\x52\x45\x5f\x52\x45\x41\x44\x5f\x49\x4e\x54\x4f\x28\x26\x6c\x61\x74\x65\
\x6e\x63\x79\x2d\x3e\x64\x73\x74\x5f\x61\x64\x64\x72\x2e\x64\x61\x64\x64\x72\
\x5f\x76\x36\x2c\x73\x6b\x2c\x5f\x5f\x73\x6b\x5f\x63\x6f\x6d\x6d\x6f\x6e\x2e\
\x73\x6b\x63\x5f\x76\x36\x5f\x64\x61\x64\x64\x72\x2e\x69\x6e\x36\x5f\x75\x2e\
\x75\x36\x5f\x61\x64\x64\x72\x33\x32\x29\x3b\0\x20\x20\x20\x20\x62\x70\x66\x5f\
\x72\x69\x6e\x67\x62\x75\x66\x5f\x73\x75\x62\x6d\x69\x74\x28\x6c\x61\x74\x65\
\x6e\x63\x79\x2c\x30\x29\x3b\0\x30\x3a\x33\0\x30\x3a\x30\0\x30\x3a\x30\x3a\x33\
\0\x30\x3a\x30\x3a\x32\x3a\x31\x3a\x31\0\x30\x3a\x30\x3a\x32\x3a\x31\x3a\x30\0\
\x30\x3a\x30\x3a\x34\0\x30\x3a\x30\x3a\x30\x3a\x31\x3a\x30\0\x30\x3a\x30\x3a\
\x30\x3a\x31\x3a\x31\0\x30\x3a\x30\x3a\x31\x34\0\x30\x3a\x30\x3a\x31\x33\0\x30\
\x3a\x31\x34\0\x30\x3a\x31\x30\0\x30\x3a\x30\x3a\x31\x34\x3a\x30\x3a\x32\0\x30\
\x3a\x30\x3a\x31\x33\x3a\x30\x3a\x32\0\x30\x3a\x31\x33\0\x30\x3a\x36\x36\0\x6c\
\x69\x63\x65\x6e\x73\x65\0\x2e\x72\x6f\x64\x61\x74\x61\0\x2e\x6d\x61\x70\x73\0\
\x2e\x74\x65\x78\x74\0\x74\x72\x61\x63\x65\x70\x6f\x69\x6e\x74\x2f\x74\x63\x70\
\x2f\x74\x63\x70\x5f\x72\x65\x74\x72\x61\x6e\x73\x6d\x69\x74\x5f\x73\x6b\x62\0\
\x6b\x70\x72\x6f\x62\x65\x2f\x74\x63\x70\x5f\x73\x65\x6e\x64\x6d\x73\x67\0\x6b\
\x72\x65\x74\x70\x72\x6f\x62\x65\x2f\x74\x63\x70\x5f\x73\x65\x6e\x64\x6d\x73\
\x67\0\x6b\x70\x72\x6f\x62\x65\x2f\x74\x63\x70\x5f\x63\x6c\x65\x61\x6e\x75\x70\
\x5f\x72\x62\x75\x66\0\x6b\x70\x72\x6f\x62\x65\x2f\x74\x63\x70\x5f\x76\x34\x5f\
\x63\x6f\x6e\x6e\x65\x63\x74\0\x6b\x70\x72\x6f\x62\x65\x2f\x74\x63\x70\x5f\x76\
\x36\x5f\x63\x6f\x6e\x6e\x65\x63\x74\0\x6b\x70\x72\x6f\x62\x65\x2f\x74\x63\x70\
\x5f\x72\x63\x76\x5f\x73\x74\x61\x74\x65\x5f\x70\x72\x6f\x63\x65\x73\x73\0\x66\
\x65\x6e\x74\x72\x79\x2f\x74\x63\x70\x5f\x76\x34\x5f\x63\x6f\x6e\x6e\x65\x63\
\x74\0\x66\x65\x6e\x74\x72\x79\x2f\x74\x63\x70\x5f\x76\x36\x5f\x63\x6f\x6e\x6e\
\x65\x63\x74\0\x66\x65\x6e\x74\x72\x79\x2f\x74\x63\x70\x5f\x72\x63\x76\x5f\x73\
\x74\x61\x74\x65\x5f\x70\x72\x6f\x63\x65\x73\x73\0\x66\x65\x6e\x74\x72\x79\x2f\
\x74\x63\x70\x5f\x72\x63\x76\x5f\x65\x73\x74\x61\x62\x6c\x69\x73\x68\x65\x64\0\
\x70\x65\x72\x66\x5f\x65\x76\x65\x6e\x74\0\0\0\0\0\0\0\0\x9f\xeb\x01\0\x20\0\0\
\0\0\0\0\0\xd4\0\0\0\xd4\0\0\0\xdc\x20\0\0\xb0\x21\0\0\x0c\x03\0\0\x08\0\0\0\
\x80\x69\0\0\x01\0\0\0\0\0\0\0\x7d\x02\0\0\x86\x69\0\0\x01\0\0\0\0\0\0\0\x39\0\
\0\0\xa8\x69\0\0\x01\0\0\0\0\0\0\0\x2e\x02\0\0\xbb\x69\0\0\x01\0\0\0\0\0\0\0\
\x2f\x02\0\0\xd1\x69\0\0\x01\0\0\0\0\0\0\0\x30\x02\0\0\xe9\x69\0\0\x01\0\0\0\0\
\0\0\0\x31\x02\0\0\xff\x69\0\0\x01\0\0\0\0\0\0\0\x32\x02\0\0\x15\x6a\0\0\x01\0\
\0\0\0\0\0\0\x33\x02\0\0\x32\x6a\0\0\x01\0\0\0\0\0\0\0\x36\x02\0\0\x48\x6a\0\0\
\x01\0\0\0\0\0\0\0\x37\x02\0\0\x5e\x6a\0\0\x01\0\0\0\0\0\0\0\x38\x02\0\0\x7b\
\x6a\0\0\x01\0\0\0\0\0\0\0\x39\x02\0\0\x96\x6a\0\0\x01\0\0\0\0\0\0\0\x7b\x02\0\
\0\x10\0\0\0\x80\x69\0\0\x2a\0\0\0\0\0\0\0\xf2\x49\0\0\x11\x64\0\0\0\x20\x01\0\
\x30\0\0\0\xf2\x49\0\0\x4a\x64\0\0\x08\x3c\x01\0\x40\0\0\0\xf2\x49\0\0\x4a\x64\
\0\0\x08\x3c\x01\0\x48\0\0\0\xf2\x49\0\0\x4a\x64\0\0\x31\x3c\x01\0\x60\0\0\0\
\xf2\x49\0\0\x8b\x64\0\0\x0c\x48\x01\0\x80\0\0\0\xf2\x49\0\0\xc3\x64\0\0\x08\
\x4c\x01\0\x88\0\0\0\xf2\x49\0\0\xd1\x64\0\0\x0b\x58\x01\0\x98\0\0\0\xf2\x49\0\
\0\xef\x64\0\0\x19\x5c\x01\0\xa0\0\0\0\xf2\x49\0\0\x0d\x65\0\0\x0f\x64\x01\0\
\xe0\0\0\0\xf2\x49\0\0\x66\x65\0\0\x08\x68\x01\0\xe8\0\0\0\xf2\x49\0\0\x78\x65\
\0\0\x09\x6c\x01\0\x08\x01\0\0\xf2\x49\0\0\x7e\x4d\0\0\x09\x70\x01\0\x10\x01\0\
\0\xf2\x49\0\0\xb0\x65\0\0\x05\x78\x01\0\x58\x01\0\0\xf2\x49\0\0\xef\x64\0\0\
\x11\x5c\x01\0\x70\x01\0\0\xf2\x49\0\0\xe6\x65\0\0\x14\x7c\x01\0\x78\x01\0\0\
\xf2\x49\0\0\x02\x66\0\0\x1b\x80\x01\0\x80\x01\0\0\xf2\x49\0\0\x02\x66\0\0\x13\
\x80\x01\0\x88\x01\0\0\xf2\x49\0\0\x21\x66\0\0\x46\x84\x01\0\x90\x01\0\0\xf2\
\x49\0\0\xb0\x65\0\0\x05\x78\x01\0\xa0\x01\0\0\xf2\x49\0\0\x21\x66\0\0\x05\x84\
\x01\0\xb8\x01\0\0\xf2\x49\0\0\x6d\x66\0\0\x11\x88\x01\0\xc8\x01\0\0\xf2\x49\0\
\0\x84\x66\0\0\x16\x8c\x01\0\xf8\x01\0\0\xf2\x49\0\0\x84\x66\0\0\x16\x8c\x01\0\
\0\x02\0\0\xf2\x49\0\0\x84\x66\0\0\x14\x8c\x01\0\x10\x02\0\0\xf2\x49\0\0\xc1\
\x66\0\0\x16\x90\x01\0\x40\x02\0\0\xf2\x49\0\0\xc1\x66\0\0\x16\x90\x01\0\x48\
\x02\0\0\xf2\x49\0\0\xc1\x66\0\0\x14\x90\x01\0\x58\x02\0\0\xf2\x49\0\0\0\x67\0\
\0\x13\x94\x01\0\x88\x02\0\0\xf2\x49\0\0\0\x67\0\0\x13\x94\x01\0\x90\x02\0\0\
\xf2\x49\0\0\0\x67\0\0\x11\x94\x01\0\x98\x02\0\0\xf2\x49\0\0\x3d\x67\0\0\x14\
\x9c\x01\0\xa8\x02\0\0\xf2\x49\0\0\x5d\x67\0\0\x26\xa0\x01\0\xd8\x02\0\0\xf2\
\x49\0\0\x5d\x67\0\0\x26\xa0\x01\0\xe0\x02\0\0\xf2\x49\0\0\x5d\x67\0\0\x24\xa0\
\x01\0\xf0\x02\0\0\xf2\x49\0\0\xb0\x67\0\0\x26\xa4\x01\0\x20\x03\0\0\xf2\x49\0\
\0\xb0\x67\0\0\x26\xa4\x01\0\x28\x03\0\0\xf2\x49\0\0\xb0\x67\0\0\x24\xa4\x01\0\
\x30\x03\0\0\xf2\x49\0\0\xff\x67\0\0\x05\xa8\x01\0\x40\x03\0\0\xf2\x49\0\0\x05\
\x68\0\0\x09\xb0\x01\0\x70\x03\0\0\xf2\x49\0\0\x6e\x68\0\0\x09\xb4\x01\0\xa0\
\x03\0\0\xf2\x49\0\0\xd3\x68\0\0\x05\xbc\x01\0\xb8\x03\0\0\xf2\x49\0\0\x0f\x64\
\0\0\x01\xc8\x01\0\x86\x69\0\0\x31\0\0\0\0\0\0\0\xf2\x49\0\0\x25\x4a\0\0\x2b\
\xfc\x04\0\x08\0\0\0\xf2\x49\0\0\x57\x4a\0\0\x08\xb0\x03\0\x18\0\0\0\xf2\x49\0\
\0\x63\x4a\0\0\x0f\xc0\x03\0\x28\0\0\0\xf2\x49\0\0\x9b\x4a\0\0\x0c\xc4\x03\0\
\x30\0\0\0\xf2\x49\0\0\xb5\x4a\0\0\x0f\xd0\x03\0\x48\0\0\0\xf2\x49\0\0\xd7\x4a\
\0\0\x09\xe4\x03\0\x70\0\0\0\xf2\x49\0\0\xe6\x4a\0\0\x09\xe8\x03\0\x90\0\0\0\
\xf2\x49\0\0\x21\x4b\0\0\x13\xec\x03\0\xc0\0\0\0\xf2\x49\0\0\x38\x4b\0\0\x05\
\x14\x04\0\xf8\0\0\0\xf2\x49\0\0\x89\x4b\0\0\x05\x18\x04\0\x30\x01\0\0\xf2\x49\
\0\0\xd5\x4b\0\0\x05\x1c\x04\0\x68\x01\0\0\xf2\x49\0\0\x23\x4c\0\0\x05\x20\x04\
\0\x88\x01\0\0\xf2\x49\0\0\x71\x4c\0\0\x05\x2c\x04\0\x98\x01\0\0\xf2\x49\0\0\
\xa0\x4c\0\0\x08\x34\x04\0\xa0\x01\0\0\xf2\x49\0\0\xa0\x4c\0\0\x1a\x34\x04\0\
\xc0\x01\0\0\xf2\x49\0\0\xd0\x4c\0\0\x21\x3c\x04\0\xf0\x01\0\0\xf2\x49\0\0\x37\
\x4d\0\0\x08\x40\x04\0\xf8\x01\0\0\xf2\x49\0\0\x46\x4d\0\0\x09\x44\x04\0\x18\
\x02\0\0\xf2\x49\0\0\x7e\x4d\0\0\x09\x48\x04\0\x20\x02\0\0\xf2\x49\0\0\x90\x4d\
\0\0\x05\x50\x04\0\x58\x02\0\0\xf2\x49\0\0\xc0\x4d\0\0\x0f\x54\x04\0\x60\x02\0\
\0\xf2\x49\0\0\xd5\x4d\0\0\x13\x58\x04\0\x68\x02\0\0\xf2\x49\0\0\xd5\x4d\0\0\
\x11\x58\x04\0\x70\x02\0\0\xf2\x49\0\0\xee\x4d\0\0\x13\x5c\x04\0\x78\x02\0\0\
\xf2\x49\0\0\x07\x4e\0\0\x0f\x60\x04\0\x88\x02\0\0\xf2\x49\0\0\xee\x4d\0\0\x11\
\x5c\x04\0\x90\x02\0\0\xf2\x49\0\0\x1c\x4e\0\0\x13\x64\x04\0\x98\x02\0\0\xf2\
\x49\0\0\x35\x4e\0\0\x11\x6c\x04\0\xb0\x02\0\0\xf2\x49\0\0\x4c\x4e\0\0\x10\x68\
\x04\0\xb8\x02\0\0\xf2\x49\0\0\x1c\x4e\0\0\x11\x64\x04\0\xc0\x02\0\0\xf2\x49\0\
\0\x90\x4d\0\0\x05\x50\x04\0\xe0\x02\0\0\xf2\x49\0\0\x63\x4e\0\0\x05\x70\x04\0\
\xf0\x02\0\0\xf2\x49\0\0\x99\x4e\0\0\x0c\x78\x04\0\xf8\x02\0\0\xf2\x49\0\0\x99\
\x4e\0\0\x05\x78\x04\0\x10\x03\0\0\xf2\x49\0\0\xad\x4e\0\0\x16\x80\x04\0\x40\
\x03\0\0\xf2\x49\0\0\xcd\x4e\0\0\x0d\x88\x04\0\x70\x03\0\0\xf2\x49\0\0\x21\x4f\
\0\0\x0d\x8c\x04\0\x88\x03\0\0\xf2\x49\0\0\x79\x4f\0\0\x27\x90\x04\0\x90\x03\0\
\0\xf2\x49\0\0\x79\x4f\0\0\x25\x90\x04\0\x98\x03\0\0\xf2\x49\0\0\xa6\x4f\0\0\
\x27\x94\x04\0\xa0\x03\0\0\xf2\x49\0\0\xa6\x4f\0\0\x25\x94\x04\0\xa8\x03\0\0\
\xf2\x49\0\0\xd3\x4f\0\0\x0d\xa0\x04\0\xb8\x03\0\0\xf2\x49\0\0\xfb\x4f\0\0\x16\
\xb0\x04\0\xd8\x03\0\0\xf2\x49\0\0\x1c\x50\0\0\x0d\xb4\x04\0\0\x04\0\0\xf2\x49\
\0\0\x9d\x50\0\0\x2a\xb8\x04\0\x10\x04\0\0\xf2\x49\0\0\x9d\x50\0\0\x0d\xb8\x04\
\0\x40\x04\0\0\xf2\x49\0\0\x18\x51\0\0\x0d\xc0\x04\0\x48\x04\0\0\xf2\x49\0\0\
\x2b\x51\0\0\x0d\xcc\x04\0\x60\x04\0\0\xf2\x49\0\0\x55\x51\0\0\x05\0\x05\0\xa8\
\x69\0\0\x05\0\0\0\0\0\0\0\xf2\x49\0\0\x8d\x51\0\0\x05\x2c\x05\0\x10\0\0\0\xf2\
\x49\0\0\x63\x4a\0\0\x0f\x34\x05\0\x18\0\0\0\xf2\x49\0\0\x63\x4a\0\0\x09\x34\
\x05\0\x40\0\0\0\xf2\x49\0\0\xc2\x51\0\0\x05\x38\x05\0\x60\0\0\0\xf2\x49\0\0\
\x8d\x51\0\0\x05\x2c\x05\0\xbb\x69\0\0\xa9\0\0\0\0\0\0\0\xf2\x49\0\0\xfd\x51\0\
\0\x05\x4c\x05\0\x08\0\0\0\xf2\x49\0\0\x63\x4a\0\0\x0f\x54\x05\0\x10\0\0\0\xf2\
\x49\0\0\x63\x4a\0\0\x09\x54\x05\0\x28\0\0\0\xf2\x49\0\0\x2b\x52\0\0\x1c\x58\
\x05\0\x40\0\0\0\xf2\x49\0\0\x72\x52\0\0\x09\x5c\x05\0\x48\0\0\0\xf2\x49\0\0\
\x83\x52\0\0\x0d\x6c\x05\0\x50\0\0\0\xf2\x49\0\0\x96\x52\0\0\x17\x68\x05\0\x58\
\0\0\0\xf2\x49\0\0\x63\x4a\0\0\x0f\xa0\x02\0\x70\0\0\0\xf2\x49\0\0\xb5\x52\0\0\
\x09\xa4\x02\0\x78\0\0\0\xf2\x49\0\0\xb5\x52\0\0\x15\xa4\x02\0\x80\0\0\0\xf2\
\x49\0\0\xb5\x4a\0\0\x0f\xa8\x02\0\xb8\0\0\0\xf2\x49\0\0\xd4\x52\0\0\x05\xb0\
\x02\0\xc8\0\0\0\xf2\x49\0\0\x0f\x53\0\0\x09\xb8\x02\0\xd0\0\0\0\xf2\x49\0\0\
\x0f\x53\0\0\x10\xb8\x02\0\xf0\0\0\0\xf2\x49\0\0\x2b\x53\0\0\x09\xc0\x02\0\xf8\
\0\0\0\xf2\x49\0\0\x5d\x53\0\0\x11\xc4\x02\0\x08\x01\0\0\xf2\x49\0\0\x2b\x53\0\
\0\x09\xc0\x02\0\x50\x01\0\0\xf2\x49\0\0\x74\x53\0\0\x09\xc8\x02\0\x78\x01\0\0\
\xf2\x49\0\0\x2b\x53\0\0\x09\xc0\x02\0\x88\x01\0\0\xf2\x49\0\0\xae\x53\0\0\x09\
\xcc\x02\0\xb0\x01\0\0\xf2\x49\0\0\x2b\x53\0\0\x09\xc0\x02\0\xc0\x01\0\0\xf2\
\x49\0\0\xf3\x53\0\0\x09\xd0\x02\0\xe8\x01\0\0\xf2\x49\0\0\x2b\x53\0\0\x09\xc0\
\x02\0\xf8\x01\0\0\xf2\x49\0\0\x34\x54\0\0\x09\xd4\x02\0\x28\x02\0\0\xf2\x49\0\
\0\x73\x54\0\0\x09\xd8\x02\0\x40\x02\0\0\xf2\x49\0\0\xb0\x54\0\0\x15\xdc\x02\0\
\x50\x02\0\0\xf2\x49\0\0\xb0\x54\0\0\x13\xdc\x02\0\x68\x02\0\0\xf2\x49\0\0\xd6\
\x54\0\0\x26\xe4\x02\0\x88\x02\0\0\xf2\x49\0\0\x24\x55\0\0\x0c\xe8\x02\0\x90\
\x02\0\0\xf2\x49\0\0\x35\x55\0\0\x2b\xec\x02\0\xa0\x02\0\0\xf2\x49\0\0\x61\x55\
\0\0\x19\xf0\x02\0\xa8\x02\0\0\xf2\x49\0\0\x35\x55\0\0\x2b\xec\x02\0\xd8\x02\0\
\0\xf2\x49\0\0\x7f\x55\0\0\x0d\0\x03\0\xf8\x02\0\0\xf2\x49\0\0\xb5\x4a\0\0\x0f\
\xe0\x01\0\0\x03\0\0\xf2\x49\0\0\xc2\x55\0\0\x16\xe4\x01\0\x08\x03\0\0\xf2\x49\
\0\0\xc2\x55\0\0\x0d\xe4\x01\0\x18\x03\0\0\xf2\x49\0\0\xc2\x55\0\0\x23\xe4\x01\
\0\x20\x03\0\0\xf2\x49\0\0\xf3\x55\0\0\x17\xf0\x01\0\x28\x03\0\0\xf2\x49\0\0\
\x0f\x56\0\0\x17\xec\x01\0\x30\x03\0\0\xf2\x49\0\0\x2b\x56\0\0\x24\xf4\x01\0\
\x50\x03\0\0\xf2\x49\0\0\x6e\x56\0\0\x26\0\x02\0\x78\x03\0\0\xf2\x49\0\0\x37\
\x4d\0\0\x08\x04\x02\0\x80\x03\0\0\xf2\x49\0\0\xdb\x56\0\0\x09\x08\x02\0\xa0\
\x03\0\0\xf2\x49\0\0\x7e\x4d\0\0\x09\x0c\x02\0\xb8\x03\0\0\xf2\x49\0\0\x0e\x57\
\0\0\x09\x34\x03\0\xf8\x03\0\0\xf2\x49\0\0\x5d\x53\0\0\x11\x38\x03\0\0\x04\0\0\
\xf2\x49\0\0\x74\x53\0\0\x23\x3c\x03\0\x18\x04\0\0\xf2\x49\0\0\x74\x53\0\0\x09\
\x3c\x03\0\x50\x04\0\0\xf2\x49\0\0\x40\x57\0\0\x09\x40\x03\0\x80\x04\0\0\xf2\
\x49\0\0\x0e\x57\0\0\x09\x34\x03\0\x98\x04\0\0\xf2\x49\0\0\x98\x57\0\0\x09\x44\
\x03\0\xc0\x04\0\0\xf2\x49\0\0\x34\x54\0\0\x09\x48\x03\0\0\x05\0\0\xf2\x49\0\0\
\x73\x54\0\0\x09\x4c\x03\0\x18\x05\0\0\xf2\x49\0\0\xb0\x54\0\0\x15\x50\x03\0\
\x28\x05\0\0\xf2\x49\0\0\xb0\x54\0\0\x13\x50\x03\0\x30\x05\0\0\xf2\x49\0\0\xec\
\x57\0\0\x26\x58\x03\0\x58\x05\0\0\xf2\x49\0\0\x24\x55\0\0\x0c\x5c\x03\0\x60\
\x05\0\0\xf2\x49\0\0\x35\x55\0\0\x2b\x60\x03\0\x70\x05\0\0\xf2\x49\0\0\x61\x55\
\0\0\x19\x64\x03\0\x78\x05\0\0\xf2\x49\0\0\x35\x55\0\0\x2b\x60\x03\0\xa8\x05\0\
\0\xf2\x49\0\0\x3a\x58\0\0\x0d\x74\x03\0\xc8\x05\0\0\xf2\x49\0\0\xb5\x4a\0\0\
\x0f\xe0\x01\0\xd0\x05\0\0\xf2\x49\0\0\xc2\x55\0\0\x16\xe4\x01\0\xd8\x05\0\0\
\xf2\x49\0\0\xc2\x55\0\0\x0d\xe4\x01\0\xe8\x05\0\0\xf2\x49\0\0\xc2\x55\0\0\x23\
\xe4\x01\0\xf0\x05\0\0\xf2\x49\0\0\xf3\x55\0\0\x17\xf0\x01\0\xf8\x05\0\0\xf2\
\x49\0\0\x0f\x56\0\0\x17\xec\x01\0\0\x06\0\0\xf2\x49\0\0\x2b\x56\0\0\x24\xf4\
\x01\0\x18\x06\0\0\xf2\x49\0\0\x6e\x56\0\0\x26\0\x02\0\x48\x06\0\0\xf2\x49\0\0\
\x37\x4d\0\0\x08\x04\x02\0\x50\x06\0\0\xf2\x49\0\0\xdb\x56\0\0\x09\x08\x02\0\
\x58\x06\0\0\xf2\x49\0\0\x7d\x58\0\0\x19\x14\x03\0\x60\x06\0\0\xf2\x49\0\0\x7d\
\x58\0\0\x16\x14\x03\0\x88\x06\0\0\xf2\x49\0\0\x9b\x58\0\0\x0d\x18\x03\0\xb0\
\x06\0\0\xf2\x49\0\0\xb5\x4a\0\0\x0f\xe0\x01\0\xb8\x06\0\0\xf2\x49\0\0\xc2\x55\
\0\0\x16\xe4\x01\0\xc0\x06\0\0\xf2\x49\0\0\xc2\x55\0\0\x0d\xe4\x01\0\xd0\x06\0\
\0\xf2\x49\0\0\xc2\x55\0\0\x23\xe4\x01\0\xd8\x06\0\0\xf2\x49\0\0\xf3\x55\0\0\
\x17\xf0\x01\0\xe0\x06\0\0\xf2\x49\0\0\x0f\x56\0\0\x17\xec\x01\0\xe8\x06\0\0\
\xf2\x49\0\0\x2b\x56\0\0\x24\xf4\x01\0\x08\x07\0\0\xf2\x49\0\0\x6e\x56\0\0\x26\
\0\x02\0\x30\x07\0\0\xf2\x49\0\0\x37\x4d\0\0\x08\x04\x02\0\x38\x07\0\0\xf2\x49\
\0\0\xdb\x56\0\0\x09\x08\x02\0\x40\x07\0\0\xf2\x49\0\0\x7d\x58\0\0\x19\x88\x03\
\0\x48\x07\0\0\xf2\x49\0\0\x7d\x58\0\0\x16\x88\x03\0\x70\x07\0\0\xf2\x49\0\0\
\xdb\x58\0\0\x0d\x8c\x03\0\x98\x07\0\0\xf2\x49\0\0\xb5\x4a\0\0\x0f\xe0\x01\0\
\xa0\x07\0\0\xf2\x49\0\0\xc2\x55\0\0\x16\xe4\x01\0\xa8\x07\0\0\xf2\x49\0\0\xc2\
\x55\0\0\x0d\xe4\x01\0\xb8\x07\0\0\xf2\x49\0\0\xc2\x55\0\0\x23\xe4\x01\0\xc0\
\x07\0\0\xf2\x49\0\0\xf3\x55\0\0\x17\xf0\x01\0\xc8\x07\0\0\xf2\x49\0\0\x0f\x56\
\0\0\x17\xec\x01\0\xd0\x07\0\0\xf2\x49\0\0\x2b\x56\0\0\x24\xf4\x01\0\xe8\x07\0\
\0\xf2\x49\0\0\x6e\x56\0\0\x26\0\x02\0\x18\x08\0\0\xf2\x49\0\0\x37\x4d\0\0\x08\
\x04\x02\0\x20\x08\0\0\xf2\x49\0\0\xdb\x56\0\0\x09\x08\x02\0\x28\x08\0\0\xf2\
\x49\0\0\x1b\x59\0\0\x10\x1c\x02\0\x30\x08\0\0\xf2\x49\0\0\x32\x59\0\0\x10\x18\
\x02\0\x38\x08\0\0\xf2\x49\0\0\x49\x59\0\0\x05\x14\x02\0\x88\x08\0\0\xf2\x49\0\
\0\x7e\x59\0\0\x09\x24\x02\0\xb0\x08\0\0\xf2\x49\0\0\xc3\x59\0\0\x12\x28\x02\0\
\xb8\x08\0\0\xf2\x49\0\0\xdf\x59\0\0\x1a\x2c\x02\0\xc0\x08\0\0\xf2\x49\0\0\xdf\
\x59\0\0\x13\x2c\x02\0\xc8\x08\0\0\xf2\x49\0\0\xfd\x59\0\0\x1c\x30\x02\0\xd0\
\x08\0\0\xf2\x49\0\0\xfd\x59\0\0\x15\x30\x02\0\xd8\x08\0\0\xf2\x49\0\0\x1f\x5a\
\0\0\x1c\x34\x02\0\xe0\x08\0\0\xf2\x49\0\0\x1f\x5a\0\0\x15\x34\x02\0\xe8\x08\0\
\0\xf2\x49\0\0\x41\x5a\0\0\x28\x38\x02\0\xf0\x08\0\0\xf2\x49\0\0\x41\x5a\0\0\
\x21\x38\x02\0\xf8\x08\0\0\xf2\x49\0\0\x6f\x5a\0\0\x28\x3c\x02\0\0\x09\0\0\xf2\
\x49\0\0\x6f\x5a\0\0\x21\x3c\x02\0\x08\x09\0\0\xf2\x49\0\0\x9d\x5a\0\0\x09\x40\
\x02\0\x20\x09\0\0\xf2\x49\0\0\xc1\x5a\0\0\x1c\x48\x02\0\x40\x09\0\0\xf2\x49\0\
\0\xe3\x5a\0\0\x09\x4c\x02\0\x60\x09\0\0\xf2\x49\0\0\x1b\x59\0\0\x10\x1c\x02\0\
\x68\x09\0\0\xf2\x49\0\0\x32\x59\0\0\x10\x18\x02\0\x78\x09\0\0\xf2\x49\0\0\x49\
\x59\0\0\x05\x14\x02\0\xc8\x09\0\0\xf2\x49\0\0\x21\x5b\0\0\x09\x58\x02\0\xe8\
\x09\0\0\xf2\x49\0\0\x66\x5b\0\0\x12\x5c\x02\0\xf0\x09\0\0\xf2\x49\0\0\x83\x5b\
\0\0\x1a\x60\x02\0\xf8\x09\0\0\xf2\x49\0\0\x83\x5b\0\0\x13\x60\x02\0\0\x0a\0\0\
\xf2\x49\0\0\xa1\x5b\0\0\x1c\x64\x02\0\x08\x0a\0\0\xf2\x49\0\0\xa1\x5b\0\0\x15\
\x64\x02\0\x10\x0a\0\0\xf2\x49\0\0\xc3\x5b\0\0\x1c\x68\x02\0\x18\x0a\0\0\xf2\
\x49\0\0\xc3\x5b\0\0\x15\x68\x02\0\x20\x0a\0\0\xf2\x49\0\0\x49\x59\0\0\x05\x14\
\x02\0\x30\x0a\0\0\xf2\x49\0\0\xe5\x5b\0\0\x09\x6c\x02\0\x58\x0a\0\0\xf2\x49\0\
\0\x45\x5c\0\0\x09\x70\x02\0\x78\x0a\0\0\xf2\x49\0\0\x9d\x5a\0\0\x09\x78\x02\0\
\x90\x0a\0\0\xf2\x49\0\0\xc1\x5a\0\0\x1c\x80\x02\0\xa0\x0a\0\0\xf2\x49\0\0\xa5\
\x5c\0\0\x09\x84\x02\0\xc8\x0a\0\0\xf2\x49\0\0\x1b\x59\0\0\x10\x1c\x02\0\xd0\
\x0a\0\0\xf2\x49\0\0\x32\x59\0\0\x10\x18\x02\0\xd8\x0a\0\0\xf2\x49\0\0\x49\x59\
\0\0\x05\x14\x02\0\x28\x0b\0\0\xf2\x49\0\0\x7e\x59\0\0\x09\x24\x02\0\x50\x0b\0\
\0\xf2\x49\0\0\xc3\x59\0\0\x12\x28\x02\0\x58\x0b\0\0\xf2\x49\0\0\xdf\x59\0\0\
\x1a\x2c\x02\0\x60\x0b\0\0\xf2\x49\0\0\xdf\x59\0\0\x13\x2c\x02\0\x68\x0b\0\0\
\xf2\x49\0\0\xfd\x59\0\0\x1c\x30\x02\0\x70\x0b\0\0\xf2\x49\0\0\xfd\x59\0\0\x15\
\x30\x02\0\x78\x0b\0\0\xf2\x49\0\0\x1f\x5a\0\0\x1c\x34\x02\0\x80\x0b\0\0\xf2\
\x49\0\0\x1f\x5a\0\0\x15\x34\x02\0\x88\x0b\0\0\xf2\x49\0\0\x41\x5a\0\0\x28\x38\
\x02\0\x90\x0b\0\0\xf2\x49\0\0\x41\x5a\0\0\x21\x38\x02\0\x98\x0b\0\0\xf2\x49\0\
\0\x6f\x5a\0\0\x28\x3c\x02\0\xa0\x0b\0\0\xf2\x49\0\0\x6f\x5a\0\0\x21\x3c\x02\0\
\xa8\x0b\0\0\xf2\x49\0\0\x9d\x5a\0\0\x09\x40\x02\0\xc0\x0b\0\0\xf2\x49\0\0\xc1\
\x5a\0\0\x1c\x48\x02\0\xe8\x0b\0\0\xf2\x49\0\0\xe3\x5a\0\0\x09\x4c\x02\0\0\x0c\
\0\0\xf2\x49\0\0\x1b\x59\0\0\x10\x1c\x02\0\x08\x0c\0\0\xf2\x49\0\0\x32\x59\0\0\
\x10\x18\x02\0\x10\x0c\0\0\xf2\x49\0\0\x49\x59\0\0\x05\x14\x02\0\x60\x0c\0\0\
\xf2\x49\0\0\x21\x5b\0\0\x09\x58\x02\0\x80\x0c\0\0\xf2\x49\0\0\x66\x5b\0\0\x12\
\x5c\x02\0\x88\x0c\0\0\xf2\x49\0\0\x83\x5b\0\0\x1a\x60\x02\0\x90\x0c\0\0\xf2\
\x49\0\0\x83\x5b\0\0\x13\x60\x02\0\x98\x0c\0\0\xf2\x49\0\0\xa1\x5b\0\0\x1c\x64\
\x02\0\xa0\x0c\0\0\xf2\x49\0\0\xa1\x5b\0\0\x15\x64\x02\0\xa8\x0c\0\0\xf2\x49\0\
\0\xc3\x5b\0\0\x1c\x68\x02\0\xb0\x0c\0\0\xf2\x49\0\0\xc3\x5b\0\0\x15\x68\x02\0\
\xb8\x0c\0\0\xf2\x49\0\0\x49\x59\0\0\x05\x14\x02\0\xc8\x0c\0\0\xf2\x49\0\0\xe5\
\x5b\0\0\x09\x6c\x02\0\xf0\x0c\0\0\xf2\x49\0\0\x45\x5c\0\0\x09\x70\x02\0\x10\
\x0d\0\0\xf2\x49\0\0\x9d\x5a\0\0\x09\x78\x02\0\x28\x0d\0\0\xf2\x49\0\0\xc1\x5a\
\0\0\x1c\x80\x02\0\x48\x0d\0\0\xf2\x49\0\0\xa5\x5c\0\0\x09\x84\x02\0\x80\x0d\0\
\0\xf2\x49\0\0\xe3\x5c\0\0\x05\x7c\x05\0\x98\x0d\0\0\xf2\x49\0\0\xfd\x51\0\0\
\x05\x4c\x05\0\xd1\x69\0\0\xa3\0\0\0\0\0\0\0\xf2\x49\0\0\x13\x5d\0\0\x05\xf8\
\x05\0\x10\0\0\0\xf2\x49\0\0\x54\x5d\0\0\x10\xfc\x05\0\x18\0\0\0\xf2\x49\0\0\
\x63\x4a\0\0\x0f\x0c\x06\0\x30\0\0\0\xf2\x49\0\0\xb5\x52\0\0\x09\x10\x06\0\x38\
\0\0\0\xf2\x49\0\0\xb5\x52\0\0\x15\x10\x06\0\x40\0\0\0\xf2\x49\0\0\xb5\x4a\0\0\
\x0f\x14\x06\0\x78\0\0\0\xf2\x49\0\0\xd4\x52\0\0\x05\x1c\x06\0\x88\0\0\0\xf2\
\x49\0\0\x0f\x53\0\0\x09\x24\x06\0\x90\0\0\0\xf2\x49\0\0\x0f\x53\0\0\x10\x24\
\x06\0\xb0\0\0\0\xf2\x49\0\0\x2b\x53\0\0\x09\x2c\x06\0\xb8\0\0\0\xf2\x49\0\0\
\x5d\x53\0\0\x11\x30\x06\0\xc8\0\0\0\xf2\x49\0\0\x2b\x53\0\0\x09\x2c\x06\0\x10\
\x01\0\0\xf2\x49\0\0\x74\x53\0\0\x09\x34\x06\0\x38\x01\0\0\xf2\x49\0\0\x2b\x53\
\0\0\x09\x2c\x06\0\x48\x01\0\0\xf2\x49\0\0\xae\x53\0\0\x09\x38\x06\0\x70\x01\0\
\0\xf2\x49\0\0\x2b\x53\0\0\x09\x2c\x06\0\x80\x01\0\0\xf2\x49\0\0\xf3\x53\0\0\
\x09\x3c\x06\0\xa8\x01\0\0\xf2\x49\0\0\x2b\x53\0\0\x09\x2c\x06\0\xb8\x01\0\0\
\xf2\x49\0\0\x34\x54\0\0\x09\x40\x06\0\xe8\x01\0\0\xf2\x49\0\0\x73\x54\0\0\x09\
\x44\x06\0\0\x02\0\0\xf2\x49\0\0\xb0\x54\0\0\x15\x48\x06\0\x10\x02\0\0\xf2\x49\
\0\0\xb0\x54\0\0\x13\x48\x06\0\x28\x02\0\0\xf2\x49\0\0\xd6\x54\0\0\x26\x50\x06\
\0\x48\x02\0\0\xf2\x49\0\0\x24\x55\0\0\x0c\x54\x06\0\x50\x02\0\0\xf2\x49\0\0\
\x35\x55\0\0\x2b\x58\x06\0\x60\x02\0\0\xf2\x49\0\0\x69\x5d\0\0\x19\x60\x06\0\
\x68\x02\0\0\xf2\x49\0\0\x35\x55\0\0\x2b\x58\x06\0\x98\x02\0\0\xf2\x49\0\0\x7f\
\x55\0\0\x0d\x6c\x06\0\xb8\x02\0\0\xf2\x49\0\0\xb5\x4a\0\0\x0f\xe0\x01\0\xc0\
\x02\0\0\xf2\x49\0\0\xc2\x55\0\0\x16\xe4\x01\0\xc8\x02\0\0\xf2\x49\0\0\xc2\x55\
\0\0\x0d\xe4\x01\0\xd8\x02\0\0\xf2\x49\0\0\xc2\x55\0\0\x23\xe4\x01\0\xe0\x02\0\
\0\xf2\x49\0\0\xf3\x55\0\0\x17\xf0\x01\0\xe8\x02\0\0\xf2\x49\0\0\x0f\x56\0\0\
\x17\xec\x01\0\xf0\x02\0\0\xf2\x49\0\0\x2b\x56\0\0\x24\xf4\x01\0\x10\x03\0\0\
\xf2\x49\0\0\x6e\x56\0\0\x26\0\x02\0\x38\x03\0\0\xf2\x49\0\0\x37\x4d\0\0\x08\
\x04\x02\0\x40\x03\0\0\xf2\x49\0\0\xdb\x56\0\0\x09\x08\x02\0\x60\x03\0\0\xf2\
\x49\0\0\x7e\x4d\0\0\x09\x0c\x02\0\x78\x03\0\0\xf2\x49\0\0\x0e\x57\0\0\x09\xa0\
\x06\0\xb8\x03\0\0\xf2\x49\0\0\x5d\x53\0\0\x11\xa4\x06\0\xc0\x03\0\0\xf2\x49\0\
\0\x74\x53\0\0\x23\xa8\x06\0\xd8\x03\0\0\xf2\x49\0\0\x74\x53\0\0\x09\xa8\x06\0\
\x10\x04\0\0\xf2\x49\0\0\x40\x57\0\0\x09\xac\x06\0\x40\x04\0\0\xf2\x49\0\0\x0e\
\x57\0\0\x09\xa0\x06\0\x58\x04\0\0\xf2\x49\0\0\x98\x57\0\0\x09\xb0\x06\0\x80\
\x04\0\0\xf2\x49\0\0\x34\x54\0\0\x09\xb4\x06\0\xc0\x04\0\0\xf2\x49\0\0\x73\x54\
\0\0\x09\xb8\x06\0\xd8\x04\0\0\xf2\x49\0\0\xb0\x54\0\0\x15\xbc\x06\0\xe8\x04\0\
\0\xf2\x49\0\0\xb0\x54\0\0\x13\xbc\x06\0\xf0\x04\0\0\xf2\x49\0\0\xec\x57\0\0\
\x26\xc4\x06\0\x18\x05\0\0\xf2\x49\0\0\x24\x55\0\0\x0c\xc8\x06\0\x20\x05\0\0\
\xf2\x49\0\0\x35\x55\0\0\x2b\xcc\x06\0\x30\x05\0\0\xf2\x49\0\0\x69\x5d\0\0\x19\
\xd4\x06\0\x38\x05\0\0\xf2\x49\0\0\x35\x55\0\0\x2b\xcc\x06\0\x68\x05\0\0\xf2\
\x49\0\0\x3a\x58\0\0\x0d\xe0\x06\0\x88\x05\0\0\xf2\x49\0\0\xb5\x4a\0\0\x0f\xe0\
\x01\0\x90\x05\0\0\xf2\x49\0\0\xc2\x55\0\0\x16\xe4\x01\0\x98\x05\0\0\xf2\x49\0\
\0\xc2\x55\0\0\x0d\xe4\x01\0\xa8\x05\0\0\xf2\x49\0\0\xc2\x55\0\0\x23\xe4\x01\0\
\xb0\x05\0\0\xf2\x49\0\0\xf3\x55\0\0\x17\xf0\x01\0\xb8\x05\0\0\xf2\x49\0\0\x0f\
\x56\0\0\x17\xec\x01\0\xc0\x05\0\0\xf2\x49\0\0\x2b\x56\0\0\x24\xf4\x01\0\xd8\
\x05\0\0\xf2\x49\0\0\x6e\x56\0\0\x26\0\x02\0\x08\x06\0\0\xf2\x49\0\0\x37\x4d\0\
\0\x08\x04\x02\0\x10\x06\0\0\xf2\x49\0\0\xdb\x56\0\0\x09\x08\x02\0\x18\x06\0\0\
\xf2\x49\0\0\x89\x5d\0\0\x19\x80\x06\0\x20\x06\0\0\xf2\x49\0\0\x89\x5d\0\0\x16\
\x80\x06\0\x48\x06\0\0\xf2\x49\0\0\x9b\x58\0\0\x0d\x84\x06\0\x70\x06\0\0\xf2\
\x49\0\0\xb5\x4a\0\0\x0f\xe0\x01\0\x78\x06\0\0\xf2\x49\0\0\xc2\x55\0\0\x16\xe4\
\x01\0\x80\x06\0\0\xf2\x49\0\0\xc2\x55\0\0\x0d\xe4\x01\0\x90\x06\0\0\xf2\x49\0\
\0\xc2\x55\0\0\x23\xe4\x01\0\x98\x06\0\0\xf2\x49\0\0\xf3\x55\0\0\x17\xf0\x01\0\
\xa0\x06\0\0\xf2\x49\0\0\x0f\x56\0\0\x17\xec\x01\0\xa8\x06\0\0\xf2\x49\0\0\x2b\
\x56\0\0\x24\xf4\x01\0\xc8\x06\0\0\xf2\x49\0\0\x6e\x56\0\0\x26\0\x02\0\xf0\x06\
\0\0\xf2\x49\0\0\x37\x4d\0\0\x08\x04\x02\0\xf8\x06\0\0\xf2\x49\0\0\xdb\x56\0\0\
\x09\x08\x02\0\0\x07\0\0\xf2\x49\0\0\x89\x5d\0\0\x19\xf4\x06\0\x08\x07\0\0\xf2\
\x49\0\0\x89\x5d\0\0\x16\xf4\x06\0\x30\x07\0\0\xf2\x49\0\0\xdb\x58\0\0\x0d\xf8\
\x06\0\x58\x07\0\0\xf2\x49\0\0\xb5\x4a\0\0\x0f\xe0\x01\0\x60\x07\0\0\xf2\x49\0\
\0\xc2\x55\0\0\x16\xe4\x01\0\x68\x07\0\0\xf2\x49\0\0\xc2\x55\0\0\x0d\xe4\x01\0\
\x78\x07\0\0\xf2\x49\0\0\xc2\x55\0\0\x23\xe4\x01\0\x80\x07\0\0\xf2\x49\0\0\xf3\
\x55\0\0\x17\xf0\x01\0\x88\x07\0\0\xf2\x49\0\0\x0f\x56\0\0\x17\xec\x01\0\x90\
\x07\0\0\xf2\x49\0\0\x2b\x56\0\0\x24\xf4\x01\0\xa8\x07\0\0\xf2\x49\0\0\x6e\x56\
\0\0\x26\0\x02\0\xd8\x07\0\0\xf2\x49\0\0\x37\x4d\0\0\x08\x04\x02\0\xe0\x07\0\0\
\xf2\x49\0\0\xdb\x56\0\0\x09\x08\x02\0\xe8\x07\0\0\xf2\x49\0\0\x1b\x59\0\0\x10\
\x1c\x02\0\xf0\x07\0\0\xf2\x49\0\0\x32\x59\0\0\x10\x18\x02\0\xf8\x07\0\0\xf2\
\x49\0\0\x49\x59\0\0\x05\x14\x02\0\x48\x08\0\0\xf2\x49\0\0\x7e\x59\0\0\x09\x24\
\x02\0\x70\x08\0\0\xf2\x49\0\0\xc3\x59\0\0\x12\x28\x02\0\x78\x08\0\0\xf2\x49\0\
\0\xdf\x59\0\0\x1a\x2c\x02\0\x80\x08\0\0\xf2\x49\0\0\xdf\x59\0\0\x13\x2c\x02\0\
\x88\x08\0\0\xf2\x49\0\0\xfd\x59\0\0\x1c\x30\x02\0\x90\x08\0\0\xf2\x49\0\0\xfd\
\x59\0\0\x15\x30\x02\0\x98\x08\0\0\xf2\x49\0\0\x1f\x5a\0\0\x1c\x34\x02\0\xa0\
\x08\0\0\xf2\x49\0\0\x1f\x5a\0\0\x15\x34\x02\0\xa8\x08\0\0\xf2\x49\0\0\x41\x5a\
\0\0\x28\x38\x02\0\xb0\x08\0\0\xf2\x49\0\0\x41\x5a\0\0\x21\x38\x02\0\xb8\x08\0\
\0\xf2\x49\0\0\x6f\x5a\0\0\x28\x3c\x02\0\xc0\x08\0\0\xf2\x49\0\0\x6f\x5a\0\0\
\x21\x3c\x02\0\xc8\x08\0\0\xf2\x49\0\0\x9d\x5a\0\0\x09\x40\x02\0\xe0\x08\0\0\
\xf2\x49\0\0\xc1\x5a\0\0\x1c\x48\x02\0\0\x09\0\0\xf2\x49\0\0\xe3\x5a\0\0\x09\
\x4c\x02\0\x20\x09\0\0\xf2\x49\0\0\x1b\x59\0\0\x10\x1c\x02\0\x28\x09\0\0\xf2\
\x49\0\0\x32\x59\0\0\x10\x18\x02\0\x38\x09\0\0\xf2\x49\0\0\x49\x59\0\0\x05\x14\
\x02\0\x88\x09\0\0\xf2\x49\0\0\x21\x5b\0\0\x09\x58\x02\0\xa8\x09\0\0\xf2\x49\0\
\0\x66\x5b\0\0\x12\x5c\x02\0\xb0\x09\0\0\xf2\x49\0\0\x83\x5b\0\0\x1a\x60\x02\0\
\xb8\x09\0\0\xf2\x49\0\0\x83\x5b\0\0\x13\x60\x02\0\xc0\x09\0\0\xf2\x49\0\0\xa1\
\x5b\0\0\x1c\x64\x02\0\xc8\x09\0\0\xf2\x49\0\0\xa1\x5b\0\0\x15\x64\x02\0\xd0\
\x09\0\0\xf2\x49\0\0\xc3\x5b\0\0\x1c\x68\x02\0\xd8\x09\0\0\xf2\x49\0\0\xc3\x5b\
\0\0\x15\x68\x02\0\xe0\x09\0\0\xf2\x49\0\0\x49\x59\0\0\x05\x14\x02\0\xf0\x09\0\
\0\xf2\x49\0\0\xe5\x5b\0\0\x09\x6c\x02\0\x18\x0a\0\0\xf2\x49\0\0\x45\x5c\0\0\
\x09\x70\x02\0\x38\x0a\0\0\xf2\x49\0\0\x9d\x5a\0\0\x09\x78\x02\0\x50\x0a\0\0\
\xf2\x49\0\0\xc1\x5a\0\0\x1c\x80\x02\0\x60\x0a\0\0\xf2\x49\0\0\xa5\x5c\0\0\x09\
\x84\x02\0\x88\x0a\0\0\xf2\x49\0\0\x1b\x59\0\0\x10\x1c\x02\0\x90\x0a\0\0\xf2\
\x49\0\0\x32\x59\0\0\x10\x18\x02\0\x98\x0a\0\0\xf2\x49\0\0\x49\x59\0\0\x05\x14\
\x02\0\xe8\x0a\0\0\xf2\x49\0\0\x7e\x59\0\0\x09\x24\x02\0\x10\x0b\0\0\xf2\x49\0\
\0\xc3\x59\0\0\x12\x28\x02\0\x18\x0b\0\0\xf2\x49\0\0\xdf\x59\0\0\x1a\x2c\x02\0\
\x20\x0b\0\0\xf2\x49\0\0\xdf\x59\0\0\x13\x2c\x02\0\x28\x0b\0\0\xf2\x49\0\0\xfd\
\x59\0\0\x1c\x30\x02\0\x30\x0b\0\0\xf2\x49\0\0\xfd\x59\0\0\x15\x30\x02\0\x38\
\x0b\0\0\xf2\x49\0\0\x1f\x5a\0\0\x1c\x34\x02\0\x40\x0b\0\0\xf2\x49\0\0\x1f\x5a\
\0\0\x15\x34\x02\0\x48\x0b\0\0\xf2\x49\0\0\x41\x5a\0\0\x28\x38\x02\0\x50\x0b\0\
\0\xf2\x49\0\0\x41\x5a\0\0\x21\x38\x02\0\x58\x0b\0\0\xf2\x49\0\0\x6f\x5a\0\0\
\x28\x3c\x02\0\x60\x0b\0\0\xf2\x49\0\0\x6f\x5a\0\0\x21\x3c\x02\0\x68\x0b\0\0\
\xf2\x49\0\0\x9d\x5a\0\0\x09\x40\x02\0\x80\x0b\0\0\xf2\x49\0\0\xc1\x5a\0\0\x1c\
\x48\x02\0\xa8\x0b\0\0\xf2\x49\0\0\xe3\x5a\0\0\x09\x4c\x02\0\xc0\x0b\0\0\xf2\
\x49\0\0\x1b\x59\0\0\x10\x1c\x02\0\xc8\x0b\0\0\xf2\x49\0\0\x32\x59\0\0\x10\x18\
\x02\0\xd0\x0b\0\0\xf2\x49\0\0\x49\x59\0\0\x05\x14\x02\0\x20\x0c\0\0\xf2\x49\0\
\0\x21\x5b\0\0\x09\x58\x02\0\x40\x0c\0\0\xf2\x49\0\0\x66\x5b\0\0\x12\x5c\x02\0\
\x48\x0c\0\0\xf2\x49\0\0\x83\x5b\0\0\x1a\x60\x02\0\x50\x0c\0\0\xf2\x49\0\0\x83\
\x5b\0\0\x13\x60\x02\0\x58\x0c\0\0\xf2\x49\0\0\xa1\x5b\0\0\x1c\x64\x02\0\x60\
\x0c\0\0\xf2\x49\0\0\xa1\x5b\0\0\x15\x64\x02\0\x68\x0c\0\0\xf2\x49\0\0\xc3\x5b\
\0\0\x1c\x68\x02\0\x70\x0c\0\0\xf2\x49\0\0\xc3\x5b\0\0\x15\x68\x02\0\x78\x0c\0\
\0\xf2\x49\0\0\x49\x59\0\0\x05\x14\x02\0\x88\x0c\0\0\xf2\x49\0\0\xe5\x5b\0\0\
\x09\x6c\x02\0\xb0\x0c\0\0\xf2\x49\0\0\x45\x5c\0\0\x09\x70\x02\0\xd0\x0c\0\0\
\xf2\x49\0\0\x9d\x5a\0\0\x09\x78\x02\0\xe8\x0c\0\0\xf2\x49\0\0\xc1\x5a\0\0\x1c\
\x80\x02\0\x08\x0d\0\0\xf2\x49\0\0\xa5\x5c\0\0\x09\x84\x02\0\x30\x0d\0\0\xf2\
\x49\0\0\x13\x5d\0\0\x05\xf8\x05\0\xe9\x69\0\0\x0a\0\0\0\0\0\0\0\xf2\x49\0\0\
\xa9\x5d\0\0\x05\x1c\x07\0\x10\0\0\0\xf2\x49\0\0\xd9\x5d\0\0\x14\xc8\0\0\x20\0\
\0\0\xf2\x49\0\0\xb5\x4a\0\0\x0f\xd4\0\0\x38\0\0\0\xf2\x49\0\0\x08\x5e\0\0\x0d\
\xe8\0\0\x40\0\0\0\xf2\x49\0\0\x1a\x5e\0\0\x24\xf4\0\0\x50\0\0\0\xf2\x49\0\0\
\x3f\x5e\0\0\x19\xd0\0\0\x58\0\0\0\xf2\x49\0\0\x1a\x5e\0\0\x24\xf4\0\0\x88\0\0\
\0\xf2\x49\0\0\x5f\x5e\0\0\x05\x08\x01\0\xb8\0\0\0\xf2\x49\0\0\x97\x5e\0\0\x05\
\x10\x01\0\xd8\0\0\0\xf2\x49\0\0\xa9\x5d\0\0\x05\x1c\x07\0\xff\x69\0\0\x0a\0\0\
\0\0\0\0\0\xf2\x49\0\0\xd6\x5e\0\0\x05\x34\x07\0\x10\0\0\0\xf2\x49\0\0\xd9\x5d\
\0\0\x14\xc8\0\0\x20\0\0\0\xf2\x49\0\0\xb5\x4a\0\0\x0f\xd4\0\0\x38\0\0\0\xf2\
\x49\0\0\x08\x5e\0\0\x0d\xe8\0\0\x40\0\0\0\xf2\x49\0\0\x1a\x5e\0\0\x24\xf4\0\0\
\x50\0\0\0\xf2\x49\0\0\x3f\x5e\0\0\x19\xd0\0\0\x58\0\0\0\xf2\x49\0\0\x1a\x5e\0\
\0\x24\xf4\0\0\x88\0\0\0\xf2\x49\0\0\x5f\x5e\0\0\x05\x08\x01\0\xb8\0\0\0\xf2\
\x49\0\0\x97\x5e\0\0\x05\x10\x01\0\xd8\0\0\0\xf2\x49\0\0\xd6\x5e\0\0\x05\x34\
\x07\0\x15\x6a\0\0\x03\0\0\0\0\0\0\0\xf2\x49\0\0\x06\x5f\0\0\x05\x4c\x07\0\x08\
\0\0\0\xf2\x49\0\0\x3d\x5f\0\0\x0c\x54\x07\0\x10\0\0\0\xf2\x49\0\0\x06\x5f\0\0\
\x05\x4c\x07\0\x32\x6a\0\0\x0a\0\0\0\0\0\0\0\xf2\x49\0\0\x6a\x5f\0\0\x05\x64\
\x07\0\x10\0\0\0\xf2\x49\0\0\xd9\x5d\0\0\x14\xc8\0\0\x20\0\0\0\xf2\x49\0\0\xb5\
\x4a\0\0\x0f\xd4\0\0\x38\0\0\0\xf2\x49\0\0\x08\x5e\0\0\x0d\xe8\0\0\x40\0\0\0\
\xf2\x49\0\0\x1a\x5e\0\0\x24\xf4\0\0\x50\0\0\0\xf2\x49\0\0\x3f\x5e\0\0\x19\xd0\
\0\0\x58\0\0\0\xf2\x49\0\0\x1a\x5e\0\0\x24\xf4\0\0\x88\0\0\0\xf2\x49\0\0\x5f\
\x5e\0\0\x05\x08\x01\0\xb8\0\0\0\xf2\x49\0\0\x97\x5e\0\0\x05\x10\x01\0\xd8\0\0\
\0\xf2\x49\0\0\x6a\x5f\0\0\x05\x64\x07\0\x48\x6a\0\0\x0a\0\0\0\0\0\0\0\xf2\x49\
\0\0\x9f\x5f\0\0\x05\x7c\x07\0\x10\0\0\0\xf2\x49\0\0\xd9\x5d\0\0\x14\xc8\0\0\
\x20\0\0\0\xf2\x49\0\0\xb5\x4a\0\0\x0f\xd4\0\0\x38\0\0\0\xf2\x49\0\0\x08\x5e\0\
\0\x0d\xe8\0\0\x40\0\0\0\xf2\x49\0\0\x1a\x5e\0\0\x24\xf4\0\0\x50\0\0\0\xf2\x49\
\0\0\x3f\x5e\0\0\x19\xd0\0\0\x58\0\0\0\xf2\x49\0\0\x1a\x5e\0\0\x24\xf4\0\0\x88\
\0\0\0\xf2\x49\0\0\x5f\x5e\0\0\x05\x08\x01\0\xb8\0\0\0\xf2\x49\0\0\x97\x5e\0\0\
\x05\x10\x01\0\xd8\0\0\0\xf2\x49\0\0\x9f\x5f\0\0\x05\x7c\x07\0\x5e\x6a\0\0\x03\
\0\0\0\0\0\0\0\xf2\x49\0\0\xd4\x5f\0\0\x05\x94\x07\0\x08\0\0\0\xf2\x49\0\0\x3d\
\x5f\0\0\x0c\x9c\x07\0\x10\0\0\0\xf2\x49\0\0\xd4\x5f\0\0\x05\x94\x07\0\x7b\x6a\
\0\0\x12\0\0\0\0\0\0\0\xf2\x49\0\0\x10\x60\0\0\x05\xac\x07\0\x08\0\0\0\xf2\x49\
\0\0\x35\x60\0\0\x25\xc4\x07\0\x38\0\0\0\xf2\x49\0\0\x81\x60\0\0\x08\xc8\x07\0\
\x48\0\0\0\xf2\x49\0\0\x90\x60\0\0\x09\xd8\x07\0\x78\0\0\0\xf2\x49\0\0\xc9\x60\
\0\0\x09\xdc\x07\0\xa8\0\0\0\xf2\x49\0\0\x07\x61\0\0\x10\xe4\x07\0\0\x01\0\0\
\xf2\x49\0\0\x3e\x61\0\0\x0c\xf8\x07\0\x20\x01\0\0\xf2\x49\0\0\x3e\x61\0\0\x0c\
\xf8\x07\0\x28\x01\0\0\xf2\x49\0\0\x8f\x61\0\0\x0d\x0c\x08\0\x38\x01\0\0\xf2\
\x49\0\0\xa1\x61\0\0\x12\x14\x08\0\x48\x01\0\0\xf2\x49\0\0\xb7\x61\0\0\x12\x1c\
\x08\0\x58\x01\0\0\xf2\x49\0\0\xce\x61\0\0\x12\x24\x08\0\x68\x01\0\0\xf2\x49\0\
\0\xe5\x61\0\0\x12\x2c\x08\0\x78\x01\0\0\xf2\x49\0\0\xfc\x61\0\0\x12\x34\x08\0\
\x98\x01\0\0\xf2\x49\0\0\x14\x62\0\0\x05\x50\x08\0\xb0\x01\0\0\xf2\x49\0\0\x14\
\x62\0\0\x17\x50\x08\0\xc8\x01\0\0\xf2\x49\0\0\x30\x62\0\0\x05\x54\x08\0\0\x02\
\0\0\xf2\x49\0\0\x10\x60\0\0\x05\xac\x07\0\x96\x6a\0\0\x1b\0\0\0\0\0\0\0\xf2\
\x49\0\0\x69\x62\0\0\x24\x70\x08\0\x30\0\0\0\xf2\x49\0\0\xb4\x62\0\0\x08\x74\
\x08\0\x38\0\0\0\xf2\x49\0\0\xc2\x62\0\0\x09\x78\x08\0\x58\0\0\0\xf2\x49\0\0\
\x7e\x4d\0\0\x09\x94\x08\0\x60\0\0\0\xf2\x49\0\0\xf6\x62\0\0\x25\x88\x08\0\x88\
\0\0\0\xf2\x49\0\0\x37\x4d\0\0\x08\x8c\x08\0\x90\0\0\0\xf2\x49\0\0\x61\x63\0\0\
\x09\x90\x08\0\xb0\0\0\0\xf2\x49\0\0\x7e\x4d\0\0\x09\x94\x08\0\xc0\0\0\0\xf2\
\x49\0\0\x94\x63\0\0\x05\x9c\x08\0\0\x01\0\0\xf2\x49\0\0\xc8\x63\0\0\x19\xa8\
\x08\0\x08\x01\0\0\xf2\x49\0\0\xc8\x63\0\0\x17\xa8\x08\0\x10\x01\0\0\xf2\x49\0\
\0\xc8\x63\0\0\x19\xa8\x08\0\x18\x01\0\0\xf2\x49\0\0\xc8\x63\0\0\x17\xa8\x08\0\
\x20\x01\0\0\xf2\x49\0\0\xc8\x63\0\0\x19\xa8\x08\0\x28\x01\0\0\xf2\x49\0\0\xc8\
\x63\0\0\x17\xa8\x08\0\x30\x01\0\0\xf2\x49\0\0\xc8\x63\0\0\x19\xa8\x08\0\x38\
\x01\0\0\xf2\x49\0\0\xc8\x63\0\0\x17\xa8\x08\0\x40\x01\0\0\xf2\x49\0\0\xc8\x63\
\0\0\x19\xa8\x08\0\x48\x01\0\0\xf2\x49\0\0\xc8\x63\0\0\x17\xa8\x08\0\x50\x01\0\
\0\xf2\x49\0\0\xc8\x63\0\0\x19\xa8\x08\0\x58\x01\0\0\xf2\x49\0\0\xc8\x63\0\0\
\x17\xa8\x08\0\x60\x01\0\0\xf2\x49\0\0\xc8\x63\0\0\x19\xa8\x08\0\x68\x01\0\0\
\xf2\x49\0\0\xc8\x63\0\0\x17\xa8\x08\0\x70\x01\0\0\xf2\x49\0\0\xc8\x63\0\0\x19\
\xa8\x08\0\x78\x01\0\0\xf2\x49\0\0\xc8\x63\0\0\x17\xa8\x08\0\x80\x01\0\0\xf2\
\x49\0\0\xee\x63\0\0\x05\xb0\x08\0\x98\x01\0\0\xf2\x49\0\0\x0f\x64\0\0\x01\xbc\
\x08\0\x10\0\0\0\x80\x69\0\0\x08\0\0\0\x10\0\0\0\x78\0\0\0\x18\x69\0\0\0\0\0\0\
\xc0\x01\0\0\x78\0\0\0\x04\x69\0\0\0\0\0\0\x08\x02\0\0\x78\0\0\0\x0e\x69\0\0\0\
\0\0\0\x50\x02\0\0\x78\0\0\0\xfe\x68\0\0\0\0\0\0\xa0\x02\0\0\x78\0\0\0\x28\x69\
\0\0\0\0\0\0\xe8\x02\0\0\x78\0\0\0\x1e\x69\0\0\0\0\0\0\x38\x03\0\0\x78\0\0\0\
\x4a\x69\0\0\0\0\0\0\x68\x03\0\0\x78\0\0\0\x55\x69\0\0\0\0\0\0\x86\x69\0\0\x0a\
\0\0\0\x50\0\0\0\x3a\0\0\0\xf6\x68\0\0\0\0\0\0\x90\0\0\0\x6d\0\0\0\xfa\x68\0\0\
\0\0\0\0\x98\0\0\0\x78\0\0\0\xfe\x68\0\0\0\0\0\0\xd0\0\0\0\x78\0\0\0\x04\x69\0\
\0\0\0\0\0\x08\x01\0\0\x78\0\0\0\x0e\x69\0\0\0\0\0\0\x40\x01\0\0\x78\0\0\0\x18\
\x69\0\0\0\0\0\0\x18\x03\0\0\x78\0\0\0\x1e\x69\0\0\0\0\0\0\x50\x03\0\0\x78\0\0\
\0\x28\x69\0\0\0\0\0\0\xc0\x03\0\0\x78\0\0\0\x32\x69\0\0\0\0\0\0\xf0\x03\0\0\
\x78\0\0\0\x39\x69\0\0\0\0\0\0\xa8\x69\0\0\x01\0\0\0\0\0\0\0\x28\x02\0\0\x40\
\x69\0\0\0\0\0\0\xbb\x69\0\0\x0a\0\0\0\0\0\0\0\x28\x02\0\0\x45\x69\0\0\0\0\0\0\
\x90\0\0\0\x78\0\0\0\xfe\x68\0\0\0\0\0\0\x60\x01\0\0\x78\0\0\0\x28\x69\0\0\0\0\
\0\0\x98\x01\0\0\x78\0\0\0\x1e\x69\0\0\0\0\0\0\xd0\x01\0\0\x78\0\0\0\x04\x69\0\
\0\0\0\0\0\x08\x02\0\0\x78\0\0\0\x0e\x69\0\0\0\0\0\0\x28\x04\0\0\x78\0\0\0\x4a\
\x69\0\0\0\0\0\0\x68\x04\0\0\x78\0\0\0\x55\x69\0\0\0\0\0\0\xa8\x04\0\0\x78\0\0\
\0\x04\x69\0\0\0\0\0\0\xe0\x04\0\0\x78\0\0\0\x0e\x69\0\0\0\0\0\0\xd1\x69\0\0\
\x0b\0\0\0\0\0\0\0\x28\x02\0\0\x40\x69\0\0\0\0\0\0\x08\0\0\0\x28\x02\0\0\x60\
\x69\0\0\0\0\0\0\x50\0\0\0\x78\0\0\0\xfe\x68\0\0\0\0\0\0\x20\x01\0\0\x78\0\0\0\
\x28\x69\0\0\0\0\0\0\x58\x01\0\0\x78\0\0\0\x1e\x69\0\0\0\0\0\0\x90\x01\0\0\x78\
\0\0\0\x04\x69\0\0\0\0\0\0\xc8\x01\0\0\x78\0\0\0\x0e\x69\0\0\0\0\0\0\xe8\x03\0\
\0\x78\0\0\0\x4a\x69\0\0\0\0\0\0\x28\x04\0\0\x78\0\0\0\x55\x69\0\0\0\0\0\0\x68\
\x04\0\0\x78\0\0\0\x04\x69\0\0\0\0\0\0\xa0\x04\0\0\x78\0\0\0\x0e\x69\0\0\0\0\0\
\0\xe9\x69\0\0\x01\0\0\0\0\0\0\0\x28\x02\0\0\x40\x69\0\0\0\0\0\0\xff\x69\0\0\
\x01\0\0\0\0\0\0\0\x28\x02\0\0\x40\x69\0\0\0\0\0\0\x15\x6a\0\0\x01\0\0\0\0\0\0\
\0\x28\x02\0\0\x40\x69\0\0\0\0\0\0\x7b\x6a\0\0\x01\0\0\0\xe0\0\0\0\x3a\x02\0\0\
\x65\x69\0\0\0\0\0\0\0\0\0\0\0\0\0\0\0\0\0\0\0\0\0\0\0\0\0\0\0\0\0\0\0\0\0\0\0\
\0\0\0\0\0\0\0\0\0\0\0\0\0\0\0\0\0\0\0\0\0\0\0\0\0\0\0\0\0\0\0\0\0\0\0\0\0\0\0\
\x01\0\0\0\x03\0\0\0\x20\0\0\0\0\0\0\0\0\0\0\0\0\0\0\0\x40\0\0\0\0\0\0\0\xea\
\x04\0\0\0\0\0\0\0\0\0\0\0\0\0\0\x01\0\0\0\0\0\0\0\0\0\0\0\0\0\0\0\x09\0\0\0\
\x02\0\0\0\0\0\0\0\0\0\0\0\0\0\0\0\0\0\0\0\x30\x05\0\0\0\0\0\0\x38\x04\0\0\0\0\
\0\0\x01\0\0\0\0\0\0\0\x08\0\0\0\0\0\0\0\x18\0\0\0\0\0\0\0\x11\0\0\0\x01\0\0\0\
\x06\0\0\0\0\0\0\0\0\0\0\0\0\0\0\0\x68\x09\0\0\0\0\0\0\xc0\x03\0\0\0\0\0\0\0\0\
\0\0\0\0\0\0\x08\0\0\0\0\0\0\0\0\0\0\0\0\0\0\0\x17\0\0\0\x01\0\0\0\x06\0\0\0\0\
\0\0\0\0\0\0\0\0\0\0\0\x28\x0d\0\0\0\0\0\0\x70\x04\0\0\0\0\0\0\0\0\0\0\0\0\0\0\
\x08\0\0\0\0\0\0\0\0\0\0\0\0\0\0\0\x39\0\0\0\x01\0\0\0\x06\0\0\0\0\0\0\0\0\0\0\
\0\0\0\0\0\x98\x11\0\0\0\0\0\0\x70\0\0\0\0\0\0\0\0\0\0\0\0\0\0\0\x08\0\0\0\0\0\
\0\0\0\0\0\0\0\0\0\0\x4c\0\0\0\x01\0\0\0\x06\0\0\0\0\0\0\0\0\0\0\0\0\0\0\0\x08\
\x12\0\0\0\0\0\0\xa8\x0d\0\0\0\0\0\0\0\0\0\0\0\0\0\0\x08\0\0\0\0\0\0\0\0\0\0\0\
\0\0\0\0\x62\0\0\0\x01\0\0\0\x06\0\0\0\0\0\0\0\0\0\0\0\0\0\0\0\xb0\x1f\0\0\0\0\
\0\0\x40\x0d\0\0\0\0\0\0\0\0\0\0\0\0\0\0\x08\0\0\0\0\0\0\0\0\0\0\0\0\0\0\0\x7a\
\0\0\0\x01\0\0\0\x06\0\0\0\0\0\0\0\0\0\0\0\0\0\0\0\xf0\x2c\0\0\0\0\0\0\xe8\0\0\
\0\0\0\0\0\0\0\0\0\0\0\0\0\x08\0\0\0\0\0\0\0\0\0\0\0\0\0\0\0\x90\0\0\0\x01\0\0\
\0\x06\0\0\0\0\0\0\0\0\0\0\0\0\0\0\0\xd8\x2d\0\0\0\0\0\0\xe8\0\0\0\0\0\0\0\0\0\
\0\0\0\0\0\0\x08\0\0\0\0\0\0\0\0\0\0\0\0\0\0\0\xa6\0\0\0\x01\0\0\0\x06\0\0\0\0\
\0\0\0\0\0\0\0\0\0\0\0\xc0\x2e\0\0\0\0\0\0\x20\0\0\0\0\0\0\0\0\0\0\0\0\0\0\0\
\x08\0\0\0\0\0\0\0\0\0\0\0\0\0\0\0\xc3\0\0\0\x01\0\0\0\x06\0\0\0\0\0\0\0\0\0\0\
\0\0\0\0\0\xe0\x2e\0\0\0\0\0\0\xe8\0\0\0\0\0\0\0\0\0\0\0\0\0\0\0\x08\0\0\0\0\0\
\0\0\0\0\0\0\0\0\0\0\xd9\0\0\0\x01\0\0\0\x06\0\0\0\0\0\0\0\0\0\0\0\0\0\0\0\xc8\
\x2f\0\0\0\0\0\0\xe8\0\0\0\0\0\0\0\0\0\0\0\0\0\0\0\x08\0\0\0\0\0\0\0\0\0\0\0\0\
\0\0\0\xef\0\0\0\x01\0\0\0\x06\0\0\0\0\0\0\0\0\0\0\0\0\0\0\0\xb0\x30\0\0\0\0\0\
\0\x20\0\0\0\0\0\0\0\0\0\0\0\0\0\0\0\x08\0\0\0\0\0\0\0\0\0\0\0\0\0\0\0\x0c\x01\
\0\0\x01\0\0\0\x06\0\0\0\0\0\0\0\0\0\0\0\0\0\0\0\xd0\x30\0\0\0\0\0\0\x10\x02\0\
\0\0\0\0\0\0\0\0\0\0\0\0\0\x08\0\0\0\0\0\0\0\0\0\0\0\0\0\0\0\x27\x01\0\0\x01\0\
\0\0\x06\0\0\0\0\0\0\0\0\0\0\0\0\0\0\0\xe0\x32\0\0\0\0\0\0\xa8\x01\0\0\0\0\0\0\
\0\0\0\0\0\0\0\0\x08\0\0\0\0\0\0\0\0\0\0\0\0\0\0\0\x32\x01\0\0\x01\0\0\0\x03\0\
\0\0\0\0\0\0\0\0\0\0\0\0\0\0\x88\x34\0\0\0\0\0\0\x0d\0\0\0\0\0\0\0\0\0\0\0\0\0\
\0\0\x01\0\0\0\0\0\0\0\0\0\0\0\0\0\0\0\x3a\x01\0\0\x01\0\0\0\x02\0\0\0\0\0\0\0\
\0\0\0\0\0\0\0\0\x98\x34\0\0\0\0\0\0\x96\0\0\0\0\0\0\0\0\0\0\0\0\0\0\0\x04\0\0\
\0\0\0\0\0\0\0\0\0\0\0\0\0\x42\x01\0\0\x01\0\0\0\x03\0\0\0\0\0\0\0\0\0\0\0\0\0\
\0\0\x30\x35\0\0\0\0\0\0\xe0\0\0\0\0\0\0\0\0\0\0\0\0\0\0\0\x08\0\0\0\0\0\0\0\0\
\0\0\0\0\0\0\0\x87\x03\0\0\x09\0\0\0\x40\0\0\0\0\0\0\0\0\0\0\0\0\0\0\0\x10\x36\
\0\0\0\0\0\0\x30\0\0\0\0\0\0\0\x02\0\0\0\x03\0\0\0\x08\0\0\0\0\0\0\0\x10\0\0\0\
\0\0\0\0\x91\x03\0\0\x09\0\0\0\x40\0\0\0\0\0\0\0\0\0\0\0\0\0\0\0\x40\x36\0\0\0\
\0\0\0\x20\0\0\0\0\0\0\0\x02\0\0\0\x04\0\0\0\x08\0\0\0\0\0\0\0\x10\0\0\0\0\0\0\
\0\xb7\x03\0\0\x09\0\0\0\x40\0\0\0\0\0\0\0\0\0\0\0\0\0\0\0\x60\x36\0\0\0\0\0\0\
\x10\0\0\0\0\0\0\0\x02\0\0\0\x05\0\0\0\x08\0\0\0\0\0\0\0\x10\0\0\0\0\0\0\0\xce\
\x03\0\0\x09\0\0\0\x40\0\0\0\0\0\0\0\0\0\0\0\0\0\0\0\x70\x36\0\0\0\0\0\0\x10\
\x01\0\0\0\0\0\0\x02\0\0\0\x06\0\0\0\x08\0\0\0\0\0\0\0\x10\0\0\0\0\0\0\0\xe8\
\x03\0\0\x09\0\0\0\x40\0\0\0\0\0\0\0\0\0\0\0\0\0\0\0\x80\x37\0\0\0\0\0\0\xf0\0\
\0\0\0\0\0\0\x02\0\0\0\x07\0\0\0\x08\0\0\0\0\0\0\0\x10\0\0\0\0\0\0\0\x04\x04\0\
\0\x09\0\0\0\x40\0\0\0\0\0\0\0\0\0\0\0\0\0\0\0\x70\x38\0\0\0\0\0\0\x10\0\0\0\0\
\0\0\0\x02\0\0\0\x08\0\0\0\x08\0\0\0\0\0\0\0\x10\0\0\0\0\0\0\0\x1e\x04\0\0\x09\
\0\0\0\x40\0\0\0\0\0\0\0\0\0\0\0\0\0\0\0\x80\x38\0\0\0\0\0\0\x10\0\0\0\0\0\0\0\
\x02\0\0\0\x09\0\0\0\x08\0\0\0\0\0\0\0\x10\0\0\0\0\0\0\0\x38\x04\0\0\x09\0\0\0\
\x40\0\0\0\0\0\0\0\0\0\0\0\0\0\0\0\x90\x38\0\0\0\0\0\0\x10\0\0\0\0\0\0\0\x02\0\
\0\0\x0a\0\0\0\x08\0\0\0\0\0\0\0\x10\0\0\0\0\0\0\0\x59\x04\0\0\x09\0\0\0\x40\0\
\0\0\0\0\0\0\0\0\0\0\0\0\0\0\xa0\x38\0\0\0\0\0\0\x10\0\0\0\0\0\0\0\x02\0\0\0\
\x0b\0\0\0\x08\0\0\0\0\0\0\0\x10\0\0\0\0\0\0\0\x73\x04\0\0\x09\0\0\0\x40\0\0\0\
\0\0\0\0\0\0\0\0\0\0\0\0\xb0\x38\0\0\0\0\0\0\x10\0\0\0\0\0\0\0\x02\0\0\0\x0c\0\
\0\0\x08\0\0\0\0\0\0\0\x10\0\0\0\0\0\0\0\x8d\x04\0\0\x09\0\0\0\x40\0\0\0\0\0\0\
\0\0\0\0\0\0\0\0\0\xc0\x38\0\0\0\0\0\0\x10\0\0\0\0\0\0\0\x02\0\0\0\x0d\0\0\0\
\x08\0\0\0\0\0\0\0\x10\0\0\0\0\0\0\0\xae\x04\0\0\x09\0\0\0\x40\0\0\0\0\0\0\0\0\
\0\0\0\0\0\0\0\xd0\x38\0\0\0\0\0\0\x80\0\0\0\0\0\0\0\x02\0\0\0\x0e\0\0\0\x08\0\
\0\0\0\0\0\0\x10\0\0\0\0\0\0\0\xcd\x04\0\0\x09\0\0\0\x40\0\0\0\0\0\0\0\0\0\0\0\
\0\0\0\0\x50\x39\0\0\0\0\0\0\x50\0\0\0\0\0\0\0\x02\0\0\0\x0f\0\0\0\x08\0\0\0\0\
\0\0\0\x10\0\0\0\0\0\0\0\xdc\x04\0\0\x01\0\0\0\0\0\0\0\0\0\0\0\0\0\0\0\0\0\0\0\
\xa0\x39\0\0\0\0\0\0\xf9\xd8\0\0\0\0\0\0\0\0\0\0\0\0\0\0\x08\0\0\0\0\0\0\0\0\0\
\0\0\0\0\0\0\xe1\x04\0\0\x01\0\0\0\0\0\0\0\0\0\0\0\0\0\0\0\0\0\0\0\xa0\x12\x01\
\0\0\0\0\0\xdc\x24\0\0\0\0\0\0\0\0\0\0\0\0\0\0\x08\0\0\0\0\0\0\0\0\0\0\0\0\0\0\
\0";

	*sz = sizeof(data) - 1;
	return (const void *)data;
}

#ifdef __cplusplus
struct net_stats_bpf *net_stats_bpf::open(const struct bpf_object_open_opts *opts) { return net_stats_bpf__open_opts(opts); }
struct net_stats_bpf *net_stats_bpf::open_and_load() { return net_stats_bpf__open_and_load(); }
int net_stats_bpf::load(struct net_stats_bpf *skel) { return net_stats_bpf__load(skel); }
int net_stats_bpf::attach(struct net_stats_bpf *skel) { return net_stats_bpf__attach(skel); }
void net_stats_bpf::detach(struct net_stats_bpf *skel) { net_stats_bpf__detach(skel); }
void net_stats_bpf::destroy(struct net_stats_bpf *skel) { net_stats_bpf__destroy(skel); }
const void *net_stats_bpf::elf_bytes(size_t *sz) { return net_stats_bpf__elf_bytes(sz); }
#endif /* __cplusplus */

__attribute__((unused)) static void
net_stats_bpf__assert(struct net_stats_bpf *s __attribute__((unused)))
{
#ifdef __cplusplus
#define _Static_assert static_assert
#endif
	_Static_assert(sizeof(s->rodata->zero) == 4, "unexpected size of 'zero'");
#ifdef __cplusplus
#undef _Static_assert
#endif
}

#endif /* __NET_STATS_BPF_SKEL_H__ */
