/* SPDX-License-Identifier: (LGPL-2.1 OR BSD-2-Clause) */

/* THIS FILE IS AUTOGENERATED BY BPFTOOL! */
#ifndef __SCX_NEST_BPF_SKEL_H__
#define __SCX_NEST_BPF_SKEL_H__

#include <errno.h>
#include <stdlib.h>
#include <bpf/libbpf.h>

#define BPF_SKEL_SUPPORTS_MAP_AUTO_ATTACH 1

struct scx_nest_bpf {
	struct bpf_object_skeleton *skeleton;
	struct bpf_object *obj;
	struct {
		struct bpf_map *cpu_mask_buffer;
		struct bpf_map *task_ctx_stor;
		struct bpf_map *pcpu_ctxs;
		struct bpf_map *stats_timer;
		struct bpf_map *cpu_bad_guys_map;
		struct bpf_map *cpu_filter_ids;
		struct bpf_map *task_usage_map;
		struct bpf_map *cpu_task_usage_map;
		struct bpf_map *comm_ignore_map;
		struct bpf_map *comm_attention_map;
		struct bpf_map *stats;
		struct bpf_map *rodata;
		struct bpf_map *bss;
		struct bpf_map *data_uei_dump;
		struct bpf_map *data;
		struct bpf_map *data_NESTS;
		struct bpf_map *nest_ops;
	} maps;
	struct {
		struct scx_nest_bpf__nest_ops__sched_ext_ops {
			struct bpf_program *select_cpu;
			struct bpf_program *enqueue;
			struct bpf_program *dequeue;
			struct bpf_program *dispatch;
			struct bpf_program *tick;
			struct bpf_program *runnable;
			struct bpf_program *running;
			struct bpf_program *stopping;
			struct bpf_program *quiescent;
			struct bpf_program *yield;
			struct bpf_program *core_sched_before;
			struct bpf_program *set_weight;
			struct bpf_program *set_cpumask;
			struct bpf_program *update_idle;
			struct bpf_program *cpu_acquire;
			struct bpf_program *cpu_release;
			struct bpf_program *init_task;
			struct bpf_program *exit_task;
			struct bpf_program *enable;
			struct bpf_program *disable;
			struct bpf_program *dump;
			struct bpf_program *dump_cpu;
			struct bpf_program *dump_task;
			struct bpf_program *cgroup_init;
			struct bpf_program *cgroup_exit;
			struct bpf_program *cgroup_prep_move;
			struct bpf_program *cgroup_move;
			struct bpf_program *cgroup_cancel_move;
			struct bpf_program *cgroup_set_weight;
			struct bpf_program *cpu_online;
			struct bpf_program *cpu_offline;
			struct bpf_program *init;
			struct bpf_program *exit;
			unsigned int dispatch_max_batch;
			char __padding_34[4];
			unsigned long long flags;
			unsigned int timeout_ms;
			unsigned int exit_dump_len;
			unsigned long long hotplug_seq;
			char __unsupported_38[128];
		} *nest_ops;
	} struct_ops;
	struct {
		struct bpf_program *nest_select_cpu;
		struct bpf_program *nest_enqueue;
		struct bpf_program *nest_dispatch;
		struct bpf_program *nest_running;
		struct bpf_program *nest_stopping;
		struct bpf_program *nest_init_task;
		struct bpf_program *nest_enable;
		struct bpf_program *nest_init;
		struct bpf_program *nest_exit;
		struct bpf_program *handle_cpu_mask_event;
	} progs;
	struct {
		struct bpf_link *nest_select_cpu;
		struct bpf_link *nest_enqueue;
		struct bpf_link *nest_dispatch;
		struct bpf_link *nest_running;
		struct bpf_link *nest_stopping;
		struct bpf_link *nest_init_task;
		struct bpf_link *nest_enable;
		struct bpf_link *nest_init;
		struct bpf_link *nest_exit;
		struct bpf_link *handle_cpu_mask_event;
		struct bpf_link *nest_ops;
	} links;
	struct scx_nest_bpf__rodata {
		u64 p_remove_ns;
		u64 r_max;
		u64 r_impatient;
		u64 slice_ns;
		bool find_fully_idle;
		char __pad0[7];
		u64 sampling_cadence_ns;
		u64 r_depth;
		char bad_guy[10];
		u32 nr_cpus;
		char __pad1[36];
		u32 uei_dump_len;
	} *rodata;
	struct scx_nest_bpf__bss {
		u64 stats_primary_mask;
		u64 stats_reserved_mask;
		u64 stats_other_mask;
		u64 stats_idle_mask;
	} *bss;
	struct scx_nest_bpf__data_uei_dump {
		char uei_dump[1];
	} *data_uei_dump;
	struct scx_nest_bpf__data {
		struct user_exit_info uei;
	} *data;

#ifdef __cplusplus
	static inline struct scx_nest_bpf *open(const struct bpf_object_open_opts *opts = nullptr);
	static inline struct scx_nest_bpf *open_and_load();
	static inline int load(struct scx_nest_bpf *skel);
	static inline int attach(struct scx_nest_bpf *skel);
	static inline void detach(struct scx_nest_bpf *skel);
	static inline void destroy(struct scx_nest_bpf *skel);
	static inline const void *elf_bytes(size_t *sz);
#endif /* __cplusplus */
};

static void
scx_nest_bpf__destroy(struct scx_nest_bpf *obj)
{
	if (!obj)
		return;
	if (obj->skeleton)
		bpf_object__destroy_skeleton(obj->skeleton);
	free(obj);
}

static inline int
scx_nest_bpf__create_skeleton(struct scx_nest_bpf *obj);

static inline struct scx_nest_bpf *
scx_nest_bpf__open_opts(const struct bpf_object_open_opts *opts)
{
	struct scx_nest_bpf *obj;
	int err;

	obj = (struct scx_nest_bpf *)calloc(1, sizeof(*obj));
	if (!obj) {
		errno = ENOMEM;
		return NULL;
	}

	err = scx_nest_bpf__create_skeleton(obj);
	if (err)
		goto err_out;

	err = bpf_object__open_skeleton(obj->skeleton, opts);
	if (err)
		goto err_out;

	obj->struct_ops.nest_ops = (__typeof__(obj->struct_ops.nest_ops))
		bpf_map__initial_value(obj->maps.nest_ops, NULL);

	return obj;
err_out:
	scx_nest_bpf__destroy(obj);
	errno = -err;
	return NULL;
}

static inline struct scx_nest_bpf *
scx_nest_bpf__open(void)
{
	return scx_nest_bpf__open_opts(NULL);
}

static inline int
scx_nest_bpf__load(struct scx_nest_bpf *obj)
{
	return bpf_object__load_skeleton(obj->skeleton);
}

static inline struct scx_nest_bpf *
scx_nest_bpf__open_and_load(void)
{
	struct scx_nest_bpf *obj;
	int err;

	obj = scx_nest_bpf__open();
	if (!obj)
		return NULL;
	err = scx_nest_bpf__load(obj);
	if (err) {
		scx_nest_bpf__destroy(obj);
		errno = -err;
		return NULL;
	}
	return obj;
}

static inline int
scx_nest_bpf__attach(struct scx_nest_bpf *obj)
{
	return bpf_object__attach_skeleton(obj->skeleton);
}

static inline void
scx_nest_bpf__detach(struct scx_nest_bpf *obj)
{
	bpf_object__detach_skeleton(obj->skeleton);
}

static inline const void *scx_nest_bpf__elf_bytes(size_t *sz);

static inline int
scx_nest_bpf__create_skeleton(struct scx_nest_bpf *obj)
{
	struct bpf_object_skeleton *s;
	struct bpf_map_skeleton *map __attribute__((unused));
	int err;

	s = (struct bpf_object_skeleton *)calloc(1, sizeof(*s));
	if (!s)	{
		err = -ENOMEM;
		goto err;
	}

	s->sz = sizeof(*s);
	s->name = "scx_nest_bpf";
	s->obj = &obj->obj;

	/* maps */
	s->map_cnt = 17;
	s->map_skel_sz = 32;
	s->maps = (struct bpf_map_skeleton *)calloc(s->map_cnt,
			sizeof(*s->maps) > 32 ? sizeof(*s->maps) : 32);
	if (!s->maps) {
		err = -ENOMEM;
		goto err;
	}

	map = (struct bpf_map_skeleton *)((char *)s->maps + 0 * s->map_skel_sz);
	map->name = "cpu_mask_buffer";
	map->map = &obj->maps.cpu_mask_buffer;

	map = (struct bpf_map_skeleton *)((char *)s->maps + 1 * s->map_skel_sz);
	map->name = "task_ctx_stor";
	map->map = &obj->maps.task_ctx_stor;

	map = (struct bpf_map_skeleton *)((char *)s->maps + 2 * s->map_skel_sz);
	map->name = "pcpu_ctxs";
	map->map = &obj->maps.pcpu_ctxs;

	map = (struct bpf_map_skeleton *)((char *)s->maps + 3 * s->map_skel_sz);
	map->name = "stats_timer";
	map->map = &obj->maps.stats_timer;

	map = (struct bpf_map_skeleton *)((char *)s->maps + 4 * s->map_skel_sz);
	map->name = "cpu_bad_guys_map";
	map->map = &obj->maps.cpu_bad_guys_map;

	map = (struct bpf_map_skeleton *)((char *)s->maps + 5 * s->map_skel_sz);
	map->name = "cpu_filter_ids";
	map->map = &obj->maps.cpu_filter_ids;

	map = (struct bpf_map_skeleton *)((char *)s->maps + 6 * s->map_skel_sz);
	map->name = "task_usage_map";
	map->map = &obj->maps.task_usage_map;

	map = (struct bpf_map_skeleton *)((char *)s->maps + 7 * s->map_skel_sz);
	map->name = "cpu_task_usage_map";
	map->map = &obj->maps.cpu_task_usage_map;

	map = (struct bpf_map_skeleton *)((char *)s->maps + 8 * s->map_skel_sz);
	map->name = "comm_ignore_map";
	map->map = &obj->maps.comm_ignore_map;

	map = (struct bpf_map_skeleton *)((char *)s->maps + 9 * s->map_skel_sz);
	map->name = "comm_attention_map";
	map->map = &obj->maps.comm_attention_map;

	map = (struct bpf_map_skeleton *)((char *)s->maps + 10 * s->map_skel_sz);
	map->name = "stats";
	map->map = &obj->maps.stats;

	map = (struct bpf_map_skeleton *)((char *)s->maps + 11 * s->map_skel_sz);
	map->name = "scx_nest.rodata";
	map->map = &obj->maps.rodata;
	map->mmaped = (void **)&obj->rodata;

	map = (struct bpf_map_skeleton *)((char *)s->maps + 12 * s->map_skel_sz);
	map->name = "scx_nest.bss";
	map->map = &obj->maps.bss;
	map->mmaped = (void **)&obj->bss;

	map = (struct bpf_map_skeleton *)((char *)s->maps + 13 * s->map_skel_sz);
	map->name = ".data.uei_dump";
	map->map = &obj->maps.data_uei_dump;
	map->mmaped = (void **)&obj->data_uei_dump;

	map = (struct bpf_map_skeleton *)((char *)s->maps + 14 * s->map_skel_sz);
	map->name = "scx_nest.data";
	map->map = &obj->maps.data;
	map->mmaped = (void **)&obj->data;

	map = (struct bpf_map_skeleton *)((char *)s->maps + 15 * s->map_skel_sz);
	map->name = ".data.NESTS";
	map->map = &obj->maps.data_NESTS;

	map = (struct bpf_map_skeleton *)((char *)s->maps + 16 * s->map_skel_sz);
	map->name = "nest_ops";
	map->map = &obj->maps.nest_ops;
	map->link = &obj->links.nest_ops;

	/* programs */
	s->prog_cnt = 10;
	s->prog_skel_sz = sizeof(*s->progs);
	s->progs = (struct bpf_prog_skeleton *)calloc(s->prog_cnt, s->prog_skel_sz);
	if (!s->progs) {
		err = -ENOMEM;
		goto err;
	}

	s->progs[0].name = "nest_select_cpu";
	s->progs[0].prog = &obj->progs.nest_select_cpu;
	s->progs[0].link = &obj->links.nest_select_cpu;

	s->progs[1].name = "nest_enqueue";
	s->progs[1].prog = &obj->progs.nest_enqueue;
	s->progs[1].link = &obj->links.nest_enqueue;

	s->progs[2].name = "nest_dispatch";
	s->progs[2].prog = &obj->progs.nest_dispatch;
	s->progs[2].link = &obj->links.nest_dispatch;

	s->progs[3].name = "nest_running";
	s->progs[3].prog = &obj->progs.nest_running;
	s->progs[3].link = &obj->links.nest_running;

	s->progs[4].name = "nest_stopping";
	s->progs[4].prog = &obj->progs.nest_stopping;
	s->progs[4].link = &obj->links.nest_stopping;

	s->progs[5].name = "nest_init_task";
	s->progs[5].prog = &obj->progs.nest_init_task;
	s->progs[5].link = &obj->links.nest_init_task;

	s->progs[6].name = "nest_enable";
	s->progs[6].prog = &obj->progs.nest_enable;
	s->progs[6].link = &obj->links.nest_enable;

	s->progs[7].name = "nest_init";
	s->progs[7].prog = &obj->progs.nest_init;
	s->progs[7].link = &obj->links.nest_init;

	s->progs[8].name = "nest_exit";
	s->progs[8].prog = &obj->progs.nest_exit;
	s->progs[8].link = &obj->links.nest_exit;

	s->progs[9].name = "handle_cpu_mask_event";
	s->progs[9].prog = &obj->progs.handle_cpu_mask_event;
	s->progs[9].link = &obj->links.handle_cpu_mask_event;

	s->data = scx_nest_bpf__elf_bytes(&s->data_sz);

	obj->skeleton = s;
	return 0;
err:
	bpf_object__destroy_skeleton(s);
	return err;
}

static inline const void *scx_nest_bpf__elf_bytes(size_t *sz)
{
	static const char data[] __attribute__((__aligned__(8))) = "\
\x7f\x45\x4c\x46\x02\x01\x01\0\0\0\0\0\0\0\0\0\x01\0\xf7\0\x01\0\0\0\0\0\0\0\0\
\0\0\0\0\0\0\0\0\0\0\0\x90\x31\x01\0\0\0\0\0\0\0\0\0\x40\0\0\0\0\0\x40\0\x24\0\
\x01\0\0\x2e\x73\x74\x72\x74\x61\x62\0\x2e\x73\x79\x6d\x74\x61\x62\0\x2e\x74\
\x65\x78\x74\0\x73\x74\x72\x75\x63\x74\x5f\x6f\x70\x73\x2f\x6e\x65\x73\x74\x5f\
\x73\x65\x6c\x65\x63\x74\x5f\x63\x70\x75\0\x73\x74\x72\x75\x63\x74\x5f\x6f\x70\
\x73\x2f\x6e\x65\x73\x74\x5f\x65\x6e\x71\x75\x65\x75\x65\0\x73\x74\x72\x75\x63\
\x74\x5f\x6f\x70\x73\x2f\x6e\x65\x73\x74\x5f\x64\x69\x73\x70\x61\x74\x63\x68\0\
\x73\x74\x72\x75\x63\x74\x5f\x6f\x70\x73\x2f\x6e\x65\x73\x74\x5f\x72\x75\x6e\
\x6e\x69\x6e\x67\0\x73\x74\x72\x75\x63\x74\x5f\x6f\x70\x73\x2f\x6e\x65\x73\x74\
\x5f\x73\x74\x6f\x70\x70\x69\x6e\x67\0\x73\x74\x72\x75\x63\x74\x5f\x6f\x70\x73\
\x2f\x6e\x65\x73\x74\x5f\x69\x6e\x69\x74\x5f\x74\x61\x73\x6b\0\x73\x74\x72\x75\
\x63\x74\x5f\x6f\x70\x73\x2f\x6e\x65\x73\x74\x5f\x65\x6e\x61\x62\x6c\x65\0\x73\
\x74\x72\x75\x63\x74\x5f\x6f\x70\x73\x2e\x73\x2f\x6e\x65\x73\x74\x5f\x69\x6e\
\x69\x74\0\x73\x74\x72\x75\x63\x74\x5f\x6f\x70\x73\x2f\x6e\x65\x73\x74\x5f\x65\
\x78\x69\x74\0\x70\x65\x72\x66\x5f\x65\x76\x65\x6e\x74\0\x6c\x69\x63\x65\x6e\
\x73\x65\0\x2e\x72\x6f\x64\x61\x74\x61\0\x2e\x6d\x61\x70\x73\0\x2e\x62\x73\x73\
\0\x2e\x73\x74\x72\x75\x63\x74\x5f\x6f\x70\x73\x2e\x6c\x69\x6e\x6b\0\x2e\x64\
\x61\x74\x61\x2e\x75\x65\x69\x5f\x64\x75\x6d\x70\0\x2e\x64\x61\x74\x61\0\x2e\
\x64\x61\x74\x61\x2e\x4e\x45\x53\x54\x53\0\x73\x63\x78\x5f\x6e\x65\x73\x74\x2e\
\x62\x70\x66\x2e\x63\0\x5f\x5f\x5f\x5f\x6e\x65\x73\x74\x5f\x73\x65\x6c\x65\x63\
\x74\x5f\x63\x70\x75\x2e\x5f\x5f\x5f\x66\x6d\x74\0\x63\x6f\x6d\x70\x61\x63\x74\
\x5f\x70\x72\x69\x6d\x61\x72\x79\x5f\x63\x6f\x72\x65\0\x5f\x5f\x5f\x5f\x6e\x65\
\x73\x74\x5f\x73\x65\x6c\x65\x63\x74\x5f\x63\x70\x75\x2e\x5f\x5f\x5f\x66\x6d\
\x74\x2e\x31\0\x5f\x5f\x5f\x5f\x6e\x65\x73\x74\x5f\x73\x65\x6c\x65\x63\x74\x5f\
\x63\x70\x75\x2e\x5f\x5f\x5f\x66\x6d\x74\x2e\x33\0\x6e\x72\x5f\x72\x65\x73\x65\
\x72\x76\x65\x64\0\x6f\x70\x65\x72\x61\x74\x65\x5f\x62\x61\x64\x5f\x67\x75\x79\
\x73\0\x5f\x5f\x5f\x5f\x6e\x65\x73\x74\x5f\x65\x6e\x71\x75\x65\x75\x65\x2e\x5f\
\x5f\x5f\x66\x6d\x74\0\x76\x74\x69\x6d\x65\x5f\x6e\x6f\x77\0\x5f\x5f\x5f\x5f\
\x6e\x65\x73\x74\x5f\x64\x69\x73\x70\x61\x74\x63\x68\x2e\x5f\x5f\x5f\x66\x6d\
\x74\0\x5f\x5f\x5f\x5f\x6e\x65\x73\x74\x5f\x64\x69\x73\x70\x61\x74\x63\x68\x2e\
\x5f\x5f\x5f\x66\x6d\x74\x2e\x31\x30\0\x5f\x5f\x5f\x5f\x6e\x65\x73\x74\x5f\x69\
\x6e\x69\x74\x2e\x5f\x5f\x5f\x66\x6d\x74\0\x5f\x5f\x5f\x5f\x6e\x65\x73\x74\x5f\
\x69\x6e\x69\x74\x2e\x5f\x5f\x5f\x66\x6d\x74\x2e\x31\x32\0\x5f\x5f\x5f\x5f\x6e\
\x65\x73\x74\x5f\x69\x6e\x69\x74\x2e\x5f\x5f\x5f\x66\x6d\x74\x2e\x31\x34\0\x5f\
\x5f\x5f\x5f\x6e\x65\x73\x74\x5f\x69\x6e\x69\x74\x2e\x5f\x5f\x5f\x66\x6d\x74\
\x2e\x31\x36\0\x5f\x5f\x5f\x5f\x6e\x65\x73\x74\x5f\x69\x6e\x69\x74\x2e\x5f\x5f\
\x5f\x66\x6d\x74\x2e\x31\x38\0\x73\x74\x61\x74\x73\x5f\x74\x69\x6d\x65\x72\x66\
\x6e\0\x5f\x5f\x5f\x5f\x6e\x65\x73\x74\x5f\x69\x6e\x69\x74\x2e\x5f\x5f\x5f\x66\
\x6d\x74\x2e\x32\x30\0\x68\x61\x6e\x64\x6c\x65\x5f\x63\x70\x75\x5f\x6d\x61\x73\
\x6b\x5f\x65\x76\x65\x6e\x74\x2e\x5f\x5f\x5f\x5f\x66\x6d\x74\0\x63\x6f\x6d\x70\
\x61\x63\x74\x5f\x70\x72\x69\x6d\x61\x72\x79\x5f\x63\x6f\x72\x65\x2e\x5f\x5f\
\x5f\x66\x6d\x74\0\x63\x6f\x6d\x70\x61\x63\x74\x5f\x70\x72\x69\x6d\x61\x72\x79\
\x5f\x63\x6f\x72\x65\x2e\x5f\x5f\x5f\x66\x6d\x74\x2e\x36\0\x73\x74\x61\x74\x73\
\x5f\x74\x69\x6d\x65\x72\x66\x6e\x2e\x5f\x5f\x5f\x66\x6d\x74\0\x73\x74\x61\x74\
\x73\x5f\x74\x69\x6d\x65\x72\x66\x6e\x2e\x5f\x5f\x5f\x66\x6d\x74\x2e\x32\x33\0\
\x63\x61\x73\x74\x5f\x6d\x61\x73\x6b\0\x6e\x65\x73\x74\x5f\x73\x65\x6c\x65\x63\
\x74\x5f\x63\x70\x75\0\x74\x61\x73\x6b\x5f\x63\x74\x78\x5f\x73\x74\x6f\x72\0\
\x62\x70\x66\x5f\x72\x63\x75\x5f\x72\x65\x61\x64\x5f\x6c\x6f\x63\x6b\0\x70\x72\
\x69\x6d\x61\x72\x79\x5f\x63\x70\x75\x6d\x61\x73\x6b\0\x72\x65\x73\x65\x72\x76\
\x65\x5f\x63\x70\x75\x6d\x61\x73\x6b\0\x62\x70\x66\x5f\x72\x63\x75\x5f\x72\x65\
\x61\x64\x5f\x75\x6e\x6c\x6f\x63\x6b\0\x62\x70\x66\x5f\x63\x70\x75\x6d\x61\x73\
\x6b\x5f\x61\x6e\x64\0\x62\x70\x66\x5f\x63\x70\x75\x6d\x61\x73\x6b\x5f\x74\x65\
\x73\x74\x5f\x63\x70\x75\0\x73\x63\x78\x5f\x62\x70\x66\x5f\x74\x65\x73\x74\x5f\
\x61\x6e\x64\x5f\x63\x6c\x65\x61\x72\x5f\x63\x70\x75\x5f\x69\x64\x6c\x65\0\x73\
\x74\x61\x74\x73\0\x70\x63\x70\x75\x5f\x63\x74\x78\x73\0\x73\x63\x78\x5f\x62\
\x70\x66\x5f\x65\x72\x72\x6f\x72\x5f\x62\x73\x74\x72\0\x66\x69\x6e\x64\x5f\x66\
\x75\x6c\x6c\x79\x5f\x69\x64\x6c\x65\0\x73\x63\x78\x5f\x62\x70\x66\x5f\x70\x69\
\x63\x6b\x5f\x69\x64\x6c\x65\x5f\x63\x70\x75\0\x62\x70\x66\x5f\x63\x70\x75\x6d\
\x61\x73\x6b\x5f\x73\x65\x74\x5f\x63\x70\x75\0\x62\x70\x66\x5f\x63\x70\x75\x6d\
\x61\x73\x6b\x5f\x63\x6c\x65\x61\x72\x5f\x63\x70\x75\0\x73\x6c\x69\x63\x65\x5f\
\x6e\x73\0\x73\x63\x78\x5f\x62\x70\x66\x5f\x64\x69\x73\x70\x61\x74\x63\x68\0\
\x72\x5f\x69\x6d\x70\x61\x74\x69\x65\x6e\x74\0\x72\x5f\x6d\x61\x78\0\x6e\x65\
\x73\x74\x5f\x65\x6e\x71\x75\x65\x75\x65\0\x73\x63\x78\x5f\x62\x70\x66\x5f\x64\
\x69\x73\x70\x61\x74\x63\x68\x5f\x76\x74\x69\x6d\x65\0\x6e\x65\x73\x74\x5f\x64\
\x69\x73\x70\x61\x74\x63\x68\0\x73\x63\x78\x5f\x62\x70\x66\x5f\x63\x6f\x6e\x73\
\x75\x6d\x65\0\x62\x70\x66\x5f\x63\x70\x75\x6d\x61\x73\x6b\x5f\x66\x69\x72\x73\
\x74\0\x70\x5f\x72\x65\x6d\x6f\x76\x65\x5f\x6e\x73\0\x6e\x65\x73\x74\x5f\x72\
\x75\x6e\x6e\x69\x6e\x67\0\x6e\x65\x73\x74\x5f\x73\x74\x6f\x70\x70\x69\x6e\x67\
\0\x6e\x65\x73\x74\x5f\x69\x6e\x69\x74\x5f\x74\x61\x73\x6b\0\x62\x70\x66\x5f\
\x63\x70\x75\x6d\x61\x73\x6b\x5f\x63\x72\x65\x61\x74\x65\0\x62\x70\x66\x5f\x63\
\x70\x75\x6d\x61\x73\x6b\x5f\x72\x65\x6c\x65\x61\x73\x65\0\x6e\x65\x73\x74\x5f\
\x65\x6e\x61\x62\x6c\x65\0\x6e\x65\x73\x74\x5f\x69\x6e\x69\x74\0\x73\x63\x78\
\x5f\x62\x70\x66\x5f\x63\x72\x65\x61\x74\x65\x5f\x64\x73\x71\0\x62\x70\x66\x5f\
\x63\x70\x75\x6d\x61\x73\x6b\x5f\x63\x6c\x65\x61\x72\0\x6e\x72\x5f\x63\x70\x75\
\x73\0\x62\x70\x66\x5f\x69\x74\x65\x72\x5f\x6e\x75\x6d\x5f\x6e\x65\x77\0\x62\
\x70\x66\x5f\x69\x74\x65\x72\x5f\x6e\x75\x6d\x5f\x6e\x65\x78\x74\0\x62\x70\x66\
\x5f\x69\x74\x65\x72\x5f\x6e\x75\x6d\x5f\x64\x65\x73\x74\x72\x6f\x79\0\x73\x74\
\x61\x74\x73\x5f\x74\x69\x6d\x65\x72\0\x73\x61\x6d\x70\x6c\x69\x6e\x67\x5f\x63\
\x61\x64\x65\x6e\x63\x65\x5f\x6e\x73\0\x6e\x65\x73\x74\x5f\x65\x78\x69\x74\0\
\x75\x65\x69\0\x75\x65\x69\x5f\x64\x75\x6d\x70\x5f\x6c\x65\x6e\0\x75\x65\x69\
\x5f\x64\x75\x6d\x70\0\x68\x61\x6e\x64\x6c\x65\x5f\x63\x70\x75\x5f\x6d\x61\x73\
\x6b\x5f\x65\x76\x65\x6e\x74\0\x63\x70\x75\x5f\x6d\x61\x73\x6b\x5f\x62\x75\x66\
\x66\x65\x72\0\x73\x74\x61\x74\x73\x5f\x70\x72\x69\x6d\x61\x72\x79\x5f\x6d\x61\
\x73\x6b\0\x73\x74\x61\x74\x73\x5f\x72\x65\x73\x65\x72\x76\x65\x64\x5f\x6d\x61\
\x73\x6b\0\x73\x74\x61\x74\x73\x5f\x6f\x74\x68\x65\x72\x5f\x6d\x61\x73\x6b\0\
\x73\x74\x61\x74\x73\x5f\x69\x64\x6c\x65\x5f\x6d\x61\x73\x6b\0\x63\x6f\x6d\x6d\
\x5f\x69\x67\x6e\x6f\x72\x65\x5f\x6d\x61\x70\0\x63\x6f\x6d\x6d\x5f\x61\x74\x74\
\x65\x6e\x74\x69\x6f\x6e\x5f\x6d\x61\x70\0\x63\x70\x75\x5f\x66\x69\x6c\x74\x65\
\x72\x5f\x69\x64\x73\0\x73\x63\x78\x5f\x62\x70\x66\x5f\x67\x65\x74\x5f\x69\x64\
\x6c\x65\x5f\x63\x70\x75\x6d\x61\x73\x6b\0\x73\x63\x78\x5f\x62\x70\x66\x5f\x70\
\x75\x74\x5f\x69\x64\x6c\x65\x5f\x63\x70\x75\x6d\x61\x73\x6b\0\x5f\x6c\x69\x63\
\x65\x6e\x73\x65\0\x72\x5f\x64\x65\x70\x74\x68\0\x62\x61\x64\x5f\x67\x75\x79\0\
\x6e\x65\x73\x74\x5f\x6f\x70\x73\0\x63\x70\x75\x5f\x62\x61\x64\x5f\x67\x75\x79\
\x73\x5f\x6d\x61\x70\0\x74\x61\x73\x6b\x5f\x75\x73\x61\x67\x65\x5f\x6d\x61\x70\
\0\x63\x70\x75\x5f\x74\x61\x73\x6b\x5f\x75\x73\x61\x67\x65\x5f\x6d\x61\x70\0\
\x2e\x72\x65\x6c\x2e\x74\x65\x78\x74\0\x2e\x72\x65\x6c\x73\x74\x72\x75\x63\x74\
\x5f\x6f\x70\x73\x2f\x6e\x65\x73\x74\x5f\x73\x65\x6c\x65\x63\x74\x5f\x63\x70\
\x75\0\x2e\x72\x65\x6c\x73\x74\x72\x75\x63\x74\x5f\x6f\x70\x73\x2f\x6e\x65\x73\
\x74\x5f\x65\x6e\x71\x75\x65\x75\x65\0\x2e\x72\x65\x6c\x73\x74\x72\x75\x63\x74\
\x5f\x6f\x70\x73\x2f\x6e\x65\x73\x74\x5f\x64\x69\x73\x70\x61\x74\x63\x68\0\x2e\
\x72\x65\x6c\x73\x74\x72\x75\x63\x74\x5f\x6f\x70\x73\x2f\x6e\x65\x73\x74\x5f\
\x72\x75\x6e\x6e\x69\x6e\x67\0\x2e\x72\x65\x6c\x73\x74\x72\x75\x63\x74\x5f\x6f\
\x70\x73\x2f\x6e\x65\x73\x74\x5f\x73\x74\x6f\x70\x70\x69\x6e\x67\0\x2e\x72\x65\
\x6c\x73\x74\x72\x75\x63\x74\x5f\x6f\x70\x73\x2f\x6e\x65\x73\x74\x5f\x69\x6e\
\x69\x74\x5f\x74\x61\x73\x6b\0\x2e\x72\x65\x6c\x73\x74\x72\x75\x63\x74\x5f\x6f\
\x70\x73\x2f\x6e\x65\x73\x74\x5f\x65\x6e\x61\x62\x6c\x65\0\x2e\x72\x65\x6c\x73\
\x74\x72\x75\x63\x74\x5f\x6f\x70\x73\x2e\x73\x2f\x6e\x65\x73\x74\x5f\x69\x6e\
\x69\x74\0\x2e\x72\x65\x6c\x73\x74\x72\x75\x63\x74\x5f\x6f\x70\x73\x2f\x6e\x65\
\x73\x74\x5f\x65\x78\x69\x74\0\x2e\x72\x65\x6c\x70\x65\x72\x66\x5f\x65\x76\x65\
\x6e\x74\0\x2e\x72\x65\x6c\x2e\x73\x74\x72\x75\x63\x74\x5f\x6f\x70\x73\x2e\x6c\
\x69\x6e\x6b\0\x2e\x42\x54\x46\0\x2e\x42\x54\x46\x2e\x65\x78\x74\0\0\0\0\0\0\0\
\0\0\0\0\0\0\0\0\0\0\0\0\0\0\0\0\0\0\0\0\0\0\0\0\0\x49\x01\0\0\x04\0\xf1\xff\0\
\0\0\0\0\0\0\0\0\0\0\0\0\0\0\0\0\0\0\0\x03\0\x03\0\0\0\0\0\0\0\0\0\0\0\0\0\0\0\
\0\0\0\0\0\0\x03\0\x04\0\0\0\0\0\0\0\0\0\0\0\0\0\0\0\0\0\x58\x01\0\0\x01\0\x14\
\0\x90\x04\0\0\0\0\0\0\x1c\0\0\0\0\0\0\0\x73\x01\0\0\x02\0\x03\0\x10\0\0\0\0\0\
\0\0\xd8\x02\0\0\0\0\0\0\x88\x01\0\0\x01\0\x14\0\xac\x04\0\0\0\0\0\0\x1c\0\0\0\
\0\0\0\0\xa5\x01\0\0\x01\0\x14\0\xc8\x04\0\0\0\0\0\0\x1a\0\0\0\0\0\0\0\xc2\x01\
\0\0\x01\0\x11\0\x20\0\0\0\0\0\0\0\x04\0\0\0\0\0\0\0\xce\x01\0\0\x02\0\x03\0\
\xe8\x02\0\0\0\0\0\0\x88\x02\0\0\0\0\0\0\0\0\0\0\x03\0\x05\0\0\0\0\0\0\0\0\0\0\
\0\0\0\0\0\0\0\xdf\x01\0\0\x01\0\x14\0\x1c\x05\0\0\0\0\0\0\x18\0\0\0\0\0\0\0\
\xf7\x01\0\0\x01\0\x11\0\x28\0\0\0\0\0\0\0\x08\0\0\0\0\0\0\0\0\0\0\0\x03\0\x06\
\0\0\0\0\0\0\0\0\0\0\0\0\0\0\0\0\0\x01\x02\0\0\x01\0\x14\0\x34\x05\0\0\0\0\0\0\
\x1e\0\0\0\0\0\0\0\x1a\x02\0\0\x01\0\x14\0\x52\x05\0\0\0\0\0\0\x1a\0\0\0\0\0\0\
\0\0\0\0\0\x03\0\x07\0\0\0\0\0\0\0\0\0\0\0\0\0\0\0\0\0\0\0\0\0\x03\0\x08\0\0\0\
\0\0\0\0\0\0\0\0\0\0\0\0\0\0\0\0\0\0\x03\0\x09\0\0\0\0\0\0\0\0\0\0\0\0\0\0\0\0\
\0\0\0\0\0\x03\0\x0a\0\0\0\0\0\0\0\0\0\0\0\0\0\0\0\0\0\0\0\0\0\x03\0\x0b\0\0\0\
\0\0\0\0\0\0\0\0\0\0\0\0\0\0\x36\x02\0\0\x01\0\x14\0\x6c\x05\0\0\0\0\0\0\x1e\0\
\0\0\0\0\0\0\x4b\x02\0\0\x01\0\x14\0\x8a\x05\0\0\0\0\0\0\x1a\0\0\0\0\0\0\0\x63\
\x02\0\0\x01\0\x14\0\xa4\x05\0\0\0\0\0\0\x20\0\0\0\0\0\0\0\x7b\x02\0\0\x01\0\
\x14\0\xc4\x05\0\0\0\0\0\0\x22\0\0\0\0\0\0\0\x93\x02\0\0\x01\0\x14\0\xe6\x05\0\
\0\0\0\0\0\x1f\0\0\0\0\0\0\0\xab\x02\0\0\x02\0\x03\0\x70\x05\0\0\0\0\0\0\x80\
\x03\0\0\0\0\0\0\xb9\x02\0\0\x01\0\x14\0\x05\x06\0\0\0\0\0\0\x1a\0\0\0\0\0\0\0\
\0\0\0\0\x03\0\x0c\0\0\0\0\0\0\0\0\0\0\0\0\0\0\0\0\0\0\0\0\0\x03\0\x0d\0\0\0\0\
\0\0\0\0\0\0\0\0\0\0\0\0\0\xd1\x02\0\0\x01\0\x0f\0\x48\0\0\0\0\0\0\0\x21\0\0\0\
\0\0\0\0\xef\x02\0\0\x01\0\x14\0\xe2\x04\0\0\0\0\0\0\x19\0\0\0\0\0\0\0\x0b\x03\
\0\0\x01\0\x14\0\xfb\x04\0\0\0\0\0\0\x21\0\0\0\0\0\0\0\x29\x03\0\0\x01\0\x14\0\
\x1f\x06\0\0\0\0\0\0\x24\0\0\0\0\0\0\0\x3e\x03\0\0\x01\0\x14\0\x43\x06\0\0\0\0\
\0\0\x1a\0\0\0\0\0\0\0\0\0\0\0\x03\0\x0f\0\0\0\0\0\0\0\0\0\0\0\0\0\0\0\0\0\0\0\
\0\0\x03\0\x11\0\0\0\0\0\0\0\0\0\0\0\0\0\0\0\0\0\0\0\0\0\x03\0\x14\0\0\0\0\0\0\
\0\0\0\0\0\0\0\0\0\0\0\x56\x03\0\0\x12\0\x03\0\0\0\0\0\0\0\0\0\x10\0\0\0\0\0\0\
\0\x60\x03\0\0\x12\0\x04\0\0\0\0\0\0\0\0\0\x60\x0b\0\0\0\0\0\0\x70\x03\0\0\x11\
\0\x10\0\x10\0\0\0\0\0\0\0\x20\0\0\0\0\0\0\0\x7e\x03\0\0\x20\0\0\0\0\0\0\0\0\0\
\0\0\0\0\0\0\0\0\0\0\x90\x03\0\0\x11\x02\x15\0\0\0\0\0\0\0\0\0\x08\0\0\0\0\0\0\
\0\xa0\x03\0\0\x11\x02\x15\0\x08\0\0\0\0\0\0\0\x08\0\0\0\0\0\0\0\xb0\x03\0\0\
\x20\0\0\0\0\0\0\0\0\0\0\0\0\0\0\0\0\0\0\0\xc4\x03\0\0\x20\0\0\0\0\0\0\0\0\0\0\
\0\0\0\0\0\0\0\0\0\xd4\x03\0\0\x20\0\0\0\0\0\0\0\0\0\0\0\0\0\0\0\0\0\0\0\xe9\
\x03\0\0\x20\0\0\0\0\0\0\0\0\0\0\0\0\0\0\0\0\0\0\0\x09\x04\0\0\x11\0\x10\0\x20\
\x01\0\0\0\0\0\0\x20\0\0\0\0\0\0\0\x0f\x04\0\0\x11\0\x10\0\x30\0\0\0\0\0\0\0\
\x20\0\0\0\0\0\0\0\x19\x04\0\0\x20\0\0\0\0\0\0\0\0\0\0\0\0\0\0\0\0\0\0\0\x2c\
\x04\0\0\x11\0\x0f\0\x20\0\0\0\0\0\0\0\x01\0\0\0\0\0\0\0\x3c\x04\0\0\x20\0\0\0\
\0\0\0\0\0\0\0\0\0\0\0\0\0\0\0\0\x52\x04\0\0\x20\0\0\0\0\0\0\0\0\0\0\0\0\0\0\0\
\0\0\0\0\x66\x04\0\0\x20\0\0\0\0\0\0\0\0\0\0\0\0\0\0\0\0\0\0\0\x7c\x04\0\0\x11\
\0\x0f\0\x18\0\0\0\0\0\0\0\x08\0\0\0\0\0\0\0\x85\x04\0\0\x20\0\0\0\0\0\0\0\0\0\
\0\0\0\0\0\0\0\0\0\0\x96\x04\0\0\x11\0\x0f\0\x10\0\0\0\0\0\0\0\x08\0\0\0\0\0\0\
\0\xa2\x04\0\0\x11\0\x0f\0\x08\0\0\0\0\0\0\0\x08\0\0\0\0\0\0\0\xa8\x04\0\0\x12\
\0\x05\0\0\0\0\0\0\0\0\0\x68\x01\0\0\0\0\0\0\xb5\x04\0\0\x20\0\0\0\0\0\0\0\0\0\
\0\0\0\0\0\0\0\0\0\0\xcc\x04\0\0\x12\0\x06\0\0\0\0\0\0\0\0\0\xd0\x04\0\0\0\0\0\
\0\xda\x04\0\0\x20\0\0\0\0\0\0\0\0\0\0\0\0\0\0\0\0\0\0\0\xea\x04\0\0\x20\0\0\0\
\0\0\0\0\0\0\0\0\0\0\0\0\0\0\0\0\xfc\x04\0\0\x11\0\x0f\0\0\0\0\0\0\0\0\0\x08\0\
\0\0\0\0\0\0\x08\x05\0\0\x12\0\x07\0\0\0\0\0\0\0\0\0\x50\0\0\0\0\0\0\0\x15\x05\
\0\0\x12\0\x08\0\0\0\0\0\0\0\0\0\x68\0\0\0\0\0\0\0\x23\x05\0\0\x12\0\x09\0\0\0\
\0\0\0\0\0\0\xb8\0\0\0\0\0\0\0\x32\x05\0\0\x20\0\0\0\0\0\0\0\0\0\0\0\0\0\0\0\0\
\0\0\0\x45\x05\0\0\x20\0\0\0\0\0\0\0\0\0\0\0\0\0\0\0\0\0\0\0\x59\x05\0\0\x12\0\
\x0a\0\0\0\0\0\0\0\0\0\x30\0\0\0\0\0\0\0\x65\x05\0\0\x12\0\x0b\0\0\0\0\0\0\0\0\
\0\x18\x05\0\0\0\0\0\0\x6f\x05\0\0\x20\0\0\0\0\0\0\0\0\0\0\0\0\0\0\0\0\0\0\0\
\x82\x05\0\0\x20\0\0\0\0\0\0\0\0\0\0\0\0\0\0\0\0\0\0\0\x94\x05\0\0\x11\0\x0f\0\
\x44\0\0\0\0\0\0\0\x04\0\0\0\0\0\0\0\x9c\x05\0\0\x20\0\0\0\0\0\0\0\0\0\0\0\0\0\
\0\0\0\0\0\0\xad\x05\0\0\x20\0\0\0\0\0\0\0\0\0\0\0\0\0\0\0\0\0\0\0\xbf\x05\0\0\
\x20\0\0\0\0\0\0\0\0\0\0\0\0\0\0\0\0\0\0\0\xd4\x05\0\0\x11\0\x10\0\x50\0\0\0\0\
\0\0\0\x20\0\0\0\0\0\0\0\xe0\x05\0\0\x11\0\x0f\0\x28\0\0\0\0\0\0\0\x08\0\0\0\0\
\0\0\0\xf4\x05\0\0\x12\0\x0c\0\0\0\0\0\0\0\0\0\xf0\0\0\0\0\0\0\0\xfe\x05\0\0\
\x11\0\x14\0\0\0\0\0\0\0\0\0\x90\x04\0\0\0\0\0\0\x02\x06\0\0\x11\0\x0f\0\x6c\0\
\0\0\0\0\0\0\x04\0\0\0\0\0\0\0\x0f\x06\0\0\x11\0\x13\0\0\0\0\0\0\0\0\0\x01\0\0\
\0\0\0\0\0\x18\x06\0\0\x12\0\x0d\0\0\0\0\0\0\0\0\0\0\x01\0\0\0\0\0\0\x2e\x06\0\
\0\x11\0\x10\0\0\0\0\0\0\0\0\0\x10\0\0\0\0\0\0\0\x3e\x06\0\0\x11\0\x11\0\0\0\0\
\0\0\0\0\0\x08\0\0\0\0\0\0\0\x51\x06\0\0\x11\0\x11\0\x08\0\0\0\0\0\0\0\x08\0\0\
\0\0\0\0\0\x65\x06\0\0\x11\0\x11\0\x10\0\0\0\0\0\0\0\x08\0\0\0\0\0\0\0\x76\x06\
\0\0\x11\0\x11\0\x18\0\0\0\0\0\0\0\x08\0\0\0\0\0\0\0\x86\x06\0\0\x11\0\x10\0\
\xe0\0\0\0\0\0\0\0\x20\0\0\0\0\0\0\0\x96\x06\0\0\x11\0\x10\0\0\x01\0\0\0\0\0\0\
\x20\0\0\0\0\0\0\0\xa9\x06\0\0\x11\0\x10\0\x90\0\0\0\0\0\0\0\x18\0\0\0\0\0\0\0\
\xb8\x06\0\0\x20\0\0\0\0\0\0\0\0\0\0\0\0\0\0\0\0\0\0\0\xd1\x06\0\0\x20\0\0\0\0\
\0\0\0\0\0\0\0\0\0\0\0\0\0\0\0\xea\x06\0\0\x11\0\x0e\0\0\0\0\0\0\0\0\0\x0d\0\0\
\0\0\0\0\0\xf3\x06\0\0\x11\0\x0f\0\x30\0\0\0\0\0\0\0\x08\0\0\0\0\0\0\0\xfb\x06\
\0\0\x11\0\x0f\0\x38\0\0\0\0\0\0\0\x0a\0\0\0\0\0\0\0\x03\x07\0\0\x11\0\x12\0\0\
\0\0\0\0\0\0\0\xa8\x01\0\0\0\0\0\0\x0c\x07\0\0\x11\0\x10\0\x70\0\0\0\0\0\0\0\
\x20\0\0\0\0\0\0\0\x1d\x07\0\0\x11\0\x10\0\xa8\0\0\0\0\0\0\0\x20\0\0\0\0\0\0\0\
\x2c\x07\0\0\x11\0\x10\0\xc8\0\0\0\0\0\0\0\x18\0\0\0\0\0\0\0\xbf\x10\0\0\0\0\0\
\0\x95\0\0\0\0\0\0\0\x85\0\0\0\x08\0\0\0\x63\x0a\xfc\xff\0\0\0\0\xb4\x01\0\0\
\x0f\0\0\0\x63\x1a\xf0\xff\0\0\0\0\xbf\xa2\0\0\0\0\0\0\x07\x02\0\0\xf0\xff\xff\
\xff\x18\x01\0\0\0\0\0\0\0\0\0\0\0\0\0\0\x85\0\0\0\x01\0\0\0\x15\0\x03\0\0\0\0\
\0\x79\x01\0\0\0\0\0\0\x07\x01\0\0\x01\0\0\0\x7b\x10\0\0\0\0\0\0\xbf\xa2\0\0\0\
\0\0\0\x07\x02\0\0\xfc\xff\xff\xff\x18\x01\0\0\0\0\0\0\0\0\0\0\0\0\0\0\x85\0\0\
\0\x01\0\0\0\xbf\x06\0\0\0\0\0\0\x55\x06\x09\0\0\0\0\0\xb7\x01\0\0\0\0\0\0\x7b\
\x1a\xf0\xff\0\0\0\0\xbf\xa2\0\0\0\0\0\0\x07\x02\0\0\xf0\xff\xff\xff\x18\x01\0\
\0\xe2\x04\0\0\0\0\0\0\0\0\0\0\xb4\x03\0\0\x08\0\0\0\x85\x10\0\0\xff\xff\xff\
\xff\x05\0\x3c\0\0\0\0\0\x85\x10\0\0\xff\xff\xff\xff\x18\x01\0\0\0\0\0\0\0\0\0\
\0\0\0\0\0\x79\x12\0\0\0\0\0\0\x15\x02\x04\0\0\0\0\0\x18\x01\0\0\0\0\0\0\0\0\0\
\0\0\0\0\0\x79\x17\0\0\0\0\0\0\x55\x07\x0a\0\0\0\0\0\xb7\x01\0\0\0\0\0\0\x7b\
\x1a\xf0\xff\0\0\0\0\xbf\xa2\0\0\0\0\0\0\x07\x02\0\0\xf0\xff\xff\xff\x18\x01\0\
\0\xfb\x04\0\0\0\0\0\0\0\0\0\0\xb4\x03\0\0\x08\0\0\0\x85\x10\0\0\xff\xff\xff\
\xff\x85\x10\0\0\xff\xff\xff\xff\x05\0\x29\0\0\0\0\0\x61\xa1\xfc\xff\0\0\0\0\
\x85\x10\0\0\xff\xff\xff\xff\x61\xa1\xfc\xff\0\0\0\0\x18\x02\0\0\0\0\0\0\0\0\0\
\0\0\0\0\0\x79\x23\0\0\0\0\0\0\x18\x02\0\0\x20\0\0\0\0\0\0\0\0\0\0\0\x61\x24\0\
\0\0\0\0\0\x67\x04\0\0\x20\0\0\0\xc7\x04\0\0\x20\0\0\0\xbd\x43\x0d\0\0\0\0\0\
\xb4\x03\0\0\x01\0\0\0\xc3\x32\0\0\x01\0\0\0\xbf\x72\0\0\0\0\0\0\x85\x10\0\0\
\xff\xff\xff\xff\xb4\x01\0\0\x0a\0\0\0\x63\x1a\xf0\xff\0\0\0\0\xbf\xa2\0\0\0\0\
\0\0\x07\x02\0\0\xf0\xff\xff\xff\x18\x01\0\0\0\0\0\0\0\0\0\0\0\0\0\0\x85\0\0\0\
\x01\0\0\0\x15\0\x0e\0\0\0\0\0\x05\0\x0a\0\0\0\0\0\xbf\x72\0\0\0\0\0\0\x85\x10\
\0\0\xff\xff\xff\xff\xb4\x01\0\0\x0b\0\0\0\x63\x1a\xf0\xff\0\0\0\0\xbf\xa2\0\0\
\0\0\0\0\x07\x02\0\0\xf0\xff\xff\xff\x18\x01\0\0\0\0\0\0\0\0\0\0\0\0\0\0\x85\0\
\0\0\x01\0\0\0\x15\0\x03\0\0\0\0\0\x79\x01\0\0\0\0\0\0\x07\x01\0\0\x01\0\0\0\
\x7b\x10\0\0\0\0\0\0\x85\x10\0\0\xff\xff\xff\xff\xb4\x01\0\0\0\0\0\0\x73\x16\
\x10\0\0\0\0\0\xb4\0\0\0\0\0\0\0\x95\0\0\0\0\0\0\0\xb4\0\0\0\x01\0\0\0\x61\x13\
\x2c\0\0\0\0\0\x54\x03\0\0\0\0\x20\0\x56\x03\x4c\0\0\0\0\0\xbf\x26\0\0\0\0\0\0\
\xb7\x02\0\0\xe0\x0c\0\0\xbf\x18\0\0\0\0\0\0\xbf\x13\0\0\0\0\0\0\x0f\x23\0\0\0\
\0\0\0\xbf\xa7\0\0\0\0\0\0\x07\x07\0\0\xf0\xff\xff\xff\xbf\x71\0\0\0\0\0\0\xb4\
\x02\0\0\x10\0\0\0\x85\0\0\0\x73\0\0\0\x18\x01\0\0\0\0\0\0\0\0\0\0\0\0\0\0\xbf\
\x72\0\0\0\0\0\0\x85\0\0\0\x01\0\0\0\xbf\x01\0\0\0\0\0\0\xb4\0\0\0\x01\0\0\0\
\x55\x01\x3b\0\0\0\0\0\xbf\xa2\0\0\0\0\0\0\x07\x02\0\0\xf0\xff\xff\xff\x18\x01\
\0\0\0\0\0\0\0\0\0\0\0\0\0\0\x85\0\0\0\x01\0\0\0\x15\0\x0d\0\0\0\0\0\xbf\x81\0\
\0\0\0\0\0\x79\x14\x58\x03\0\0\0\0\x18\x02\0\0\0\0\0\0\0\0\0\0\0\0\0\0\x79\x25\
\0\0\0\0\0\0\x18\x03\0\0\x28\0\0\0\0\0\0\0\0\0\0\0\x79\x33\0\0\0\0\0\0\xbf\x40\
\0\0\0\0\0\0\x1f\x30\0\0\0\0\0\0\x0f\x50\0\0\0\0\0\0\x65\0\x23\0\xff\xff\xff\
\xff\x05\0\x1f\0\0\0\0\0\xb4\x01\0\0\0\0\0\0\x63\x1a\xec\xff\0\0\0\0\xbf\xa2\0\
\0\0\0\0\0\x07\x02\0\0\xec\xff\xff\xff\x18\x01\0\0\0\0\0\0\0\0\0\0\0\0\0\0\x85\
\0\0\0\x01\0\0\0\xbf\x01\0\0\0\0\0\0\xbf\x82\0\0\0\0\0\0\x61\x22\xc0\x0a\0\0\0\
\0\x63\x2a\xe8\xff\0\0\0\0\xb4\0\0\0\x01\0\0\0\x15\x01\x1b\0\0\0\0\0\xbf\xa2\0\
\0\0\0\0\0\x07\x02\0\0\xe8\xff\xff\xff\x85\0\0\0\x01\0\0\0\xbf\x81\0\0\0\0\0\0\
\xbf\x02\0\0\0\0\0\0\xb4\0\0\0\x01\0\0\0\x15\x02\x14\0\0\0\0\0\x79\x14\x58\x03\
\0\0\0\0\x18\x02\0\0\0\0\0\0\0\0\0\0\0\0\0\0\x79\x25\0\0\0\0\0\0\x18\x03\0\0\
\x28\0\0\0\0\0\0\0\0\0\0\0\x79\x33\0\0\0\0\0\0\xbf\x40\0\0\0\0\0\0\x1f\x30\0\0\
\0\0\0\0\x0f\x50\0\0\0\0\0\0\x65\0\x03\0\xff\xff\xff\xff\x79\x24\0\0\0\0\0\0\
\x1f\x43\0\0\0\0\0\0\xbf\x34\0\0\0\0\0\0\x79\x23\0\0\0\0\0\0\x77\x03\0\0\x01\0\
\0\0\xb7\x02\0\0\0\0\0\0\xbf\x65\0\0\0\0\0\0\x85\x10\0\0\xff\xff\xff\xff\xb4\0\
\0\0\0\0\0\0\x95\0\0\0\0\0\0\0\xbf\x38\0\0\0\0\0\0\x18\x01\0\0\0\0\0\0\0\0\0\0\
\0\0\0\0\xb7\x06\0\0\0\0\0\0\x7b\x61\0\0\0\0\0\0\x18\x01\0\0\0\0\0\0\0\0\0\0\0\
\0\0\0\x7b\x61\0\0\0\0\0\0\x18\x01\0\0\0\0\0\0\0\0\0\0\0\0\0\0\x7b\x61\0\0\0\0\
\0\0\x18\x01\0\0\0\0\0\0\0\0\0\0\0\0\0\0\x7b\x61\0\0\0\0\0\0\x85\x10\0\0\xff\
\xff\xff\xff\x18\x01\0\0\0\0\0\0\0\0\0\0\0\0\0\0\x79\x17\0\0\0\0\0\0\x15\x07\
\x05\0\0\0\0\0\x18\x01\0\0\0\0\0\0\0\0\0\0\0\0\0\0\x79\x11\0\0\0\0\0\0\x7b\x1a\
\xf0\xff\0\0\0\0\x55\x01\x07\0\0\0\0\0\x85\x10\0\0\xff\xff\xff\xff\x7b\x6a\xf8\
\xff\0\0\0\0\xbf\xa2\0\0\0\0\0\0\x07\x02\0\0\xf8\xff\xff\xff\x18\x01\0\0\x1f\
\x06\0\0\0\0\0\0\0\0\0\0\x05\0\x4d\0\0\0\0\0\x7b\x8a\xe8\xff\0\0\0\0\x85\x10\0\
\0\xff\xff\xff\xff\xbf\x08\0\0\0\0\0\0\x18\x01\0\0\0\0\0\0\0\0\0\0\0\0\0\0\x61\
\x13\0\0\0\0\0\0\xbf\xa6\0\0\0\0\0\0\x07\x06\0\0\xf8\xff\xff\xff\xbf\x61\0\0\0\
\0\0\0\xb4\x02\0\0\0\0\0\0\x85\x10\0\0\xff\xff\xff\xff\xbf\x61\0\0\0\0\0\0\x85\
\x10\0\0\xff\xff\xff\xff\x15\0\x06\0\0\0\0\0\x61\x06\0\0\0\0\0\0\xc6\x06\x04\0\
\0\0\0\0\x18\x01\0\0\0\0\0\0\0\0\0\0\0\0\0\0\x61\x11\0\0\0\0\0\0\xae\x16\x10\0\
\0\0\0\0\xbf\xa1\0\0\0\0\0\0\x07\x01\0\0\xf8\xff\xff\xff\x85\x10\0\0\xff\xff\
\xff\xff\x85\x10\0\0\xff\xff\xff\xff\xbf\x81\0\0\0\0\0\0\x85\x10\0\0\xff\xff\
\xff\xff\x18\x01\0\0\0\0\0\0\0\0\0\0\0\0\0\0\x79\x12\0\0\0\0\0\0\x07\x02\0\0\
\x78\xec\xff\xff\xb7\x06\0\0\0\0\0\0\x79\xa1\xe8\xff\0\0\0\0\xb7\x03\0\0\0\0\0\
\0\x85\0\0\0\xab\0\0\0\x15\0\x2c\0\0\0\0\0\x05\0\x24\0\0\0\0\0\xbc\x61\0\0\0\0\
\0\0\xbf\x72\0\0\0\0\0\0\x85\x10\0\0\xff\xff\xff\xff\x18\x01\0\0\0\0\0\0\0\0\0\
\0\0\0\0\0\x54\0\0\0\x01\0\0\0\x56\0\x09\0\0\0\0\0\xbc\x61\0\0\0\0\0\0\x79\xa2\
\xf0\xff\0\0\0\0\x85\x10\0\0\xff\xff\xff\xff\x54\0\0\0\x01\0\0\0\x18\x01\0\0\0\
\0\0\0\0\0\0\0\0\0\0\0\x56\0\x02\0\0\0\0\0\x18\x01\0\0\0\0\0\0\0\0\0\0\0\0\0\0\
\xb7\x09\0\0\x01\0\0\0\x6f\x69\0\0\0\0\0\0\x79\x12\0\0\0\0\0\0\x4f\x92\0\0\0\0\
\0\0\x7b\x21\0\0\0\0\0\0\xbc\x61\0\0\0\0\0\0\xbf\x82\0\0\0\0\0\0\x85\x10\0\0\
\xff\xff\xff\xff\x54\0\0\0\x01\0\0\0\x16\0\x05\0\0\0\0\0\x18\x02\0\0\0\0\0\0\0\
\0\0\0\0\0\0\0\x79\x21\0\0\0\0\0\0\x4f\x91\0\0\0\0\0\0\x7b\x12\0\0\0\0\0\0\xbf\
\xa1\0\0\0\0\0\0\x07\x01\0\0\xf8\xff\xff\xff\x85\x10\0\0\xff\xff\xff\xff\x15\0\
\xcd\xff\0\0\0\0\x05\0\xc6\xff\0\0\0\0\x7b\x6a\xf8\xff\0\0\0\0\xbf\xa2\0\0\0\0\
\0\0\x07\x02\0\0\xf8\xff\xff\xff\x18\x01\0\0\x43\x06\0\0\0\0\0\0\0\0\0\0\xb4\
\x03\0\0\x08\0\0\0\x85\x10\0\0\xff\xff\xff\xff\xb4\0\0\0\0\0\0\0\x95\0\0\0\0\0\
\0\0\x79\x12\x08\0\0\0\0\0\x7b\x2a\xe8\xff\0\0\0\0\x79\x16\0\0\0\0\0\0\x18\x01\
\0\0\0\0\0\0\0\0\0\0\0\0\0\0\xbf\x62\0\0\0\0\0\0\xb7\x03\0\0\0\0\0\0\xb7\x04\0\
\0\0\0\0\0\x85\0\0\0\x9c\0\0\0\xbf\x08\0\0\0\0\0\0\xb4\x07\0\0\xfe\xff\xff\xff\
\x15\x08\xc1\0\0\0\0\0\x85\x10\0\0\xff\xff\xff\xff\x79\x89\0\0\0\0\0\0\x15\x09\
\x09\0\0\0\0\0\x18\x01\0\0\0\0\0\0\0\0\0\0\0\0\0\0\x79\x13\0\0\0\0\0\0\x15\x03\
\x05\0\0\0\0\0\x18\x01\0\0\0\0\0\0\0\0\0\0\0\0\0\0\x79\x11\0\0\0\0\0\0\x7b\x1a\
\xe0\xff\0\0\0\0\x55\x01\x02\0\0\0\0\0\x85\x10\0\0\xff\xff\xff\xff\x05\0\xb3\0\
\0\0\0\0\x79\xa7\xe8\xff\0\0\0\0\x63\x78\x10\0\0\0\0\0\x79\x62\x20\x05\0\0\0\0\
\xbf\x91\0\0\0\0\0\0\x7b\x3a\xd8\xff\0\0\0\0\x85\x10\0\0\xff\xff\xff\xff\x61\
\x81\x0c\0\0\0\0\0\xbf\x92\0\0\0\0\0\0\x85\x10\0\0\xff\xff\xff\xff\x54\0\0\0\
\x01\0\0\0\x16\0\x0f\0\0\0\0\0\x61\x81\x0c\0\0\0\0\0\x85\x10\0\0\xff\xff\xff\
\xff\x54\0\0\0\x01\0\0\0\x16\0\x0b\0\0\0\0\0\x61\x81\x0c\0\0\0\0\0\x63\x1a\xfc\
\xff\0\0\0\0\xb4\x01\0\0\0\0\0\0\x63\x1a\xf0\xff\0\0\0\0\xbf\xa2\0\0\0\0\0\0\
\x07\x02\0\0\xf0\xff\xff\xff\x18\x01\0\0\0\0\0\0\0\0\0\0\0\0\0\0\x85\0\0\0\x01\
\0\0\0\x15\0\x18\0\0\0\0\0\x05\0\x14\0\0\0\0\0\x61\x81\x0c\0\0\0\0\0\x1e\x71\
\x47\0\0\0\0\0\xbc\x71\0\0\0\0\0\0\xbf\x92\0\0\0\0\0\0\x85\x10\0\0\xff\xff\xff\
\xff\x54\0\0\0\x01\0\0\0\x16\0\x42\0\0\0\0\0\xbc\x71\0\0\0\0\0\0\x85\x10\0\0\
\xff\xff\xff\xff\x54\0\0\0\x01\0\0\0\x16\0\x3e\0\0\0\0\0\x63\x7a\xfc\xff\0\0\0\
\0\xb4\x01\0\0\x01\0\0\0\x63\x1a\xf0\xff\0\0\0\0\xbf\xa2\0\0\0\0\0\0\x07\x02\0\
\0\xf0\xff\xff\xff\x18\x01\0\0\0\0\0\0\0\0\0\0\0\0\0\0\x85\0\0\0\x01\0\0\0\x15\
\0\x03\0\0\0\0\0\x79\x01\0\0\0\0\0\0\x07\x01\0\0\x01\0\0\0\x7b\x10\0\0\0\0\0\0\
\x79\xa9\xe0\xff\0\0\0\0\xb4\x01\0\0\0\0\0\0\x63\x18\x08\0\0\0\0\0\xbf\xa2\0\0\
\0\0\0\0\x07\x02\0\0\xfc\xff\xff\xff\x18\x01\0\0\0\0\0\0\0\0\0\0\0\0\0\0\x85\0\
\0\0\x01\0\0\0\xbf\x07\0\0\0\0\0\0\x15\x07\x48\0\0\0\0\0\x71\x71\x10\0\0\0\0\0\
\x56\x01\x4e\0\x01\0\0\0\xbf\x71\0\0\0\0\0\0\x85\0\0\0\xac\0\0\0\x65\0\x08\0\
\xff\xff\xff\xff\xb7\x01\0\0\0\0\0\0\x7b\x1a\xf0\xff\0\0\0\0\xbf\xa2\0\0\0\0\0\
\0\x07\x02\0\0\xf0\xff\xff\xff\x18\x01\0\0\x90\x04\0\0\0\0\0\0\0\0\0\0\xb4\x03\
\0\0\x08\0\0\0\x85\x10\0\0\xff\xff\xff\xff\xbf\x71\0\0\0\0\0\0\x18\x02\0\0\x10\
\0\0\0\0\0\0\0\0\0\0\0\x85\0\0\0\xaa\0\0\0\x15\0\x08\0\0\0\0\0\xb7\x01\0\0\0\0\
\0\0\x7b\x1a\xf0\xff\0\0\0\0\xbf\xa2\0\0\0\0\0\0\x07\x02\0\0\xf0\xff\xff\xff\
\x18\x01\0\0\xac\x04\0\0\0\0\0\0\0\0\0\0\xb4\x03\0\0\x08\0\0\0\x85\x10\0\0\xff\
\xff\xff\xff\xb4\x01\0\0\0\0\0\0\x73\x17\x10\0\0\0\0\0\xb4\x01\0\0\x0d\0\0\0\
\x63\x1a\xf0\xff\0\0\0\0\xbf\xa2\0\0\0\0\0\0\x07\x02\0\0\xf0\xff\xff\xff\x18\
\x01\0\0\0\0\0\0\0\0\0\0\0\0\0\0\x85\0\0\0\x01\0\0\0\x15\0\x2c\0\0\0\0\0\x79\
\x01\0\0\0\0\0\0\x07\x01\0\0\x01\0\0\0\x7b\x10\0\0\0\0\0\0\x05\0\x28\0\0\0\0\0\
\x18\x01\0\0\0\0\0\0\0\0\0\0\0\0\0\0\x71\x11\0\0\0\0\0\0\x56\x01\x0e\0\x01\0\0\
\0\xbf\x91\0\0\0\0\0\0\xb7\x02\0\0\x01\0\0\0\x85\x10\0\0\xff\xff\xff\xff\x63\
\x0a\xfc\xff\0\0\0\0\xc6\0\x09\0\0\0\0\0\xb4\x01\0\0\x02\0\0\0\x63\x1a\xf0\xff\
\0\0\0\0\xbf\xa2\0\0\0\0\0\0\x07\x02\0\0\xf0\xff\xff\xff\x18\x01\0\0\0\0\0\0\0\
\0\0\0\0\0\0\0\x85\0\0\0\x01\0\0\0\x15\0\xbd\xff\0\0\0\0\x05\0\xb9\xff\0\0\0\0\
\xbf\x91\0\0\0\0\0\0\xb7\x02\0\0\0\0\0\0\x85\x10\0\0\xff\xff\xff\xff\x63\x0a\
\xfc\xff\0\0\0\0\xc6\0\x3b\0\0\0\0\0\xb4\x01\0\0\x03\0\0\0\x63\x1a\xf0\xff\0\0\
\0\0\xbf\xa2\0\0\0\0\0\0\x07\x02\0\0\xf0\xff\xff\xff\x18\x01\0\0\0\0\0\0\0\0\0\
\0\0\0\0\0\x85\0\0\0\x01\0\0\0\x15\0\xaf\xff\0\0\0\0\x05\0\xab\xff\0\0\0\0\xb7\
\x01\0\0\0\0\0\0\x7b\x1a\xf0\xff\0\0\0\0\xbf\xa2\0\0\0\0\0\0\x07\x02\0\0\xf0\
\xff\xff\xff\x18\x01\0\0\xc8\x04\0\0\0\0\0\0\0\0\0\0\xb4\x03\0\0\x08\0\0\0\x85\
\x10\0\0\xff\xff\xff\xff\x61\xa1\xfc\xff\0\0\0\0\x79\xa2\xd8\xff\0\0\0\0\x85\
\x10\0\0\xff\xff\xff\xff\x61\xa1\xfc\xff\0\0\0\0\xbf\x92\0\0\0\0\0\0\x85\x10\0\
\0\xff\xff\xff\xff\x54\0\0\0\x01\0\0\0\x16\0\x08\0\0\0\0\0\xb4\x01\0\0\x01\0\0\
\0\x84\x01\0\0\0\0\0\0\x18\x02\0\0\x20\0\0\0\0\0\0\0\0\0\0\0\xc3\x12\0\0\x01\0\
\0\0\x61\xa1\xfc\xff\0\0\0\0\xbf\x92\0\0\0\0\0\0\x85\x10\0\0\xff\xff\xff\xff\
\x85\x10\0\0\xff\xff\xff\xff\x61\x82\x10\0\0\0\0\0\x61\xa1\xfc\xff\0\0\0\0\x79\
\xa3\xe8\xff\0\0\0\0\x5e\x12\x01\0\0\0\0\0\x63\x18\x0c\0\0\0\0\0\x63\x38\x10\0\
\0\0\0\0\xbf\x61\0\0\0\0\0\0\xb7\x02\0\0\0\0\0\0\x85\x10\0\0\x5c\0\0\0\x16\0\
\x0c\0\0\0\0\0\x61\xa2\xfc\xff\0\0\0\0\x67\x02\0\0\x20\0\0\0\xc7\x02\0\0\x20\0\
\0\0\x18\x01\0\0\0\0\0\0\0\0\0\0\0\0\0\xc0\x4f\x12\0\0\0\0\0\0\x18\x01\0\0\0\0\
\0\0\0\0\0\0\0\0\0\0\x79\x13\0\0\0\0\0\0\xbf\x61\0\0\0\0\0\0\xb7\x04\0\0\0\0\0\
\0\x85\x10\0\0\xff\xff\xff\xff\x61\xa7\xfc\xff\0\0\0\0\xbc\x70\0\0\0\0\0\0\x95\
\0\0\0\0\0\0\0\xb4\x07\0\0\0\0\0\0\x18\x01\0\0\0\0\0\0\0\0\0\0\0\0\0\0\x79\x12\
\0\0\0\0\0\0\x15\x02\x13\0\0\0\0\0\x61\x82\x08\0\0\0\0\0\x04\x02\0\0\x01\0\0\0\
\x63\x28\x08\0\0\0\0\0\x79\x11\0\0\0\0\0\0\x2d\x21\x0e\0\0\0\0\0\xb4\x01\0\0\0\
\0\0\0\x63\x18\x08\0\0\0\0\0\xb4\x01\0\0\x07\0\0\0\x63\x1a\xf0\xff\0\0\0\0\xbf\
\xa2\0\0\0\0\0\0\x07\x02\0\0\xf0\xff\xff\xff\x18\x01\0\0\0\0\0\0\0\0\0\0\0\0\0\
\0\x85\0\0\0\x01\0\0\0\x15\0\x03\0\0\0\0\0\x79\x01\0\0\0\0\0\0\x07\x01\0\0\x01\
\0\0\0\x7b\x10\0\0\0\0\0\0\xb4\x07\0\0\x01\0\0\0\x79\x62\x20\x05\0\0\0\0\xbf\
\x91\0\0\0\0\0\0\x79\xa3\xe0\xff\0\0\0\0\x85\x10\0\0\xff\xff\xff\xff\x18\x01\0\
\0\0\0\0\0\0\0\0\0\0\0\0\0\x71\x11\0\0\0\0\0\0\x56\x01\x12\0\x01\0\0\0\xbf\x91\
\0\0\0\0\0\0\xb7\x02\0\0\x01\0\0\0\x85\x10\0\0\xff\xff\xff\xff\x63\x0a\xfc\xff\
\0\0\0\0\xc6\0\x0d\0\0\0\0\0\xb4\x01\0\0\x04\0\0\0\x63\x1a\xf0\xff\0\0\0\0\xbf\
\xa2\0\0\0\0\0\0\x07\x02\0\0\xf0\xff\xff\xff\x18\x01\0\0\0\0\0\0\0\0\0\0\0\0\0\
\0\x85\0\0\0\x01\0\0\0\x15\0\x03\0\0\0\0\0\x79\x01\0\0\0\0\0\0\x07\x01\0\0\x01\
\0\0\0\x7b\x10\0\0\0\0\0\0\x79\xa9\xe0\xff\0\0\0\0\x05\0\x11\0\0\0\0\0\xbf\x91\
\0\0\0\0\0\0\xb7\x02\0\0\0\0\0\0\x85\x10\0\0\xff\xff\xff\xff\x63\x0a\xfc\xff\0\
\0\0\0\xc6\0\x18\0\0\0\0\0\xb4\x01\0\0\x05\0\0\0\x63\x1a\xf0\xff\0\0\0\0\xbf\
\xa2\0\0\0\0\0\0\x07\x02\0\0\xf0\xff\xff\xff\x18\x01\0\0\0\0\0\0\0\0\0\0\0\0\0\
\0\x85\0\0\0\x01\0\0\0\x79\xa9\xe0\xff\0\0\0\0\x15\0\x03\0\0\0\0\0\x79\x01\0\0\
\0\0\0\0\x07\x01\0\0\x01\0\0\0\x7b\x10\0\0\0\0\0\0\xb4\x01\0\0\x08\0\0\0\x63\
\x1a\xf0\xff\0\0\0\0\xbf\xa2\0\0\0\0\0\0\x07\x02\0\0\xf0\xff\xff\xff\x18\x01\0\
\0\0\0\0\0\0\0\0\0\0\0\0\0\x85\0\0\0\x01\0\0\0\x15\0\x34\xff\0\0\0\0\x79\x01\0\
\0\0\0\0\0\x07\x01\0\0\x01\0\0\0\x7b\x10\0\0\0\0\0\0\x05\0\x30\xff\0\0\0\0\x63\
\x7a\xd0\xff\0\0\0\0\x79\x61\x20\x05\0\0\0\0\xb7\x02\0\0\0\0\0\0\x85\x10\0\0\
\xff\xff\xff\xff\xbc\x07\0\0\0\0\0\0\x63\x7a\xfc\xff\0\0\0\0\x79\xa9\xe0\xff\0\
\0\0\0\xc6\x07\x33\0\0\0\0\0\xb4\x01\0\0\x06\0\0\0\x63\x1a\xf0\xff\0\0\0\0\xbf\
\xa2\0\0\0\0\0\0\x07\x02\0\0\xf0\xff\xff\xff\x18\x01\0\0\0\0\0\0\0\0\0\0\0\0\0\
\0\x85\0\0\0\x01\0\0\0\x15\0\x03\0\0\0\0\0\x79\x01\0\0\0\0\0\0\x07\x01\0\0\x01\
\0\0\0\x7b\x10\0\0\0\0\0\0\xbc\x71\0\0\0\0\0\0\x79\xa2\xd8\xff\0\0\0\0\x85\x10\
\0\0\xff\xff\xff\xff\x54\0\0\0\x01\0\0\0\x56\0\x18\xff\0\0\0\0\xbc\x71\0\0\0\0\
\0\0\xbf\x92\0\0\0\0\0\0\x85\x10\0\0\xff\xff\xff\xff\x61\xa1\xd0\xff\0\0\0\0\
\x4c\x01\0\0\0\0\0\0\x54\x01\0\0\x01\0\0\0\x56\x01\xd5\xff\0\0\0\0\x18\x01\0\0\
\0\0\0\0\0\0\0\0\0\0\0\0\x79\x12\0\0\0\0\0\0\x18\x01\0\0\x20\0\0\0\0\0\0\0\0\0\
\0\0\x61\x13\0\0\0\0\0\0\x67\x03\0\0\x20\0\0\0\xc7\x03\0\0\x20\0\0\0\xbd\x32\
\x17\0\0\0\0\0\xb4\x02\0\0\x01\0\0\0\xc3\x21\0\0\x01\0\0\0\xbc\x71\0\0\0\0\0\0\
\xbf\x92\0\0\0\0\0\0\x85\x10\0\0\xff\xff\xff\xff\xb4\x01\0\0\x09\0\0\0\x63\x1a\
\xf0\xff\0\0\0\0\xbf\xa2\0\0\0\0\0\0\x07\x02\0\0\xf0\xff\xff\xff\x18\x01\0\0\0\
\0\0\0\0\0\0\0\0\0\0\0\x85\0\0\0\x01\0\0\0\x15\0\x03\0\0\0\0\0\x79\x01\0\0\0\0\
\0\0\x07\x01\0\0\x01\0\0\0\x7b\x10\0\0\0\0\0\0\x61\xa7\xfc\xff\0\0\0\0\x85\x10\
\0\0\xff\xff\xff\xff\x05\0\x74\xff\0\0\0\0\x85\x10\0\0\xff\xff\xff\xff\x79\xa1\
\xe8\xff\0\0\0\0\xbc\x17\0\0\0\0\0\0\x05\0\x70\xff\0\0\0\0\xbc\x71\0\0\0\0\0\0\
\xbf\x92\0\0\0\0\0\0\x85\x10\0\0\xff\xff\xff\xff\xb4\x01\0\0\x0b\0\0\0\x63\x1a\
\xf0\xff\0\0\0\0\xbf\xa2\0\0\0\0\0\0\x07\x02\0\0\xf0\xff\xff\xff\x18\x01\0\0\0\
\0\0\0\0\0\0\0\0\0\0\0\x85\0\0\0\x01\0\0\0\x15\0\xb0\xfe\0\0\0\0\x79\x01\0\0\0\
\0\0\0\x07\x01\0\0\x01\0\0\0\x7b\x10\0\0\0\0\0\0\x05\0\xac\xfe\0\0\0\0\x79\x17\
\0\0\0\0\0\0\x79\x78\x58\x03\0\0\0\0\x79\x16\x08\0\0\0\0\0\xb7\x09\0\0\0\0\0\0\
\x18\x01\0\0\0\0\0\0\0\0\0\0\0\0\0\0\xbf\x72\0\0\0\0\0\0\xb7\x03\0\0\0\0\0\0\
\xb7\x04\0\0\0\0\0\0\x85\0\0\0\x9c\0\0\0\x55\0\x08\0\0\0\0\0\x7b\x9a\xf8\xff\0\
\0\0\0\xbf\xa2\0\0\0\0\0\0\x07\x02\0\0\xf8\xff\xff\xff\x18\x01\0\0\x1c\x05\0\0\
\0\0\0\0\0\0\0\0\xb4\x03\0\0\x08\0\0\0\x85\x10\0\0\xff\xff\xff\xff\x05\0\x19\0\
\0\0\0\0\x18\x01\0\0\x28\0\0\0\0\0\0\0\0\0\0\0\x79\x11\0\0\0\0\0\0\xbf\x83\0\0\
\0\0\0\0\x1f\x13\0\0\0\0\0\0\x18\x02\0\0\0\0\0\0\0\0\0\0\0\0\0\0\x79\x24\0\0\0\
\0\0\0\x0f\x43\0\0\0\0\0\0\x65\x03\x03\0\xff\xff\xff\xff\x79\x22\0\0\0\0\0\0\
\x1f\x21\0\0\0\0\0\0\xbf\x18\0\0\0\0\0\0\xbf\x71\0\0\0\0\0\0\xbf\x62\0\0\0\0\0\
\0\x85\x10\0\0\x5c\0\0\0\x16\0\x08\0\0\0\0\0\x18\x01\0\0\0\0\0\0\0\0\0\0\0\0\0\
\0\x79\x13\0\0\0\0\0\0\xbf\x71\0\0\0\0\0\0\xb7\x02\0\0\0\0\0\0\xbf\x84\0\0\0\0\
\0\0\xbf\x65\0\0\0\0\0\0\x85\x10\0\0\xff\xff\xff\xff\x95\0\0\0\0\0\0\0\x18\x02\
\0\0\0\0\0\0\0\0\0\0\0\0\0\0\x79\x26\0\0\0\0\0\0\x79\x19\x08\0\0\0\0\0\x79\x17\
\0\0\0\0\0\0\x63\x7a\xfc\xff\0\0\0\0\x18\x01\0\0\0\0\0\0\0\0\0\0\0\0\0\0\x79\
\x18\0\0\0\0\0\0\x15\x08\x01\0\0\0\0\0\x55\x06\x07\0\0\0\0\0\xb7\x01\0\0\0\0\0\
\0\x7b\x1a\xf0\xff\0\0\0\0\xbf\xa2\0\0\0\0\0\0\x07\x02\0\0\xf0\xff\xff\xff\x18\
\x01\0\0\x34\x05\0\0\0\0\0\0\0\0\0\0\x05\0\x0c\0\0\0\0\0\xbf\xa2\0\0\0\0\0\0\
\x07\x02\0\0\xfc\xff\xff\xff\x18\x01\0\0\0\0\0\0\0\0\0\0\0\0\0\0\x85\0\0\0\x01\
\0\0\0\x55\0\x09\0\0\0\0\0\xb7\x01\0\0\0\0\0\0\x7b\x1a\xf0\xff\0\0\0\0\xbf\xa2\
\0\0\0\0\0\0\x07\x02\0\0\xf0\xff\xff\xff\x18\x01\0\0\x52\x05\0\0\0\0\0\0\0\0\0\
\0\xb4\x03\0\0\x08\0\0\0\x85\x10\0\0\xff\xff\xff\xff\x95\0\0\0\0\0\0\0\x7b\x0a\
\xe8\xff\0\0\0\0\xb7\x01\0\0\0\0\0\0\x85\x10\0\0\xff\xff\xff\xff\x54\0\0\0\x01\
\0\0\0\x56\0\x68\0\0\0\0\0\xbc\x71\0\0\0\0\0\0\xbf\x82\0\0\0\0\0\0\x85\x10\0\0\
\xff\xff\xff\xff\x15\x09\x0d\0\0\0\0\0\x61\x91\xf0\x02\0\0\0\0\x5c\x01\0\0\0\0\
\0\0\x54\x01\0\0\x01\0\0\0\x16\x01\x09\0\0\0\0\0\x18\x01\0\0\0\0\0\0\0\0\0\0\0\
\0\0\0\x79\x13\0\0\0\0\0\0\xbf\x91\0\0\0\0\0\0\x18\x02\0\0\x02\0\0\0\0\0\0\0\0\
\0\0\x80\xb7\x04\0\0\0\0\0\0\x85\x10\0\0\xff\xff\xff\xff\x05\0\xe9\xff\0\0\0\0\
\x63\x0a\xe0\xff\0\0\0\0\xb4\x01\0\0\x11\0\0\0\x63\x1a\xf0\xff\0\0\0\0\xbf\xa2\
\0\0\0\0\0\0\x07\x02\0\0\xf0\xff\xff\xff\x18\x01\0\0\0\0\0\0\0\0\0\0\0\0\0\0\
\x85\0\0\0\x01\0\0\0\x15\0\x03\0\0\0\0\0\x79\x01\0\0\0\0\0\0\x07\x01\0\0\x01\0\
\0\0\x7b\x10\0\0\0\0\0\0\x61\xa1\xe0\xff\0\0\0\0\x54\x01\0\0\x01\0\0\0\x16\x01\
\xda\xff\0\0\0\0\x15\x09\x2a\0\0\0\0\0\x61\x91\x18\0\0\0\0\0\x56\x01\x28\0\x80\
\0\0\0\xbf\x81\0\0\0\0\0\0\x85\x10\0\0\xff\xff\xff\xff\x1e\x70\x25\0\0\0\0\0\
\xb4\x01\0\0\x0e\0\0\0\x63\x1a\xf0\xff\0\0\0\0\xbf\xa2\0\0\0\0\0\0\x07\x02\0\0\
\xf0\xff\xff\xff\x18\x01\0\0\0\0\0\0\0\0\0\0\0\0\0\0\x85\0\0\0\x01\0\0\0\x15\0\
\x03\0\0\0\0\0\x79\x01\0\0\0\0\0\0\x07\x01\0\0\x01\0\0\0\x7b\x10\0\0\0\0\0\0\
\xbc\x71\0\0\0\0\0\0\xbf\x82\0\0\0\0\0\0\x85\x10\0\0\xff\xff\xff\xff\x18\x01\0\
\0\0\0\0\0\0\0\0\0\0\0\0\0\x79\x12\0\0\0\0\0\0\x18\x01\0\0\x20\0\0\0\0\0\0\0\0\
\0\0\0\x61\x13\0\0\0\0\0\0\x67\x03\0\0\x20\0\0\0\xc7\x03\0\0\x20\0\0\0\xbd\x32\
\x1f\0\0\0\0\0\xb4\x02\0\0\x01\0\0\0\xc3\x21\0\0\x01\0\0\0\xbc\x71\0\0\0\0\0\0\
\xbf\x62\0\0\0\0\0\0\x85\x10\0\0\xff\xff\xff\xff\xb4\x01\0\0\x0a\0\0\0\x63\x1a\
\xf0\xff\0\0\0\0\xbf\xa2\0\0\0\0\0\0\x07\x02\0\0\xf0\xff\xff\xff\x18\x01\0\0\0\
\0\0\0\0\0\0\0\0\0\0\0\x85\0\0\0\x01\0\0\0\x15\0\xb0\xff\0\0\0\0\x05\0\x25\0\0\
\0\0\0\xb4\x02\0\0\x01\0\0\0\x79\xa1\xe8\xff\0\0\0\0\x73\x21\x10\0\0\0\0\0\x18\
\x02\0\0\0\0\0\0\0\0\0\0\0\0\0\0\x79\x22\0\0\0\0\0\0\xb7\x03\0\0\x02\0\0\0\x85\
\0\0\0\xab\0\0\0\xb4\x01\0\0\x0c\0\0\0\x63\x1a\xf0\xff\0\0\0\0\xbf\xa2\0\0\0\0\
\0\0\x07\x02\0\0\xf0\xff\xff\xff\x18\x01\0\0\0\0\0\0\0\0\0\0\0\0\0\0\x85\0\0\0\
\x01\0\0\0\x15\0\x9f\xff\0\0\0\0\x05\0\x14\0\0\0\0\0\xbc\x71\0\0\0\0\0\0\xbf\
\x62\0\0\0\0\0\0\x85\x10\0\0\xff\xff\xff\xff\xb4\x01\0\0\x0b\0\0\0\x63\x1a\xf0\
\xff\0\0\0\0\xbf\xa2\0\0\0\0\0\0\x07\x02\0\0\xf0\xff\xff\xff\x18\x01\0\0\0\0\0\
\0\0\0\0\0\0\0\0\0\x85\0\0\0\x01\0\0\0\x15\0\x93\xff\0\0\0\0\x05\0\x08\0\0\0\0\
\0\xb4\x01\0\0\x10\0\0\0\x63\x1a\xf0\xff\0\0\0\0\xbf\xa2\0\0\0\0\0\0\x07\x02\0\
\0\xf0\xff\xff\xff\x18\x01\0\0\0\0\0\0\0\0\0\0\0\0\0\0\x85\0\0\0\x01\0\0\0\x15\
\0\x8a\xff\0\0\0\0\x79\x01\0\0\0\0\0\0\x07\x01\0\0\x01\0\0\0\x7b\x10\0\0\0\0\0\
\0\x05\0\x86\xff\0\0\0\0\x79\x11\0\0\0\0\0\0\x18\x02\0\0\x28\0\0\0\0\0\0\0\0\0\
\0\0\x79\x23\0\0\0\0\0\0\x79\x14\x58\x03\0\0\0\0\x1f\x43\0\0\0\0\0\0\x65\x03\
\x02\0\xff\xff\xff\xff\x79\x11\x58\x03\0\0\0\0\x7b\x12\0\0\0\0\0\0\x95\0\0\0\0\
\0\0\0\x79\x11\0\0\0\0\0\0\x18\x02\0\0\0\0\0\0\0\0\0\0\0\0\0\0\x79\x22\0\0\0\0\
\0\0\x79\x13\x50\x03\0\0\0\0\x1f\x32\0\0\0\0\0\0\x61\x13\xf4\x02\0\0\0\0\x27\
\x02\0\0\x64\0\0\0\x3f\x32\0\0\0\0\0\0\x79\x13\x58\x03\0\0\0\0\x0f\x23\0\0\0\0\
\0\0\x7b\x31\x58\x03\0\0\0\0\x95\0\0\0\0\0\0\0\x79\x12\0\0\0\0\0\0\x18\x01\0\0\
\0\0\0\0\0\0\0\0\0\0\0\0\xb7\x03\0\0\0\0\0\0\xb7\x04\0\0\x01\0\0\0\x85\0\0\0\
\x9c\0\0\0\xbf\x06\0\0\0\0\0\0\xb4\x07\0\0\xf4\xff\xff\xff\x15\x06\x0c\0\0\0\0\
\0\x85\x10\0\0\xff\xff\xff\xff\x15\0\x0a\0\0\0\0\0\xbf\x61\0\0\0\0\0\0\xbf\x02\
\0\0\0\0\0\0\x85\0\0\0\xc2\0\0\0\x15\0\x02\0\0\0\0\0\xbf\x01\0\0\0\0\0\0\x85\
\x10\0\0\xff\xff\xff\xff\xb4\x01\0\0\xff\xff\xff\xff\x63\x16\x10\0\0\0\0\0\x63\
\x16\x0c\0\0\0\0\0\xb4\x07\0\0\0\0\0\0\xbc\x70\0\0\0\0\0\0\x95\0\0\0\0\0\0\0\
\x79\x11\0\0\0\0\0\0\x18\x02\0\0\x28\0\0\0\0\0\0\0\0\0\0\0\x79\x22\0\0\0\0\0\0\
\x7b\x21\x58\x03\0\0\0\0\x95\0\0\0\0\0\0\0\xb4\x01\0\0\0\0\0\0\x63\x1a\xfc\xff\
\0\0\0\0\xb7\x07\0\0\0\0\0\0\xb7\x01\0\0\0\0\0\0\xb4\x02\0\0\xff\xff\xff\xff\
\x85\x10\0\0\xff\xff\xff\xff\xbc\x06\0\0\0\0\0\0\x16\x06\x09\0\0\0\0\0\x7b\x7a\
\xf0\xff\0\0\0\0\xbf\xa2\0\0\0\0\0\0\x07\x02\0\0\xf0\xff\xff\xff\x18\x01\0\0\
\x6c\x05\0\0\0\0\0\0\0\0\0\0\xb4\x03\0\0\x08\0\0\0\x85\x10\0\0\xff\xff\xff\xff\
\xbc\x60\0\0\0\0\0\0\x95\0\0\0\0\0\0\0\x85\x10\0\0\xff\xff\xff\xff\xb4\x06\0\0\
\xf4\xff\xff\xff\x15\0\xfb\xff\0\0\0\0\xbf\x01\0\0\0\0\0\0\xbf\x07\0\0\0\0\0\0\
\x85\x10\0\0\xff\xff\xff\xff\x18\x01\0\0\0\0\0\0\0\0\0\0\0\0\0\0\xbf\x72\0\0\0\
\0\0\0\x85\0\0\0\xc2\0\0\0\x15\0\x02\0\0\0\0\0\xbf\x01\0\0\0\0\0\0\x85\x10\0\0\
\xff\xff\xff\xff\x85\x10\0\0\xff\xff\xff\xff\x15\0\xef\xff\0\0\0\0\xbf\x01\0\0\
\0\0\0\0\xbf\x06\0\0\0\0\0\0\x85\x10\0\0\xff\xff\xff\xff\x18\x01\0\0\0\0\0\0\0\
\0\0\0\0\0\0\0\xbf\x62\0\0\0\0\0\0\x85\0\0\0\xc2\0\0\0\x15\0\x02\0\0\0\0\0\xbf\
\x01\0\0\0\0\0\0\x85\x10\0\0\xff\xff\xff\xff\x18\x07\0\0\0\0\0\0\0\0\0\0\0\0\0\
\0\x61\x73\0\0\0\0\0\0\xbf\xa6\0\0\0\0\0\0\x07\x06\0\0\xf0\xff\xff\xff\xb4\x08\
\0\0\0\0\0\0\xbf\x61\0\0\0\0\0\0\xb4\x02\0\0\0\0\0\0\x85\x10\0\0\xff\xff\xff\
\xff\xbf\x61\0\0\0\0\0\0\x85\x10\0\0\xff\xff\xff\xff\x15\0\x35\0\0\0\0\0\x61\
\x01\0\0\0\0\0\0\xc6\x01\x33\0\0\0\0\0\x61\x72\0\0\0\0\0\0\x3e\x21\x31\0\0\0\0\
\0\x63\x1a\xec\xff\0\0\0\0\xbf\xa2\0\0\0\0\0\0\x07\x02\0\0\xec\xff\xff\xff\x18\
\x01\0\0\0\0\0\0\0\0\0\0\0\0\0\0\x85\0\0\0\x01\0\0\0\xbf\x06\0\0\0\0\0\0\x55\
\x06\x0a\0\0\0\0\0\xb7\x01\0\0\0\0\0\0\x7b\x1a\xe0\xff\0\0\0\0\xbf\xa2\0\0\0\0\
\0\0\x07\x02\0\0\xe0\xff\xff\xff\x18\x01\0\0\x8a\x05\0\0\0\0\0\0\0\0\0\0\xb4\
\x03\0\0\x08\0\0\0\x85\x10\0\0\xff\xff\xff\xff\xb4\x06\0\0\xfe\xff\xff\xff\x05\
\0\x53\0\0\0\0\0\x73\x86\x10\0\0\0\0\0\xbf\x61\0\0\0\0\0\0\x18\x02\0\0\0\0\0\0\
\0\0\0\0\0\0\0\0\xb7\x03\0\0\x07\0\0\0\x85\0\0\0\xa9\0\0\0\x15\0\x07\0\0\0\0\0\
\xb7\x01\0\0\0\0\0\0\x7b\x1a\xe0\xff\0\0\0\0\xbf\xa2\0\0\0\0\0\0\x07\x02\0\0\
\xe0\xff\xff\xff\x18\x01\0\0\xa4\x05\0\0\0\0\0\0\0\0\0\0\x05\0\x42\0\0\0\0\0\
\xbf\x61\0\0\0\0\0\0\x18\x02\0\0\x10\0\0\0\0\0\0\0\0\0\0\0\x85\0\0\0\xaa\0\0\0\
\x16\0\x07\0\0\0\0\0\xb7\x01\0\0\0\0\0\0\x7b\x1a\xe0\xff\0\0\0\0\xbf\xa2\0\0\0\
\0\0\0\x07\x02\0\0\xe0\xff\xff\xff\x18\x01\0\0\xc4\x05\0\0\0\0\0\0\0\0\0\0\x05\
\0\x36\0\0\0\0\0\xbf\xa1\0\0\0\0\0\0\x07\x01\0\0\xf0\xff\xff\xff\x85\x10\0\0\
\xff\xff\xff\xff\x15\0\x01\0\0\0\0\0\x05\0\xcb\xff\0\0\0\0\xbf\xa1\0\0\0\0\0\0\
\x07\x01\0\0\xf0\xff\xff\xff\x85\x10\0\0\xff\xff\xff\xff\xbf\xa2\0\0\0\0\0\0\
\x07\x02\0\0\xfc\xff\xff\xff\x18\x01\0\0\0\0\0\0\0\0\0\0\0\0\0\0\x85\0\0\0\x01\
\0\0\0\xbf\x06\0\0\0\0\0\0\x55\x06\x0a\0\0\0\0\0\xb7\x01\0\0\0\0\0\0\x7b\x1a\
\xf0\xff\0\0\0\0\xbf\xa2\0\0\0\0\0\0\x07\x02\0\0\xf0\xff\xff\xff\x18\x01\0\0\
\xe6\x05\0\0\0\0\0\0\0\0\0\0\xb4\x03\0\0\x08\0\0\0\x85\x10\0\0\xff\xff\xff\xff\
\xb4\x06\0\0\xfd\xff\xff\xff\x05\0\x90\xff\0\0\0\0\xbf\x61\0\0\0\0\0\0\x18\x02\
\0\0\0\0\0\0\0\0\0\0\0\0\0\0\xb7\x03\0\0\x07\0\0\0\x85\0\0\0\xa9\0\0\0\xbf\x61\
\0\0\0\0\0\0\x18\x02\0\0\x70\x05\0\0\0\0\0\0\0\0\0\0\x85\0\0\0\xaa\0\0\0\x18\
\x01\0\0\0\0\0\0\0\0\0\0\0\0\0\0\x79\x12\0\0\0\0\0\0\x07\x02\0\0\x78\xec\xff\
\xff\xb7\x08\0\0\0\0\0\0\xbf\x61\0\0\0\0\0\0\xb7\x03\0\0\0\0\0\0\x85\0\0\0\xab\
\0\0\0\xbf\x07\0\0\0\0\0\0\xb4\x06\0\0\0\0\0\0\x16\x07\x7c\xff\0\0\0\0\x7b\x8a\
\xf0\xff\0\0\0\0\xbf\xa2\0\0\0\0\0\0\x07\x02\0\0\xf0\xff\xff\xff\x18\x01\0\0\
\x05\x06\0\0\0\0\0\0\0\0\0\0\xb4\x03\0\0\x08\0\0\0\x85\x10\0\0\xff\xff\xff\xff\
\xbc\x76\0\0\0\0\0\0\x05\0\x73\xff\0\0\0\0\xb4\x03\0\0\x08\0\0\0\x85\x10\0\0\
\xff\xff\xff\xff\xb4\x06\0\0\xea\xff\xff\xff\xbf\xa1\0\0\0\0\0\0\x07\x01\0\0\
\xf0\xff\xff\xff\x85\x10\0\0\xff\xff\xff\xff\x05\0\x6c\xff\0\0\0\0\x79\x16\0\0\
\0\0\0\0\x79\x63\x10\0\0\0\0\0\x18\x07\0\0\0\0\0\0\0\0\0\0\0\0\0\0\x18\x01\0\0\
\0\0\0\0\0\0\0\0\0\0\0\0\x07\x01\0\0\x10\0\0\0\xb4\x02\0\0\x80\0\0\0\x85\0\0\0\
\x73\0\0\0\x18\x01\0\0\0\0\0\0\0\0\0\0\0\0\0\0\x07\x01\0\0\x90\0\0\0\x79\x63\
\x28\0\0\0\0\0\xb4\x02\0\0\0\x04\0\0\x85\0\0\0\x73\0\0\0\x18\x01\0\0\0\0\0\0\0\
\0\0\0\0\0\0\0\x61\x12\0\0\0\0\0\0\x79\x63\x30\0\0\0\0\0\x18\x01\0\0\0\0\0\0\0\
\0\0\0\0\0\0\0\x85\0\0\0\x73\0\0\0\xb7\x01\0\0\x01\0\0\0\x16\x01\x02\0\0\0\0\0\
\x79\x61\x08\0\0\0\0\0\x7b\x17\x08\0\0\0\0\0\x61\x61\0\0\0\0\0\0\x61\x70\0\0\0\
\0\0\0\xc3\x17\0\0\xf1\0\0\0\x95\0\0\0\0\0\0\0\x18\x01\0\0\0\0\0\0\0\0\0\0\0\0\
\0\0\xb7\x02\0\0\x20\0\0\0\xb7\x03\0\0\0\0\0\0\x85\0\0\0\x83\0\0\0\x55\0\x05\0\
\0\0\0\0\x18\x01\0\0\x48\0\0\0\0\0\0\0\0\0\0\0\xb4\x02\0\0\x21\0\0\0\x85\0\0\0\
\x06\0\0\0\x05\0\x13\0\0\0\0\0\x18\x01\0\0\0\0\0\0\0\0\0\0\0\0\0\0\x79\x11\0\0\
\0\0\0\0\x7b\x10\0\0\0\0\0\0\x18\x01\0\0\0\0\0\0\0\0\0\0\0\0\0\0\x79\x11\0\0\0\
\0\0\0\x7b\x10\x08\0\0\0\0\0\x18\x01\0\0\0\0\0\0\0\0\0\0\0\0\0\0\x79\x11\0\0\0\
\0\0\0\x7b\x10\x10\0\0\0\0\0\x18\x01\0\0\0\0\0\0\0\0\0\0\0\0\0\0\x79\x11\0\0\0\
\0\0\0\x7b\x10\x18\0\0\0\0\0\xbf\x01\0\0\0\0\0\0\xb7\x02\0\0\0\0\0\0\x85\0\0\0\
\x84\0\0\0\xb4\0\0\0\0\0\0\0\x95\0\0\0\0\0\0\0\x44\x75\x61\x6c\x20\x42\x53\x44\
\x2f\x47\x50\x4c\0\0\0\0\x80\x84\x1e\0\0\0\0\0\x05\0\0\0\0\0\0\0\x02\0\0\0\0\0\
\0\0\0\x2d\x31\x01\0\0\0\0\0\0\0\0\0\0\0\0\0\xca\x9a\x3b\0\0\0\0\x05\0\0\0\0\0\
\0\0\x73\x74\x72\x65\x73\x73\x2d\x6e\x67\0\0\0\x01\0\0\0\x63\x70\x75\x20\x6d\
\x61\x73\x6b\x20\x72\x69\x6e\x67\x62\x75\x66\x20\x72\x65\x73\x65\x72\x76\x65\
\x20\x66\x61\x69\x6c\x65\x64\x0a\0\0\0\0\0\0\0\0\0\0\0\0\0\0\0\0\0\0\0\0\0\0\0\
\0\0\0\0\0\0\0\0\0\0\0\0\0\0\0\0\0\0\0\0\0\0\0\0\0\0\0\0\0\0\0\0\0\0\0\0\0\0\0\
\0\0\0\0\0\0\0\0\0\0\0\0\0\0\0\0\0\0\0\0\0\0\0\0\0\0\0\0\0\0\0\0\0\0\0\0\0\0\0\
\0\0\0\0\0\0\0\0\0\0\0\0\0\0\0\0\0\0\0\0\0\0\0\0\0\0\0\0\0\0\0\0\0\0\0\0\0\0\0\
\0\0\0\0\0\0\0\0\0\0\0\0\0\0\0\0\0\0\0\0\0\0\0\0\0\0\0\0\0\0\0\0\0\0\0\0\0\0\0\
\0\0\0\0\0\0\0\0\0\0\0\0\0\0\0\0\0\0\0\0\0\0\0\0\0\0\0\0\0\0\0\0\0\0\0\0\0\0\0\
\0\0\0\0\0\0\0\0\0\0\0\0\0\0\0\0\0\0\0\0\0\0\0\0\0\0\0\0\0\0\0\0\0\0\0\0\0\0\0\
\0\0\0\0\0\0\0\0\0\0\0\0\0\0\0\0\0\0\0\0\0\0\0\0\0\0\0\0\0\0\0\0\0\0\0\0\0\0\0\
\0\0\0\0\0\0\0\0\0\0\0\0\0\0\0\0\0\0\0\0\0\0\0\0\0\0\0\0\0\0\0\0\0\0\0\0\0\0\0\
\0\0\0\0\0\0\0\0\0\0\0\0\0\0\0\0\0\0\0\0\0\0\0\0\0\0\0\0\0\0\0\0\0\0\0\0\0\0\0\
\0\0\0\0\0\0\0\0\0\0\0\0\0\0\0\0\0\0\0\0\0\0\0\0\0\0\0\0\0\0\0\0\0\0\0\0\0\0\0\
\0\0\0\0\0\0\0\0\0\0\0\0\0\0\0\0\0\0\0\0\0\0\0\0\0\0\0\0\0\0\0\0\0\0\0\0\0\0\0\
\0\0\0\0\0\0\0\0\0\0\0\0\0\0\0\0\0\0\0\0\0\0\0\0\0\0\0\0\0\0\0\0\0\0\0\0\0\0\0\
\0\0\0\0\0\0\0\0\0\0\0\0\0\0\0\0\0\0\0\0\0\0\0\0\0\0\0\0\0\0\0\0\0\0\0\0\0\0\0\
\0\0\0\0\0\0\0\0\0\0\0\0\0\0\0\0\0\0\0\0\0\0\0\0\0\0\0\0\0\0\0\0\0\0\0\0\0\0\0\
\0\0\0\0\0\0\0\0\0\0\0\0\0\0\0\0\0\0\0\0\0\0\0\0\0\0\0\0\0\0\0\0\0\0\0\0\0\0\0\
\0\0\0\0\0\0\0\0\0\0\0\0\0\0\0\0\x6e\x65\x73\x74\0\0\0\0\0\0\0\0\0\0\0\0\0\0\0\
\0\0\0\0\0\0\0\0\0\0\0\0\0\0\0\0\0\0\0\0\0\0\0\0\0\0\0\0\0\0\0\0\0\0\0\0\0\0\0\
\0\0\0\0\0\0\0\0\0\0\0\0\0\0\0\0\0\0\0\0\0\0\0\0\0\0\0\0\0\0\0\0\0\0\0\0\0\0\0\
\0\0\0\0\0\0\0\0\0\0\0\0\0\0\0\0\0\0\0\0\0\0\0\0\0\0\0\0\0\0\0\0\0\0\0\0\0\0\0\
\0\0\0\0\0\0\0\0\0\0\0\0\0\0\0\0\0\0\0\0\0\0\0\0\0\0\0\0\0\0\0\0\0\0\0\0\0\0\0\
\0\0\0\0\0\0\0\0\0\0\0\0\0\0\0\0\0\0\0\0\0\0\0\0\0\0\0\0\0\0\0\0\0\0\0\0\0\0\0\
\0\0\0\0\0\0\0\0\0\0\0\0\0\0\0\0\0\0\0\0\0\0\0\0\0\0\0\0\0\0\0\0\0\0\0\0\0\0\0\
\0\0\0\0\0\0\0\0\0\0\0\0\0\0\0\0\0\0\0\0\0\0\0\0\0\0\0\0\0\0\0\0\0\0\0\0\0\0\0\
\0\0\0\0\0\0\0\0\0\0\0\0\0\0\0\0\0\0\0\0\0\0\0\0\0\0\0\0\0\0\0\0\0\0\0\0\0\0\0\
\0\0\0\0\0\0\0\0\0\0\0\0\0\0\0\0\0\0\0\0\0\0\0\0\0\0\0\0\0\0\0\0\0\0\0\0\0\0\0\
\0\0\0\0\0\0\0\0\0\0\0\0\0\0\0\0\0\0\0\0\0\0\0\0\0\0\0\0\0\0\0\0\0\0\0\0\0\0\0\
\0\0\0\0\0\0\0\0\0\0\0\0\0\0\0\0\0\0\0\0\0\0\0\0\0\0\0\0\0\0\0\0\0\0\0\0\0\0\0\
\0\0\0\0\0\0\0\0\0\0\0\0\0\0\0\0\0\0\0\0\0\0\0\0\0\0\0\0\0\0\0\0\0\0\0\0\0\0\0\
\0\0\0\0\0\0\0\0\0\0\0\0\0\0\0\0\0\0\0\0\0\0\0\0\0\0\0\0\0\0\0\0\0\0\0\0\0\0\0\
\0\0\0\0\0\0\0\0\0\0\0\0\0\0\0\0\0\0\0\0\0\0\0\0\0\0\0\0\0\0\0\0\0\0\0\0\0\0\0\
\0\0\0\0\0\0\0\0\0\0\0\0\0\0\0\0\0\0\0\0\0\0\0\0\0\0\0\0\0\0\0\0\0\0\0\0\0\0\0\
\0\0\0\0\0\0\0\0\0\0\0\0\0\0\0\0\0\0\0\0\0\0\0\0\0\0\0\0\0\0\0\0\0\0\0\0\0\0\0\
\0\0\0\0\0\0\0\0\0\0\0\0\0\0\0\0\0\0\0\0\0\0\0\0\0\0\0\0\0\0\0\0\0\0\0\0\0\0\0\
\0\0\0\0\0\0\0\0\0\0\0\0\0\0\0\0\0\0\0\0\0\0\0\0\0\0\0\0\0\0\0\0\0\0\0\0\0\0\0\
\0\0\0\0\0\0\0\0\0\0\0\0\0\0\0\0\0\0\0\0\0\0\0\0\0\0\0\0\0\0\0\0\0\0\0\0\0\0\0\
\0\0\0\0\0\0\0\0\0\0\0\0\0\0\0\0\0\0\0\0\0\0\0\0\0\0\0\0\0\0\0\0\0\0\0\0\0\0\0\
\0\0\0\0\0\0\0\0\0\0\0\0\0\0\0\0\0\0\0\0\0\0\0\0\0\0\0\0\0\0\0\0\0\0\0\0\0\0\0\
\0\0\0\0\0\0\0\0\0\0\0\0\0\0\0\0\0\0\0\0\0\0\0\0\0\0\0\0\0\0\0\0\0\0\0\0\0\0\0\
\0\0\0\0\0\0\0\0\0\0\0\0\0\0\0\0\0\0\0\0\0\0\0\0\0\0\0\0\0\0\0\0\0\0\0\0\0\0\0\
\0\0\0\0\0\0\0\0\0\0\0\0\0\0\0\0\0\0\0\0\0\0\0\0\0\0\0\0\0\0\0\0\0\0\0\0\0\0\0\
\0\0\0\0\0\0\0\0\0\0\0\0\0\0\0\0\0\0\0\0\0\0\0\0\0\0\0\0\0\0\0\0\0\0\0\0\0\0\0\
\0\0\0\0\0\0\0\0\0\0\0\0\0\0\0\0\0\0\0\0\0\0\0\0\0\0\0\0\0\0\0\0\0\0\0\0\0\0\0\
\0\0\0\0\0\0\0\0\0\0\0\0\0\0\0\0\0\0\0\0\0\0\0\0\0\0\0\0\0\0\0\0\0\0\0\0\0\0\0\
\0\0\0\0\0\0\0\0\0\0\0\0\0\0\0\0\0\0\0\0\0\0\0\0\0\0\0\0\0\0\0\0\0\0\0\0\0\0\0\
\0\0\0\0\0\0\0\0\0\0\0\0\0\0\0\0\0\0\0\0\0\0\0\0\0\0\0\0\0\0\0\0\0\0\0\0\0\0\0\
\0\0\0\0\0\0\0\0\0\0\0\0\0\0\0\0\0\0\0\0\0\0\0\0\0\0\0\0\0\0\0\0\0\0\0\0\0\0\0\
\0\0\0\0\0\0\0\0\0\0\0\0\0\0\0\0\0\0\0\0\0\0\0\0\0\0\0\0\0\0\0\0\0\0\0\0\0\0\0\
\0\0\0\0\0\0\0\0\0\0\0\0\0\0\0\0\0\0\0\0\0\0\0\0\0\0\0\0\0\0\0\0\0\0\0\0\0\0\0\
\0\0\0\0\0\0\0\0\0\0\0\0\0\0\0\0\0\0\0\0\0\0\0\0\0\0\0\0\0\0\0\0\0\0\0\0\0\x46\
\x61\x69\x6c\x65\x64\x20\x74\x6f\x20\x63\x61\x6e\x63\x65\x6c\x20\x70\x63\x70\
\x75\x20\x74\x69\x6d\x65\x72\0\x46\x61\x69\x6c\x65\x64\x20\x74\x6f\x20\x72\x65\
\x2d\x61\x72\x6d\x20\x70\x63\x70\x75\x20\x74\x69\x6d\x65\x72\0\x46\x61\x69\x6c\
\x65\x64\x20\x74\x6f\x20\x6c\x6f\x6f\x6b\x75\x70\x20\x70\x63\x70\x75\x20\x63\
\x74\x78\0\x43\x6f\x75\x6c\x64\x6e\x27\x74\x20\x6c\x6f\x6f\x6b\x75\x70\x20\x70\
\x63\x70\x75\x20\x63\x74\x78\0\x43\x6f\x75\x6c\x64\x6e\x27\x74\x20\x66\x69\x6e\
\x64\x20\x70\x72\x69\x6d\x61\x72\x79\x20\x6f\x72\x20\x72\x65\x73\x65\x72\x76\
\x65\0\x55\x6e\x61\x62\x6c\x65\x20\x74\x6f\x20\x66\x69\x6e\x64\x20\x74\x61\x73\
\x6b\x20\x63\x74\x78\0\x4e\x6f\x20\x70\x72\x69\x6d\x61\x72\x79\x20\x6f\x72\x20\
\x72\x65\x73\x65\x72\x76\x65\x20\x63\x70\x75\x6d\x61\x73\x6b\0\x46\x61\x69\x6c\
\x65\x64\x20\x74\x6f\x20\x6c\x6f\x6f\x6b\x75\x70\x20\x70\x63\x70\x75\x20\x63\
\x74\x78\0\x46\x61\x69\x6c\x65\x64\x20\x74\x6f\x20\x63\x72\x65\x61\x74\x65\x20\
\x66\x61\x6c\x6c\x62\x61\x63\x6b\x20\x44\x53\x51\0\x46\x61\x69\x6c\x65\x64\x20\
\x74\x6f\x20\x6c\x6f\x6f\x6b\x75\x70\x20\x70\x63\x70\x75\x5f\x63\x74\x78\0\x46\
\x61\x69\x6c\x65\x64\x20\x74\x6f\x20\x69\x6e\x69\x74\x69\x61\x6c\x69\x7a\x65\
\x20\x70\x63\x70\x75\x20\x74\x69\x6d\x65\x72\0\x46\x61\x69\x6c\x65\x64\x20\x74\
\x6f\x20\x73\x65\x74\x20\x70\x63\x70\x75\x20\x74\x69\x6d\x65\x72\x20\x63\x61\
\x6c\x6c\x62\x61\x63\x6b\0\x46\x61\x69\x6c\x65\x64\x20\x74\x6f\x20\x6c\x6f\x6f\
\x6b\x75\x70\x20\x63\x65\x6e\x74\x72\x61\x6c\x20\x74\x69\x6d\x65\x72\0\x46\x61\
\x69\x6c\x65\x64\x20\x74\x6f\x20\x61\x72\x6d\x20\x73\x74\x61\x74\x73\x20\x74\
\x69\x6d\x65\x72\0\x46\x61\x69\x6c\x65\x64\x20\x74\x6f\x20\x6c\x6f\x6f\x6b\x75\
\x70\x20\x70\x72\x69\x6d\x61\x72\x79\x20\x6f\x72\x20\x72\x65\x73\x65\x72\x76\
\x65\0\x46\x61\x69\x6c\x65\x64\x20\x74\x6f\x20\x61\x72\x6d\x20\x73\x74\x61\x74\
\x73\x20\x74\x69\x6d\x65\x72\0\0\0\0\0\0\0\0\0\0\0\0\0\0\0\0\0\0\0\0\x40\0\0\0\
\0\0\0\0\x01\0\0\0\x30\0\0\0\x88\0\0\0\0\0\0\0\x01\0\0\0\x31\0\0\0\xd0\0\0\0\0\
\0\0\0\x01\0\0\0\x25\0\0\0\xe8\0\0\0\0\0\0\0\x0a\0\0\0\x32\0\0\0\xf8\0\0\0\0\0\
\0\0\x0a\0\0\0\x29\0\0\0\0\x01\0\0\0\0\0\0\x01\0\0\0\x2a\0\0\0\x20\x01\0\0\0\0\
\0\0\x01\0\0\0\x2b\0\0\0\x60\x01\0\0\0\0\0\0\x01\0\0\0\x25\0\0\0\x78\x01\0\0\0\
\0\0\0\x0a\0\0\0\x32\0\0\0\x80\x01\0\0\0\0\0\0\x0a\0\0\0\x2c\0\0\0\x98\x01\0\0\
\0\0\0\0\x0a\0\0\0\x36\0\0\0\xa8\x01\0\0\0\0\0\0\x01\0\0\0\x3a\0\0\0\xc0\x01\0\
\0\0\0\0\0\x01\0\0\0\x24\0\0\0\x08\x02\0\0\0\0\0\0\x0a\0\0\0\x35\0\0\0\x30\x02\
\0\0\0\0\0\0\x01\0\0\0\x30\0\0\0\x60\x02\0\0\0\0\0\0\x0a\0\0\0\x36\0\0\0\x88\
\x02\0\0\0\0\0\0\x01\0\0\0\x30\0\0\0\xc0\x02\0\0\0\0\0\0\x0a\0\0\0\x2c\0\0\0\
\x58\x03\0\0\0\0\0\0\x01\0\0\0\x5a\0\0\0\xa0\x03\0\0\0\0\0\0\x01\0\0\0\x5b\0\0\
\0\xd0\x03\0\0\0\0\0\0\x01\0\0\0\x37\0\0\0\xe8\x03\0\0\0\0\0\0\x01\0\0\0\x24\0\
\0\0\x48\x04\0\0\0\0\0\0\x01\0\0\0\x5c\0\0\0\xd0\x04\0\0\0\0\0\0\x01\0\0\0\x37\
\0\0\0\xe8\x04\0\0\0\0\0\0\x01\0\0\0\x24\0\0\0\x58\x05\0\0\0\0\0\0\x0a\0\0\0\
\x3c\0\0\0\x78\x05\0\0\0\0\0\0\x01\0\0\0\x57\0\0\0\x98\x05\0\0\0\0\0\0\x01\0\0\
\0\x56\0\0\0\xb0\x05\0\0\0\0\0\0\x01\0\0\0\x58\0\0\0\xc8\x05\0\0\0\0\0\0\x01\0\
\0\0\x59\0\0\0\xe0\x05\0\0\0\0\0\0\x0a\0\0\0\x29\0\0\0\xe8\x05\0\0\0\0\0\0\x01\
\0\0\0\x2a\0\0\0\x08\x06\0\0\0\0\0\0\x01\0\0\0\x2b\0\0\0\x30\x06\0\0\0\0\0\0\
\x0a\0\0\0\x2c\0\0\0\x50\x06\0\0\0\0\0\0\x01\0\0\0\x25\0\0\0\x70\x06\0\0\0\0\0\
\0\x0a\0\0\0\x5d\0\0\0\x80\x06\0\0\0\0\0\0\x01\0\0\0\x4a\0\0\0\xb8\x06\0\0\0\0\
\0\0\x0a\0\0\0\x4b\0\0\0\xc8\x06\0\0\0\0\0\0\x0a\0\0\0\x4c\0\0\0\xe8\x06\0\0\0\
\0\0\0\x01\0\0\0\x4a\0\0\0\x18\x07\0\0\0\0\0\0\x0a\0\0\0\x4d\0\0\0\x20\x07\0\0\
\0\0\0\0\x0a\0\0\0\x2c\0\0\0\x30\x07\0\0\0\0\0\0\x0a\0\0\0\x5e\0\0\0\x38\x07\0\
\0\0\0\0\0\x01\0\0\0\x4f\0\0\0\x98\x07\0\0\0\0\0\0\x0a\0\0\0\x2e\0\0\0\xa0\x07\
\0\0\0\0\0\0\x01\0\0\0\x56\0\0\0\xd0\x07\0\0\0\0\0\0\x0a\0\0\0\x2e\0\0\0\xe0\
\x07\0\0\0\0\0\0\x01\0\0\0\x57\0\0\0\xf8\x07\0\0\0\0\0\0\x01\0\0\0\x58\0\0\0\
\x40\x08\0\0\0\0\0\0\x0a\0\0\0\x2e\0\0\0\x58\x08\0\0\0\0\0\0\x01\0\0\0\x59\0\0\
\0\x90\x08\0\0\0\0\0\0\x0a\0\0\0\x4c\0\0\0\xc0\x08\0\0\0\0\0\0\x01\0\0\0\x25\0\
\0\0\xd8\x08\0\0\0\0\0\0\x0a\0\0\0\x32\0\0\0\x18\0\0\0\0\0\0\0\x01\0\0\0\x28\0\
\0\0\x60\0\0\0\0\0\0\0\x0a\0\0\0\x29\0\0\0\x78\0\0\0\0\0\0\0\x01\0\0\0\x2a\0\0\
\0\x98\0\0\0\0\0\0\0\x01\0\0\0\x2b\0\0\0\xc0\0\0\0\0\0\0\0\x0a\0\0\0\x2c\0\0\0\
\xf8\0\0\0\0\0\0\0\x0a\0\0\0\x2d\0\0\0\x10\x01\0\0\0\0\0\0\x0a\0\0\0\x2e\0\0\0\
\x30\x01\0\0\0\0\0\0\x0a\0\0\0\x2f\0\0\0\x78\x01\0\0\0\0\0\0\x01\0\0\0\x30\0\0\
\0\xc0\x01\0\0\0\0\0\0\x0a\0\0\0\x2e\0\0\0\xe0\x01\0\0\0\0\0\0\x0a\0\0\0\x2f\0\
\0\0\x20\x02\0\0\0\0\0\0\x01\0\0\0\x30\0\0\0\x80\x02\0\0\0\0\0\0\x01\0\0\0\x31\
\0\0\0\xf0\x02\0\0\0\0\0\0\x01\0\0\0\x25\0\0\0\x08\x03\0\0\0\0\0\0\x0a\0\0\0\
\x32\0\0\0\x18\x03\0\0\0\0\0\0\x01\0\0\0\x02\0\0\0\x58\x03\0\0\0\0\0\0\x01\0\0\
\0\x25\0\0\0\x70\x03\0\0\0\0\0\0\x0a\0\0\0\x32\0\0\0\xa8\x03\0\0\0\0\0\0\x01\0\
\0\0\x30\0\0\0\xe8\x03\0\0\0\0\0\0\x01\0\0\0\x33\0\0\0\x18\x04\0\0\0\0\0\0\x0a\
\0\0\0\x34\0\0\0\x50\x04\0\0\0\0\0\0\x01\0\0\0\x30\0\0\0\x88\x04\0\0\0\0\0\0\
\x0a\0\0\0\x34\0\0\0\xc0\x04\0\0\0\0\0\0\x01\0\0\0\x30\0\0\0\x08\x05\0\0\0\0\0\
\0\x01\0\0\0\x25\0\0\0\x20\x05\0\0\0\0\0\0\x0a\0\0\0\x32\0\0\0\x38\x05\0\0\0\0\
\0\0\x0a\0\0\0\x35\0\0\0\x50\x05\0\0\0\0\0\0\x0a\0\0\0\x2e\0\0\0\x78\x05\0\0\0\
\0\0\0\x01\0\0\0\x24\0\0\0\xa0\x05\0\0\0\0\0\0\x0a\0\0\0\x36\0\0\0\xa8\x05\0\0\
\0\0\0\0\x0a\0\0\0\x2c\0\0\0\xf0\x05\0\0\0\0\0\0\x0a\0\0\0\x02\0\0\0\x30\x06\0\
\0\0\0\0\0\x01\0\0\0\x37\0\0\0\x58\x06\0\0\0\0\0\0\x0a\0\0\0\x38\0\0\0\x80\x06\
\0\0\0\0\0\0\x01\0\0\0\x39\0\0\0\xf8\x06\0\0\0\0\0\0\x01\0\0\0\x30\0\0\0\x50\
\x07\0\0\0\0\0\0\x0a\0\0\0\x2d\0\0\0\x58\x07\0\0\0\0\0\0\x01\0\0\0\x33\0\0\0\
\x88\x07\0\0\0\0\0\0\x0a\0\0\0\x34\0\0\0\xc0\x07\0\0\0\0\0\0\x01\0\0\0\x30\0\0\
\0\x18\x08\0\0\0\0\0\0\x0a\0\0\0\x34\0\0\0\x50\x08\0\0\0\0\0\0\x01\0\0\0\x30\0\
\0\0\xb0\x08\0\0\0\0\0\0\x01\0\0\0\x30\0\0\0\x08\x09\0\0\0\0\0\0\x0a\0\0\0\x34\
\0\0\0\x50\x09\0\0\0\0\0\0\x01\0\0\0\x30\0\0\0\x98\x09\0\0\0\0\0\0\x0a\0\0\0\
\x2e\0\0\0\xc0\x09\0\0\0\0\0\0\x0a\0\0\0\x2e\0\0\0\xe8\x09\0\0\0\0\0\0\x01\0\0\
\0\x3a\0\0\0\0\x0a\0\0\0\0\0\0\x01\0\0\0\x24\0\0\0\x50\x0a\0\0\0\0\0\0\x0a\0\0\
\0\x35\0\0\0\x78\x0a\0\0\0\0\0\0\x01\0\0\0\x30\0\0\0\xb8\x0a\0\0\0\0\0\0\x0a\0\
\0\0\x2c\0\0\0\xc8\x0a\0\0\0\0\0\0\x0a\0\0\0\x2c\0\0\0\xf8\x0a\0\0\0\0\0\0\x0a\
\0\0\0\x36\0\0\0\x20\x0b\0\0\0\0\0\0\x01\0\0\0\x30\0\0\0\x20\0\0\0\0\0\0\0\x01\
\0\0\0\x28\0\0\0\x70\0\0\0\0\0\0\0\x01\0\0\0\x25\0\0\0\x88\0\0\0\0\0\0\0\x0a\0\
\0\0\x32\0\0\0\x98\0\0\0\0\0\0\0\x01\0\0\0\x24\0\0\0\xc0\0\0\0\0\0\0\0\x01\0\0\
\0\x37\0\0\0\x10\x01\0\0\0\0\0\0\x0a\0\0\0\x02\0\0\0\x20\x01\0\0\0\0\0\0\x01\0\
\0\0\x37\0\0\0\x58\x01\0\0\0\0\0\0\x0a\0\0\0\x3c\0\0\0\0\0\0\0\0\0\0\0\x01\0\0\
\0\x2b\0\0\0\x30\0\0\0\0\0\0\0\x01\0\0\0\x2a\0\0\0\x78\0\0\0\0\0\0\0\x01\0\0\0\
\x25\0\0\0\xa0\0\0\0\0\0\0\0\x01\0\0\0\x31\0\0\0\xe0\0\0\0\0\0\0\0\x01\0\0\0\
\x25\0\0\0\xf8\0\0\0\0\0\0\0\x0a\0\0\0\x32\0\0\0\x18\x01\0\0\0\0\0\0\x0a\0\0\0\
\x3e\0\0\0\x40\x01\0\0\0\0\0\0\x0a\0\0\0\x2e\0\0\0\x70\x01\0\0\0\0\0\0\x01\0\0\
\0\x37\0\0\0\xa8\x01\0\0\0\0\0\0\x0a\0\0\0\x38\0\0\0\xe0\x01\0\0\0\0\0\0\x01\0\
\0\0\x30\0\0\0\x50\x02\0\0\0\0\0\0\x0a\0\0\0\x3f\0\0\0\x80\x02\0\0\0\0\0\0\x01\
\0\0\0\x30\0\0\0\xc8\x02\0\0\0\0\0\0\x0a\0\0\0\x36\0\0\0\xd0\x02\0\0\0\0\0\0\
\x01\0\0\0\x3a\0\0\0\xe8\x02\0\0\0\0\0\0\x01\0\0\0\x24\0\0\0\x38\x03\0\0\0\0\0\
\0\x0a\0\0\0\x35\0\0\0\x60\x03\0\0\0\0\0\0\x01\0\0\0\x30\0\0\0\xa0\x03\0\0\0\0\
\0\0\x01\0\0\0\x40\0\0\0\xe8\x03\0\0\0\0\0\0\x01\0\0\0\x30\0\0\0\x20\x04\0\0\0\
\0\0\0\x0a\0\0\0\x36\0\0\0\x48\x04\0\0\0\0\0\0\x01\0\0\0\x30\0\0\0\x90\x04\0\0\
\0\0\0\0\x01\0\0\0\x30\0\0\0\x08\0\0\0\0\0\0\0\x01\0\0\0\x24\0\0\0\x08\0\0\0\0\
\0\0\0\x01\0\0\0\x37\0\0\0\x08\0\0\0\0\0\0\0\x01\0\0\0\x28\0\0\0\x48\0\0\0\0\0\
\0\0\x0a\0\0\0\x44\0\0\0\x80\0\0\0\0\0\0\0\x0a\0\0\0\x45\0\0\0\x08\0\0\0\0\0\0\
\0\x01\0\0\0\x24\0\0\0\x28\0\0\0\0\0\0\0\x0a\0\0\0\x48\0\0\0\x58\0\0\0\0\0\0\0\
\x01\0\0\0\x25\0\0\0\x70\0\0\0\0\0\0\0\x0a\0\0\0\x32\0\0\0\x88\0\0\0\0\0\0\0\
\x0a\0\0\0\x44\0\0\0\xb0\0\0\0\0\0\0\0\x0a\0\0\0\x49\0\0\0\xb8\0\0\0\0\0\0\0\
\x01\0\0\0\x2a\0\0\0\xe8\0\0\0\0\0\0\0\x0a\0\0\0\x45\0\0\0\xf0\0\0\0\0\0\0\0\
\x0a\0\0\0\x44\0\0\0\x10\x01\0\0\0\0\0\0\x0a\0\0\0\x49\0\0\0\x18\x01\0\0\0\0\0\
\0\x01\0\0\0\x2b\0\0\0\x48\x01\0\0\0\0\0\0\x0a\0\0\0\x45\0\0\0\x50\x01\0\0\0\0\
\0\0\x01\0\0\0\x4a\0\0\0\x90\x01\0\0\0\0\0\0\x0a\0\0\0\x4b\0\0\0\xa0\x01\0\0\0\
\0\0\0\x0a\0\0\0\x4c\0\0\0\xe8\x01\0\0\0\0\0\0\x01\0\0\0\x31\0\0\0\x30\x02\0\0\
\0\0\0\0\x01\0\0\0\x25\0\0\0\x48\x02\0\0\0\0\0\0\x0a\0\0\0\x32\0\0\0\x70\x02\0\
\0\0\0\0\0\x01\0\0\0\x31\0\0\0\xb8\x02\0\0\0\0\0\0\x01\0\0\0\x25\0\0\0\xd8\x02\
\0\0\0\0\0\0\x01\0\0\0\x02\0\0\0\x18\x03\0\0\0\0\0\0\x01\0\0\0\x25\0\0\0\x40\
\x03\0\0\0\0\0\0\x0a\0\0\0\x4c\0\0\0\x68\x03\0\0\0\0\0\0\x0a\0\0\0\x4d\0\0\0\
\x80\x03\0\0\0\0\0\0\x01\0\0\0\x4e\0\0\0\xc8\x03\0\0\0\0\0\0\x01\0\0\0\x25\0\0\
\0\xe0\x03\0\0\0\0\0\0\x0a\0\0\0\x32\0\0\0\0\x04\0\0\0\0\0\0\x01\0\0\0\x4e\0\0\
\0\x28\x04\0\0\0\0\0\0\x01\0\0\0\x02\0\0\0\x40\x04\0\0\0\0\0\0\x01\0\0\0\x4f\0\
\0\0\xb0\x04\0\0\0\0\0\0\x01\0\0\0\x25\0\0\0\xc8\x04\0\0\0\0\0\0\x0a\0\0\0\x32\
\0\0\0\xe8\x04\0\0\0\0\0\0\x0a\0\0\0\x32\0\0\0\x08\x05\0\0\0\0\0\0\x0a\0\0\0\
\x4d\0\0\0\x10\0\0\0\0\0\0\0\x01\0\0\0\x51\0\0\0\x20\0\0\0\0\0\0\0\x01\0\0\0\
\x51\0\0\0\x48\0\0\0\0\0\0\0\x01\0\0\0\x51\0\0\0\x78\0\0\0\0\0\0\0\x01\0\0\0\
\x52\0\0\0\x98\0\0\0\0\0\0\0\x01\0\0\0\x53\0\0\0\0\0\0\0\0\0\0\0\x01\0\0\0\x55\
\0\0\0\x30\0\0\0\0\0\0\0\x01\0\0\0\x23\0\0\0\x58\0\0\0\0\0\0\0\x01\0\0\0\x56\0\
\0\0\x78\0\0\0\0\0\0\0\x01\0\0\0\x57\0\0\0\x98\0\0\0\0\0\0\0\x01\0\0\0\x58\0\0\
\0\xb8\0\0\0\0\0\0\0\x01\0\0\0\x59\0\0\0\0\0\0\0\0\0\0\0\x02\0\0\0\x27\0\0\0\
\x08\0\0\0\0\0\0\0\x02\0\0\0\x3b\0\0\0\x18\0\0\0\0\0\0\0\x02\0\0\0\x3d\0\0\0\
\x30\0\0\0\0\0\0\0\x02\0\0\0\x41\0\0\0\x38\0\0\0\0\0\0\0\x02\0\0\0\x42\0\0\0\
\x80\0\0\0\0\0\0\0\x02\0\0\0\x43\0\0\0\x90\0\0\0\0\0\0\0\x02\0\0\0\x46\0\0\0\
\xf8\0\0\0\0\0\0\0\x02\0\0\0\x47\0\0\0\0\x01\0\0\0\0\0\0\x02\0\0\0\x50\0\0\0\
\x9f\xeb\x01\0\x18\0\0\0\0\0\0\0\xfc\x69\0\0\xfc\x69\0\0\x06\x60\0\0\0\0\0\0\0\
\0\0\x02\x03\0\0\0\x01\0\0\0\0\0\0\x01\x04\0\0\0\x20\0\0\x01\0\0\0\0\0\0\0\x03\
\0\0\0\0\x02\0\0\0\x04\0\0\0\x1b\0\0\0\x05\0\0\0\0\0\0\x01\x04\0\0\0\x20\0\0\0\
\0\0\0\0\0\0\0\x02\x06\0\0\0\0\0\0\0\0\0\0\x03\0\0\0\0\x02\0\0\0\x04\0\0\0\0\0\
\x08\0\0\0\0\0\x02\0\0\x04\x10\0\0\0\x19\0\0\0\x01\0\0\0\0\0\0\0\x1e\0\0\0\x05\
\0\0\0\x40\0\0\0\x2a\0\0\0\0\0\0\x0e\x07\0\0\0\x01\0\0\0\0\0\0\0\0\0\0\x02\x0a\
\0\0\0\0\0\0\0\0\0\0\x03\0\0\0\0\x02\0\0\0\x04\0\0\0\x1d\0\0\0\0\0\0\0\0\0\0\
\x02\x0c\0\0\0\0\0\0\0\0\0\0\x03\0\0\0\0\x02\0\0\0\x04\0\0\0\x01\0\0\0\0\0\0\0\
\0\0\0\x02\x02\0\0\0\0\0\0\0\0\0\0\x02\x0f\0\0\0\x3a\0\0\0\x04\0\0\x04\x18\0\0\
\0\x43\0\0\0\x10\0\0\0\0\0\0\0\x4c\0\0\0\x11\0\0\0\x40\0\0\0\x58\0\0\0\x14\0\0\
\0\x60\0\0\0\x66\0\0\0\x14\0\0\0\x80\0\0\0\0\0\0\0\0\0\0\x02\xa0\x02\0\0\x6f\0\
\0\0\0\0\0\x08\x12\0\0\0\x73\0\0\0\0\0\0\x08\x13\0\0\0\x79\0\0\0\0\0\0\x01\x04\
\0\0\0\x20\0\0\0\x86\0\0\0\0\0\0\x08\x15\0\0\0\x8a\0\0\0\0\0\0\x08\x02\0\0\0\0\
\0\0\0\x04\0\0\x04\x20\0\0\0\x19\0\0\0\x09\0\0\0\0\0\0\0\x90\0\0\0\x0b\0\0\0\
\x40\0\0\0\x9a\0\0\0\x0d\0\0\0\x80\0\0\0\x9e\0\0\0\x0e\0\0\0\xc0\0\0\0\xa4\0\0\
\0\0\0\0\x0e\x16\0\0\0\x01\0\0\0\0\0\0\0\0\0\0\x02\x19\0\0\0\0\0\0\0\0\0\0\x03\
\0\0\0\0\x02\0\0\0\x04\0\0\0\x02\0\0\0\0\0\0\0\0\0\0\x02\x1b\0\0\0\0\0\0\0\0\0\
\0\x03\0\0\0\0\x02\0\0\0\x04\0\0\0\0\x04\0\0\0\0\0\0\0\0\0\x02\x14\0\0\0\0\0\0\
\0\0\0\0\x02\x1e\0\0\0\xb2\0\0\0\x02\0\0\x04\x18\0\0\0\xbb\0\0\0\x1f\0\0\0\0\0\
\0\0\xc1\0\0\0\x23\0\0\0\x80\0\0\0\xd6\0\0\0\x01\0\0\x04\x10\0\0\0\xe0\0\0\0\
\x22\0\0\0\0\0\0\0\xe9\0\0\0\0\0\0\x08\x21\0\0\0\xef\0\0\0\0\0\0\x01\x08\0\0\0\
\x40\0\0\0\0\0\0\0\0\0\0\x03\0\0\0\0\x20\0\0\0\x04\0\0\0\x02\0\0\0\x02\x01\0\0\
\0\0\0\x08\x24\0\0\0\x07\x01\0\0\0\0\0\x01\x01\0\0\0\x08\0\0\x04\0\0\0\0\x04\0\
\0\x04\x20\0\0\0\x19\0\0\0\x18\0\0\0\0\0\0\0\x1e\0\0\0\x1a\0\0\0\x40\0\0\0\x9a\
\0\0\0\x1c\0\0\0\x80\0\0\0\x9e\0\0\0\x1d\0\0\0\xc0\0\0\0\x0d\x01\0\0\0\0\0\x0e\
\x25\0\0\0\x01\0\0\0\0\0\0\0\0\0\0\x02\x11\0\0\0\0\0\0\0\0\0\0\x02\x29\0\0\0\
\x17\x01\0\0\x01\0\0\x04\x10\0\0\0\xbb\0\0\0\x1f\0\0\0\0\0\0\0\0\0\0\0\x04\0\0\
\x04\x20\0\0\0\x19\0\0\0\x18\0\0\0\0\0\0\0\x1e\0\0\0\x0b\0\0\0\x40\0\0\0\x9a\0\
\0\0\x27\0\0\0\x80\0\0\0\x9e\0\0\0\x28\0\0\0\xc0\0\0\0\x17\x01\0\0\0\0\0\x0e\
\x2a\0\0\0\x01\0\0\0\0\0\0\0\0\0\0\x02\x2d\0\0\0\0\0\0\0\0\0\0\x03\0\0\0\0\x02\
\0\0\0\x04\0\0\0\0\x02\0\0\x23\x01\0\0\x04\0\0\x04\x20\0\0\0\x19\0\0\0\x0b\0\0\
\0\0\0\0\0\x1e\0\0\0\x2c\0\0\0\x40\0\0\0\x9a\0\0\0\x27\0\0\0\x80\0\0\0\x9e\0\0\
\0\x27\0\0\0\xc0\0\0\0\x30\x01\0\0\0\0\0\x0e\x2e\0\0\0\x01\0\0\0\0\0\0\0\0\0\0\
\x02\x31\0\0\0\0\0\0\0\0\0\0\x03\0\0\0\0\x02\0\0\0\x04\0\0\0\x0c\0\0\0\0\0\0\0\
\0\0\0\x02\x2e\0\0\0\0\0\0\0\0\0\0\x03\0\0\0\0\x32\0\0\0\x04\0\0\0\0\0\0\0\0\0\
\0\0\x04\0\0\x04\x18\0\0\0\x19\0\0\0\x30\0\0\0\0\0\0\0\x1e\0\0\0\x0b\0\0\0\x40\
\0\0\0\x9a\0\0\0\x27\0\0\0\x80\0\0\0\x41\x01\0\0\x33\0\0\0\xc0\0\0\0\x48\x01\0\
\0\0\0\0\x0e\x34\0\0\0\x01\0\0\0\0\0\0\0\0\0\0\x02\x37\0\0\0\0\0\0\0\0\0\0\x03\
\0\0\0\0\x02\0\0\0\x04\0\0\0\0\x90\x01\0\0\0\0\0\0\0\0\x02\x39\0\0\0\x57\x01\0\
\0\x0f\0\0\x04\x70\0\0\0\x66\x01\0\0\x3a\0\0\0\0\0\0\0\x70\x01\0\0\x23\0\0\0\
\xe0\0\0\0\x7a\x01\0\0\x23\0\0\0\xe8\0\0\0\x85\x01\0\0\x23\0\0\0\xf0\0\0\0\x94\
\x01\0\0\x3d\0\0\0\0\x01\0\0\xa1\x01\0\0\x3d\0\0\0\x40\x01\0\0\xb0\x01\0\0\x3d\
\0\0\0\x80\x01\0\0\xbe\x01\0\0\x3d\0\0\0\xc0\x01\0\0\xcc\x01\0\0\x3d\0\0\0\0\
\x02\0\0\xdd\x01\0\0\x3d\0\0\0\x40\x02\0\0\xe7\x01\0\0\x3d\0\0\0\x80\x02\0\0\
\xf7\x01\0\0\x3d\0\0\0\xc0\x02\0\0\x07\x02\0\0\x11\0\0\0\0\x03\0\0\x14\x02\0\0\
\x11\0\0\0\x20\x03\0\0\x23\x02\0\0\x11\0\0\0\x40\x03\0\0\x31\x02\0\0\x04\0\0\
\x04\x1c\0\0\0\x42\x02\0\0\x11\0\0\0\0\0\0\0\x46\x02\0\0\x11\0\0\0\x20\0\0\0\
\x4b\x02\0\0\x11\0\0\0\x40\0\0\0\x52\x02\0\0\x3c\0\0\0\x60\0\0\0\x57\x02\0\0\0\
\0\0\x01\x01\0\0\0\x08\0\0\x01\0\0\0\0\0\0\0\x03\0\0\0\0\x3b\0\0\0\x04\0\0\0\
\x10\0\0\0\x5c\x02\0\0\0\0\0\x08\x20\0\0\0\x60\x02\0\0\x04\0\0\x04\x20\0\0\0\
\x19\0\0\0\x0b\0\0\0\0\0\0\0\x1e\0\0\0\x36\0\0\0\x40\0\0\0\x9a\0\0\0\x27\0\0\0\
\x80\0\0\0\x9e\0\0\0\x38\0\0\0\xc0\0\0\0\x73\x02\0\0\0\0\0\x0e\x3e\0\0\0\x01\0\
\0\0\0\0\0\0\0\0\0\x02\x3e\0\0\0\0\0\0\0\0\0\0\x03\0\0\0\0\x40\0\0\0\x04\0\0\0\
\0\0\0\0\0\0\0\0\x04\0\0\x04\x18\0\0\0\x19\0\0\0\x30\0\0\0\0\0\0\0\x1e\0\0\0\
\x0b\0\0\0\x40\0\0\0\x9a\0\0\0\x27\0\0\0\x80\0\0\0\x41\x01\0\0\x41\0\0\0\xc0\0\
\0\0\x82\x02\0\0\0\0\0\x0e\x42\0\0\0\x01\0\0\0\0\0\0\0\0\0\0\x02\x45\0\0\0\x95\
\x02\0\0\x01\0\0\x04\x10\0\0\0\x52\x02\0\0\x3c\0\0\0\0\0\0\0\0\0\0\0\x04\0\0\
\x04\x20\0\0\0\x19\0\0\0\x0b\0\0\0\0\0\0\0\x1e\0\0\0\x1a\0\0\0\x40\0\0\0\x9a\0\
\0\0\x44\0\0\0\x80\0\0\0\x9e\0\0\0\x27\0\0\0\xc0\0\0\0\x9f\x02\0\0\0\0\0\x0e\
\x46\0\0\0\x01\0\0\0\xaf\x02\0\0\0\0\0\x0e\x46\0\0\0\x01\0\0\0\0\0\0\0\0\0\0\
\x02\x4a\0\0\0\0\0\0\0\0\0\0\x03\0\0\0\0\x02\0\0\0\x04\0\0\0\x06\0\0\0\0\0\0\0\
\0\0\0\x02\x4c\0\0\0\0\0\0\0\0\0\0\x03\0\0\0\0\x02\0\0\0\x04\0\0\0\x04\0\0\0\0\
\0\0\0\0\0\0\x02\x4e\0\0\0\0\0\0\0\0\0\0\x03\0\0\0\0\x02\0\0\0\x04\0\0\0\x08\0\
\0\0\0\0\0\0\0\0\0\x02\x50\0\0\0\0\0\0\0\0\0\0\x03\0\0\0\0\x02\0\0\0\x04\0\0\0\
\x12\0\0\0\0\0\0\0\x04\0\0\x04\x20\0\0\0\x19\0\0\0\x49\0\0\0\0\0\0\0\xc2\x02\0\
\0\x4b\0\0\0\x40\0\0\0\xcb\x02\0\0\x4d\0\0\0\x80\0\0\0\x1e\0\0\0\x4f\0\0\0\xc0\
\0\0\0\xd6\x02\0\0\0\0\0\x0e\x51\0\0\0\x01\0\0\0\0\0\0\0\0\0\0\x02\x54\0\0\0\
\xdc\x02\0\0\x02\0\0\x04\x08\x04\0\0\xe8\x02\0\0\x55\0\0\0\0\0\0\0\xf0\x02\0\0\
\x59\0\0\0\0\x20\0\0\xf6\x02\0\0\0\0\0\x08\x56\0\0\0\xe8\x02\0\0\x01\0\0\x04\0\
\x04\0\0\0\x03\0\0\x58\0\0\0\0\0\0\0\x05\x03\0\0\0\0\0\x01\x08\0\0\0\x40\0\0\0\
\0\0\0\0\0\0\0\x03\0\0\0\0\x57\0\0\0\x04\0\0\0\x80\0\0\0\x13\x03\0\0\0\0\0\x08\
\x5a\0\0\0\x1e\x03\0\0\x01\0\0\x04\x04\0\0\0\x2e\x03\0\0\x5b\0\0\0\0\0\0\0\x33\
\x03\0\0\0\0\0\x08\x5c\0\0\0\0\0\0\0\x01\0\0\x04\x04\0\0\0\x3c\x03\0\0\x02\0\0\
\0\0\0\0\0\0\0\0\0\x01\0\0\x0d\x5e\0\0\0\x44\x03\0\0\x53\0\0\0\0\0\0\0\0\0\0\
\x02\x5f\0\0\0\0\0\0\0\0\0\0\x0a\x56\0\0\0\x49\x03\0\0\x01\0\0\x0c\x5d\0\0\0\0\
\0\0\0\0\0\0\x02\x21\0\0\0\0\0\0\0\x01\0\0\x0d\x14\0\0\0\x53\x03\0\0\x61\0\0\0\
\x57\x03\0\0\x01\0\0\x0c\x62\0\0\0\0\0\0\0\0\0\0\x0d\0\0\0\0\x67\x03\0\0\x02\0\
\0\x0c\x64\0\0\0\x79\x03\0\0\x02\0\0\x0c\x64\0\0\0\x8d\x03\0\0\x0e\x01\0\x84\
\x80\x36\0\0\x99\x03\0\0\x68\0\0\0\0\0\0\0\xa5\x03\0\0\x13\0\0\0\xc0\0\0\0\xad\
\x03\0\0\x13\0\0\0\xe0\0\0\0\xb9\x03\0\0\x69\0\0\0\0\x01\0\0\xf0\x02\0\0\x59\0\
\0\0\x40\x01\0\0\xbf\x03\0\0\x13\0\0\0\x60\x01\0\0\xc5\x03\0\0\x13\0\0\0\x80\
\x01\0\0\xcc\x03\0\0\x02\0\0\0\xa0\x01\0\0\xd3\x03\0\0\x6a\0\0\0\xc0\x01\0\0\
\xde\x03\0\0\x13\0\0\0\x40\x02\0\0\xea\x03\0\0\x57\0\0\0\x80\x02\0\0\xfe\x03\0\
\0\x71\0\0\0\xc0\x02\0\0\x09\x04\0\0\x02\0\0\0\0\x03\0\0\x19\x04\0\0\x02\0\0\0\
\x20\x03\0\0\x22\x04\0\0\x02\0\0\0\x40\x03\0\0\x28\x04\0\0\x02\0\0\0\x60\x03\0\
\0\x2d\x04\0\0\x02\0\0\0\x80\x03\0\0\x39\x04\0\0\x02\0\0\0\xa0\x03\0\0\x45\x04\
\0\0\x13\0\0\0\xc0\x03\0\0\x51\x04\0\0\x72\0\0\0\0\x04\0\0\x54\x04\0\0\x7f\0\0\
\0\0\x0c\0\0\x57\x04\0\0\x81\0\0\0\x80\x0d\0\0\x5a\x04\0\0\x90\0\0\0\x40\x15\0\
\0\x64\x04\0\0\x94\0\0\0\x80\x15\0\0\x68\x04\0\0\x9c\0\0\0\0\x1c\0\0\x74\x04\0\
\0\x74\0\0\0\x40\x1c\0\0\x7e\x04\0\0\x57\0\0\0\0\x1d\0\0\x8a\x04\0\0\x13\0\0\0\
\x40\x1d\0\0\x9a\x04\0\0\x9e\0\0\0\x80\x1d\0\0\xab\x04\0\0\xa0\0\0\0\xc0\x1d\0\
\0\xb6\x04\0\0\xa0\0\0\0\0\x1e\0\0\xd6\x02\0\0\xa1\0\0\0\0\x20\0\0\xbd\x04\0\0\
\xa2\0\0\0\0\x28\0\0\xcf\x04\0\0\x13\0\0\0\x40\x28\0\0\xda\x04\0\0\x13\0\0\0\
\x60\x28\0\0\xe1\x04\0\0\x57\0\0\0\x80\x28\0\0\xf6\x04\0\0\x02\0\0\0\xc0\x28\0\
\0\x06\x05\0\0\xa4\0\0\0\0\x29\0\0\x0f\x05\0\0\xa6\0\0\0\x40\x29\0\0\x1d\x05\0\
\0\x55\0\0\0\x80\x29\0\0\x27\x05\0\0\x69\0\0\0\x80\x49\0\0\x39\x05\0\0\x70\0\0\
\0\xc0\x49\0\0\x4c\x05\0\0\x70\0\0\0\xd0\x49\0\0\x5c\x05\0\0\x02\0\0\0\xe0\x49\
\0\0\x72\x05\0\0\xa7\0\0\0\0\x4a\0\0\x8a\x05\0\0\x76\0\0\0\x40\x4a\0\0\x99\x05\
\0\0\xa9\0\0\0\xc0\x4a\0\0\xaa\x05\0\0\x57\0\0\0\0\x4b\0\0\xba\x05\0\0\x8a\0\0\
\0\x40\x4b\0\0\xcc\x05\0\0\x8a\0\0\0\x48\x4b\0\0\xda\x05\0\0\x02\0\0\0\x60\x4b\
\0\0\xed\x05\0\0\x76\0\0\0\x80\x4b\0\0\x04\x06\0\0\x02\0\0\0\0\x4c\0\0\x17\x06\
\0\0\x76\0\0\0\x40\x4c\0\0\x2b\x06\0\0\x02\0\0\0\xc0\x4c\0\0\x3e\x06\0\0\x02\0\
\0\0\xe0\x4c\0\0\x4d\x06\0\0\xa7\0\0\0\0\x4d\0\0\x60\x06\0\0\x76\0\0\0\x40\x4d\
\0\0\x71\x06\0\0\x76\0\0\0\xc0\x4d\0\0\x7f\x06\0\0\x02\0\0\0\x40\x4e\0\0\x8c\
\x06\0\0\xaa\0\0\0\x80\x4e\0\0\x97\x06\0\0\x76\0\0\0\x80\x4f\0\0\x9d\x06\0\0\
\xab\0\0\0\0\x50\0\0\xac\x06\0\0\x74\0\0\0\x40\x51\0\0\xbe\x06\0\0\xac\0\0\0\0\
\x52\0\0\xc1\x06\0\0\xac\0\0\0\x40\x52\0\0\xcb\x06\0\0\xad\0\0\0\x80\x52\0\0\
\xe3\x06\0\0\x02\0\0\0\xc0\x52\0\0\xee\x06\0\0\x02\0\0\0\xe0\x52\0\0\xf8\x06\0\
\0\x02\0\0\0\0\x53\0\0\x04\x07\0\0\x02\0\0\0\x20\x53\0\0\x12\x07\0\0\x57\0\0\0\
\x40\x53\0\0\x19\x07\0\0\x13\0\0\0\x80\x53\0\0\x25\x07\0\0\x13\0\0\0\xa0\x53\0\
\x01\x39\x07\0\0\x13\0\0\0\xa1\x53\0\x01\x53\x07\0\0\x13\0\0\0\xa2\x53\0\x01\
\x62\x07\0\0\x13\0\0\0\xc0\x53\0\x01\x76\x07\0\0\x13\0\0\0\xc1\x53\0\x01\x85\
\x07\0\0\x13\0\0\0\xc2\x53\0\x01\x8f\x07\0\0\x13\0\0\0\xc3\x53\0\x01\x99\x07\0\
\0\x13\0\0\0\xc4\x53\0\x01\xa9\x07\0\0\x13\0\0\0\xc5\x53\0\x01\xb6\x07\0\0\x13\
\0\0\0\xc6\x53\0\x01\xca\x07\0\0\x13\0\0\0\xc7\x53\0\x01\xd1\x07\0\0\x13\0\0\0\
\xc8\x53\0\x01\xde\x07\0\0\x13\0\0\0\xc9\x53\0\x01\xea\x07\0\0\x13\0\0\0\xca\
\x53\0\x01\xf5\x07\0\0\x13\0\0\0\xcb\x53\0\x01\x05\x08\0\0\x13\0\0\0\xcc\x53\0\
\x01\x19\x08\0\0\x13\0\0\0\xcd\x53\0\x01\x26\x08\0\0\x57\0\0\0\0\x54\0\0\x33\
\x08\0\0\xae\0\0\0\x40\x54\0\0\x42\x02\0\0\xbe\0\0\0\0\x56\0\0\x46\x02\0\0\xbe\
\0\0\0\x20\x56\0\0\x41\x08\0\0\x57\0\0\0\x40\x56\0\0\x4e\x08\0\0\x71\0\0\0\x80\
\x56\0\0\x5a\x08\0\0\x71\0\0\0\xc0\x56\0\0\x61\x08\0\0\x76\0\0\0\0\x57\0\0\x6a\
\x08\0\0\x76\0\0\0\x80\x57\0\0\x72\x08\0\0\x71\0\0\0\0\x58\0\0\x7f\x08\0\0\x76\
\0\0\0\x40\x58\0\0\x87\x08\0\0\x76\0\0\0\xc0\x58\0\0\x94\x08\0\0\xc0\0\0\0\x40\
\x59\0\0\x9f\x08\0\0\xc3\0\0\0\x80\x59\0\0\xa9\x08\0\0\x76\0\0\0\x80\x5b\0\0\
\xb5\x08\0\0\xc4\0\0\0\0\x5c\0\0\xc0\x08\0\0\x0d\0\0\0\x40\x5c\0\0\xce\x08\0\0\
\x0d\0\0\0\x80\x5c\0\0\xde\x08\0\0\x69\0\0\0\xc0\x5c\0\0\xed\x08\0\0\x3d\0\0\0\
\0\x5d\0\0\xf3\x08\0\0\x3d\0\0\0\x40\x5d\0\0\xf9\x08\0\0\x3d\0\0\0\x80\x5d\0\0\
\xff\x08\0\0\xc5\0\0\0\xc0\x5d\0\0\x0c\x09\0\0\xcd\0\0\0\x80\x5e\0\0\x12\x09\0\
\0\x5b\0\0\0\0\x60\0\0\x20\x09\0\0\x57\0\0\0\x40\x60\0\0\x26\x09\0\0\x57\0\0\0\
\x80\x60\0\0\x2d\x09\0\0\x3d\0\0\0\xc0\x60\0\0\x38\x09\0\0\x3d\0\0\0\0\x61\0\0\
\x47\x09\0\0\x57\0\0\0\x40\x61\0\0\x4f\x09\0\0\x57\0\0\0\x80\x61\0\0\x57\x09\0\
\0\xd1\0\0\0\xc0\x61\0\0\x67\x09\0\0\xd7\0\0\0\x40\x64\0\0\x7c\x09\0\0\xde\0\0\
\0\0\x66\0\0\x89\x09\0\0\xde\0\0\0\x40\x66\0\0\x93\x09\0\0\xde\0\0\0\x80\x66\0\
\0\x98\x09\0\0\xeb\0\0\0\xc0\x66\0\0\x52\x02\0\0\x3c\0\0\0\0\x67\0\0\xad\x09\0\
\0\xf1\0\0\0\x80\x67\0\0\xb7\x09\0\0\xf2\0\0\0\xc0\x67\0\0\xbf\x09\0\0\xf4\0\0\
\0\0\x68\0\0\xc7\x09\0\0\x57\0\0\0\x80\x68\0\0\xd9\x09\0\0\x57\0\0\0\xc0\x68\0\
\0\xea\x09\0\0\xf5\0\0\0\0\x69\0\0\xed\x09\0\0\xf6\0\0\0\x40\x69\0\0\xf3\x09\0\
\0\xf7\0\0\0\x80\x69\0\0\xfc\x09\0\0\xf8\0\0\0\xc0\x69\0\0\x04\x0a\0\0\xf9\0\0\
\0\0\x6a\0\0\x0b\x0a\0\0\xfa\0\0\0\x40\x6a\0\0\x13\x0a\0\0\xfb\0\0\0\x80\x6a\0\
\0\x1b\x0a\0\0\xfb\0\0\0\xc0\x6a\0\0\x28\x0a\0\0\xfb\0\0\0\0\x6b\0\0\x36\x0a\0\
\0\xfe\0\0\0\x40\x6b\0\0\x3e\x0a\0\0\x57\0\0\0\0\x6c\0\0\x48\x0a\0\0\xff\0\0\0\
\x40\x6c\0\0\x54\x0a\0\0\x13\0\0\0\x80\x6c\0\0\x61\x0a\0\0\xd9\0\0\0\xc0\x6c\0\
\0\x6c\x0a\0\0\x02\x01\0\0\0\x6d\0\0\x7a\x0a\0\0\xe1\0\0\0\x40\x6d\0\0\x83\x0a\
\0\0\x13\0\0\0\x60\x6d\0\0\x8d\x0a\0\0\x03\x01\0\0\x80\x6d\0\0\x95\x0a\0\0\x05\
\x01\0\0\0\x6e\0\0\xa6\x0a\0\0\x3d\0\0\0\0\x6f\0\0\xb5\x0a\0\0\x3d\0\0\0\x40\
\x6f\0\0\xc2\x0a\0\0\x07\x01\0\0\x80\x6f\0\0\xcd\x0a\0\0\xc6\0\0\0\xa0\x6f\0\0\
\xd5\x0a\0\0\x0a\x01\0\0\xc0\x6f\0\0\xdc\x0a\0\0\xd4\0\0\0\0\x70\0\0\xe7\x0a\0\
\0\x71\0\0\0\x80\x70\0\0\xf3\x0a\0\0\x0c\x01\0\0\xc0\x70\0\0\x01\x0b\0\0\x13\0\
\0\0\0\x71\0\0\x0a\x0b\0\0\x69\0\0\0\x40\x71\0\0\x17\x0b\0\0\x0d\x01\0\0\x80\
\x71\0\0\x20\x0b\0\0\x0e\x01\0\0\xc0\x71\0\0\x25\x0b\0\0\x0f\x01\0\0\0\x72\0\0\
\x33\x0b\0\0\x10\x01\0\0\x40\x72\0\0\x3e\x0b\0\0\x11\x01\0\0\x80\x72\0\0\x4e\
\x0b\0\0\x57\0\0\0\xc0\x72\0\0\x5d\x0b\0\0\x12\x01\0\0\0\x73\0\0\x6a\x0b\0\0\
\x14\x01\0\0\x40\x73\0\0\x6f\x0b\0\0\x13\0\0\0\0\x75\0\0\x79\x0b\0\0\x3d\0\0\0\
\x40\x75\0\0\x87\x0b\0\0\x3d\0\0\0\x80\x75\0\0\x94\x0b\0\0\x3d\0\0\0\xc0\x75\0\
\0\xa1\x0b\0\0\x15\x01\0\0\0\x76\0\0\xae\x0b\0\0\x18\x01\0\0\0\x7a\0\0\xbf\x0b\
\0\0\x02\0\0\0\x20\x7a\0\0\xd7\x0b\0\0\x1a\x01\0\0\x40\x7a\0\0\xdf\x0b\0\0\x76\
\0\0\0\x80\x7a\0\0\xe7\x0b\0\0\x11\0\0\0\0\x7b\0\0\xee\x0b\0\0\x11\0\0\0\x20\
\x7b\0\0\xf3\x0b\0\0\x1b\x01\0\0\x40\x7b\0\0\xff\x0b\0\0\x1c\x01\0\0\x80\x7b\0\
\0\x12\x0c\0\0\x76\0\0\0\xc0\x7b\0\0\x20\x0c\0\0\x1d\x01\0\0\x40\x7c\0\0\x2f\
\x0c\0\0\xdc\0\0\0\x80\x7c\0\0\x40\x0c\0\0\x13\0\0\0\x80\x7d\0\0\x4c\x0c\0\0\
\x1e\x01\0\0\xa0\x7d\0\0\x5b\x0c\0\0\x1f\x01\0\0\xc0\x7d\0\0\x6b\x0c\0\0\xdc\0\
\0\0\0\x7e\0\0\x7c\x0c\0\0\x76\0\0\0\0\x7f\0\0\x8c\x0c\0\0\x20\x01\0\0\x80\x7f\
\0\0\x96\x0c\0\0\x21\x01\0\0\xc0\x7f\0\0\x9e\x0c\0\0\x8a\0\0\0\xd0\x7f\0\0\xa8\
\x0c\0\0\x21\x01\0\0\xe0\x7f\0\0\xb7\x0c\0\0\x02\0\0\0\0\x80\0\0\xc5\x0c\0\0\
\x13\0\0\0\x20\x80\0\0\xd6\x0c\0\0\x13\0\0\0\x40\x80\0\0\xeb\x0c\0\0\x02\0\0\0\
\x60\x80\0\0\xfe\x0c\0\0\x57\0\0\0\x80\x80\0\0\x11\x0d\0\0\x3d\0\0\0\xc0\x80\0\
\0\x1c\x0d\0\0\x3d\0\0\0\0\x81\0\0\x35\x0d\0\0\x3d\0\0\0\x40\x81\0\0\x4b\x0d\0\
\0\xd8\0\0\0\x80\x81\0\0\x55\x0d\0\0\x22\x01\0\0\0\x82\0\0\x60\x0d\0\0\x23\x01\
\0\0\x40\x82\0\0\x6c\x0d\0\0\x57\0\0\0\x80\x82\0\0\x7e\x0d\0\0\x24\x01\0\0\xc0\
\x82\0\0\x93\x0d\0\0\x57\0\0\0\x80\x83\0\0\xa7\x0d\0\0\x25\x01\0\0\xc0\x83\0\0\
\xac\x0d\0\0\x11\0\0\0\0\x84\0\0\xb5\x0d\0\0\x11\0\0\0\x20\x84\0\0\xbe\x0d\0\0\
\x57\0\0\0\x40\x84\0\0\xce\x0d\0\0\x02\0\0\0\x80\x84\0\0\xd5\x0d\0\0\x02\0\0\0\
\xa0\x84\0\0\xe1\x0d\0\0\x02\0\0\0\xc0\x84\0\0\xf2\x0d\0\0\x02\0\0\0\xe0\x84\0\
\0\0\x0e\0\0\xd8\0\0\0\0\x85\0\0\x09\x0e\0\0\x26\x01\0\0\x80\x85\0\0\x11\x0e\0\
\0\x28\x01\0\0\xc0\xa5\0\0\x1d\x0e\0\0\x29\x01\0\0\0\xa6\0\0\x27\x0e\0\0\x2b\
\x01\0\0\x80\xa6\0\0\x2e\x0e\0\0\x02\0\0\0\xc0\xa6\0\0\x39\x0e\0\0\x02\0\0\0\
\xe0\xa6\0\0\x4a\x0e\0\0\x57\0\0\0\0\xa7\0\0\x5c\x0e\0\0\x02\0\0\0\x40\xa7\0\0\
\x71\x0e\0\0\x2e\x01\0\0\x80\xa7\0\0\x80\x0e\0\0\x3d\0\0\0\x80\x1f\x01\0\x8f\
\x0e\0\0\x3d\0\0\0\xc0\x1f\x01\0\xa6\x0e\0\0\x02\0\0\0\0\x20\x01\0\xb5\x0e\0\0\
\x02\0\0\0\x20\x20\x01\0\xc4\x0e\0\0\x23\x01\0\0\x40\x20\x01\0\xce\x0e\0\0\x21\
\0\0\0\x80\x20\x01\0\xdf\x0e\0\0\x5b\0\0\0\xc0\x20\x01\0\xed\x0e\0\0\x5b\0\0\0\
\xe0\x20\x01\0\x01\x0f\0\0\x57\0\0\0\0\x21\x01\0\x11\x0f\0\0\x13\0\0\0\x40\x21\
\x01\0\x2a\x0f\0\0\x2f\x01\0\0\x80\x21\x01\0\x37\x0f\0\0\x30\x01\0\0\xc0\x21\
\x01\0\x3d\x0f\0\0\x31\x01\0\0\0\x22\x01\0\x4b\x0f\0\0\x32\x01\0\0\x40\x22\x01\
\0\x51\x0f\0\0\x13\0\0\0\x80\x22\x01\0\x5f\x0f\0\0\x13\0\0\0\xa0\x22\x01\0\x71\
\x0f\0\0\x33\x01\0\0\xc0\x22\x01\0\x7b\x0f\0\0\xd8\0\0\0\xc0\x22\x01\0\x7f\x0f\
\0\0\x59\0\0\0\x40\x23\x01\0\x89\x0f\0\0\x02\0\0\0\x60\x23\x01\0\x9c\x0f\0\0\
\x71\0\0\0\x80\x23\x01\0\xac\x0f\0\0\x34\x01\0\0\xc0\x23\x01\0\xbd\x0f\0\0\x38\
\x01\0\0\0\x25\x01\0\xcb\x0f\0\0\x59\0\0\0\x40\x25\x01\0\xda\x0f\0\0\x02\0\0\0\
\x60\x25\x01\0\xe6\x0f\0\0\x69\0\0\0\x80\x25\x01\0\xef\x0f\0\0\x39\x01\0\0\xc0\
\x25\x01\0\xfb\x0f\0\0\x3a\x01\0\0\0\x26\x01\0\x03\x10\0\0\x3b\x01\0\0\x40\x26\
\x01\0\x13\x10\0\0\x69\0\0\0\x80\x26\x01\0\x1d\x10\0\0\x20\0\0\0\xc0\x26\x01\0\
\x28\x10\0\0\x3d\0\0\0\0\x27\x01\0\x31\x10\0\0\x20\0\0\0\x40\x27\x01\x01\x3a\
\x10\0\0\x20\0\0\0\x41\x27\x01\x01\x49\x10\0\0\x20\0\0\0\x42\x27\x01\x3e\x58\
\x10\0\0\xd8\0\0\0\x80\x27\x01\0\x64\x10\0\0\x02\0\0\0\0\x28\x01\0\x6e\x10\0\0\
\x3c\x01\0\0\x40\x28\x01\0\x82\x10\0\0\x3c\x01\0\0\x80\x28\x01\0\x8b\x10\0\0\
\xd8\0\0\0\xc0\x28\x01\0\x9a\x10\0\0\x3f\x01\0\0\x40\x29\x01\0\x9d\x10\0\0\x40\
\x01\0\0\x80\x29\x01\0\xab\x10\0\0\x41\x01\0\0\0\x2a\x01\0\x99\x03\0\0\x04\0\0\
\x04\x18\0\0\0\xbf\x03\0\0\x57\0\0\0\0\0\0\0\xb2\x10\0\0\x57\0\0\0\x40\0\0\0\
\xbf\x10\0\0\x11\0\0\0\x80\0\0\0\xc6\x10\0\0\x11\0\0\0\xa0\0\0\0\0\0\0\0\0\0\0\
\x02\0\0\0\0\xca\x10\0\0\x04\0\0\x04\x10\0\0\0\xdd\x10\0\0\x6b\0\0\0\0\0\0\0\0\
\0\0\0\x6d\0\0\0\x40\0\0\0\xe3\x10\0\0\x6e\0\0\0\x60\0\0\0\xe7\x10\0\0\x6e\0\0\
\0\x70\0\0\0\xeb\x10\0\0\x01\0\0\x04\x08\0\0\0\xf6\x10\0\0\x6c\0\0\0\0\0\0\0\0\
\0\0\0\0\0\0\x02\x6b\0\0\0\0\0\0\0\x02\0\0\x05\x04\0\0\0\xfb\x10\0\0\x13\0\0\0\
\0\0\0\0\x03\x11\0\0\x5b\0\0\0\0\0\0\0\x0b\x11\0\0\0\0\0\x08\x6f\0\0\0\x0f\x11\
\0\0\0\0\0\x08\x70\0\0\0\x15\x11\0\0\0\0\0\x01\x02\0\0\0\x10\0\0\0\0\0\0\0\0\0\
\0\x02\x67\0\0\0\x24\x11\0\0\x17\0\0\x04\0\x01\0\0\x31\x11\0\0\x73\0\0\0\0\0\0\
\0\x36\x11\0\0\x74\0\0\0\x80\0\0\0\x3f\x11\0\0\x3d\0\0\0\x40\x01\0\0\x48\x11\0\
\0\x3d\0\0\0\x80\x01\0\0\x55\x11\0\0\x3d\0\0\0\xc0\x01\0\0\x5f\x11\0\0\x76\0\0\
\0\0\x02\0\0\x22\x04\0\0\x78\0\0\0\x80\x02\0\0\x6a\x11\0\0\x78\0\0\0\x88\x02\0\
\0\x78\x11\0\0\x78\0\0\0\x90\x02\0\0\x85\x11\0\0\x78\0\0\0\x98\x02\0\0\x92\x11\
\0\0\x3d\0\0\0\xc0\x02\0\0\x9d\x11\0\0\x3d\0\0\0\0\x03\0\0\xae\x11\0\0\x3d\0\0\
\0\x40\x03\0\0\xc4\x11\0\0\x3d\0\0\0\x80\x03\0\0\xcd\x11\0\0\x79\0\0\0\xc0\x03\
\0\0\xd2\x11\0\0\x3d\0\0\0\0\x04\0\0\xd8\x11\0\0\x3d\0\0\0\x40\x04\0\0\xe6\x11\
\0\0\x02\0\0\0\x80\x04\0\0\x5a\x08\0\0\x7c\0\0\0\xc0\x04\0\0\xec\x11\0\0\x7d\0\
\0\0\0\x05\0\0\xf3\x11\0\0\x7d\0\0\0\x40\x05\0\0\xf8\x11\0\0\x57\0\0\0\x80\x05\
\0\0\x08\x12\0\0\x7e\0\0\0\0\x06\0\0\x0c\x12\0\0\x02\0\0\x04\x10\0\0\0\x18\x12\
\0\0\x57\0\0\0\0\0\0\0\x1f\x12\0\0\x11\0\0\0\x40\0\0\0\x2a\x12\0\0\x03\0\0\x04\
\x18\0\0\0\x32\x12\0\0\x57\0\0\0\0\0\0\0\x44\x12\0\0\x75\0\0\0\x40\0\0\0\x4d\
\x12\0\0\x75\0\0\0\x80\0\0\0\0\0\0\0\0\0\0\x02\x74\0\0\0\x55\x12\0\0\x02\0\0\
\x04\x10\0\0\0\xf6\x10\0\0\x77\0\0\0\0\0\0\0\x5f\x12\0\0\x77\0\0\0\x40\0\0\0\0\
\0\0\0\0\0\0\x02\x76\0\0\0\x64\x12\0\0\0\0\0\x01\x01\0\0\0\x08\0\0\0\x72\x12\0\
\0\0\0\0\x08\x7a\0\0\0\x76\x12\0\0\0\0\0\x08\x7b\0\0\0\x7c\x12\0\0\0\0\0\x01\
\x08\0\0\0\x40\0\0\x01\0\0\0\0\0\0\0\x02\x72\0\0\0\0\0\0\0\0\0\0\x02\xa8\x02\0\
\0\x86\x12\0\0\x09\0\0\x04\x40\0\0\0\x90\x12\0\0\x3d\0\0\0\0\0\0\0\xa1\x12\0\0\
\x3d\0\0\0\x40\0\0\0\xaa\x12\0\0\x3d\0\0\0\x80\0\0\0\xb7\x12\0\0\x11\0\0\0\xc0\
\0\0\0\xc0\x12\0\0\x11\0\0\0\xe0\0\0\0\xcf\x12\0\0\x57\0\0\0\0\x01\0\0\xd8\x12\
\0\0\x57\0\0\0\x40\x01\0\0\xe5\x12\0\0\x57\0\0\0\x80\x01\0\0\xee\x12\0\0\x13\0\
\0\0\xc0\x01\0\0\xf7\x12\0\0\x07\0\0\x04\x30\0\0\0\x07\x13\0\0\x76\0\0\0\0\0\0\
\0\x10\x13\0\0\x57\0\0\0\x80\0\0\0\x18\x13\0\0\x57\0\0\0\xc0\0\0\0\x27\x13\0\0\
\x13\0\0\0\0\x01\0\0\x22\x04\0\0\x70\0\0\0\x20\x01\0\0\x32\x13\0\0\x70\0\0\0\
\x30\x01\0\0\x3a\x13\0\0\x80\0\0\0\x40\x01\0\0\0\0\0\0\0\0\0\x02\x7f\0\0\0\x3f\
\x13\0\0\x17\0\0\x84\xf8\0\0\0\x2a\x12\0\0\x74\0\0\0\0\0\0\0\x4f\x13\0\0\x3d\0\
\0\0\xc0\0\0\0\x5a\x13\0\0\x3d\0\0\0\0\x01\0\0\x66\x13\0\0\x3d\0\0\0\x40\x01\0\
\0\x70\x13\0\0\x3d\0\0\0\x80\x01\0\0\x76\x13\0\0\x3d\0\0\0\xc0\x01\0\0\x81\x13\
\0\0\x79\0\0\0\0\x02\0\0\x3f\x11\0\0\x3d\0\0\0\x40\x02\0\0\xbf\x03\0\0\x13\0\0\
\0\x80\x02\0\0\x89\x13\0\0\x13\0\0\0\xa0\x02\0\x01\x96\x13\0\0\x13\0\0\0\xa1\
\x02\0\x01\xa1\x13\0\0\x13\0\0\0\xa2\x02\0\x01\xb3\x13\0\0\x13\0\0\0\xa3\x02\0\
\x01\x5a\x04\0\0\x13\0\0\0\xa4\x02\0\x01\xbe\x13\0\0\x13\0\0\0\xa5\x02\0\x01\
\xc7\x13\0\0\x13\0\0\0\xa6\x02\0\x01\xd6\x13\0\0\x13\0\0\0\xa7\x02\0\x01\xe7\
\x13\0\0\x82\0\0\0\xc0\x02\0\0\xf0\x13\0\0\x82\0\0\0\xc0\x04\0\0\xff\x13\0\0\
\x8c\0\0\0\xc0\x06\0\0\x02\x14\0\0\x8d\0\0\0\0\x07\0\0\x13\x14\0\0\x91\0\0\0\
\x40\x07\0\0\x24\x14\0\0\x90\0\0\0\x80\x07\0\0\x2a\x14\0\0\x08\0\0\x04\x40\0\0\
\0\x32\x14\0\0\x83\0\0\0\0\0\0\0\x37\x14\0\0\x84\0\0\0\0\x01\0\0\x44\x14\0\0\
\x85\0\0\0\x40\x01\0\0\x4d\x14\0\0\x89\0\0\0\x80\x01\0\0\x52\x14\0\0\x8a\0\0\0\
\xc0\x01\0\0\x58\x14\0\0\x8a\0\0\0\xc8\x01\0\0\x5f\x14\0\0\x8a\0\0\0\xd0\x01\0\
\0\x67\x14\0\0\x8a\0\0\0\xd8\x01\0\0\x6f\x14\0\0\x02\0\0\x04\x20\0\0\0\x32\x14\
\0\0\x74\0\0\0\0\0\0\0\x7f\x14\0\0\x84\0\0\0\xc0\0\0\0\x87\x14\0\0\0\0\0\x08\
\x79\0\0\0\0\0\0\0\0\0\0\x02\x86\0\0\0\0\0\0\0\x01\0\0\x0d\x87\0\0\0\0\0\0\0\
\x88\0\0\0\x8f\x14\0\0\x02\0\0\x06\x04\0\0\0\x9f\x14\0\0\0\0\0\0\xb1\x14\0\0\
\x01\0\0\0\0\0\0\0\0\0\0\x02\x82\0\0\0\0\0\0\0\0\0\0\x02\xab\x02\0\0\xc1\x14\0\
\0\0\0\0\x08\x8b\0\0\0\xc4\x14\0\0\0\0\0\x08\x78\0\0\0\0\0\0\0\0\0\0\x02\xa7\
\x02\0\0\xc9\x14\0\0\0\0\0\x08\x8e\0\0\0\0\0\0\0\0\0\0\x02\x8f\0\0\0\0\0\0\0\
\x01\0\0\x0d\x23\0\0\0\0\0\0\0\x90\0\0\0\0\0\0\0\0\0\0\x02\x81\0\0\0\xdf\x14\0\
\0\0\0\0\x08\x92\0\0\0\0\0\0\0\0\0\0\x02\x93\0\0\0\0\0\0\0\x01\0\0\x0d\x71\0\0\
\0\0\0\0\0\x90\0\0\0\xf0\x14\0\0\x16\0\0\x04\xd0\0\0\0\x01\x15\0\0\x95\0\0\0\0\
\0\0\0\x05\x15\0\0\x96\0\0\0\x40\0\0\0\x0e\x15\0\0\x74\0\0\0\0\x01\0\0\x17\x15\
\0\0\x11\0\0\0\xc0\x01\0\0\x1f\x15\0\0\x11\0\0\0\xe0\x01\0\0\xbf\x03\0\0\x11\0\
\0\0\0\x02\0\0\x18\x12\0\0\x11\0\0\0\x20\x02\0\0\x29\x15\0\0\x14\0\0\0\x40\x02\
\0\0\x34\x15\0\0\x14\0\0\0\x60\x02\0\0\x40\x15\0\0\x11\0\0\0\x80\x02\0\0\x48\
\x15\0\0\x97\0\0\0\xc0\x02\0\0\x51\x15\0\0\x98\0\0\0\x40\x03\0\0\x5b\x15\0\0\
\x76\0\0\0\x80\x03\0\0\x69\x15\0\0\x57\0\0\0\0\x04\0\0\x75\x15\0\0\x3d\0\0\0\
\x40\x04\0\0\x83\x15\0\0\x3d\0\0\0\x80\x04\0\0\x8f\x15\0\0\x3d\0\0\0\xc0\x04\0\
\0\xd2\x11\0\0\x3d\0\0\0\0\x05\0\0\x9e\x15\0\0\x3d\0\0\0\x40\x05\0\0\xa8\x15\0\
\0\x23\0\0\0\x80\x05\0\0\xb1\x15\0\0\x9b\0\0\0\xc0\x05\0\0\xc2\x15\0\0\x76\0\0\
\0\0\x06\0\0\0\0\0\0\0\0\0\x02\xaa\x02\0\0\xcd\x15\0\0\x03\0\0\x04\x18\0\0\0\
\x32\x14\0\0\x76\0\0\0\0\0\0\0\xbf\x03\0\0\x11\0\0\0\x80\0\0\0\xdf\x15\0\0\x11\
\0\0\0\xa0\0\0\0\0\0\0\0\0\0\0\x03\0\0\0\0\x71\0\0\0\x04\0\0\0\x02\0\0\0\xe4\
\x15\0\0\0\0\0\x08\x99\0\0\0\xf2\x15\0\0\0\0\0\x08\x9a\0\0\0\0\0\0\0\x01\0\0\
\x04\x08\0\0\0\x3c\x03\0\0\x79\0\0\0\0\0\0\0\0\0\0\0\0\0\0\x02\x3c\x02\0\0\0\0\
\0\0\0\0\0\x02\x9d\0\0\0\0\0\0\0\0\0\0\x0a\xd4\x02\0\0\0\0\0\0\0\0\0\x02\xd3\
\x02\0\0\xfd\x15\0\0\x04\0\0\x84\x04\0\0\0\x9e\0\0\0\x13\0\0\0\0\0\0\x0b\x07\
\x16\0\0\x13\0\0\0\x0b\0\0\x03\x11\x16\0\0\x13\0\0\0\x0e\0\0\x01\x18\x16\0\0\
\x13\0\0\0\x0f\0\0\x01\0\0\0\0\0\0\0\x03\0\0\0\0\x9f\0\0\0\x04\0\0\0\x02\0\0\0\
\x25\x16\0\0\x1d\0\0\x04\0\x01\0\0\x36\x16\0\0\x3d\0\0\0\0\0\0\0\x41\x16\0\0\
\x3d\0\0\0\x40\0\0\0\x4a\x16\0\0\x3d\0\0\0\x80\0\0\0\x55\x16\0\0\x3d\0\0\0\xc0\
\0\0\0\x5e\x16\0\0\x3d\0\0\0\0\x01\0\0\x6b\x16\0\0\x3d\0\0\0\x40\x01\0\0\x76\
\x16\0\0\x3d\0\0\0\x80\x01\0\0\x82\x16\0\0\x3d\0\0\0\xc0\x01\0\0\x8c\x16\0\0\
\x79\0\0\0\0\x02\0\0\x9e\x16\0\0\x3d\0\0\0\x40\x02\0\0\xaa\x16\0\0\x3d\0\0\0\
\x80\x02\0\0\xb4\x16\0\0\x79\0\0\0\xc0\x02\0\0\xc6\x16\0\0\x79\0\0\0\0\x03\0\0\
\xcf\x16\0\0\x3d\0\0\0\x40\x03\0\0\xd9\x16\0\0\x3d\0\0\0\x80\x03\0\0\xec\x16\0\
\0\x3d\0\0\0\xc0\x03\0\0\x08\x17\0\0\x3d\0\0\0\0\x04\0\0\x25\x17\0\0\x3d\0\0\0\
\x40\x04\0\0\x3e\x17\0\0\x3d\0\0\0\x80\x04\0\0\x53\x17\0\0\x3d\0\0\0\xc0\x04\0\
\0\x5e\x17\0\0\x3d\0\0\0\0\x05\0\0\x6e\x17\0\0\x3d\0\0\0\x40\x05\0\0\x81\x17\0\
\0\x3d\0\0\0\x80\x05\0\0\x92\x17\0\0\x3d\0\0\0\xc0\x05\0\0\xa4\x17\0\0\x3d\0\0\
\0\0\x06\0\0\xb6\x17\0\0\x3d\0\0\0\x40\x06\0\0\xd1\x17\0\0\x3d\0\0\0\x80\x06\0\
\0\xe4\x17\0\0\x3d\0\0\0\xc0\x06\0\0\xf4\x17\0\0\x3d\0\0\0\0\x07\0\0\x07\x18\0\
\0\x01\0\0\x04\x08\0\0\0\x12\x18\0\0\xa3\0\0\0\0\0\0\0\0\0\0\0\0\0\0\x02\xc1\0\
\0\0\0\0\0\0\0\0\0\x02\xa5\0\0\0\0\0\0\0\0\0\0\x0a\x55\0\0\0\0\0\0\0\0\0\0\x02\
\x55\0\0\0\x18\x18\0\0\x02\0\0\x05\x04\0\0\0\x24\x18\0\0\xa8\0\0\0\0\0\0\0\x26\
\x18\0\0\x11\0\0\0\0\0\0\0\0\0\0\0\x04\0\0\x04\x04\0\0\0\x13\x0a\0\0\x8a\0\0\0\
\0\0\0\0\x28\x18\0\0\x8a\0\0\0\x08\0\0\0\x30\x18\0\0\x8a\0\0\0\x10\0\0\0\x39\
\x18\0\0\x8a\0\0\0\x18\0\0\0\0\0\0\0\0\0\0\x02\xd5\x02\0\0\x8c\x06\0\0\x04\0\0\
\x04\x20\0\0\0\x41\x18\0\0\x57\0\0\0\0\0\0\0\x48\x18\0\0\x21\0\0\0\x40\0\0\0\
\x52\x18\0\0\x21\0\0\0\x80\0\0\0\x5f\x18\0\0\x21\0\0\0\xc0\0\0\0\x6b\x18\0\0\
\x03\0\0\x04\x28\0\0\0\x28\x04\0\0\x02\0\0\0\0\0\0\0\x76\x18\0\0\x76\0\0\0\x40\
\0\0\0\x80\x18\0\0\x76\0\0\0\xc0\0\0\0\0\0\0\0\0\0\0\x02\xa9\x02\0\0\0\0\0\0\0\
\0\0\x02\xac\x02\0\0\x33\x08\0\0\x03\0\0\x04\x38\0\0\0\x8a\x18\0\0\x57\0\0\0\0\
\0\0\0\x94\x18\0\0\xaf\0\0\0\x40\0\0\0\0\0\0\0\xb3\0\0\0\x80\0\0\0\0\0\0\0\0\0\
\0\x02\xb0\0\0\0\0\0\0\0\x01\0\0\x0d\xb1\0\0\0\0\0\0\0\xb2\0\0\0\x97\x18\0\0\0\
\0\0\x01\x08\0\0\0\x40\0\0\x01\0\0\0\0\0\0\0\x02\xae\0\0\0\0\0\0\0\x03\0\0\x05\
\x28\0\0\0\x9c\x18\0\0\xb4\0\0\0\0\0\0\0\xa2\x18\0\0\xb5\0\0\0\0\0\0\0\xac\x18\
\0\0\xbc\0\0\0\0\0\0\0\0\0\0\0\x06\0\0\x04\x28\0\0\0\xb1\x18\0\0\x27\0\0\0\0\0\
\0\0\xb7\x18\0\0\x11\0\0\0\x40\0\0\0\xbf\x03\0\0\x11\0\0\0\x60\0\0\0\xbb\x18\0\
\0\x11\0\0\0\x80\0\0\0\xc2\x18\0\0\x3d\0\0\0\xc0\0\0\0\xc7\x18\0\0\x27\0\0\0\0\
\x01\0\0\0\0\0\0\x04\0\0\x04\x18\0\0\0\xce\x18\0\0\xb6\0\0\0\0\0\0\0\x19\0\0\0\
\xb8\0\0\0\x20\0\0\0\0\0\0\0\xb9\0\0\0\x40\0\0\0\x7f\x14\0\0\x3d\0\0\0\x80\0\0\
\0\xd6\x18\0\0\0\0\0\x08\xb7\0\0\0\xe0\x18\0\0\0\0\0\x08\x02\0\0\0\xf3\x18\0\0\
\x03\0\0\x06\x04\0\0\0\x01\x19\0\0\0\0\0\0\x09\x19\0\0\x01\0\0\0\x13\x19\0\0\
\x02\0\0\0\0\0\0\0\x02\0\0\x05\x08\0\0\0\x1d\x19\0\0\xba\0\0\0\0\0\0\0\x22\x19\
\0\0\xbb\0\0\0\0\0\0\0\0\0\0\0\0\0\0\x02\xd7\x02\0\0\0\0\0\0\0\0\0\x02\xd8\x02\
\0\0\0\0\0\0\x05\0\0\x04\x20\0\0\0\x2e\x19\0\0\xbd\0\0\0\0\0\0\0\x33\x19\0\0\
\x02\0\0\0\x40\0\0\0\x38\x19\0\0\x02\0\0\0\x60\0\0\0\x44\x19\0\0\x57\0\0\0\x80\
\0\0\0\x4b\x19\0\0\x57\0\0\0\xc0\0\0\0\0\0\0\0\0\0\0\x02\xd9\x02\0\0\x53\x19\0\
\0\0\0\0\x08\xbf\0\0\0\x59\x19\0\0\0\0\0\x08\x02\0\0\0\0\0\0\0\0\0\0\x02\xcc\
\x02\0\0\x68\x19\0\0\x02\0\0\x04\x10\0\0\0\xf6\x10\0\0\xa3\0\0\0\0\0\0\0\x73\
\x19\0\0\xc2\0\0\0\x40\0\0\0\0\0\0\0\0\0\0\x02\xa3\0\0\0\0\0\0\0\0\0\0\x03\0\0\
\0\0\xc1\0\0\0\x04\0\0\0\x04\0\0\0\0\0\0\0\0\0\0\x02\xb1\x02\0\0\xff\x08\0\0\
\x03\0\0\x04\x18\0\0\0\xed\x08\0\0\x3d\0\0\0\0\0\0\0\xf3\x08\0\0\x3d\0\0\0\x40\
\0\0\0\x79\x19\0\0\xc6\0\0\0\x80\0\0\0\x7e\x19\0\0\0\0\0\x08\xc7\0\0\0\x8d\x19\
\0\0\x01\0\0\x04\x04\0\0\0\x9a\x19\0\0\xc8\0\0\0\0\0\0\0\xa3\x19\0\0\0\0\0\x08\
\xc9\0\0\0\xb3\x19\0\0\x01\0\0\x04\x04\0\0\0\0\0\0\0\xca\0\0\0\0\0\0\0\0\0\0\0\
\x03\0\0\x05\x04\0\0\0\xb7\x18\0\0\x5b\0\0\0\0\0\0\0\0\0\0\0\xcb\0\0\0\0\0\0\0\
\0\0\0\0\xcc\0\0\0\0\0\0\0\0\0\0\0\x02\0\0\x04\x02\0\0\0\xbd\x19\0\0\x8a\0\0\0\
\0\0\0\0\x36\x0a\0\0\x8a\0\0\0\x08\0\0\0\0\0\0\0\x02\0\0\x04\x04\0\0\0\xc4\x19\
\0\0\x6e\0\0\0\0\0\0\0\xd3\x19\0\0\x6e\0\0\0\x10\0\0\0\x0c\x09\0\0\x07\0\0\x04\
\x30\0\0\0\xd8\x19\0\0\xce\0\0\0\0\0\0\0\xe1\x19\0\0\x21\0\0\0\x40\0\0\0\x52\
\x14\0\0\xd0\0\0\0\x80\0\0\0\xc6\x10\0\0\x13\0\0\0\xa0\0\0\0\xed\x08\0\0\x3d\0\
\0\0\xc0\0\0\0\xf3\x08\0\0\x3d\0\0\0\0\x01\0\0\xf9\x08\0\0\x3d\0\0\0\x40\x01\0\
\0\xeb\x19\0\0\0\0\0\x08\xcf\0\0\0\xd8\x19\0\0\x01\0\0\x04\x04\0\0\0\xf6\x19\0\
\0\x13\0\0\0\0\0\0\0\xff\x19\0\0\x05\0\0\x06\x04\0\0\0\x0b\x1a\0\0\0\0\0\0\x1a\
\x1a\0\0\x01\0\0\0\x25\x1a\0\0\x02\0\0\0\x2f\x1a\0\0\x03\0\0\0\x3a\x1a\0\0\x04\
\0\0\0\x57\x09\0\0\x03\0\0\x04\x50\0\0\0\x46\x1a\0\0\xd6\0\0\0\0\0\0\0\x4c\x1a\
\0\0\x13\0\0\0\x40\x02\0\0\x5a\x1a\0\0\x13\0\0\0\x60\x02\0\0\x68\x1a\0\0\x02\0\
\0\x04\x18\0\0\0\x7c\x1a\0\0\x3d\0\0\0\0\0\0\0\x84\x1a\0\0\xd3\0\0\0\x40\0\0\0\
\x8b\x1a\0\0\x01\0\0\x04\x10\0\0\0\x9b\x1a\0\0\xd4\0\0\0\0\0\0\0\xa3\x1a\0\0\
\x02\0\0\x04\x10\0\0\0\x9b\x1a\0\0\xd5\0\0\0\0\0\0\0\xb2\x1a\0\0\x75\0\0\0\x40\
\0\0\0\x9b\x1a\0\0\x01\0\0\x04\x08\0\0\0\x2a\x12\0\0\x75\0\0\0\0\0\0\0\0\0\0\0\
\0\0\0\x03\0\0\0\0\xd2\0\0\0\x04\0\0\0\x03\0\0\0\x67\x09\0\0\x03\0\0\x04\x38\0\
\0\0\xbe\x1a\0\0\xd8\0\0\0\0\0\0\0\xc3\x1a\0\0\xdc\0\0\0\x80\0\0\0\xc9\x1a\0\0\
\x13\0\0\0\x80\x01\0\0\xd3\x1a\0\0\x02\0\0\x04\x10\0\0\0\xf6\x10\0\0\xd9\0\0\0\
\0\0\0\0\xe1\x1a\0\0\xda\0\0\0\x40\0\0\0\0\0\0\0\0\0\0\x02\xd8\0\0\0\0\0\0\0\0\
\0\0\x02\xdb\0\0\0\0\0\0\0\x01\0\0\x0d\0\0\0\0\0\0\0\0\xd9\0\0\0\xc3\x1a\0\0\
\x04\0\0\x04\x20\0\0\0\xe6\x1a\0\0\x98\0\0\0\0\0\0\0\xec\x1a\0\0\xc6\0\0\0\x40\
\0\0\0\xf6\x1a\0\0\xdd\0\0\0\x60\0\0\0\xfa\x1a\0\0\x76\0\0\0\x80\0\0\0\x04\x1b\
\0\0\x01\0\0\x04\x04\0\0\0\xd3\x19\0\0\x5b\0\0\0\0\0\0\0\0\0\0\0\0\0\0\x02\xdf\
\0\0\0\0\0\0\0\0\0\0\x0a\xe0\0\0\0\x93\x09\0\0\x1a\0\0\x04\xb8\0\0\0\xf0\x02\0\
\0\x98\0\0\0\0\0\0\0\x1a\x1b\0\0\xe1\0\0\0\x40\0\0\0\x1e\x1b\0\0\xe5\0\0\0\x60\
\0\0\0\x22\x1b\0\0\xe1\0\0\0\x80\0\0\0\x27\x1b\0\0\xe5\0\0\0\xa0\0\0\0\x2c\x1b\
\0\0\xe1\0\0\0\xc0\0\0\0\x31\x1b\0\0\xe5\0\0\0\xe0\0\0\0\x36\x1b\0\0\xe1\0\0\0\
\0\x01\0\0\x3c\x1b\0\0\xe5\0\0\0\x20\x01\0\0\x42\x1b\0\0\x13\0\0\0\x40\x01\0\0\
\x4d\x1b\0\0\xe9\0\0\0\x80\x01\0\0\x5d\x1b\0\0\xe9\0\0\0\xc0\x01\0\0\x6b\x1b\0\
\0\xe9\0\0\0\0\x02\0\0\x79\x1b\0\0\xe9\0\0\0\x40\x02\0\0\x82\x1b\0\0\xe9\0\0\0\
\x80\x02\0\0\x8e\x1b\0\0\x78\0\0\0\xc0\x02\0\0\x9a\x1b\0\0\xeb\0\0\0\0\x03\0\0\
\xaa\x1b\0\0\xeb\0\0\0\x40\x03\0\0\xba\x1b\0\0\xeb\0\0\0\x80\x03\0\0\xc9\x1b\0\
\0\xeb\0\0\0\xc0\x03\0\0\xe6\x0f\0\0\x69\0\0\0\0\x04\0\0\xda\x1b\0\0\xec\0\0\0\
\x40\x04\0\0\xdf\x1b\0\0\xed\0\0\0\x80\x04\0\0\xe7\x1b\0\0\xee\0\0\0\xc0\x04\0\
\0\xef\x1b\0\0\xef\0\0\0\0\x05\0\0\0\0\0\0\xf0\0\0\0\x40\x05\0\0\xfa\x1b\0\0\0\
\0\0\x08\xe2\0\0\0\0\0\0\0\x01\0\0\x04\x04\0\0\0\xb7\x18\0\0\xe3\0\0\0\0\0\0\0\
\x01\x1c\0\0\0\0\0\x08\xe4\0\0\0\x07\x1c\0\0\0\0\0\x08\x13\0\0\0\x18\x1c\0\0\0\
\0\0\x08\xe6\0\0\0\0\0\0\0\x01\0\0\x04\x04\0\0\0\xb7\x18\0\0\xe7\0\0\0\0\0\0\0\
\x1f\x1c\0\0\0\0\0\x08\xe8\0\0\0\x25\x1c\0\0\0\0\0\x08\x13\0\0\0\x36\x1c\0\0\0\
\0\0\x08\xea\0\0\0\0\0\0\0\x01\0\0\x04\x08\0\0\0\xb7\x18\0\0\x3d\0\0\0\0\0\0\0\
\0\0\0\0\0\0\0\x02\xc5\x02\0\0\0\0\0\0\0\0\0\x02\xc1\x02\0\0\0\0\0\0\0\0\0\x02\
\xb2\x02\0\0\0\0\0\0\0\0\0\x02\xb4\x02\0\0\0\0\0\0\0\0\0\x02\xc8\x02\0\0\0\0\0\
\0\x02\0\0\x05\x10\0\0\0\x43\x1c\0\0\x02\0\0\0\0\0\0\0\x7b\x0f\0\0\xd8\0\0\0\0\
\0\0\0\0\0\0\0\0\0\0\x02\xda\x02\0\0\x4b\x1c\0\0\x01\0\0\x04\x08\0\0\0\x54\x1c\
\0\0\xf3\0\0\0\0\0\0\0\0\0\0\0\0\0\0\x02\xdb\x02\0\0\x5e\x1c\0\0\x01\0\0\x04\
\x10\0\0\0\x67\x1c\0\0\x76\0\0\0\0\0\0\0\0\0\0\0\0\0\0\x02\xc4\x02\0\0\0\0\0\0\
\0\0\0\x02\xdc\x02\0\0\0\0\0\0\0\0\0\x02\xdd\x02\0\0\0\0\0\0\0\0\0\x02\xb3\x02\
\0\0\0\0\0\0\0\0\0\x02\xd6\x02\0\0\0\0\0\0\0\0\0\x02\xdf\x02\0\0\x71\x1c\0\0\0\
\0\0\x08\xfc\0\0\0\0\0\0\0\x01\0\0\x04\x08\0\0\0\x7a\x1c\0\0\xfd\0\0\0\0\0\0\0\
\0\0\0\0\0\0\0\x03\0\0\0\0\x57\0\0\0\x04\0\0\0\x01\0\0\0\x7e\x1c\0\0\x02\0\0\
\x04\x18\0\0\0\x89\x1c\0\0\x76\0\0\0\0\0\0\0\x04\x0a\0\0\xfb\0\0\0\x80\0\0\0\
\x8e\x1c\0\0\0\0\0\x08\0\x01\0\0\x95\x1c\0\0\0\0\0\x08\x01\x01\0\0\xa5\x1c\0\0\
\0\0\0\x08\x57\0\0\0\0\0\0\0\0\0\0\x02\xe0\x02\0\0\x8d\x0a\0\0\x03\0\0\x04\x10\
\0\0\0\xb6\x1c\0\0\x02\0\0\0\0\0\0\0\xbb\x1c\0\0\x5b\0\0\0\x20\0\0\0\xc8\x1c\0\
\0\x04\x01\0\0\x40\0\0\0\0\0\0\0\0\0\0\x02\xe1\x02\0\0\xcf\x1c\0\0\x04\0\0\x04\
\x20\0\0\0\xe5\x1c\0\0\x06\x01\0\0\0\0\0\0\xee\x1c\0\0\x57\0\0\0\x40\0\0\0\xf5\
\x1c\0\0\x57\0\0\0\x80\0\0\0\xf9\x1c\0\0\x23\0\0\0\xc0\0\0\0\0\0\0\0\0\0\0\x02\
\x3b\0\0\0\x05\x1d\0\0\0\0\0\x08\x08\x01\0\0\x10\x1d\0\0\x01\0\0\x04\x04\0\0\0\
\0\0\0\0\x09\x01\0\0\0\0\0\0\0\0\0\0\x01\0\0\x05\x04\0\0\0\x19\x1d\0\0\xc7\0\0\
\0\0\0\0\0\x1f\x1d\0\0\x01\0\0\x04\x08\0\0\0\xf6\x10\0\0\x0b\x01\0\0\0\0\0\0\0\
\0\0\0\0\0\0\x02\x0a\x01\0\0\0\0\0\0\0\0\0\x02\xe2\x02\0\0\0\0\0\0\0\0\0\x02\
\xca\x02\0\0\0\0\0\0\0\0\0\x02\xde\x02\0\0\0\0\0\0\0\0\0\x02\xe3\x02\0\0\0\0\0\
\0\0\0\0\x02\xcb\x02\0\0\0\0\0\0\0\0\0\x02\xe4\x02\0\0\0\0\0\0\0\0\0\x02\x13\
\x01\0\0\x2b\x1d\0\0\0\0\0\x08\xd2\x02\0\0\x3c\x1d\0\0\x07\0\0\x04\x38\0\0\0\
\x4f\x1d\0\0\x3d\0\0\0\0\0\0\0\x55\x1d\0\0\x3d\0\0\0\x40\0\0\0\x5b\x1d\0\0\x3d\
\0\0\0\x80\0\0\0\x61\x1d\0\0\x3d\0\0\0\xc0\0\0\0\x67\x1d\0\0\x3d\0\0\0\0\x01\0\
\0\x72\x1d\0\0\x3d\0\0\0\x40\x01\0\0\x7e\x1d\0\0\x3d\0\0\0\x80\x01\0\0\x94\x1d\
\0\0\0\0\0\x08\x16\x01\0\0\0\0\0\0\x01\0\0\x04\x80\0\0\0\0\x03\0\0\x17\x01\0\0\
\0\0\0\0\0\0\0\0\0\0\0\x03\0\0\0\0\x57\0\0\0\x04\0\0\0\x10\0\0\0\x9f\x1d\0\0\0\
\0\0\x08\x19\x01\0\0\xb3\x1d\0\0\x01\0\0\x04\x04\0\0\0\xd8\x19\0\0\xce\0\0\0\0\
\0\0\0\0\0\0\0\0\0\0\x02\xb6\x02\0\0\0\0\0\0\0\0\0\x02\xe5\x02\0\0\0\0\0\0\0\0\
\0\x02\xe6\x02\0\0\0\0\0\0\0\0\0\x02\xe7\x02\0\0\0\0\0\0\0\0\0\x03\0\0\0\0\x8a\
\0\0\0\x04\0\0\0\x04\0\0\0\0\0\0\0\0\0\0\x02\xa5\x02\0\0\0\0\0\0\0\0\0\x02\xb0\
\x02\0\0\xc5\x1d\0\0\0\0\0\x01\x02\0\0\0\x10\0\0\x01\0\0\0\0\0\0\0\x02\xe8\x02\
\0\0\0\0\0\0\0\0\0\x02\x57\0\0\0\0\0\0\0\0\0\0\x03\0\0\0\0\x57\0\0\0\x04\0\0\0\
\x03\0\0\0\0\0\0\0\0\0\0\x02\xe9\x02\0\0\xcb\x1d\0\0\x03\0\0\x04\x08\x04\0\0\
\xe0\x1d\0\0\x27\x01\0\0\0\0\0\0\xe5\x1d\0\0\x23\0\0\0\0\x20\0\0\xf4\x1d\0\0\
\x23\0\0\0\x08\x20\0\0\xfd\x1d\0\0\x01\0\0\x04\0\x04\0\0\xe8\x02\0\0\x56\0\0\0\
\0\0\0\0\0\0\0\0\0\0\0\x02\xc6\x02\0\0\x17\x1e\0\0\x03\0\0\x04\x10\0\0\0\x21\
\x1e\0\0\x2a\x01\0\0\0\0\0\0\xee\x1c\0\0\x12\0\0\0\x40\0\0\0\x26\x1e\0\0\x12\0\
\0\0\x60\0\0\0\0\0\0\0\0\0\0\x02\xad\x02\0\0\0\0\0\0\0\0\0\x02\xea\x02\0\0\x71\
\x0e\0\0\x04\0\0\x04\x78\0\0\0\x2b\x1e\0\0\x2d\x01\0\0\0\0\0\0\x35\x1e\0\0\x13\
\0\0\0\0\x03\0\0\xc2\x18\0\0\x57\0\0\0\x40\x03\0\0\x3b\x1e\0\0\x57\0\0\0\x80\
\x03\0\0\0\0\0\0\0\0\0\x03\0\0\0\0\x57\0\0\0\x04\0\0\0\x0c\0\0\0\0\0\0\0\0\0\0\
\x03\0\0\0\0\x2c\x01\0\0\x04\0\0\0\x20\0\0\0\0\0\0\0\0\0\0\x02\x9f\x02\0\0\0\0\
\0\0\0\0\0\x02\xae\x02\0\0\0\0\0\0\0\0\0\x02\xc9\x02\0\0\0\0\0\0\0\0\0\x02\xeb\
\x02\0\0\x71\x0f\0\0\0\0\0\x04\0\0\0\0\x3f\x1e\0\0\x04\0\0\x04\x28\0\0\0\x4a\
\x1e\0\0\xc1\0\0\0\0\0\0\0\x7f\x14\0\0\x57\0\0\0\x80\0\0\0\x44\x14\0\0\x35\x01\
\0\0\xc0\0\0\0\xbf\x03\0\0\x11\0\0\0\0\x01\0\0\0\0\0\0\0\0\0\x02\x36\x01\0\0\0\
\0\0\0\x01\0\0\x0d\0\0\0\0\0\0\0\0\x37\x01\0\0\0\0\0\0\0\0\0\x02\x34\x01\0\0\0\
\0\0\0\0\0\0\x02\xc0\x02\0\0\0\0\0\0\0\0\0\x02\xbe\x02\0\0\0\0\0\0\0\0\0\x02\
\xec\x02\0\0\0\0\0\0\0\0\0\x02\xed\x02\0\0\x50\x1e\0\0\x01\0\0\x04\x08\0\0\0\
\x12\x18\0\0\x6c\0\0\0\0\0\0\0\x5b\x1e\0\0\x01\0\0\x05\x08\0\0\0\x6b\x1e\0\0\
\x3e\x01\0\0\0\0\0\0\x72\x1e\0\0\x02\0\0\x04\x08\0\0\0\x7d\x1e\0\0\x23\0\0\0\0\
\0\0\0\x88\x1e\0\0\x13\0\0\0\x20\0\0\0\0\0\0\0\0\0\0\x03\0\0\0\0\x3d\x01\0\0\
\x04\0\0\0\x01\0\0\0\0\0\0\0\0\0\0\x02\xee\x02\0\0\x93\x1e\0\0\x16\0\0\x84\x40\
\x11\0\0\xa1\x1e\0\0\x43\x01\0\0\0\0\0\0\xab\x1e\0\0\x57\0\0\0\xc0\0\0\0\xae\
\x1e\0\0\x70\0\0\0\0\x01\0\0\xb1\x1e\0\0\x70\0\0\0\x10\x01\0\0\xb4\x1e\0\0\x70\
\0\0\0\x20\x01\0\0\xbc\x1e\0\0\x70\0\0\0\x30\x01\0\0\xc4\x1e\0\0\x57\0\0\0\x40\
\x01\0\0\xcb\x1e\0\0\x57\0\0\0\x80\x01\0\0\xd2\x1e\0\0\x9c\x01\0\0\xc0\x01\0\0\
\xdd\x1e\0\0\x57\0\0\0\xc0\x02\0\0\xe9\x1e\0\0\x57\0\0\0\0\x03\0\0\xf4\x1e\0\0\
\x57\0\0\0\x40\x03\0\0\xf8\x1e\0\0\x57\0\0\0\x80\x03\0\0\0\x1f\0\0\x57\0\0\0\
\xc0\x03\0\0\x0b\x1f\0\0\x9d\x01\0\0\0\x04\0\0\x15\x1f\0\0\x57\0\0\0\x40\x04\0\
\0\x1f\x1f\0\0\x13\0\0\0\x80\x04\0\x01\x29\x1f\0\0\x11\0\0\0\xa0\x04\0\0\x2e\
\x1f\0\0\x57\0\0\0\xc0\x04\0\0\x37\x1f\0\0\x57\0\0\0\0\x05\0\0\x47\x1f\0\0\x9e\
\x01\0\0\x40\x05\0\0\x4d\x1f\0\0\x9f\x01\0\0\0\x06\0\0\x51\x1f\0\0\x0d\0\0\x84\
\x08\0\0\0\x5d\x1f\0\0\x6e\0\0\0\0\0\0\0\x64\x1f\0\0\x6e\0\0\0\x10\0\0\0\x6a\
\x1f\0\0\x6e\0\0\0\x20\0\0\x08\x19\0\0\0\x6e\0\0\0\x28\0\0\x04\x26\x18\0\0\x6e\
\0\0\0\x2c\0\0\x01\x70\x1f\0\0\x6e\0\0\0\x2d\0\0\x02\x74\x1f\0\0\x6e\0\0\0\x2f\
\0\0\x01\x76\x1f\0\0\x6e\0\0\0\x30\0\0\x04\x7d\x1f\0\0\x6e\0\0\0\x34\0\0\x01\
\x81\x1f\0\0\x6e\0\0\0\x35\0\0\x01\x83\x1f\0\0\x6e\0\0\0\x36\0\0\x01\x85\x1f\0\
\0\x6e\0\0\0\x37\0\0\x01\x87\x1f\0\0\x6e\0\0\0\x38\0\0\x08\0\0\0\0\0\0\0\x03\0\
\0\0\0\x42\x01\0\0\x04\0\0\0\x03\0\0\0\0\0\0\0\0\0\0\x02\x45\x01\0\0\x8d\x1f\0\
\0\x4e\0\0\x04\x30\x05\0\0\x98\x1f\0\0\x76\0\0\0\0\0\0\0\xa4\x1f\0\0\x76\0\0\0\
\x80\0\0\0\xb1\x1f\0\0\x76\0\0\0\0\x01\0\0\x5f\x11\0\0\x74\0\0\0\x80\x01\0\0\
\xbd\x1f\0\0\x3d\0\0\0\x40\x02\0\0\xc9\x1f\0\0\x76\0\0\0\x80\x02\0\0\xd7\x1f\0\
\0\xc1\0\0\0\0\x03\0\0\xe3\x1f\0\0\x76\0\0\0\x80\x03\0\0\xf0\x1f\0\0\x02\0\0\0\
\0\x04\0\0\xfc\x1f\0\0\x02\0\0\0\x20\x04\0\0\x07\x20\0\0\x02\0\0\0\x40\x04\0\0\
\x12\x20\0\0\x13\0\0\0\x60\x04\0\0\x72\x08\0\0\x44\x01\0\0\x80\x04\0\0\x23\x20\
\0\0\x46\x01\0\0\xc0\x04\0\0\x27\x20\0\0\x69\0\0\0\0\x05\0\0\x52\x14\0\0\x47\
\x01\0\0\x40\x05\0\0\x33\x20\0\0\x13\0\0\0\x60\x05\0\0\x35\x1e\0\0\x48\x01\0\0\
\x80\x05\0\0\x40\x20\0\0\x99\0\0\0\xc0\x05\0\0\x4c\x20\0\0\x3d\0\0\0\0\x06\0\0\
\x5f\x20\0\0\x3d\0\0\0\x40\x06\0\0\x72\x20\0\0\x3d\0\0\0\x80\x06\0\0\x79\x20\0\
\0\x4c\x01\0\0\xc0\x06\0\0\x7e\x20\0\0\x6e\0\0\0\0\x0b\0\0\x8a\x20\0\0\x6e\0\0\
\0\x10\x0b\0\0\x99\x20\0\0\x6e\0\0\0\x20\x0b\0\0\xa3\x20\0\0\x51\x01\0\0\x40\
\x0b\0\0\x53\x03\0\0\x1f\x01\0\0\x40\x11\0\0\xa6\x20\0\0\x63\x01\0\0\x80\x11\0\
\0\xae\x20\0\0\x98\0\0\0\xc0\x11\0\0\xb7\x20\0\0\x99\0\0\0\0\x12\0\0\xd0\x20\0\
\0\x99\0\0\0\x40\x12\0\0\xe9\x20\0\0\xdc\0\0\0\x80\x12\0\0\xf5\x20\0\0\x76\0\0\
\0\x80\x13\0\0\x5a\x08\0\0\x44\x01\0\0\0\x14\0\0\0\x21\0\0\x02\0\0\0\x40\x14\0\
\0\xc6\x10\0\0\x02\0\0\0\x60\x14\0\0\x06\x21\0\0\x76\0\0\0\x80\x14\0\0\xe6\x1a\
\0\0\x71\0\0\0\0\x15\0\0\x12\x21\0\0\xdc\0\0\0\x40\x15\0\0\x1d\x21\0\0\x5b\0\0\
\0\x40\x16\0\0\x28\x21\0\0\x64\x01\0\0\x80\x16\0\0\x2b\x21\0\0\x76\0\0\0\xc0\
\x16\0\0\x34\x21\0\0\x57\0\0\0\x40\x17\0\0\x40\x21\0\0\x02\0\0\0\x80\x17\0\0\
\x4c\x21\0\0\x65\x01\0\0\xc0\x17\0\0\x52\x21\0\0\x67\x01\0\0\x80\x18\0\0\x59\
\x21\0\0\x13\0\0\0\xc0\x18\0\0\x68\x21\0\0\x13\0\0\0\xe0\x18\0\0\x75\x21\0\0\
\x13\0\0\0\0\x19\0\0\x85\x21\0\0\x57\0\0\0\x40\x19\0\0\x92\x21\0\0\x68\x01\0\0\
\x80\x19\0\0\x9e\x21\0\0\x68\x01\0\0\x80\x1a\0\0\xb2\x21\0\0\xd8\0\0\0\x80\x1b\
\0\0\xbf\x21\0\0\x13\0\0\0\0\x1c\0\0\xcc\x21\0\0\x6c\x01\0\0\x40\x1c\0\0\xde\
\x21\0\0\x5b\0\0\0\x80\x1c\0\0\xea\x21\0\0\x6d\x01\0\0\xc0\x1c\0\0\xf7\x21\0\0\
\x6e\x01\0\0\x80\x1d\0\0\x0a\x22\0\0\x57\0\0\0\xc0\x1d\0\0\x1b\x22\0\0\x44\x01\
\0\0\0\x1e\0\0\x25\x22\0\0\x6f\x01\0\0\x40\x1e\0\0\xd3\x1a\0\0\xd8\0\0\0\x80\
\x1e\0\0\x2d\x22\0\0\x71\x01\0\0\0\x1f\0\0\x30\x22\0\0\x3d\0\0\0\x40\x1f\0\0\
\x33\x22\0\0\x99\0\0\0\x80\x1f\0\0\x40\x22\0\0\x72\x01\0\0\xc0\x1f\0\0\x46\x22\
\0\0\x74\x01\0\0\0\x20\0\0\x57\x22\0\0\x69\0\0\0\x40\x20\0\0\x70\x22\0\0\x8a\
\x01\0\0\x80\x20\0\0\x75\x22\0\0\x3d\0\0\0\xc0\x20\0\0\x80\x22\0\0\x8b\x01\0\0\
\0\x21\0\0\xc8\x1c\0\0\x8c\x01\0\0\x40\x21\0\0\x89\x22\0\0\x8d\x01\0\0\x80\x21\
\0\0\x94\x22\0\0\x9b\x01\0\0\x40\x28\0\0\xe6\x0f\0\0\x69\0\0\0\x80\x28\0\0\x99\
\x22\0\0\x76\0\0\0\xc0\x28\0\0\xa1\x22\0\0\x12\0\0\0\x40\x29\0\0\0\0\0\0\0\0\0\
\x02\xa3\x02\0\0\xab\x22\0\0\x06\0\0\x86\x04\0\0\0\xbc\x22\0\0\xfc\xff\xff\xff\
\xd2\x22\0\0\xfd\xff\xff\xff\xe8\x22\0\0\xfe\xff\xff\xff\xff\x22\0\0\xff\xff\
\xff\xff\x14\x23\0\0\0\0\0\0\x2e\x23\0\0\x01\0\0\0\x46\x23\0\0\0\0\0\x08\x49\
\x01\0\0\0\0\0\0\x01\0\0\x04\x08\0\0\0\x50\x23\0\0\x4a\x01\0\0\0\0\0\0\x52\x23\
\0\0\0\0\0\x08\x4b\x01\0\0\0\0\0\0\x01\0\0\x04\x08\0\0\0\x50\x23\0\0\x98\0\0\0\
\0\0\0\0\x5a\x23\0\0\x3c\0\0\x84\x88\0\0\0\x19\0\0\0\x12\0\0\0\0\0\0\0\x26\x1e\
\0\0\x12\0\0\0\x20\0\0\0\x6a\x23\0\0\x20\0\0\0\x40\0\0\0\0\0\0\0\x4d\x01\0\0\
\x80\0\0\0\x71\x23\0\0\x20\0\0\0\xc0\0\0\0\x7d\x23\0\0\x20\0\0\0\0\x01\0\0\x89\
\x23\0\0\x20\0\0\0\x40\x01\0\x01\x92\x23\0\0\x20\0\0\0\x41\x01\0\x01\x9a\x23\0\
\0\x20\0\0\0\x42\x01\0\x01\xa1\x23\0\0\x20\0\0\0\x43\x01\0\x01\xab\x23\0\0\x20\
\0\0\0\x44\x01\0\x01\xb8\x23\0\0\x20\0\0\0\x45\x01\0\x01\xc7\x23\0\0\x20\0\0\0\
\x46\x01\0\x01\xd2\x23\0\0\x20\0\0\0\x47\x01\0\x01\xdf\x23\0\0\x20\0\0\0\x48\
\x01\0\x01\x52\x02\0\0\x20\0\0\0\x49\x01\0\x01\xe4\x23\0\0\x20\0\0\0\x4a\x01\0\
\x01\xe9\x23\0\0\x20\0\0\0\x4b\x01\0\x01\xf6\x23\0\0\x20\0\0\0\x4c\x01\0\x01\
\x05\x24\0\0\x20\0\0\0\x4d\x01\0\x01\x0a\x24\0\0\x20\0\0\0\x4e\x01\0\x01\x14\
\x24\0\0\x20\0\0\0\x4f\x01\0\x02\x1f\x24\0\0\x20\0\0\0\x51\x01\0\x01\x29\x24\0\
\0\x20\0\0\0\x52\x01\0\x01\x37\x24\0\0\x20\0\0\0\x53\x01\0\x01\x44\x24\0\0\x20\
\0\0\0\x54\x01\0\x01\x52\x24\0\0\x20\0\0\0\x55\x01\0\x01\x6b\x24\0\0\x20\0\0\0\
\x56\x01\0\x01\x82\x24\0\0\x20\0\0\0\x57\x01\0\x01\x88\x24\0\0\x20\0\0\0\x58\
\x01\0\x01\x92\x24\0\0\x20\0\0\0\x59\x01\0\x01\x9e\x24\0\0\x20\0\0\0\x5a\x01\0\
\x01\xad\x24\0\0\x20\0\0\0\x5b\x01\0\x01\xbc\x24\0\0\x20\0\0\0\x5c\x01\0\x01\
\xc7\x24\0\0\x20\0\0\0\x5d\x01\0\x01\xcf\x24\0\0\x20\0\0\0\x5e\x01\0\x01\xd9\
\x24\0\0\x20\0\0\0\x5f\x01\0\x01\xe4\x24\0\0\x20\0\0\0\x60\x01\0\x01\xeb\x24\0\
\0\x20\0\0\0\x61\x01\0\x01\xf5\x24\0\0\x20\0\0\0\x62\x01\0\x01\xfe\x24\0\0\x20\
\0\0\0\x63\x01\0\x01\x0d\x25\0\0\x20\0\0\0\x64\x01\0\x01\x1c\x25\0\0\x20\0\0\0\
\x65\x01\0\x01\x24\x25\0\0\x20\0\0\0\x66\x01\0\x1a\0\0\0\0\x4e\x01\0\0\x80\x01\
\0\0\x31\x25\0\0\x12\0\0\0\xa0\x01\0\0\0\0\0\0\x4f\x01\0\0\xc0\x01\0\0\0\0\0\0\
\x50\x01\0\0\0\x02\0\0\x39\x25\0\0\x20\0\0\0\x40\x02\0\0\x4c\x25\0\0\x20\0\0\0\
\x80\x02\0\0\x5d\x25\0\0\x12\0\0\0\xc0\x02\0\0\xce\x18\0\0\x15\0\0\0\xe0\x02\0\
\0\x6f\x25\0\0\x20\0\0\0\0\x03\0\0\x80\x25\0\0\x12\0\0\0\x40\x03\0\0\x8e\x25\0\
\0\x6f\0\0\0\x60\x03\0\0\x9f\x25\0\0\x6f\0\0\0\x70\x03\0\0\xac\x25\0\0\x12\0\0\
\0\x80\x03\0\0\xbc\x25\0\0\x12\0\0\0\xa0\x03\0\0\xc9\x25\0\0\x20\0\0\0\xc0\x03\
\0\0\xd2\x25\0\0\x20\0\0\0\0\x04\0\0\0\0\0\0\x02\0\0\x05\x08\0\0\0\xda\x25\0\0\
\x20\0\0\0\0\0\0\0\xe8\x25\0\0\x20\0\0\0\0\0\0\0\0\0\0\0\x02\0\0\x05\x04\0\0\0\
\xf4\x25\0\0\x12\0\0\0\0\0\0\0\x02\x26\0\0\x12\0\0\0\0\0\0\0\0\0\0\0\x04\0\0\
\x05\x08\0\0\0\x13\x26\0\0\x20\0\0\0\0\0\0\0\x1b\x26\0\0\x20\0\0\0\0\0\0\0\x27\
\x26\0\0\x20\0\0\0\0\0\0\0\x33\x26\0\0\x20\0\0\0\0\0\0\0\0\0\0\0\x04\0\0\x05\
\x08\0\0\0\x3b\x26\0\0\x20\0\0\0\0\0\0\0\x42\x26\0\0\x20\0\0\0\0\0\0\0\x4e\x26\
\0\0\x20\0\0\0\0\0\0\0\x5b\x26\0\0\x20\0\0\0\0\0\0\0\x63\x26\0\0\x0c\0\0\x04\
\xc0\0\0\0\0\0\0\0\x52\x01\0\0\0\0\0\0\x71\x26\0\0\x71\0\0\0\0\x03\0\0\xea\x21\
\0\0\x69\0\0\0\x40\x03\0\0\x0a\x22\0\0\x57\0\0\0\x80\x03\0\0\x52\x14\0\0\x02\0\
\0\0\xc0\x03\0\0\x78\x26\0\0\x48\x01\0\0\0\x04\0\0\xda\x25\0\0\x3d\0\0\0\x40\
\x04\0\0\0\0\0\0\x60\x01\0\0\x80\x04\0\0\x83\x26\0\0\x3d\0\0\0\0\x05\0\0\x92\
\x26\0\0\x3d\0\0\0\x40\x05\0\0\x9d\x26\0\0\x3d\0\0\0\x80\x05\0\0\xad\x26\0\0\
\x3d\0\0\0\xc0\x05\0\0\0\0\0\0\x07\0\0\x05\x60\0\0\0\0\0\0\0\x53\x01\0\0\0\0\0\
\0\0\0\0\0\x55\x01\0\0\0\0\0\0\0\0\0\0\x56\x01\0\0\0\0\0\0\0\0\0\0\x57\x01\0\0\
\0\0\0\0\0\0\0\0\x58\x01\0\0\0\0\0\0\0\0\0\0\x59\x01\0\0\0\0\0\0\0\0\0\0\x5f\
\x01\0\0\0\0\0\0\0\0\0\0\x0a\0\0\x04\x60\0\0\0\x6a\x23\0\0\x3d\0\0\0\0\0\0\0\
\xbe\x26\0\0\x3d\0\0\0\x40\0\0\0\xc7\x26\0\0\x57\0\0\0\x80\0\0\0\xd3\x26\0\0\
\x57\0\0\0\xc0\0\0\0\xde\x26\0\0\x02\0\0\0\0\x01\0\0\xef\x26\0\0\x02\0\0\0\x20\
\x01\0\0\xf3\x26\0\0\x02\0\0\0\x40\x01\0\0\xbf\x03\0\0\x02\0\0\0\x60\x01\0\0\
\xfc\x26\0\0\x54\x01\0\0\x80\x01\0\0\x06\x27\0\0\x54\x01\0\0\x40\x02\0\0\x11\
\x27\0\0\x04\0\0\x04\x18\0\0\0\x6a\x23\0\0\x3d\0\0\0\0\0\0\0\x25\x27\0\0\x13\0\
\0\0\x40\0\0\0\x29\x27\0\0\x02\0\0\0\x60\0\0\0\xef\x26\0\0\x02\0\0\0\x80\0\0\0\
\0\0\0\0\x01\0\0\x04\x08\0\0\0\x2f\x27\0\0\x3d\0\0\0\0\0\0\0\0\0\0\0\x01\0\0\
\x04\x40\0\0\0\x2a\x14\0\0\x82\0\0\0\0\0\0\0\0\0\0\0\x01\0\0\x04\x10\0\0\0\x3a\
\x27\0\0\x76\0\0\0\0\0\0\0\0\0\0\0\x02\0\0\x04\x10\0\0\0\x42\x27\0\0\x3d\0\0\0\
\0\0\0\0\x4a\x27\0\0\x3d\0\0\0\x40\0\0\0\0\0\0\0\x02\0\0\x04\x28\0\0\0\x4f\x27\
\0\0\x5a\x01\0\0\0\0\0\0\x54\x27\0\0\x5b\x01\0\0\xc0\0\0\0\x5c\x27\0\0\x04\0\0\
\x04\x18\0\0\0\x6f\x27\0\0\x57\0\0\0\0\0\0\0\x44\x03\0\0\x57\0\0\0\x40\0\0\0\
\xf5\x1c\0\0\x8a\0\0\0\x80\0\0\0\x19\0\0\0\x8a\0\0\0\x88\0\0\0\x77\x27\0\0\x02\
\0\0\x04\x10\0\0\0\x83\x27\0\0\x5c\x01\0\0\0\0\0\0\xf6\x10\0\0\x5e\x01\0\0\x40\
\0\0\0\x89\x27\0\0\x01\0\0\x04\x08\0\0\0\xf6\x10\0\0\x5d\x01\0\0\0\0\0\0\0\0\0\
\0\0\0\0\x02\x5c\x01\0\0\0\0\0\0\0\0\0\x02\x5b\x01\0\0\0\0\0\0\x05\0\0\x04\x18\
\0\0\0\x94\x27\0\0\x8a\0\0\0\0\0\0\0\x9f\x27\0\0\x8a\0\0\0\x08\0\0\0\xaa\x27\0\
\0\x6e\0\0\0\x10\0\0\0\xb2\x27\0\0\x3d\0\0\0\x40\0\0\0\xb7\x27\0\0\x3d\0\0\0\
\x80\0\0\0\0\0\0\0\x02\0\0\x05\x10\0\0\0\0\0\0\0\x61\x01\0\0\0\0\0\0\0\0\0\0\
\x62\x01\0\0\0\0\0\0\0\0\0\0\x02\0\0\x04\x10\0\0\0\xbd\x27\0\0\x3d\0\0\0\0\0\0\
\0\xc9\x27\0\0\x48\x01\0\0\x40\0\0\0\0\0\0\0\x02\0\0\x04\x10\0\0\0\xd5\x27\0\0\
\x3d\0\0\0\0\0\0\0\xe2\x27\0\0\x3d\0\0\0\x40\0\0\0\0\0\0\0\0\0\0\x02\xa4\x02\0\
\0\0\0\0\0\0\0\0\x02\xa6\x02\0\0\xee\x27\0\0\0\0\0\x08\x66\x01\0\0\0\x28\0\0\
\x02\0\0\x04\x18\0\0\0\x79\x19\0\0\x07\x01\0\0\0\0\0\0\x10\x28\0\0\x76\0\0\0\
\x40\0\0\0\0\0\0\0\0\0\0\x02\xc7\x02\0\0\x15\x28\0\0\x03\0\0\x04\x20\0\0\0\x32\
\x14\0\0\x6a\0\0\0\0\0\0\0\xe1\x1a\0\0\x69\x01\0\0\x80\0\0\0\x1e\x28\0\0\x6c\
\x01\0\0\xc0\0\0\0\0\0\0\0\0\0\0\x02\x6a\x01\0\0\0\0\0\0\x01\0\0\x0d\0\0\0\0\0\
\0\0\0\x6b\x01\0\0\0\0\0\0\0\0\0\x02\x68\x01\0\0\x26\x28\0\0\x01\0\0\x04\x08\0\
\0\0\x05\x24\0\0\x71\0\0\0\0\0\0\0\x2e\x28\0\0\x03\0\0\x04\x18\0\0\0\x89\x1c\0\
\0\x76\0\0\0\0\0\0\0\x79\x19\0\0\xc6\0\0\0\x80\0\0\0\x45\x28\0\0\x13\0\0\0\xa0\
\0\0\0\0\0\0\0\0\0\0\x02\xcd\x02\0\0\0\0\0\0\0\0\0\x02\x70\x01\0\0\0\0\0\0\x01\
\0\0\x0d\0\0\0\0\0\0\0\0\x44\x01\0\0\0\0\0\0\0\0\0\x02\xb5\x02\0\0\0\0\0\0\0\0\
\0\x02\x73\x01\0\0\0\0\0\0\0\0\0\x0d\x3d\0\0\0\x55\x28\0\0\0\0\0\x08\x75\x01\0\
\0\0\0\0\0\0\0\0\x02\x76\x01\0\0\0\0\0\0\x03\0\0\x0d\0\0\0\0\0\0\0\0\x44\x01\0\
\0\0\0\0\0\x77\x01\0\0\0\0\0\0\x84\x01\0\0\0\0\0\0\0\0\0\x02\x78\x01\0\0\x6d\
\x28\0\0\x1a\0\0\x04\0\x01\0\0\x7e\x28\0\0\x3d\0\0\0\0\0\0\0\x8b\x28\0\0\x3d\0\
\0\0\x40\0\0\0\x92\x28\0\0\x3d\0\0\0\x80\0\0\0\x19\0\0\0\x3d\0\0\0\xc0\0\0\0\
\x9b\x28\0\0\x79\x01\0\0\0\x01\0\0\xc2\x18\0\0\x3d\0\0\0\x40\x01\0\0\x30\x22\0\
\0\x3d\0\0\0\x80\x01\0\0\xa5\x28\0\0\x7a\x01\0\0\xc0\x01\0\0\xaf\x28\0\0\x3d\0\
\0\0\0\x02\0\0\xb2\x28\0\0\x7b\x01\0\0\x40\x02\0\0\xbc\x28\0\0\x7c\x01\0\0\x80\
\x02\0\0\xc0\x28\0\0\x7d\x01\0\0\xc0\x02\0\0\xc9\x28\0\0\x7e\x01\0\0\0\x03\0\0\
\x18\x12\0\0\x7f\x01\0\0\x40\x03\0\0\xd7\x28\0\0\x81\x01\0\0\x80\x03\0\0\xe0\
\x28\0\0\x3d\0\0\0\xc0\x03\0\0\xe4\x28\0\0\x83\x01\0\0\0\x04\0\0\xee\x28\0\0\
\x83\x01\0\0\x80\x04\0\0\xf8\x28\0\0\x3d\0\0\0\0\x05\0\0\x08\x29\0\0\x3d\0\0\0\
\x40\x05\0\0\xe4\x24\0\0\x3d\0\0\0\x80\x05\0\0\x12\x29\0\0\x3d\0\0\0\xc0\x05\0\
\0\x17\x29\0\0\x3d\0\0\0\0\x06\0\0\x21\x29\0\0\x3d\0\0\0\x40\x06\0\0\x30\x29\0\
\0\x3d\0\0\0\x80\x06\0\0\x3f\x29\0\0\x3d\0\0\0\xc0\x06\0\0\0\0\0\0\x02\0\0\x04\
\x08\0\0\0\x42\x02\0\0\x11\0\0\0\0\0\0\0\x48\x29\0\0\x11\0\0\0\x20\0\0\0\0\0\0\
\0\x02\0\0\x04\x08\0\0\0\xc6\x10\0\0\x11\0\0\0\0\0\0\0\x4c\x29\0\0\x11\0\0\0\
\x20\0\0\0\0\0\0\0\0\0\0\x02\xce\x02\0\0\0\0\0\0\0\0\0\x02\xcf\x02\0\0\0\0\0\0\
\0\0\0\x02\xd0\x02\0\0\0\0\0\0\0\0\0\x02\x3d\0\0\0\x55\x29\0\0\x02\0\0\x05\x08\
\0\0\0\x68\x29\0\0\x20\0\0\0\0\0\0\0\0\0\0\0\x80\x01\0\0\0\0\0\0\0\0\0\0\x03\0\
\0\x04\x08\0\0\0\x6d\x29\0\0\x12\0\0\0\0\0\0\0\x75\x29\0\0\x6f\0\0\0\x20\0\0\0\
\x7c\x29\0\0\x6f\0\0\0\x30\0\0\0\x83\x29\0\0\x02\0\0\x05\x08\0\0\0\xb7\x18\0\0\
\x20\0\0\0\0\0\0\0\0\0\0\0\x82\x01\0\0\0\0\0\0\0\0\0\0\x0b\0\0\x84\x08\0\0\0\
\x95\x29\0\0\x20\0\0\0\0\0\0\x05\x9c\x29\0\0\x20\0\0\0\x05\0\0\x0e\xa4\x29\0\0\
\x20\0\0\0\x13\0\0\x05\xae\x29\0\0\x20\0\0\0\x18\0\0\x02\xb7\x29\0\0\x20\0\0\0\
\x1a\0\0\x07\xc0\x29\0\0\x20\0\0\0\x21\0\0\x04\xcc\x29\0\0\x20\0\0\0\x25\0\0\
\x01\xd7\x29\0\0\x20\0\0\0\x26\0\0\x02\xe2\x29\0\0\x20\0\0\0\x28\0\0\x03\xea\
\x29\0\0\x20\0\0\0\x2b\0\0\x03\xf3\x29\0\0\x20\0\0\0\x2e\0\0\x12\xfc\x29\0\0\
\x02\0\0\x04\x10\0\0\0\x06\x2a\0\0\x20\0\0\0\0\0\0\0\x0a\x2a\0\0\x84\x01\0\0\
\x40\0\0\0\0\0\0\0\0\0\0\x02\x85\x01\0\0\x0f\x2a\0\0\x15\0\0\x04\xa8\0\0\0\x17\
\x2a\0\0\x57\0\0\0\0\0\0\0\x1b\x2a\0\0\x57\0\0\0\x40\0\0\0\x1f\x2a\0\0\x57\0\0\
\0\x80\0\0\0\x23\x2a\0\0\x57\0\0\0\xc0\0\0\0\x27\x2a\0\0\x57\0\0\0\0\x01\0\0\
\x2a\x2a\0\0\x57\0\0\0\x40\x01\0\0\x2d\x2a\0\0\x57\0\0\0\x80\x01\0\0\x31\x2a\0\
\0\x57\0\0\0\xc0\x01\0\0\x35\x2a\0\0\x57\0\0\0\0\x02\0\0\x38\x2a\0\0\x57\0\0\0\
\x40\x02\0\0\x3b\x2a\0\0\x57\0\0\0\x80\x02\0\0\x3e\x2a\0\0\x57\0\0\0\xc0\x02\0\
\0\x41\x2a\0\0\x57\0\0\0\0\x03\0\0\x44\x2a\0\0\x57\0\0\0\x40\x03\0\0\x47\x2a\0\
\0\x57\0\0\0\x80\x03\0\0\x4a\x2a\0\0\x57\0\0\0\xc0\x03\0\0\xaf\x28\0\0\x57\0\0\
\0\0\x04\0\0\0\0\0\0\x86\x01\0\0\x40\x04\0\0\xbf\x03\0\0\x57\0\0\0\x80\x04\0\0\
\xab\x1e\0\0\x57\0\0\0\xc0\x04\0\0\0\0\0\0\x88\x01\0\0\0\x05\0\0\0\0\0\0\x03\0\
\0\x05\x08\0\0\0\x52\x2a\0\0\x6e\0\0\0\0\0\0\0\x55\x2a\0\0\x3d\0\0\0\0\0\0\0\
\x59\x2a\0\0\x87\x01\0\0\0\0\0\0\x59\x2a\0\0\x03\0\0\x84\x08\0\0\0\x52\x2a\0\0\
\x3d\0\0\0\0\0\0\x10\x61\x2a\0\0\x3d\0\0\0\x10\0\0\x02\x64\x2a\0\0\x3d\0\0\0\
\x12\0\0\x01\0\0\0\0\x03\0\0\x05\x08\0\0\0\x68\x2a\0\0\x6e\0\0\0\0\0\0\0\x6b\
\x2a\0\0\x3d\0\0\0\0\0\0\0\x6f\x2a\0\0\x89\x01\0\0\0\0\0\0\x6f\x2a\0\0\x0a\0\0\
\x84\x08\0\0\0\x68\x2a\0\0\x3d\0\0\0\0\0\0\x10\x77\x2a\0\0\x3d\0\0\0\x10\0\0\
\x01\x7b\x2a\0\0\x3d\0\0\0\x11\0\0\x01\x83\x2a\0\0\x3d\0\0\0\x12\0\0\x01\x87\
\x2a\0\0\x3d\0\0\0\x20\0\0\x08\x19\0\0\0\x3d\0\0\0\x30\0\0\x04\x8e\x2a\0\0\x3d\
\0\0\0\x38\0\0\x01\x96\x2a\0\0\x3d\0\0\0\x39\0\0\x01\x99\x2a\0\0\x3d\0\0\0\x3a\
\0\0\x01\xa0\x2a\0\0\x3d\0\0\0\x3c\0\0\x04\0\0\0\0\0\0\0\x02\xbd\x02\0\0\0\0\0\
\0\0\0\0\x02\xa1\x02\0\0\0\0\0\0\0\0\0\x02\xa2\x02\0\0\x89\x22\0\0\x0f\0\0\x04\
\xd8\0\0\0\xe1\x1a\0\0\x8e\x01\0\0\0\0\0\0\xf6\x10\0\0\x91\x01\0\0\x40\0\0\0\
\xbf\x03\0\0\x57\0\0\0\x80\0\0\0\xa8\x2a\0\0\x69\0\0\0\xc0\0\0\0\xb0\x2a\0\0\
\x8e\x01\0\0\0\x01\0\0\xbb\x2a\0\0\x94\x01\0\0\x40\x01\0\0\xc6\x2a\0\0\x96\x01\
\0\0\xc0\x02\0\0\xd0\x2a\0\0\x94\x01\0\0\0\x03\0\0\xd9\x2a\0\0\x57\0\0\0\x80\
\x04\0\0\xe4\x2a\0\0\x57\0\0\0\xc0\x04\0\0\x89\x1c\0\0\x76\0\0\0\0\x05\0\0\xf4\
\x2a\0\0\x76\0\0\0\x80\x05\0\0\xff\x2a\0\0\x97\x01\0\0\0\x06\0\0\x08\x2b\0\0\
\x91\x01\0\0\x40\x06\0\0\x10\x2b\0\0\x57\0\0\0\x80\x06\0\0\x1c\x2b\0\0\0\0\0\
\x08\x8f\x01\0\0\0\0\0\0\0\0\0\x02\x90\x01\0\0\0\0\0\0\x04\0\0\x0d\0\0\0\0\0\0\
\0\0\x57\0\0\0\0\0\0\0\x57\0\0\0\0\0\0\0\x91\x01\0\0\0\0\0\0\x92\x01\0\0\0\0\0\
\0\0\0\0\x02\x8d\x01\0\0\0\0\0\0\0\0\0\x02\x93\x01\0\0\x2a\x2b\0\0\x01\0\0\x04\
\xa8\0\0\0\x0a\x2a\0\0\x85\x01\0\0\0\0\0\0\x36\x2b\0\0\x03\0\0\x04\x30\0\0\0\
\x46\x2b\0\0\x95\x01\0\0\0\0\0\0\x53\x2b\0\0\x95\x01\0\0\x40\0\0\0\x5f\x2b\0\0\
\xdc\0\0\0\x80\0\0\0\0\0\0\0\0\0\0\x02\xbf\x02\0\0\0\0\0\0\0\0\0\x02\x94\x01\0\
\0\x6a\x2b\0\0\0\0\0\x08\x98\x01\0\0\0\0\0\0\0\0\0\x02\x99\x01\0\0\0\0\0\0\x02\
\0\0\x0d\x02\0\0\0\0\0\0\0\x91\x01\0\0\0\0\0\0\x9a\x01\0\0\x7c\x2b\0\0\x03\0\0\
\x06\x04\0\0\0\x8b\x2b\0\0\0\0\0\0\xb5\x2b\0\0\x01\0\0\0\xdf\x2b\0\0\x02\0\0\0\
\0\0\0\0\0\0\0\x02\xd1\x02\0\0\0\0\0\0\0\0\0\x03\0\0\0\0\x44\x01\0\0\x04\0\0\0\
\x04\0\0\0\0\0\0\0\0\0\0\x02\xef\x02\0\0\x0a\x2c\0\0\x02\0\0\x04\x10\0\0\0\x4d\
\x14\0\0\x3d\0\0\0\0\0\0\0\x26\x1e\0\0\x3d\0\0\0\x40\0\0\0\x4d\x1f\0\0\x07\0\0\
\x04\x80\x10\0\0\xf3\x26\0\0\x13\0\0\0\0\0\0\0\x17\x2c\0\0\x57\0\0\0\x40\0\0\0\
\x28\x2c\0\0\xa0\x01\0\0\x80\0\0\0\x30\x2c\0\0\xa0\x01\0\0\xc0\0\0\0\x3f\x2c\0\
\0\xa1\x01\0\0\0\x01\0\0\x44\x2c\0\0\xa1\x01\0\0\x80\x01\0\0\x4f\x2c\0\0\xa2\
\x01\0\0\0\x02\0\0\0\0\0\0\0\0\0\x02\xa2\x01\0\0\x59\x2c\0\0\x03\0\0\x04\x10\0\
\0\0\x68\x2c\0\0\x3d\0\0\0\0\0\0\0\x75\x2c\0\0\x13\0\0\0\x40\0\0\0\x82\x2c\0\0\
\x13\0\0\0\x60\0\0\0\x28\x2c\0\0\x0a\0\0\x84\x40\x10\0\0\x26\x1e\0\0\x13\0\0\0\
\0\0\0\0\x94\x2c\0\0\x13\0\0\0\x20\0\0\0\x9e\x2c\0\0\x3d\0\0\0\x40\0\0\0\xa8\
\x2c\0\0\x3d\0\0\0\x80\0\0\0\xb7\x2c\0\0\x3d\0\0\0\xc0\0\0\0\xbb\x2c\0\0\x13\0\
\0\0\0\x01\0\x01\xc5\x2c\0\0\x13\0\0\0\x01\x01\0\x01\xce\x2c\0\0\x13\0\0\0\x02\
\x01\0\x01\xde\x2c\0\0\x13\0\0\0\x03\x01\0\x01\x0a\x2a\0\0\xa3\x01\0\0\0\x02\0\
\0\xe5\x2c\0\0\x05\0\0\x05\0\x10\0\0\xf2\x2c\0\0\xa4\x01\0\0\0\0\0\0\xf8\x2c\0\
\0\xa6\x01\0\0\0\0\0\0\xff\x2c\0\0\xae\x01\0\0\0\0\0\0\x04\x2d\0\0\xb0\x01\0\0\
\0\0\0\0\x0a\x2d\0\0\xb4\x01\0\0\0\0\0\0\x14\x2d\0\0\x09\0\0\x04\x70\0\0\0\x20\
\x2d\0\0\x11\0\0\0\0\0\0\0\x24\x2d\0\0\x11\0\0\0\x20\0\0\0\x28\x2d\0\0\x11\0\0\
\0\x40\0\0\0\x2c\x2d\0\0\x11\0\0\0\x60\0\0\0\x30\x2d\0\0\x11\0\0\0\x80\0\0\0\
\x34\x2d\0\0\x11\0\0\0\xa0\0\0\0\x38\x2d\0\0\x11\0\0\0\xc0\0\0\0\x3c\x2d\0\0\
\xa5\x01\0\0\xe0\0\0\0\xbf\x10\0\0\x11\0\0\0\x60\x03\0\0\0\0\0\0\0\0\0\x03\0\0\
\0\0\x11\0\0\0\x04\0\0\0\x14\0\0\0\x45\x2d\0\0\x0b\0\0\x04\0\x02\0\0\x20\x2d\0\
\0\x6e\0\0\0\0\0\0\0\x24\x2d\0\0\x6e\0\0\0\x10\0\0\0\x28\x2d\0\0\x6e\0\0\0\x20\
\0\0\0\x52\x2d\0\0\x6e\0\0\0\x30\0\0\0\0\0\0\0\xa7\x01\0\0\x40\0\0\0\x56\x2d\0\
\0\x11\0\0\0\xc0\0\0\0\x5c\x2d\0\0\x11\0\0\0\xe0\0\0\0\x3c\x2d\0\0\xaa\x01\0\0\
\0\x01\0\0\x67\x2d\0\0\xab\x01\0\0\0\x05\0\0\xaa\x27\0\0\xac\x01\0\0\0\x0d\0\0\
\0\0\0\0\xad\x01\0\0\x80\x0e\0\0\0\0\0\0\x02\0\0\x05\x10\0\0\0\0\0\0\0\xa8\x01\
\0\0\0\0\0\0\0\0\0\0\xa9\x01\0\0\0\0\0\0\0\0\0\0\x02\0\0\x04\x10\0\0\0\x71\x2d\
\0\0\x3d\0\0\0\0\0\0\0\x75\x2d\0\0\x3d\0\0\0\x40\0\0\0\0\0\0\0\x04\0\0\x04\x10\
\0\0\0\x2c\x2d\0\0\x11\0\0\0\0\0\0\0\x30\x2d\0\0\x11\0\0\0\x20\0\0\0\x34\x2d\0\
\0\x11\0\0\0\x40\0\0\0\x38\x2d\0\0\x11\0\0\0\x60\0\0\0\0\0\0\0\0\0\0\x03\0\0\0\
\0\x11\0\0\0\x04\0\0\0\x20\0\0\0\0\0\0\0\0\0\0\x03\0\0\0\0\x11\0\0\0\x04\0\0\0\
\x40\0\0\0\0\0\0\0\0\0\0\x03\0\0\0\0\x11\0\0\0\x04\0\0\0\x0c\0\0\0\0\0\0\0\x02\
\0\0\x05\x30\0\0\0\x79\x2d\0\0\xac\x01\0\0\0\0\0\0\x82\x2d\0\0\xac\x01\0\0\0\0\
\0\0\x8e\x2d\0\0\x10\0\0\x04\x88\0\0\0\x20\x2d\0\0\x11\0\0\0\0\0\0\0\x24\x2d\0\
\0\x11\0\0\0\x20\0\0\0\x28\x2d\0\0\x11\0\0\0\x40\0\0\0\x2c\x2d\0\0\x11\0\0\0\
\x60\0\0\0\x30\x2d\0\0\x11\0\0\0\x80\0\0\0\x34\x2d\0\0\x11\0\0\0\xa0\0\0\0\x38\
\x2d\0\0\x11\0\0\0\xc0\0\0\0\x3c\x2d\0\0\xa5\x01\0\0\xe0\0\0\0\x9b\x2d\0\0\x8a\
\0\0\0\x60\x03\0\0\xa0\x2d\0\0\x8a\0\0\0\x68\x03\0\0\xa8\x2d\0\0\x8a\0\0\0\x70\
\x03\0\0\xb2\x2d\0\0\x8a\0\0\0\x78\x03\0\0\xbc\x2d\0\0\x8a\0\0\0\x80\x03\0\0\
\xbf\x2d\0\0\x8a\0\0\0\x88\x03\0\0\x4f\x27\0\0\xaf\x01\0\0\xc0\x03\0\0\xc6\x2d\
\0\0\x11\0\0\0\0\x04\0\0\0\0\0\0\0\0\0\x02\xf0\x02\0\0\xd0\x2d\0\0\x03\0\0\x04\
\x40\x02\0\0\xdc\x2d\0\0\xa6\x01\0\0\0\0\0\0\xe1\x2d\0\0\xb1\x01\0\0\0\x10\0\0\
\xe8\x2d\0\0\xb3\x01\0\0\0\x12\0\0\xfc\x2d\0\0\x03\0\0\x04\x40\0\0\0\x9e\x2c\0\
\0\x3d\0\0\0\0\0\0\0\x0a\x2e\0\0\x3d\0\0\0\x40\0\0\0\x4c\x29\0\0\xb2\x01\0\0\
\x80\0\0\0\0\0\0\0\0\0\0\x03\0\0\0\0\x3d\0\0\0\x04\0\0\0\x06\0\0\0\0\0\0\0\0\0\
\0\x03\0\0\0\0\x8a\0\0\0\x04\0\0\0\0\0\0\0\0\0\0\0\0\0\0\x03\0\0\0\0\x8a\0\0\0\
\x04\0\0\0\0\x10\0\0\0\0\0\0\x03\0\0\x0d\x23\0\0\0\0\0\0\0\x53\0\0\0\0\0\0\0\
\x5e\0\0\0\0\0\0\0\x5e\0\0\0\x13\x2e\0\0\x02\0\0\x0c\xb5\x01\0\0\0\0\0\0\x02\0\
\0\x0d\x23\0\0\0\0\0\0\0\x11\0\0\0\0\0\0\0\x5e\0\0\0\x23\x2e\0\0\x02\0\0\x0c\
\xb7\x01\0\0\0\0\0\0\x01\0\0\x0d\x23\0\0\0\0\0\0\0\x14\0\0\0\x38\x2e\0\0\x02\0\
\0\x0c\xb9\x01\0\0\0\0\0\0\x03\0\0\x0d\0\0\0\0\0\0\0\0\x06\x01\0\0\0\0\0\0\x61\
\0\0\0\0\0\0\0\x11\0\0\0\x58\x2e\0\0\x02\0\0\x0c\xbb\x01\0\0\0\0\0\0\x02\0\0\
\x0d\x14\0\0\0\0\0\0\0\x5e\0\0\0\0\0\0\0\x3d\0\0\0\x6b\x2e\0\0\x02\0\0\x0c\xbd\
\x01\0\0\0\0\0\0\x02\0\0\x0d\0\0\0\0\0\0\0\0\x11\0\0\0\0\0\0\0\x53\0\0\0\x81\
\x2e\0\0\x02\0\0\x0c\xbf\x01\0\0\x95\x2e\0\0\x02\0\0\x0c\xbf\x01\0\0\0\0\0\0\
\x04\0\0\x0d\0\0\0\0\0\0\0\0\x71\0\0\0\0\0\0\0\x3d\0\0\0\0\0\0\0\x3d\0\0\0\0\0\
\0\0\x3d\0\0\0\xab\x2e\0\0\x02\0\0\x0c\xc2\x01\0\0\0\0\0\0\x01\0\0\x0d\0\0\0\0\
\x53\x03\0\0\x61\0\0\0\xbc\x2e\0\0\x01\0\0\x0c\xc4\x01\0\0\0\0\0\0\x05\0\0\x0d\
\0\0\0\0\0\0\0\0\x71\0\0\0\0\0\0\0\x3d\0\0\0\0\0\0\0\x3d\0\0\0\0\0\0\0\x3d\0\0\
\0\0\0\0\0\x3d\0\0\0\xc9\x2e\0\0\x02\0\0\x0c\xc6\x01\0\0\xe0\x2e\0\0\x01\0\0\
\x0c\xc4\x01\0\0\0\0\0\0\x01\0\0\x0d\x23\0\0\0\0\0\0\0\x3d\0\0\0\xee\x2e\0\0\
\x02\0\0\x0c\xc9\x01\0\0\0\0\0\0\x01\0\0\x0d\x11\0\0\0\0\0\0\0\x5e\0\0\0\xfe\
\x2e\0\0\x02\0\0\x0c\xcb\x01\0\0\x10\x2f\0\0\x01\0\0\x0c\xc4\x01\0\0\x1d\x2f\0\
\0\x01\0\0\x0c\xc4\x01\0\0\x2b\x2f\0\0\x01\0\0\x0c\x62\0\0\0\0\0\0\0\0\0\0\x0d\
\x53\0\0\0\x3a\x2f\0\0\x02\0\0\x0c\xd0\x01\0\0\0\0\0\0\x01\0\0\x0d\0\0\0\0\0\0\
\0\0\x53\0\0\0\x4d\x2f\0\0\x02\0\0\x0c\xd2\x01\0\0\x61\x2f\0\0\x01\0\0\x0c\xc4\
\x01\0\0\x6d\x2f\0\0\x01\0\0\x0c\x62\0\0\0\0\0\0\0\x02\0\0\x0d\x14\0\0\0\0\0\0\
\0\x3d\0\0\0\0\0\0\0\x14\0\0\0\x77\x2f\0\0\x02\0\0\x0c\xd6\x01\0\0\x8a\x2f\0\0\
\x02\0\0\x0c\xd2\x01\0\0\0\0\0\0\x03\0\0\x0d\x02\0\0\0\0\0\0\0\xda\x01\0\0\0\0\
\0\0\x02\0\0\0\0\0\0\0\x02\0\0\0\0\0\0\0\0\0\0\x02\xdb\x01\0\0\x9c\x2f\0\0\x01\
\0\0\x04\x08\0\0\0\xe0\0\0\0\xdc\x01\0\0\0\0\0\0\0\0\0\0\0\0\0\x03\0\0\0\0\x20\
\0\0\0\x04\0\0\0\x01\0\0\0\xa9\x2f\0\0\x02\0\0\x0c\xd9\x01\0\0\0\0\0\0\x01\0\0\
\x0d\x0d\0\0\0\0\0\0\0\xda\x01\0\0\xba\x2f\0\0\x02\0\0\x0c\xde\x01\0\0\0\0\0\0\
\x01\0\0\x0d\0\0\0\0\0\0\0\0\xda\x01\0\0\xcc\x2f\0\0\x02\0\0\x0c\xe0\x01\0\0\
\xe1\x2f\0\0\x01\0\0\x0c\xc4\x01\0\0\xeb\x2f\0\0\x07\0\0\x04\x38\0\0\0\xf9\x2f\
\0\0\xe4\x01\0\0\0\0\0\0\xee\x06\0\0\x79\0\0\0\x40\0\0\0\xfe\x2f\0\0\xe5\x01\0\
\0\x80\0\0\0\x05\x30\0\0\x23\x01\0\0\xc0\0\0\0\x08\x30\0\0\x11\0\0\0\0\x01\0\0\
\x0f\x30\0\0\x06\x01\0\0\x40\x01\0\0\x13\x30\0\0\x06\x01\0\0\x80\x01\0\0\x18\
\x30\0\0\x09\0\0\x06\x04\0\0\0\x26\x30\0\0\0\0\0\0\x34\x30\0\0\x01\0\0\0\x42\
\x30\0\0\x40\0\0\0\x51\x30\0\0\x41\0\0\0\x64\x30\0\0\x42\0\0\0\x78\x30\0\0\x43\
\0\0\0\x87\x30\0\0\0\x04\0\0\x96\x30\0\0\x01\x04\0\0\xa9\x30\0\0\x02\x04\0\0\0\
\0\0\0\0\0\0\x02\xe6\x01\0\0\0\0\0\0\0\0\0\x0a\x3b\0\0\0\0\0\0\0\0\0\0\x02\xe8\
\x01\0\0\xbe\x30\0\0\x03\0\0\x04\xb8\0\0\0\x0a\x2a\0\0\xe9\x01\0\0\0\0\0\0\xda\
\x25\0\0\x20\0\0\0\x40\x05\0\0\x12\x29\0\0\x20\0\0\0\x80\x05\0\0\xd2\x30\0\0\0\
\0\0\x08\x85\x01\0\0\0\0\0\0\x01\0\0\x0d\x02\0\0\0\x53\x03\0\0\xe7\x01\0\0\xe5\
\x30\0\0\x01\0\0\x0c\xea\x01\0\0\0\0\0\0\0\0\0\x02\x1f\0\0\0\0\0\0\0\x03\0\0\
\x0d\x02\0\0\0\xfb\x30\0\0\x69\0\0\0\x9a\0\0\0\x0d\0\0\0\xbb\0\0\0\xec\x01\0\0\
\xff\x30\0\0\0\0\0\x0c\xed\x01\0\0\0\0\0\0\x02\0\0\x0d\x02\0\0\0\x74\x1f\0\0\
\x71\0\0\0\x14\x31\0\0\x3d\0\0\0\x1e\x31\0\0\0\0\0\x0c\xef\x01\0\0\x2f\x31\0\0\
\0\0\0\x0c\xed\x01\0\0\0\0\0\0\0\0\0\x0d\x5e\0\0\0\x3d\x31\0\0\x02\0\0\x0c\xf2\
\x01\0\0\0\0\0\0\x01\0\0\x0d\0\0\0\0\0\0\0\0\x5e\0\0\0\x56\x31\0\0\x02\0\0\x0c\
\xf4\x01\0\0\0\0\0\0\0\0\0\x03\0\0\0\0\x3b\0\0\0\x04\0\0\0\x0d\0\0\0\x6f\x31\0\
\0\0\0\0\x0e\xf6\x01\0\0\x01\0\0\0\0\0\0\0\0\0\0\x0a\xf9\x01\0\0\0\0\0\0\0\0\0\
\x09\x3d\0\0\0\x78\x31\0\0\0\0\0\x0e\xf8\x01\0\0\x01\0\0\0\x84\x31\0\0\0\0\0\
\x0e\xf8\x01\0\0\x01\0\0\0\x8a\x31\0\0\0\0\0\x0e\xf8\x01\0\0\x01\0\0\0\x96\x31\
\0\0\0\0\0\x0e\xf8\x01\0\0\x01\0\0\0\0\0\0\0\0\0\0\x0a\xff\x01\0\0\0\0\0\0\0\0\
\0\x09\x23\0\0\0\x9f\x31\0\0\0\0\0\x0e\xfe\x01\0\0\x01\0\0\0\xaf\x31\0\0\0\0\0\
\x0e\xf8\x01\0\0\x01\0\0\0\xc3\x31\0\0\0\0\0\x0e\xf8\x01\0\0\x01\0\0\0\0\0\0\0\
\0\0\0\x03\0\0\0\0\xe6\x01\0\0\x04\0\0\0\x0a\0\0\0\xcb\x31\0\0\0\0\0\x0e\x03\
\x02\0\0\x01\0\0\0\0\0\0\0\0\0\0\x0a\x06\x02\0\0\0\0\0\0\0\0\0\x09\x11\0\0\0\
\xd3\x31\0\0\0\0\0\x0e\x05\x02\0\0\x01\0\0\0\0\0\0\0\0\0\0\x03\0\0\0\0\xe6\x01\
\0\0\x04\0\0\0\x21\0\0\0\xdb\x31\0\0\0\0\0\x0e\x08\x02\0\0\0\0\0\0\xf9\x31\0\0\
\0\0\0\x0e\x3d\0\0\0\x01\0\0\0\x0c\x32\0\0\0\0\0\x0e\x3d\0\0\0\x01\0\0\0\x20\
\x32\0\0\0\0\0\x0e\x3d\0\0\0\x01\0\0\0\x31\x32\0\0\0\0\0\x0e\x3d\0\0\0\x01\0\0\
\0\x41\x32\0\0\x27\0\0\x04\xa8\x01\0\0\x4f\x32\0\0\x0f\x02\0\0\0\0\0\0\x5a\x32\
\0\0\x11\x02\0\0\x40\0\0\0\x62\x32\0\0\x11\x02\0\0\x80\0\0\0\x6a\x32\0\0\x13\
\x02\0\0\xc0\0\0\0\x73\x32\0\0\x15\x02\0\0\0\x01\0\0\x78\x32\0\0\x11\x02\0\0\
\x40\x01\0\0\x81\x32\0\0\x15\x02\0\0\x80\x01\0\0\x89\x32\0\0\x17\x02\0\0\xc0\
\x01\0\0\x92\x32\0\0\x11\x02\0\0\0\x02\0\0\x9c\x32\0\0\x19\x02\0\0\x40\x02\0\0\
\xa2\x32\0\0\x19\x02\0\0\x80\x02\0\0\xb4\x32\0\0\x1b\x02\0\0\xc0\x02\0\0\xbf\
\x32\0\0\x1d\x02\0\0\0\x03\0\0\xcb\x32\0\0\x1f\x02\0\0\x40\x03\0\0\xd7\x32\0\0\
\x21\x02\0\0\x80\x03\0\0\xe3\x32\0\0\x25\x02\0\0\xc0\x03\0\0\xef\x32\0\0\x2a\
\x02\0\0\0\x04\0\0\xf9\x32\0\0\x2e\x02\0\0\x40\x04\0\0\x03\x33\0\0\x15\x02\0\0\
\x80\x04\0\0\x0a\x33\0\0\x15\x02\0\0\xc0\x04\0\0\x13\x30\0\0\x32\x02\0\0\0\x05\
\0\0\x12\x33\0\0\x36\x02\0\0\x40\x05\0\0\x1b\x33\0\0\x38\x02\0\0\x80\x05\0\0\
\x25\x33\0\0\x3a\x02\0\0\xc0\x05\0\0\x31\x33\0\0\x6a\x02\0\0\0\x06\0\0\x3d\x33\
\0\0\x6c\x02\0\0\x40\x06\0\0\x4e\x33\0\0\x6e\x02\0\0\x80\x06\0\0\x5a\x33\0\0\
\x6e\x02\0\0\xc0\x06\0\0\x6d\x33\0\0\x70\x02\0\0\0\x07\0\0\x7f\x33\0\0\x72\x02\
\0\0\x40\x07\0\0\x8a\x33\0\0\x72\x02\0\0\x80\x07\0\0\x96\x33\0\0\x74\x02\0\0\
\xc0\x07\0\0\x9b\x33\0\0\x76\x02\0\0\0\x08\0\0\xa0\x33\0\0\x11\0\0\0\x40\x08\0\
\0\xbf\x03\0\0\x3d\0\0\0\x80\x08\0\0\xb3\x33\0\0\x11\0\0\0\xc0\x08\0\0\xbe\x33\
\0\0\x11\0\0\0\xe0\x08\0\0\xcc\x33\0\0\x3d\0\0\0\0\x09\0\0\xd8\x33\0\0\x79\x02\
\0\0\x40\x09\0\0\0\0\0\0\0\0\0\x02\x10\x02\0\0\0\0\0\0\x03\0\0\x0d\x14\0\0\0\0\
\0\0\0\x71\0\0\0\0\0\0\0\x14\0\0\0\0\0\0\0\x3d\0\0\0\0\0\0\0\0\0\0\x02\x12\x02\
\0\0\0\0\0\0\x02\0\0\x0d\0\0\0\0\0\0\0\0\x71\0\0\0\0\0\0\0\x3d\0\0\0\0\0\0\0\0\
\0\0\x02\x14\x02\0\0\0\0\0\0\x02\0\0\x0d\0\0\0\0\0\0\0\0\x14\0\0\0\0\0\0\0\x71\
\0\0\0\0\0\0\0\0\0\0\x02\x16\x02\0\0\0\0\0\0\x01\0\0\x0d\0\0\0\0\0\0\0\0\x71\0\
\0\0\0\0\0\0\0\0\0\x02\x18\x02\0\0\0\0\0\0\x02\0\0\x0d\0\0\0\0\0\0\0\0\x71\0\0\
\0\0\0\0\0\x23\0\0\0\0\0\0\0\0\0\0\x02\x1a\x02\0\0\0\0\0\0\x02\0\0\x0d\x23\0\0\
\0\0\0\0\0\x71\0\0\0\0\0\0\0\x71\0\0\0\0\0\0\0\0\0\0\x02\x1c\x02\0\0\0\0\0\0\
\x02\0\0\x0d\0\0\0\0\0\0\0\0\x71\0\0\0\0\0\0\0\x11\0\0\0\0\0\0\0\0\0\0\x02\x1e\
\x02\0\0\0\0\0\0\x02\0\0\x0d\0\0\0\0\0\0\0\0\x71\0\0\0\0\0\0\0\x5e\0\0\0\0\0\0\
\0\0\0\0\x02\x20\x02\0\0\0\0\0\0\x02\0\0\x0d\0\0\0\0\0\0\0\0\x14\0\0\0\0\0\0\0\
\x23\0\0\0\0\0\0\0\0\0\0\x02\x22\x02\0\0\0\0\0\0\x02\0\0\x0d\0\0\0\0\0\0\0\0\
\x14\0\0\0\0\0\0\0\x23\x02\0\0\0\0\0\0\0\0\0\x02\x24\x02\0\0\xdd\x33\0\0\0\0\0\
\x04\0\0\0\0\0\0\0\0\0\0\0\x02\x26\x02\0\0\0\0\0\0\x02\0\0\x0d\0\0\0\0\0\0\0\0\
\x14\0\0\0\0\0\0\0\x27\x02\0\0\0\0\0\0\0\0\0\x02\x28\x02\0\0\xf2\x33\0\0\x02\0\
\0\x04\x10\0\0\0\xfe\x2f\0\0\x29\x02\0\0\0\0\0\0\x05\x24\0\0\x71\0\0\0\x40\0\0\
\0\x07\x34\0\0\x04\0\0\x06\x04\0\0\0\x1e\x34\0\0\0\0\0\0\x31\x34\0\0\x01\0\0\0\
\x44\x34\0\0\x02\0\0\0\x59\x34\0\0\x03\0\0\0\0\0\0\0\0\0\0\x02\x2b\x02\0\0\0\0\
\0\0\x02\0\0\x0d\x14\0\0\0\0\0\0\0\x71\0\0\0\0\0\0\0\x2c\x02\0\0\0\0\0\0\0\0\0\
\x02\x2d\x02\0\0\x71\x34\0\0\x02\0\0\x04\x10\0\0\0\x84\x34\0\0\x23\0\0\0\0\0\0\
\0\xe4\x24\0\0\x9b\0\0\0\x40\0\0\0\0\0\0\0\0\0\0\x02\x2f\x02\0\0\0\0\0\0\x02\0\
\0\x0d\0\0\0\0\0\0\0\0\x71\0\0\0\0\0\0\0\x30\x02\0\0\0\0\0\0\0\0\0\x02\x31\x02\
\0\0\x89\x34\0\0\x01\0\0\x04\x01\0\0\0\x9c\x34\0\0\x23\0\0\0\0\0\0\0\0\0\0\0\0\
\0\0\x02\x33\x02\0\0\0\0\0\0\x01\0\0\x0d\0\0\0\0\0\0\0\0\x34\x02\0\0\0\0\0\0\0\
\0\0\x02\x35\x02\0\0\xa6\x34\0\0\x05\0\0\x04\x28\0\0\0\xf9\x2f\0\0\xe4\x01\0\0\
\0\0\0\0\xee\x06\0\0\x79\0\0\0\x40\0\0\0\xfe\x2f\0\0\xe5\x01\0\0\x80\0\0\0\xb3\
\x34\0\0\x3d\0\0\0\xc0\0\0\0\xb9\x34\0\0\x3d\0\0\0\0\x01\0\0\0\0\0\0\0\0\0\x02\
\x37\x02\0\0\0\0\0\0\x03\0\0\x0d\0\0\0\0\0\0\0\0\x34\x02\0\0\0\0\0\0\x14\0\0\0\
\0\0\0\0\x23\0\0\0\0\0\0\0\0\0\0\x02\x39\x02\0\0\0\0\0\0\x02\0\0\x0d\0\0\0\0\0\
\0\0\0\x34\x02\0\0\0\0\0\0\x71\0\0\0\0\0\0\0\0\0\0\x02\x3b\x02\0\0\0\0\0\0\x02\
\0\0\x0d\x14\0\0\0\0\0\0\0\x9b\0\0\0\0\0\0\0\x68\x02\0\0\xe4\x24\0\0\x2a\0\0\
\x04\xc0\x07\0\0\xc4\x34\0\0\x3d\x02\0\0\0\0\0\0\xbf\x03\0\0\x57\0\0\0\x80\x06\
\0\0\xc9\x34\0\0\x02\0\0\0\xc0\x06\0\0\xcf\x34\0\0\x02\0\0\0\xe0\x06\0\0\xd9\
\x34\0\0\x02\0\0\0\0\x07\0\0\xe8\x34\0\0\x02\0\0\0\x20\x07\0\0\xfd\x34\0\0\x02\
\0\0\0\x40\x07\0\0\x0d\x35\0\0\x02\0\0\0\x60\x07\0\0\x20\x35\0\0\x02\0\0\0\x80\
\x07\0\0\x3d\x35\0\0\x02\0\0\0\xa0\x07\0\0\x5c\x35\0\0\x02\0\0\0\xc0\x07\0\0\
\x71\x35\0\0\x49\x02\0\0\0\x08\0\0\x74\x35\0\0\x4a\x02\0\0\x40\x08\0\0\x7f\x35\
\0\0\x4a\x02\0\0\0\x0a\0\0\x8b\x35\0\0\x4b\x02\0\0\xc0\x0b\0\0\x95\x35\0\0\x6e\
\0\0\0\0\x11\0\0\xa5\x35\0\0\x6e\0\0\0\x10\x11\0\0\xb5\x35\0\0\x6e\0\0\0\x20\
\x11\0\0\xc9\x35\0\0\x6e\0\0\0\x30\x11\0\0\xdd\x35\0\0\x4c\x02\0\0\x40\x11\0\0\
\xe4\x35\0\0\x4d\x02\0\0\xc0\x14\0\0\xf4\x35\0\0\x4e\x02\0\0\x80\x16\0\0\xf9\
\x35\0\0\x76\0\0\0\xc0\x16\0\0\x04\x36\0\0\x4f\x02\0\0\x40\x17\0\0\x0c\x36\0\0\
\x9b\0\0\0\x40\x1e\0\0\x15\x36\0\0\x9b\0\0\0\x80\x1e\0\0\x22\x36\0\0\x50\x02\0\
\0\xc0\x1e\0\0\x2c\x36\0\0\x76\0\0\0\0\x1f\0\0\x3b\x36\0\0\x51\x02\0\0\0\x20\0\
\0\x41\x36\0\0\x9b\0\0\0\0\x20\0\0\x52\x36\0\0\x53\x02\0\0\x40\x20\0\0\x5d\x36\
\0\0\x53\x02\0\0\x40\x21\0\0\xff\x08\0\0\xc5\0\0\0\x40\x22\0\0\x63\x36\0\0\x76\
\0\0\0\0\x23\0\0\x6c\x36\0\0\xdc\0\0\0\x80\x23\0\0\x7a\x36\0\0\x65\x01\0\0\x80\
\x24\0\0\x88\x36\0\0\x41\x02\0\0\x40\x25\0\0\x9b\x36\0\0\x55\x02\0\0\x40\x26\0\
\0\x9f\x36\0\0\x56\x02\0\0\x80\x26\0\0\xa3\x36\0\0\x66\x02\0\0\0\x3d\0\0\xab\
\x36\0\0\x39\x01\0\0\x80\x3d\0\0\xbc\x36\0\0\x67\x02\0\0\xc0\x3d\0\0\xc6\x36\0\
\0\x0e\0\0\x04\xd0\0\0\0\xe4\x24\0\0\x9b\0\0\0\0\0\0\0\x68\x2a\0\0\x3e\x02\0\0\
\x40\0\0\0\xda\x36\0\0\x3f\x02\0\0\x80\0\0\0\x6a\x08\0\0\x76\0\0\0\0\x01\0\0\
\x61\x08\0\0\x76\0\0\0\x80\x01\0\0\xe1\x36\0\0\x76\0\0\0\0\x02\0\0\x30\x22\0\0\
\x02\0\0\0\x80\x02\0\0\xbf\x03\0\0\x13\0\0\0\xa0\x02\0\0\xf0\x36\0\0\x3d\0\0\0\
\xc0\x02\0\0\xfa\x36\0\0\x5b\0\0\0\0\x03\0\0\x05\x37\0\0\x41\x02\0\0\x40\x03\0\
\0\x12\x37\0\0\x46\x02\0\0\x40\x04\0\0\x5a\x08\0\0\x48\x02\0\0\0\x06\0\0\xd9\
\x34\0\0\x02\0\0\0\x40\x06\0\0\0\0\0\0\0\0\0\x02\xba\x02\0\0\x20\x37\0\0\x02\0\
\0\x04\x10\0\0\0\x2b\x37\0\0\x57\0\0\0\0\0\0\0\x3c\x37\0\0\x40\x02\0\0\x40\0\0\
\0\0\0\0\0\0\0\0\x02\xaf\x02\0\0\x41\x37\0\0\x03\0\0\x04\x20\0\0\0\x3c\x37\0\0\
\x98\0\0\0\0\0\0\0\x4a\x1e\0\0\x76\0\0\0\x40\0\0\0\xe1\x1a\0\0\x42\x02\0\0\xc0\
\0\0\0\x4d\x37\0\0\0\0\0\x08\x43\x02\0\0\0\0\0\0\0\0\0\x02\x44\x02\0\0\0\0\0\0\
\x01\0\0\x0d\0\0\0\0\0\0\0\0\x45\x02\0\0\0\0\0\0\0\0\0\x02\x41\x02\0\0\x59\x37\
\0\0\x03\0\0\x04\x38\0\0\0\xbe\x1a\0\0\x41\x02\0\0\0\0\0\0\x7b\x0f\0\0\xd8\0\0\
\0\0\x01\0\0\x62\x37\0\0\x47\x02\0\0\x80\x01\0\0\0\0\0\0\0\0\0\x02\xbc\x02\0\0\
\0\0\0\0\0\0\0\x02\x3d\x02\0\0\0\0\0\0\0\0\0\x02\xb7\x02\0\0\x65\x37\0\0\x03\0\
\0\x04\x38\0\0\0\x71\x35\0\0\x49\x02\0\0\0\0\0\0\x71\x37\0\0\x57\0\0\0\x40\0\0\
\0\x7d\x37\0\0\x34\x01\0\0\x80\0\0\0\0\0\0\0\0\0\0\x03\0\0\0\0\x4a\x02\0\0\x04\
\0\0\0\x03\0\0\0\0\0\0\0\0\0\0\x03\0\0\0\0\x48\x02\0\0\x04\0\0\0\x0e\0\0\0\0\0\
\0\0\0\0\0\x03\0\0\0\0\x02\0\0\0\x04\0\0\0\x0e\0\0\0\0\0\0\0\0\0\0\x02\xb8\x02\
\0\0\0\0\0\0\0\0\0\x03\0\0\0\0\x76\0\0\0\x04\0\0\0\x0e\0\0\0\0\0\0\0\0\0\0\x02\
\xb9\x02\0\0\x8a\x37\0\0\x01\0\0\x04\0\0\0\0\x9c\x37\0\0\x52\x02\0\0\0\0\0\0\0\
\0\0\0\0\0\0\x03\0\0\0\0\x3b\0\0\0\x04\0\0\0\0\0\0\0\x9e\x37\0\0\x02\0\0\x04\
\x20\0\0\0\xaf\x37\0\0\x54\x02\0\0\0\0\0\0\xb7\x37\0\0\x3d\0\0\0\xc0\0\0\0\xc5\
\x37\0\0\x03\0\0\x04\x18\0\0\0\xf3\x08\0\0\x3d\0\0\0\0\0\0\0\xed\x08\0\0\x3d\0\
\0\0\x40\0\0\0\x9d\x11\0\0\x21\0\0\0\x80\0\0\0\0\0\0\0\0\0\0\x02\xbb\x02\0\0\
\xd2\x37\0\0\x07\0\0\x04\xd0\x02\0\0\xdd\x37\0\0\x63\x02\0\0\0\0\0\0\xe7\x37\0\
\0\x64\x02\0\0\x80\x09\0\0\xbf\x03\0\0\x65\x02\0\0\0\x13\0\0\xed\x37\0\0\x76\0\
\0\0\x40\x14\0\0\xf6\x37\0\0\x57\x02\0\0\xc0\x14\0\0\xda\x36\0\0\x3f\x02\0\0\0\
\x15\0\0\xff\x37\0\0\x41\x02\0\0\x80\x15\0\0\0\0\0\0\0\0\0\x02\x58\x02\0\0\x0c\
\x38\0\0\x02\0\0\x04\x10\0\0\0\x7b\x0f\0\0\xd8\0\0\0\0\0\0\0\x1b\x38\0\0\x62\
\x02\0\0\x80\0\0\0\x21\x38\0\0\x02\0\0\x04\x18\0\0\0\x70\x22\0\0\x8a\x01\0\0\0\
\0\0\0\0\0\0\0\x5a\x02\0\0\x40\0\0\0\0\0\0\0\x02\0\0\x05\x10\0\0\0\x35\x38\0\0\
\x61\x02\0\0\0\0\0\0\x75\x22\0\0\x3d\0\0\0\0\0\0\0\0\0\0\0\0\0\0\x02\x5c\x02\0\
\0\x44\x38\0\0\x07\0\0\x04\x68\0\0\0\0\0\0\0\x5d\x02\0\0\0\0\0\0\xfb\x30\0\0\
\x5f\x02\0\0\x40\0\0\0\x9a\0\0\0\x60\x02\0\0\x80\0\0\0\x57\x38\0\0\x76\0\0\0\0\
\x01\0\0\x60\x38\0\0\x76\0\0\0\x80\x01\0\0\x32\x14\0\0\x74\0\0\0\0\x02\0\0\x7b\
\x0f\0\0\xd8\0\0\0\xc0\x02\0\0\0\0\0\0\x02\0\0\x05\x08\0\0\0\x68\x38\0\0\x5e\
\x02\0\0\0\0\0\0\x6c\x38\0\0\x69\0\0\0\0\0\0\0\0\0\0\0\0\0\0\x02\xc2\x02\0\0\0\
\0\0\0\0\0\0\x02\xc3\x02\0\0\x77\x38\0\0\x02\0\0\x04\x10\0\0\0\x8e\x38\0\0\x20\
\0\0\0\0\0\0\0\x9e\x38\0\0\x12\0\0\0\x40\0\0\0\0\0\0\0\0\0\0\x03\0\0\0\0\x5b\
\x02\0\0\x04\0\0\0\x02\0\0\0\0\0\0\0\0\0\0\x03\0\0\0\0\x59\x02\0\0\x04\0\0\0\0\
\0\0\0\0\0\0\0\0\0\0\x03\0\0\0\0\x57\x02\0\0\x04\0\0\0\x26\0\0\0\0\0\0\0\0\0\0\
\x03\0\0\0\0\xa2\0\0\0\x04\0\0\0\x26\0\0\0\0\0\0\0\0\0\0\x03\0\0\0\0\x8a\0\0\0\
\x04\0\0\0\x26\0\0\0\xaa\x38\0\0\x04\0\0\x04\x10\0\0\0\xbf\x38\0\0\x23\0\0\0\0\
\0\0\0\xc6\x38\0\0\x02\0\0\0\x20\0\0\0\xcf\x38\0\0\x02\0\0\0\x40\0\0\0\xe5\x38\
\0\0\x02\0\0\0\x60\0\0\0\0\0\0\0\0\0\0\x03\0\0\0\0\x9b\0\0\0\x04\0\0\0\0\0\0\0\
\0\0\0\0\0\0\0\x02\x69\x02\0\0\xf5\x38\0\0\x01\0\0\x04\x04\0\0\0\x18\x12\0\0\
\x11\0\0\0\0\0\0\0\0\0\0\0\0\0\0\x02\x6b\x02\0\0\0\0\0\0\x01\0\0\x0d\0\0\0\0\0\
\0\0\0\x9b\0\0\0\0\0\0\0\0\0\0\x02\x6d\x02\0\0\0\0\0\0\x03\0\0\x0d\x14\0\0\0\0\
\0\0\0\x71\0\0\0\0\0\0\0\x9b\0\0\0\0\0\0\0\x9b\0\0\0\0\0\0\0\0\0\0\x02\x6f\x02\
\0\0\0\0\0\0\x03\0\0\x0d\0\0\0\0\0\0\0\0\x71\0\0\0\0\0\0\0\x9b\0\0\0\0\0\0\0\
\x9b\0\0\0\0\0\0\0\0\0\0\x02\x71\x02\0\0\0\0\0\0\x02\0\0\x0d\0\0\0\0\0\0\0\0\
\x9b\0\0\0\0\0\0\0\x11\0\0\0\0\0\0\0\0\0\0\x02\x73\x02\0\0\0\0\0\0\x01\0\0\x0d\
\0\0\0\0\0\0\0\0\x14\0\0\0\0\0\0\0\0\0\0\x02\x75\x02\0\0\0\0\0\0\0\0\0\x0d\x14\
\0\0\0\0\0\0\0\0\0\0\x02\x77\x02\0\0\0\0\0\0\x01\0\0\x0d\0\0\0\0\0\0\0\0\x78\
\x02\0\0\0\0\0\0\0\0\0\x02\xe3\x01\0\0\0\0\0\0\0\0\0\x03\0\0\0\0\x3b\0\0\0\x04\
\0\0\0\x80\0\0\0\x0a\x39\0\0\0\0\0\x0e\x0e\x02\0\0\x01\0\0\0\0\0\0\0\0\0\0\x03\
\0\0\0\0\x3b\0\0\0\x04\0\0\0\x01\0\0\0\x13\x39\0\0\0\0\0\x0e\x7b\x02\0\0\x01\0\
\0\0\x1c\x39\0\0\0\0\0\x0e\x05\x02\0\0\x01\0\0\0\x29\x39\0\0\x04\0\0\x04\x90\
\x04\0\0\xf9\x2f\0\0\x02\0\0\0\0\0\0\0\xee\x06\0\0\x79\0\0\0\x40\0\0\0\xfe\x2f\
\0\0\x79\x02\0\0\x80\0\0\0\x0f\x30\0\0\x7f\x02\0\0\x80\x04\0\0\0\0\0\0\0\0\0\
\x03\0\0\0\0\x3b\0\0\0\x04\0\0\0\0\x04\0\0\x38\x39\0\0\0\0\0\x0e\x7e\x02\0\0\
\x01\0\0\0\x3c\x39\0\0\0\0\0\x0e\x10\0\0\0\x01\0\0\0\x4c\x39\0\0\0\0\0\x0e\x10\
\0\0\0\x01\0\0\0\0\0\0\0\0\0\0\x03\0\0\0\0\x3b\0\0\0\x04\0\0\0\x1c\0\0\0\x5c\
\x39\0\0\0\0\0\x0e\x83\x02\0\0\0\0\0\0\x77\x39\0\0\0\0\0\x0e\x83\x02\0\0\0\0\0\
\0\0\0\0\0\0\0\0\x03\0\0\0\0\x3b\0\0\0\x04\0\0\0\x1a\0\0\0\x94\x39\0\0\0\0\0\
\x0e\x86\x02\0\0\0\0\0\0\xb1\x39\0\0\0\0\0\x0e\x14\0\0\0\0\0\0\0\0\0\0\0\0\0\0\
\x03\0\0\0\0\x3b\0\0\0\x04\0\0\0\x19\0\0\0\xbd\x39\0\0\0\0\0\x0e\x89\x02\0\0\0\
\0\0\0\0\0\0\0\0\0\0\x03\0\0\0\0\x3b\0\0\0\x04\0\0\0\x21\0\0\0\xd9\x39\0\0\0\0\
\0\x0e\x8b\x02\0\0\0\0\0\0\xf7\x39\0\0\0\0\0\x0e\x3d\0\0\0\0\0\0\0\0\0\0\0\0\0\
\0\x03\0\0\0\0\x3b\0\0\0\x04\0\0\0\x18\0\0\0\x01\x3a\0\0\0\0\0\x0e\x8e\x02\0\0\
\0\0\0\0\0\0\0\0\0\0\0\x03\0\0\0\0\x3b\0\0\0\x04\0\0\0\x1e\0\0\0\x19\x3a\0\0\0\
\0\0\x0e\x90\x02\0\0\0\0\0\0\x32\x3a\0\0\0\0\0\x0e\x86\x02\0\0\0\0\0\0\x4e\x3a\
\0\0\0\0\0\x0e\x90\x02\0\0\0\0\0\0\x63\x3a\0\0\0\0\0\x0e\x86\x02\0\0\0\0\0\0\0\
\0\0\0\0\0\0\x03\0\0\0\0\x3b\0\0\0\x04\0\0\0\x20\0\0\0\x7b\x3a\0\0\0\0\0\x0e\
\x95\x02\0\0\0\0\0\0\0\0\0\0\0\0\0\x03\0\0\0\0\x3b\0\0\0\x04\0\0\0\x22\0\0\0\
\x93\x3a\0\0\0\0\0\x0e\x97\x02\0\0\0\0\0\0\0\0\0\0\0\0\0\x03\0\0\0\0\x3b\0\0\0\
\x04\0\0\0\x1f\0\0\0\xab\x3a\0\0\0\0\0\x0e\x99\x02\0\0\0\0\0\0\xc3\x3a\0\0\0\0\
\0\x0e\x86\x02\0\0\0\0\0\0\0\0\0\0\0\0\0\x03\0\0\0\0\x3b\0\0\0\x04\0\0\0\x24\0\
\0\0\xdb\x3a\0\0\0\0\0\x0e\x9c\x02\0\0\0\0\0\0\xf0\x3a\0\0\0\0\0\x0e\x86\x02\0\
\0\0\0\0\0\x08\x3b\0\0\0\0\0\x07\0\0\0\0\x13\x3b\0\0\0\0\0\x12\x54\0\0\0\x18\
\x3b\0\0\0\0\0\x07\0\0\0\0\x29\x3b\0\0\0\0\0\x07\0\0\0\0\x23\x20\0\0\0\0\0\x07\
\0\0\0\0\x36\x3b\0\0\0\0\0\x07\0\0\0\0\x4d\x3b\0\0\0\0\0\x07\0\0\0\0\x60\x3b\0\
\0\0\0\0\x07\0\0\0\0\xff\x13\0\0\0\0\0\x07\0\0\0\0\xec\x11\0\0\0\0\0\x07\0\0\0\
\0\x6c\x3b\0\0\0\0\0\x07\0\0\0\0\x76\x3b\0\0\0\0\0\x07\0\0\0\0\x85\x3b\0\0\0\0\
\0\x07\0\0\0\0\x98\x3b\0\0\0\0\0\x07\0\0\0\0\x21\x1e\0\0\0\0\0\x07\0\0\0\0\xa6\
\x3b\0\0\0\0\0\x07\0\0\0\0\xb1\x3b\0\0\0\0\0\x07\0\0\0\0\x8c\x0c\0\0\0\0\0\x07\
\0\0\0\0\xc1\x3b\0\0\0\0\0\x07\0\0\0\0\xcc\x3b\0\0\0\0\0\x07\0\0\0\0\xfc\x09\0\
\0\0\0\0\x07\0\0\0\0\xe7\x1b\0\0\0\0\0\x07\0\0\0\0\xdb\x3b\0\0\0\0\0\x07\0\0\0\
\0\xe9\x3b\0\0\0\0\0\x07\0\0\0\0\xf1\x3b\0\0\0\0\0\x07\0\0\0\0\xfd\x3b\0\0\0\0\
\0\x07\0\0\0\0\x09\x3c\0\0\0\0\0\x07\0\0\0\0\x1a\x3c\0\0\0\0\0\x07\0\0\0\0\x28\
\x3c\0\0\0\0\0\x07\0\0\0\0\x32\x3c\0\0\0\0\0\x07\0\0\0\0\x43\x3c\0\0\0\0\0\x07\
\0\0\0\0\x4c\x3c\0\0\0\0\0\x07\0\0\0\0\x5e\x3c\0\0\0\0\0\x07\0\0\0\0\x6a\x3c\0\
\0\0\0\0\x07\0\0\0\0\x74\x3c\0\0\0\0\0\x07\0\0\0\0\x80\x3c\0\0\0\0\0\x07\0\0\0\
\0\x93\x3c\0\0\0\0\0\x07\0\0\0\0\xaa\x3c\0\0\0\0\0\x07\0\0\0\0\x9a\0\0\0\0\0\0\
\x07\0\0\0\0\xb4\x3c\0\0\0\0\0\x07\0\0\0\0\xc4\x3c\0\0\0\0\0\x07\0\0\0\0\xef\
\x1b\0\0\0\0\0\x07\0\0\0\0\xd2\x3c\0\0\0\0\0\x07\0\0\0\0\x17\x0b\0\0\0\0\0\x07\
\0\0\0\0\x33\x0b\0\0\0\0\0\x07\0\0\0\0\x42\x02\0\0\0\0\0\x07\0\0\0\0\xda\x3c\0\
\0\0\0\0\x07\0\0\0\0\xf1\x3c\0\0\0\0\0\x07\0\0\0\0\x06\x3d\0\0\0\0\0\x07\0\0\0\
\0\x16\x3d\0\0\0\0\0\x07\0\0\0\0\x28\x3d\0\0\0\0\0\x07\0\0\0\0\x34\x3d\0\0\0\0\
\0\x07\0\0\0\0\x43\x3d\0\0\0\0\0\x07\0\0\0\0\x68\x04\0\0\0\0\0\x07\0\0\0\0\x4e\
\x3d\0\0\0\0\0\x07\0\0\0\0\x57\x3d\0\0\0\0\0\x07\0\0\0\0\x65\x3d\0\0\0\0\0\x07\
\0\0\0\0\x77\x3d\0\0\0\0\0\x07\0\0\0\0\x86\x3d\0\0\0\0\0\x07\0\0\0\0\xad\x09\0\
\0\0\0\0\x07\0\0\0\0\x8d\x3d\0\0\0\0\0\x07\0\0\0\0\x9b\x3d\0\0\0\0\0\x07\0\0\0\
\0\xa8\x3d\0\0\0\0\0\x07\0\0\0\0\xb6\x3d\0\0\0\0\0\x07\0\0\0\0\xbf\x3d\0\0\0\0\
\0\x07\0\0\0\0\x6c\x0a\0\0\0\0\0\x07\0\0\0\0\xce\x3d\0\0\0\0\0\x07\0\0\0\0\xdd\
\x3d\0\0\0\0\0\x07\0\0\0\0\x25\x0b\0\0\0\0\0\x07\0\0\0\0\x3e\x0b\0\0\0\0\0\x07\
\0\0\0\0\xed\x3d\0\0\0\0\0\x07\0\0\0\0\xfe\x3d\0\0\0\0\0\x07\0\0\0\0\x16\x3e\0\
\0\0\0\0\x07\0\0\0\0\x55\x0d\0\0\0\0\0\x07\0\0\0\0\xa7\x0d\0\0\0\0\0\x07\0\0\0\
\0\x25\x3e\0\0\0\0\0\x07\0\0\0\0\x35\x3e\0\0\0\0\0\x07\0\0\0\0\x41\x3e\0\0\0\0\
\0\x07\0\0\0\0\x03\x10\0\0\0\0\0\x07\0\0\0\0\x9d\x10\0\0\0\0\0\x07\0\0\0\0\x0b\
\x1f\0\0\0\0\0\x07\0\0\0\0\x4d\x3e\0\0\0\0\0\x07\0\0\0\0\xd2\x5e\0\0\x01\0\0\
\x0f\x0d\0\0\0\xf7\x01\0\0\0\0\0\0\x0d\0\0\0\xda\x5e\0\0\x0b\0\0\x0f\x70\0\0\0\
\xfa\x01\0\0\0\0\0\0\x08\0\0\0\xfb\x01\0\0\x08\0\0\0\x08\0\0\0\xfc\x01\0\0\x10\
\0\0\0\x08\0\0\0\xfd\x01\0\0\x18\0\0\0\x08\0\0\0\0\x02\0\0\x20\0\0\0\x01\0\0\0\
\x01\x02\0\0\x28\0\0\0\x08\0\0\0\x02\x02\0\0\x30\0\0\0\x08\0\0\0\x04\x02\0\0\
\x38\0\0\0\x0a\0\0\0\x07\x02\0\0\x44\0\0\0\x04\0\0\0\x09\x02\0\0\x48\0\0\0\x21\
\0\0\0\x7d\x02\0\0\x6c\0\0\0\x04\0\0\0\xe2\x5e\0\0\x0b\0\0\x0f\x40\x01\0\0\x08\
\0\0\0\0\0\0\0\x10\0\0\0\x17\0\0\0\x10\0\0\0\x20\0\0\0\x26\0\0\0\x30\0\0\0\x20\
\0\0\0\x2b\0\0\0\x50\0\0\0\x20\0\0\0\x2f\0\0\0\x70\0\0\0\x20\0\0\0\x35\0\0\0\
\x90\0\0\0\x18\0\0\0\x3f\0\0\0\xa8\0\0\0\x20\0\0\0\x43\0\0\0\xc8\0\0\0\x18\0\0\
\0\x47\0\0\0\xe0\0\0\0\x20\0\0\0\x48\0\0\0\0\x01\0\0\x20\0\0\0\x52\0\0\0\x20\
\x01\0\0\x20\0\0\0\xe8\x5e\0\0\x06\0\0\x0f\x30\0\0\0\x0a\x02\0\0\0\0\0\0\x08\0\
\0\0\x0b\x02\0\0\x08\0\0\0\x08\0\0\0\x0c\x02\0\0\x10\0\0\0\x08\0\0\0\x0d\x02\0\
\0\x18\0\0\0\x08\0\0\0\x88\x02\0\0\x20\0\0\0\x04\0\0\0\x8d\x02\0\0\x28\0\0\0\
\x08\0\0\0\xed\x5e\0\0\x01\0\0\x0f\xa8\x01\0\0\x7a\x02\0\0\0\0\0\0\xa8\x01\0\0\
\xfe\x5e\0\0\x01\0\0\x0f\x01\0\0\0\x7c\x02\0\0\0\0\0\0\x01\0\0\0\x0d\x5f\0\0\
\x11\0\0\x0f\x5d\x06\0\0\x80\x02\0\0\0\0\0\0\x90\x04\0\0\x84\x02\0\0\x90\x04\0\
\0\x1c\0\0\0\x85\x02\0\0\xac\x04\0\0\x1c\0\0\0\x87\x02\0\0\xc8\x04\0\0\x1a\0\0\
\0\x8a\x02\0\0\xe2\x04\0\0\x19\0\0\0\x8c\x02\0\0\xfb\x04\0\0\x21\0\0\0\x8f\x02\
\0\0\x1c\x05\0\0\x18\0\0\0\x91\x02\0\0\x34\x05\0\0\x1e\0\0\0\x92\x02\0\0\x52\
\x05\0\0\x1a\0\0\0\x93\x02\0\0\x6c\x05\0\0\x1e\0\0\0\x94\x02\0\0\x8a\x05\0\0\
\x1a\0\0\0\x96\x02\0\0\xa4\x05\0\0\x20\0\0\0\x98\x02\0\0\xc4\x05\0\0\x22\0\0\0\
\x9a\x02\0\0\xe6\x05\0\0\x1f\0\0\0\x9b\x02\0\0\x05\x06\0\0\x1a\0\0\0\x9d\x02\0\
\0\x1f\x06\0\0\x24\0\0\0\x9e\x02\0\0\x43\x06\0\0\x1a\0\0\0\x13\x5f\0\0\x02\0\0\
\x0f\x10\0\0\0\x81\x02\0\0\0\0\0\0\x08\0\0\0\x82\x02\0\0\x08\0\0\0\x08\0\0\0\
\x1f\x5f\0\0\x16\0\0\x0f\0\0\0\0\x65\0\0\0\0\0\0\0\0\0\0\0\x66\0\0\0\0\0\0\0\0\
\0\0\0\xb6\x01\0\0\0\0\0\0\0\0\0\0\xb8\x01\0\0\0\0\0\0\0\0\0\0\xba\x01\0\0\0\0\
\0\0\0\0\0\0\xbc\x01\0\0\0\0\0\0\0\0\0\0\xbe\x01\0\0\0\0\0\0\0\0\0\0\xc0\x01\0\
\0\0\0\0\0\0\0\0\0\xc1\x01\0\0\0\0\0\0\0\0\0\0\xc3\x01\0\0\0\0\0\0\0\0\0\0\xc7\
\x01\0\0\0\0\0\0\0\0\0\0\xca\x01\0\0\0\0\0\0\0\0\0\0\xcc\x01\0\0\0\0\0\0\0\0\0\
\0\xd1\x01\0\0\0\0\0\0\0\0\0\0\xd3\x01\0\0\0\0\0\0\0\0\0\0\xd7\x01\0\0\0\0\0\0\
\0\0\0\0\xd8\x01\0\0\0\0\0\0\0\0\0\0\xdd\x01\0\0\0\0\0\0\0\0\0\0\xdf\x01\0\0\0\
\0\0\0\0\0\0\0\xe1\x01\0\0\0\0\0\0\0\0\0\0\xf3\x01\0\0\0\0\0\0\0\0\0\0\xf5\x01\
\0\0\0\0\0\0\0\0\0\0\0\x69\x6e\x74\0\x5f\x5f\x41\x52\x52\x41\x59\x5f\x53\x49\
\x5a\x45\x5f\x54\x59\x50\x45\x5f\x5f\0\x74\x79\x70\x65\0\x6d\x61\x78\x5f\x65\
\x6e\x74\x72\x69\x65\x73\0\x63\x70\x75\x5f\x6d\x61\x73\x6b\x5f\x62\x75\x66\x66\
\x65\x72\0\x74\x61\x73\x6b\x5f\x63\x74\x78\0\x74\x6d\x70\x5f\x6d\x61\x73\x6b\0\
\x70\x72\x65\x76\x5f\x6d\x69\x73\x73\x65\x73\0\x61\x74\x74\x61\x63\x68\x65\x64\
\x5f\x63\x6f\x72\x65\0\x70\x72\x65\x76\x5f\x63\x70\x75\0\x75\x33\x32\0\x5f\x5f\
\x75\x33\x32\0\x75\x6e\x73\x69\x67\x6e\x65\x64\x20\x69\x6e\x74\0\x73\x33\x32\0\
\x5f\x5f\x73\x33\x32\0\x6d\x61\x70\x5f\x66\x6c\x61\x67\x73\0\x6b\x65\x79\0\x76\
\x61\x6c\x75\x65\0\x74\x61\x73\x6b\x5f\x63\x74\x78\x5f\x73\x74\x6f\x72\0\x70\
\x63\x70\x75\x5f\x63\x74\x78\0\x74\x69\x6d\x65\x72\0\x73\x63\x68\x65\x64\x75\
\x6c\x65\x64\x5f\x63\x6f\x6d\x70\x61\x63\x74\x69\x6f\x6e\0\x62\x70\x66\x5f\x74\
\x69\x6d\x65\x72\0\x5f\x5f\x6f\x70\x61\x71\x75\x65\0\x5f\x5f\x75\x36\x34\0\x75\
\x6e\x73\x69\x67\x6e\x65\x64\x20\x6c\x6f\x6e\x67\x20\x6c\x6f\x6e\x67\0\x62\x6f\
\x6f\x6c\0\x5f\x42\x6f\x6f\x6c\0\x70\x63\x70\x75\x5f\x63\x74\x78\x73\0\x73\x74\
\x61\x74\x73\x5f\x74\x69\x6d\x65\x72\0\x63\x70\x75\x5f\x62\x61\x64\x5f\x67\x75\
\x79\x73\0\x63\x70\x75\x5f\x62\x61\x64\x5f\x67\x75\x79\x73\x5f\x6d\x61\x70\0\
\x76\x61\x6c\x75\x65\x73\0\x63\x70\x75\x5f\x66\x69\x6c\x74\x65\x72\x5f\x69\x64\
\x73\0\x74\x61\x73\x6b\x5f\x63\x70\x75\x5f\x75\x73\x61\x67\x65\0\x74\x61\x73\
\x6b\x5f\x69\x6e\x66\x6f\0\x69\x6e\x5f\x6b\x65\x72\x6e\x65\x6c\0\x69\x6e\x5f\
\x70\x72\x6f\x63\x65\x73\x73\0\x61\x6c\x72\x65\x61\x64\x79\x5f\x6f\x75\x74\x70\
\x75\x74\0\x75\x73\x65\x72\x5f\x74\x69\x6d\x65\x5f\x6e\x73\0\x6b\x65\x72\x6e\
\x65\x6c\x5f\x74\x69\x6d\x65\x5f\x6e\x73\0\x74\x6f\x74\x61\x6c\x5f\x74\x69\x6d\
\x65\x5f\x6e\x73\0\x6c\x61\x73\x74\x5f\x72\x75\x6e\x5f\x74\x69\x6d\x65\0\x6c\
\x61\x73\x74\x5f\x65\x6e\x71\x65\x75\x65\x5f\x74\x69\x6d\x65\0\x77\x61\x69\x74\
\x5f\x74\x69\x6d\x65\0\x6c\x61\x73\x74\x5f\x63\x6c\x65\x61\x72\x5f\x74\x69\x6d\
\x65\0\x6c\x61\x73\x74\x5f\x74\x72\x61\x63\x65\x5f\x74\x69\x6d\x65\0\x75\x73\
\x65\x72\x5f\x70\x65\x72\x63\x65\x6e\x74\0\x6b\x65\x72\x6e\x65\x6c\x5f\x70\x65\
\x72\x63\x65\x6e\x74\0\x74\x6f\x74\x61\x6c\x5f\x70\x65\x72\x63\x65\x6e\x74\0\
\x74\x61\x73\x6b\x5f\x69\x6e\x66\x6f\x5f\x73\x69\x6d\x70\x6c\x65\0\x70\x69\x64\
\0\x74\x67\x69\x64\0\x63\x70\x75\x5f\x69\x64\0\x63\x6f\x6d\x6d\0\x63\x68\x61\
\x72\0\x75\x36\x34\0\x74\x61\x73\x6b\x5f\x63\x70\x75\x5f\x75\x73\x61\x67\x65\
\x5f\x6d\x61\x70\0\x74\x61\x73\x6b\x5f\x75\x73\x61\x67\x65\x5f\x6d\x61\x70\0\
\x63\x70\x75\x5f\x74\x61\x73\x6b\x5f\x75\x73\x61\x67\x65\x5f\x6d\x61\x70\0\x63\
\x6f\x6d\x6d\x5f\x69\x6e\x66\x6f\0\x63\x6f\x6d\x6d\x5f\x69\x67\x6e\x6f\x72\x65\
\x5f\x6d\x61\x70\0\x63\x6f\x6d\x6d\x5f\x61\x74\x74\x65\x6e\x74\x69\x6f\x6e\x5f\
\x6d\x61\x70\0\x6b\x65\x79\x5f\x73\x69\x7a\x65\0\x76\x61\x6c\x75\x65\x5f\x73\
\x69\x7a\x65\0\x73\x74\x61\x74\x73\0\x62\x70\x66\x5f\x63\x70\x75\x6d\x61\x73\
\x6b\0\x63\x70\x75\x6d\x61\x73\x6b\0\x75\x73\x61\x67\x65\0\x63\x70\x75\x6d\x61\
\x73\x6b\x5f\x74\0\x62\x69\x74\x73\0\x75\x6e\x73\x69\x67\x6e\x65\x64\x20\x6c\
\x6f\x6e\x67\0\x72\x65\x66\x63\x6f\x75\x6e\x74\x5f\x74\0\x72\x65\x66\x63\x6f\
\x75\x6e\x74\x5f\x73\x74\x72\x75\x63\x74\0\x72\x65\x66\x73\0\x61\x74\x6f\x6d\
\x69\x63\x5f\x74\0\x63\x6f\x75\x6e\x74\x65\x72\0\x6d\x61\x73\x6b\0\x63\x61\x73\
\x74\x5f\x6d\x61\x73\x6b\0\x63\x74\x78\0\x6e\x65\x73\x74\x5f\x73\x65\x6c\x65\
\x63\x74\x5f\x63\x70\x75\0\x62\x70\x66\x5f\x72\x63\x75\x5f\x72\x65\x61\x64\x5f\
\x6c\x6f\x63\x6b\0\x62\x70\x66\x5f\x72\x63\x75\x5f\x72\x65\x61\x64\x5f\x75\x6e\
\x6c\x6f\x63\x6b\0\x74\x61\x73\x6b\x5f\x73\x74\x72\x75\x63\x74\0\x74\x68\x72\
\x65\x61\x64\x5f\x69\x6e\x66\x6f\0\x5f\x5f\x73\x74\x61\x74\x65\0\x73\x61\x76\
\x65\x64\x5f\x73\x74\x61\x74\x65\0\x73\x74\x61\x63\x6b\0\x66\x6c\x61\x67\x73\0\
\x70\x74\x72\x61\x63\x65\0\x6f\x6e\x5f\x63\x70\x75\0\x77\x61\x6b\x65\x5f\x65\
\x6e\x74\x72\x79\0\x77\x61\x6b\x65\x65\x5f\x66\x6c\x69\x70\x73\0\x77\x61\x6b\
\x65\x65\x5f\x66\x6c\x69\x70\x5f\x64\x65\x63\x61\x79\x5f\x74\x73\0\x6c\x61\x73\
\x74\x5f\x77\x61\x6b\x65\x65\0\x72\x65\x63\x65\x6e\x74\x5f\x75\x73\x65\x64\x5f\
\x63\x70\x75\0\x77\x61\x6b\x65\x5f\x63\x70\x75\0\x6f\x6e\x5f\x72\x71\0\x70\x72\
\x69\x6f\0\x73\x74\x61\x74\x69\x63\x5f\x70\x72\x69\x6f\0\x6e\x6f\x72\x6d\x61\
\x6c\x5f\x70\x72\x69\x6f\0\x72\x74\x5f\x70\x72\x69\x6f\x72\x69\x74\x79\0\x73\
\x65\0\x72\x74\0\x64\x6c\0\x64\x6c\x5f\x73\x65\x72\x76\x65\x72\0\x73\x63\x78\0\
\x73\x63\x68\x65\x64\x5f\x63\x6c\x61\x73\x73\0\x63\x6f\x72\x65\x5f\x6e\x6f\x64\
\x65\0\x63\x6f\x72\x65\x5f\x63\x6f\x6f\x6b\x69\x65\0\x63\x6f\x72\x65\x5f\x6f\
\x63\x63\x75\x70\x61\x74\x69\x6f\x6e\0\x73\x63\x68\x65\x64\x5f\x74\x61\x73\x6b\
\x5f\x67\x72\x6f\x75\x70\0\x75\x63\x6c\x61\x6d\x70\x5f\x72\x65\x71\0\x75\x63\
\x6c\x61\x6d\x70\0\x70\x72\x65\x65\x6d\x70\x74\x5f\x6e\x6f\x74\x69\x66\x69\x65\
\x72\x73\0\x62\x74\x72\x61\x63\x65\x5f\x73\x65\x71\0\x70\x6f\x6c\x69\x63\x79\0\
\x6d\x61\x78\x5f\x61\x6c\x6c\x6f\x77\x65\x64\x5f\x63\x61\x70\x61\x63\x69\x74\
\x79\0\x6e\x72\x5f\x63\x70\x75\x73\x5f\x61\x6c\x6c\x6f\x77\x65\x64\0\x63\x70\
\x75\x73\x5f\x70\x74\x72\0\x75\x73\x65\x72\x5f\x63\x70\x75\x73\x5f\x70\x74\x72\
\0\x63\x70\x75\x73\x5f\x6d\x61\x73\x6b\0\x6d\x69\x67\x72\x61\x74\x69\x6f\x6e\
\x5f\x70\x65\x6e\x64\x69\x6e\x67\0\x6d\x69\x67\x72\x61\x74\x69\x6f\x6e\x5f\x64\
\x69\x73\x61\x62\x6c\x65\x64\0\x6d\x69\x67\x72\x61\x74\x69\x6f\x6e\x5f\x66\x6c\
\x61\x67\x73\0\x72\x63\x75\x5f\x72\x65\x61\x64\x5f\x6c\x6f\x63\x6b\x5f\x6e\x65\
\x73\x74\x69\x6e\x67\0\x72\x63\x75\x5f\x72\x65\x61\x64\x5f\x75\x6e\x6c\x6f\x63\
\x6b\x5f\x73\x70\x65\x63\x69\x61\x6c\0\x72\x63\x75\x5f\x6e\x6f\x64\x65\x5f\x65\
\x6e\x74\x72\x79\0\x72\x63\x75\x5f\x62\x6c\x6f\x63\x6b\x65\x64\x5f\x6e\x6f\x64\
\x65\0\x72\x63\x75\x5f\x74\x61\x73\x6b\x73\x5f\x6e\x76\x63\x73\x77\0\x72\x63\
\x75\x5f\x74\x61\x73\x6b\x73\x5f\x68\x6f\x6c\x64\x6f\x75\x74\0\x72\x63\x75\x5f\
\x74\x61\x73\x6b\x73\x5f\x69\x64\x78\0\x72\x63\x75\x5f\x74\x61\x73\x6b\x73\x5f\
\x69\x64\x6c\x65\x5f\x63\x70\x75\0\x72\x63\x75\x5f\x74\x61\x73\x6b\x73\x5f\x68\
\x6f\x6c\x64\x6f\x75\x74\x5f\x6c\x69\x73\x74\0\x72\x63\x75\x5f\x74\x61\x73\x6b\
\x73\x5f\x65\x78\x69\x74\x5f\x63\x70\x75\0\x72\x63\x75\x5f\x74\x61\x73\x6b\x73\
\x5f\x65\x78\x69\x74\x5f\x6c\x69\x73\x74\0\x74\x72\x63\x5f\x72\x65\x61\x64\x65\
\x72\x5f\x6e\x65\x73\x74\x69\x6e\x67\0\x74\x72\x63\x5f\x69\x70\x69\x5f\x74\x6f\
\x5f\x63\x70\x75\0\x74\x72\x63\x5f\x72\x65\x61\x64\x65\x72\x5f\x73\x70\x65\x63\
\x69\x61\x6c\0\x74\x72\x63\x5f\x68\x6f\x6c\x64\x6f\x75\x74\x5f\x6c\x69\x73\x74\
\0\x74\x72\x63\x5f\x62\x6c\x6b\x64\x5f\x6e\x6f\x64\x65\0\x74\x72\x63\x5f\x62\
\x6c\x6b\x64\x5f\x63\x70\x75\0\x73\x63\x68\x65\x64\x5f\x69\x6e\x66\x6f\0\x74\
\x61\x73\x6b\x73\0\x70\x75\x73\x68\x61\x62\x6c\x65\x5f\x74\x61\x73\x6b\x73\0\
\x70\x75\x73\x68\x61\x62\x6c\x65\x5f\x64\x6c\x5f\x74\x61\x73\x6b\x73\0\x6d\x6d\
\0\x61\x63\x74\x69\x76\x65\x5f\x6d\x6d\0\x66\x61\x75\x6c\x74\x73\x5f\x64\x69\
\x73\x61\x62\x6c\x65\x64\x5f\x6d\x61\x70\x70\x69\x6e\x67\0\x65\x78\x69\x74\x5f\
\x73\x74\x61\x74\x65\0\x65\x78\x69\x74\x5f\x63\x6f\x64\x65\0\x65\x78\x69\x74\
\x5f\x73\x69\x67\x6e\x61\x6c\0\x70\x64\x65\x61\x74\x68\x5f\x73\x69\x67\x6e\x61\
\x6c\0\x6a\x6f\x62\x63\x74\x6c\0\x70\x65\x72\x73\x6f\x6e\x61\x6c\x69\x74\x79\0\
\x73\x63\x68\x65\x64\x5f\x72\x65\x73\x65\x74\x5f\x6f\x6e\x5f\x66\x6f\x72\x6b\0\
\x73\x63\x68\x65\x64\x5f\x63\x6f\x6e\x74\x72\x69\x62\x75\x74\x65\x73\x5f\x74\
\x6f\x5f\x6c\x6f\x61\x64\0\x73\x63\x68\x65\x64\x5f\x6d\x69\x67\x72\x61\x74\x65\
\x64\0\x73\x63\x68\x65\x64\x5f\x72\x65\x6d\x6f\x74\x65\x5f\x77\x61\x6b\x65\x75\
\x70\0\x73\x63\x68\x65\x64\x5f\x72\x74\x5f\x6d\x75\x74\x65\x78\0\x69\x6e\x5f\
\x65\x78\x65\x63\x76\x65\0\x69\x6e\x5f\x69\x6f\x77\x61\x69\x74\0\x72\x65\x73\
\x74\x6f\x72\x65\x5f\x73\x69\x67\x6d\x61\x73\x6b\0\x69\x6e\x5f\x6c\x72\x75\x5f\
\x66\x61\x75\x6c\x74\0\x6e\x6f\x5f\x63\x67\x72\x6f\x75\x70\x5f\x6d\x69\x67\x72\
\x61\x74\x69\x6f\x6e\0\x66\x72\x6f\x7a\x65\x6e\0\x75\x73\x65\x5f\x6d\x65\x6d\
\x64\x65\x6c\x61\x79\0\x69\x6e\x5f\x6d\x65\x6d\x73\x74\x61\x6c\x6c\0\x69\x6e\
\x5f\x65\x76\x65\x6e\x74\x66\x64\0\x70\x61\x73\x69\x64\x5f\x61\x63\x74\x69\x76\
\x61\x74\x65\x64\0\x72\x65\x70\x6f\x72\x74\x65\x64\x5f\x73\x70\x6c\x69\x74\x5f\
\x6c\x6f\x63\x6b\0\x69\x6e\x5f\x74\x68\x72\x61\x73\x68\x69\x6e\x67\0\x61\x74\
\x6f\x6d\x69\x63\x5f\x66\x6c\x61\x67\x73\0\x72\x65\x73\x74\x61\x72\x74\x5f\x62\
\x6c\x6f\x63\x6b\0\x73\x74\x61\x63\x6b\x5f\x63\x61\x6e\x61\x72\x79\0\x72\x65\
\x61\x6c\x5f\x70\x61\x72\x65\x6e\x74\0\x70\x61\x72\x65\x6e\x74\0\x63\x68\x69\
\x6c\x64\x72\x65\x6e\0\x73\x69\x62\x6c\x69\x6e\x67\0\x67\x72\x6f\x75\x70\x5f\
\x6c\x65\x61\x64\x65\x72\0\x70\x74\x72\x61\x63\x65\x64\0\x70\x74\x72\x61\x63\
\x65\x5f\x65\x6e\x74\x72\x79\0\x74\x68\x72\x65\x61\x64\x5f\x70\x69\x64\0\x70\
\x69\x64\x5f\x6c\x69\x6e\x6b\x73\0\x74\x68\x72\x65\x61\x64\x5f\x6e\x6f\x64\x65\
\0\x76\x66\x6f\x72\x6b\x5f\x64\x6f\x6e\x65\0\x73\x65\x74\x5f\x63\x68\x69\x6c\
\x64\x5f\x74\x69\x64\0\x63\x6c\x65\x61\x72\x5f\x63\x68\x69\x6c\x64\x5f\x74\x69\
\x64\0\x77\x6f\x72\x6b\x65\x72\x5f\x70\x72\x69\x76\x61\x74\x65\0\x75\x74\x69\
\x6d\x65\0\x73\x74\x69\x6d\x65\0\x67\x74\x69\x6d\x65\0\x70\x72\x65\x76\x5f\x63\
\x70\x75\x74\x69\x6d\x65\0\x76\x74\x69\x6d\x65\0\x74\x69\x63\x6b\x5f\x64\x65\
\x70\x5f\x6d\x61\x73\x6b\0\x6e\x76\x63\x73\x77\0\x6e\x69\x76\x63\x73\x77\0\x73\
\x74\x61\x72\x74\x5f\x74\x69\x6d\x65\0\x73\x74\x61\x72\x74\x5f\x62\x6f\x6f\x74\
\x74\x69\x6d\x65\0\x6d\x69\x6e\x5f\x66\x6c\x74\0\x6d\x61\x6a\x5f\x66\x6c\x74\0\
\x70\x6f\x73\x69\x78\x5f\x63\x70\x75\x74\x69\x6d\x65\x72\x73\0\x70\x6f\x73\x69\
\x78\x5f\x63\x70\x75\x74\x69\x6d\x65\x72\x73\x5f\x77\x6f\x72\x6b\0\x70\x74\x72\
\x61\x63\x65\x72\x5f\x63\x72\x65\x64\0\x72\x65\x61\x6c\x5f\x63\x72\x65\x64\0\
\x63\x72\x65\x64\0\x63\x61\x63\x68\x65\x64\x5f\x72\x65\x71\x75\x65\x73\x74\x65\
\x64\x5f\x6b\x65\x79\0\x6e\x61\x6d\x65\x69\x64\x61\x74\x61\0\x73\x79\x73\x76\
\x73\x65\x6d\0\x73\x79\x73\x76\x73\x68\x6d\0\x6c\x61\x73\x74\x5f\x73\x77\x69\
\x74\x63\x68\x5f\x63\x6f\x75\x6e\x74\0\x6c\x61\x73\x74\x5f\x73\x77\x69\x74\x63\
\x68\x5f\x74\x69\x6d\x65\0\x66\x73\0\x66\x69\x6c\x65\x73\0\x69\x6f\x5f\x75\x72\
\x69\x6e\x67\0\x6e\x73\x70\x72\x6f\x78\x79\0\x73\x69\x67\x6e\x61\x6c\0\x73\x69\
\x67\x68\x61\x6e\x64\0\x62\x6c\x6f\x63\x6b\x65\x64\0\x72\x65\x61\x6c\x5f\x62\
\x6c\x6f\x63\x6b\x65\x64\0\x73\x61\x76\x65\x64\x5f\x73\x69\x67\x6d\x61\x73\x6b\
\0\x70\x65\x6e\x64\x69\x6e\x67\0\x73\x61\x73\x5f\x73\x73\x5f\x73\x70\0\x73\x61\
\x73\x5f\x73\x73\x5f\x73\x69\x7a\x65\0\x73\x61\x73\x5f\x73\x73\x5f\x66\x6c\x61\
\x67\x73\0\x74\x61\x73\x6b\x5f\x77\x6f\x72\x6b\x73\0\x61\x75\x64\x69\x74\x5f\
\x63\x6f\x6e\x74\x65\x78\x74\0\x6c\x6f\x67\x69\x6e\x75\x69\x64\0\x73\x65\x73\
\x73\x69\x6f\x6e\x69\x64\0\x73\x65\x63\x63\x6f\x6d\x70\0\x73\x79\x73\x63\x61\
\x6c\x6c\x5f\x64\x69\x73\x70\x61\x74\x63\x68\0\x70\x61\x72\x65\x6e\x74\x5f\x65\
\x78\x65\x63\x5f\x69\x64\0\x73\x65\x6c\x66\x5f\x65\x78\x65\x63\x5f\x69\x64\0\
\x61\x6c\x6c\x6f\x63\x5f\x6c\x6f\x63\x6b\0\x70\x69\x5f\x6c\x6f\x63\x6b\0\x77\
\x61\x6b\x65\x5f\x71\0\x70\x69\x5f\x77\x61\x69\x74\x65\x72\x73\0\x70\x69\x5f\
\x74\x6f\x70\x5f\x74\x61\x73\x6b\0\x70\x69\x5f\x62\x6c\x6f\x63\x6b\x65\x64\x5f\
\x6f\x6e\0\x69\x6e\x5f\x75\x62\x73\x61\x6e\0\x6a\x6f\x75\x72\x6e\x61\x6c\x5f\
\x69\x6e\x66\x6f\0\x62\x69\x6f\x5f\x6c\x69\x73\x74\0\x70\x6c\x75\x67\0\x72\x65\
\x63\x6c\x61\x69\x6d\x5f\x73\x74\x61\x74\x65\0\x69\x6f\x5f\x63\x6f\x6e\x74\x65\
\x78\x74\0\x63\x61\x70\x74\x75\x72\x65\x5f\x63\x6f\x6e\x74\x72\x6f\x6c\0\x70\
\x74\x72\x61\x63\x65\x5f\x6d\x65\x73\x73\x61\x67\x65\0\x6c\x61\x73\x74\x5f\x73\
\x69\x67\x69\x6e\x66\x6f\0\x69\x6f\x61\x63\0\x70\x73\x69\x5f\x66\x6c\x61\x67\
\x73\0\x61\x63\x63\x74\x5f\x72\x73\x73\x5f\x6d\x65\x6d\x31\0\x61\x63\x63\x74\
\x5f\x76\x6d\x5f\x6d\x65\x6d\x31\0\x61\x63\x63\x74\x5f\x74\x69\x6d\x65\x78\x70\
\x64\0\x6d\x65\x6d\x73\x5f\x61\x6c\x6c\x6f\x77\x65\x64\0\x6d\x65\x6d\x73\x5f\
\x61\x6c\x6c\x6f\x77\x65\x64\x5f\x73\x65\x71\0\x63\x70\x75\x73\x65\x74\x5f\x6d\
\x65\x6d\x5f\x73\x70\x72\x65\x61\x64\x5f\x72\x6f\x74\x6f\x72\0\x63\x67\x72\x6f\
\x75\x70\x73\0\x63\x67\x5f\x6c\x69\x73\x74\0\x63\x6c\x6f\x73\x69\x64\0\x72\x6d\
\x69\x64\0\x72\x6f\x62\x75\x73\x74\x5f\x6c\x69\x73\x74\0\x63\x6f\x6d\x70\x61\
\x74\x5f\x72\x6f\x62\x75\x73\x74\x5f\x6c\x69\x73\x74\0\x70\x69\x5f\x73\x74\x61\
\x74\x65\x5f\x6c\x69\x73\x74\0\x70\x69\x5f\x73\x74\x61\x74\x65\x5f\x63\x61\x63\
\x68\x65\0\x66\x75\x74\x65\x78\x5f\x65\x78\x69\x74\x5f\x6d\x75\x74\x65\x78\0\
\x66\x75\x74\x65\x78\x5f\x73\x74\x61\x74\x65\0\x70\x65\x72\x66\x5f\x72\x65\x63\
\x75\x72\x73\x69\x6f\x6e\0\x70\x65\x72\x66\x5f\x65\x76\x65\x6e\x74\x5f\x63\x74\
\x78\x70\0\x70\x65\x72\x66\x5f\x65\x76\x65\x6e\x74\x5f\x6d\x75\x74\x65\x78\0\
\x70\x65\x72\x66\x5f\x65\x76\x65\x6e\x74\x5f\x6c\x69\x73\x74\0\x6d\x65\x6d\x70\
\x6f\x6c\x69\x63\x79\0\x69\x6c\x5f\x70\x72\x65\x76\0\x69\x6c\x5f\x77\x65\x69\
\x67\x68\x74\0\x70\x72\x65\x66\x5f\x6e\x6f\x64\x65\x5f\x66\x6f\x72\x6b\0\x6e\
\x75\x6d\x61\x5f\x73\x63\x61\x6e\x5f\x73\x65\x71\0\x6e\x75\x6d\x61\x5f\x73\x63\
\x61\x6e\x5f\x70\x65\x72\x69\x6f\x64\0\x6e\x75\x6d\x61\x5f\x73\x63\x61\x6e\x5f\
\x70\x65\x72\x69\x6f\x64\x5f\x6d\x61\x78\0\x6e\x75\x6d\x61\x5f\x70\x72\x65\x66\
\x65\x72\x72\x65\x64\x5f\x6e\x69\x64\0\x6e\x75\x6d\x61\x5f\x6d\x69\x67\x72\x61\
\x74\x65\x5f\x72\x65\x74\x72\x79\0\x6e\x6f\x64\x65\x5f\x73\x74\x61\x6d\x70\0\
\x6c\x61\x73\x74\x5f\x74\x61\x73\x6b\x5f\x6e\x75\x6d\x61\x5f\x70\x6c\x61\x63\
\x65\x6d\x65\x6e\x74\0\x6c\x61\x73\x74\x5f\x73\x75\x6d\x5f\x65\x78\x65\x63\x5f\
\x72\x75\x6e\x74\x69\x6d\x65\0\x6e\x75\x6d\x61\x5f\x77\x6f\x72\x6b\0\x6e\x75\
\x6d\x61\x5f\x67\x72\x6f\x75\x70\0\x6e\x75\x6d\x61\x5f\x66\x61\x75\x6c\x74\x73\
\0\x74\x6f\x74\x61\x6c\x5f\x6e\x75\x6d\x61\x5f\x66\x61\x75\x6c\x74\x73\0\x6e\
\x75\x6d\x61\x5f\x66\x61\x75\x6c\x74\x73\x5f\x6c\x6f\x63\x61\x6c\x69\x74\x79\0\
\x6e\x75\x6d\x61\x5f\x70\x61\x67\x65\x73\x5f\x6d\x69\x67\x72\x61\x74\x65\x64\0\
\x72\x73\x65\x71\0\x72\x73\x65\x71\x5f\x6c\x65\x6e\0\x72\x73\x65\x71\x5f\x73\
\x69\x67\0\x72\x73\x65\x71\x5f\x65\x76\x65\x6e\x74\x5f\x6d\x61\x73\x6b\0\x6d\
\x6d\x5f\x63\x69\x64\0\x6c\x61\x73\x74\x5f\x6d\x6d\x5f\x63\x69\x64\0\x6d\x69\
\x67\x72\x61\x74\x65\x5f\x66\x72\x6f\x6d\x5f\x63\x70\x75\0\x6d\x6d\x5f\x63\x69\
\x64\x5f\x61\x63\x74\x69\x76\x65\0\x63\x69\x64\x5f\x77\x6f\x72\x6b\0\x74\x6c\
\x62\x5f\x75\x62\x63\0\x73\x70\x6c\x69\x63\x65\x5f\x70\x69\x70\x65\0\x74\x61\
\x73\x6b\x5f\x66\x72\x61\x67\0\x64\x65\x6c\x61\x79\x73\0\x6e\x72\x5f\x64\x69\
\x72\x74\x69\x65\x64\0\x6e\x72\x5f\x64\x69\x72\x74\x69\x65\x64\x5f\x70\x61\x75\
\x73\x65\0\x64\x69\x72\x74\x79\x5f\x70\x61\x75\x73\x65\x64\x5f\x77\x68\x65\x6e\
\0\x6c\x61\x74\x65\x6e\x63\x79\x5f\x72\x65\x63\x6f\x72\x64\x5f\x63\x6f\x75\x6e\
\x74\0\x6c\x61\x74\x65\x6e\x63\x79\x5f\x72\x65\x63\x6f\x72\x64\0\x74\x69\x6d\
\x65\x72\x5f\x73\x6c\x61\x63\x6b\x5f\x6e\x73\0\x64\x65\x66\x61\x75\x6c\x74\x5f\
\x74\x69\x6d\x65\x72\x5f\x73\x6c\x61\x63\x6b\x5f\x6e\x73\0\x63\x75\x72\x72\x5f\
\x72\x65\x74\x5f\x73\x74\x61\x63\x6b\0\x63\x75\x72\x72\x5f\x72\x65\x74\x5f\x64\
\x65\x70\x74\x68\0\x72\x65\x74\x5f\x73\x74\x61\x63\x6b\0\x66\x74\x72\x61\x63\
\x65\x5f\x74\x69\x6d\x65\x73\x74\x61\x6d\x70\0\x74\x72\x61\x63\x65\x5f\x6f\x76\
\x65\x72\x72\x75\x6e\0\x74\x72\x61\x63\x69\x6e\x67\x5f\x67\x72\x61\x70\x68\x5f\
\x70\x61\x75\x73\x65\0\x74\x72\x61\x63\x65\x5f\x72\x65\x63\x75\x72\x73\x69\x6f\
\x6e\0\x6d\x65\x6d\x63\x67\x5f\x6e\x72\x5f\x70\x61\x67\x65\x73\x5f\x6f\x76\x65\
\x72\x5f\x68\x69\x67\x68\0\x61\x63\x74\x69\x76\x65\x5f\x6d\x65\x6d\x63\x67\0\
\x6f\x62\x6a\x63\x67\0\x74\x68\x72\x6f\x74\x74\x6c\x65\x5f\x64\x69\x73\x6b\0\
\x75\x74\x61\x73\x6b\0\x73\x65\x71\x75\x65\x6e\x74\x69\x61\x6c\x5f\x69\x6f\0\
\x73\x65\x71\x75\x65\x6e\x74\x69\x61\x6c\x5f\x69\x6f\x5f\x61\x76\x67\0\x6b\x6d\
\x61\x70\x5f\x63\x74\x72\x6c\0\x72\x63\x75\0\x72\x63\x75\x5f\x75\x73\x65\x72\
\x73\0\x70\x61\x67\x65\x66\x61\x75\x6c\x74\x5f\x64\x69\x73\x61\x62\x6c\x65\x64\
\0\x6f\x6f\x6d\x5f\x72\x65\x61\x70\x65\x72\x5f\x6c\x69\x73\x74\0\x6f\x6f\x6d\
\x5f\x72\x65\x61\x70\x65\x72\x5f\x74\x69\x6d\x65\x72\0\x73\x74\x61\x63\x6b\x5f\
\x76\x6d\x5f\x61\x72\x65\x61\0\x73\x74\x61\x63\x6b\x5f\x72\x65\x66\x63\x6f\x75\
\x6e\x74\0\x70\x61\x74\x63\x68\x5f\x73\x74\x61\x74\x65\0\x73\x65\x63\x75\x72\
\x69\x74\x79\0\x62\x70\x66\x5f\x73\x74\x6f\x72\x61\x67\x65\0\x62\x70\x66\x5f\
\x63\x74\x78\0\x62\x70\x66\x5f\x6e\x65\x74\x5f\x63\x6f\x6e\x74\x65\x78\x74\0\
\x6d\x63\x65\x5f\x76\x61\x64\x64\x72\0\x6d\x63\x65\x5f\x6b\x66\x6c\x61\x67\x73\
\0\x6d\x63\x65\x5f\x61\x64\x64\x72\0\x6d\x63\x65\x5f\x72\x69\x70\x76\0\x6d\x63\
\x65\x5f\x77\x68\x6f\x6c\x65\x5f\x70\x61\x67\x65\0\x5f\x5f\x6d\x63\x65\x5f\x72\
\x65\x73\x65\x72\x76\x65\x64\0\x6d\x63\x65\x5f\x6b\x69\x6c\x6c\x5f\x6d\x65\0\
\x6d\x63\x65\x5f\x63\x6f\x75\x6e\x74\0\x6b\x72\x65\x74\x70\x72\x6f\x62\x65\x5f\
\x69\x6e\x73\x74\x61\x6e\x63\x65\x73\0\x72\x65\x74\x68\x6f\x6f\x6b\x73\0\x6c\
\x31\x64\x5f\x66\x6c\x75\x73\x68\x5f\x6b\x69\x6c\x6c\0\x72\x76\0\x75\x73\x65\
\x72\x5f\x65\x76\x65\x6e\x74\x5f\x6d\x6d\0\x74\x68\x72\x65\x61\x64\0\x73\x79\
\x73\x63\x61\x6c\x6c\x5f\x77\x6f\x72\x6b\0\x73\x74\x61\x74\x75\x73\0\x63\x70\
\x75\0\x5f\x5f\x63\x61\x6c\x6c\x5f\x73\x69\x6e\x67\x6c\x65\x5f\x6e\x6f\x64\x65\
\0\x6c\x6c\x69\x73\x74\0\x73\x72\x63\0\x64\x73\x74\0\x6c\x6c\x69\x73\x74\x5f\
\x6e\x6f\x64\x65\0\x6e\x65\x78\x74\0\x75\x5f\x66\x6c\x61\x67\x73\0\x61\x5f\x66\
\x6c\x61\x67\x73\0\x75\x31\x36\0\x5f\x5f\x75\x31\x36\0\x75\x6e\x73\x69\x67\x6e\
\x65\x64\x20\x73\x68\x6f\x72\x74\0\x73\x63\x68\x65\x64\x5f\x65\x6e\x74\x69\x74\
\x79\0\x6c\x6f\x61\x64\0\x72\x75\x6e\x5f\x6e\x6f\x64\x65\0\x64\x65\x61\x64\x6c\
\x69\x6e\x65\0\x6d\x69\x6e\x5f\x76\x72\x75\x6e\x74\x69\x6d\x65\0\x6d\x69\x6e\
\x5f\x73\x6c\x69\x63\x65\0\x67\x72\x6f\x75\x70\x5f\x6e\x6f\x64\x65\0\x73\x63\
\x68\x65\x64\x5f\x64\x65\x6c\x61\x79\x65\x64\0\x72\x65\x6c\x5f\x64\x65\x61\x64\
\x6c\x69\x6e\x65\0\x63\x75\x73\x74\x6f\x6d\x5f\x73\x6c\x69\x63\x65\0\x65\x78\
\x65\x63\x5f\x73\x74\x61\x72\x74\0\x73\x75\x6d\x5f\x65\x78\x65\x63\x5f\x72\x75\
\x6e\x74\x69\x6d\x65\0\x70\x72\x65\x76\x5f\x73\x75\x6d\x5f\x65\x78\x65\x63\x5f\
\x72\x75\x6e\x74\x69\x6d\x65\0\x76\x72\x75\x6e\x74\x69\x6d\x65\0\x76\x6c\x61\
\x67\0\x73\x6c\x69\x63\x65\0\x6e\x72\x5f\x6d\x69\x67\x72\x61\x74\x69\x6f\x6e\
\x73\0\x64\x65\x70\x74\x68\0\x63\x66\x73\x5f\x72\x71\0\x6d\x79\x5f\x71\0\x72\
\x75\x6e\x6e\x61\x62\x6c\x65\x5f\x77\x65\x69\x67\x68\x74\0\x61\x76\x67\0\x6c\
\x6f\x61\x64\x5f\x77\x65\x69\x67\x68\x74\0\x77\x65\x69\x67\x68\x74\0\x69\x6e\
\x76\x5f\x77\x65\x69\x67\x68\x74\0\x72\x62\x5f\x6e\x6f\x64\x65\0\x5f\x5f\x72\
\x62\x5f\x70\x61\x72\x65\x6e\x74\x5f\x63\x6f\x6c\x6f\x72\0\x72\x62\x5f\x72\x69\
\x67\x68\x74\0\x72\x62\x5f\x6c\x65\x66\x74\0\x6c\x69\x73\x74\x5f\x68\x65\x61\
\x64\0\x70\x72\x65\x76\0\x75\x6e\x73\x69\x67\x6e\x65\x64\x20\x63\x68\x61\x72\0\
\x73\x36\x34\0\x5f\x5f\x73\x36\x34\0\x6c\x6f\x6e\x67\x20\x6c\x6f\x6e\x67\0\x73\
\x63\x68\x65\x64\x5f\x61\x76\x67\0\x6c\x61\x73\x74\x5f\x75\x70\x64\x61\x74\x65\
\x5f\x74\x69\x6d\x65\0\x6c\x6f\x61\x64\x5f\x73\x75\x6d\0\x72\x75\x6e\x6e\x61\
\x62\x6c\x65\x5f\x73\x75\x6d\0\x75\x74\x69\x6c\x5f\x73\x75\x6d\0\x70\x65\x72\
\x69\x6f\x64\x5f\x63\x6f\x6e\x74\x72\x69\x62\0\x6c\x6f\x61\x64\x5f\x61\x76\x67\
\0\x72\x75\x6e\x6e\x61\x62\x6c\x65\x5f\x61\x76\x67\0\x75\x74\x69\x6c\x5f\x61\
\x76\x67\0\x75\x74\x69\x6c\x5f\x65\x73\x74\0\x73\x63\x68\x65\x64\x5f\x72\x74\
\x5f\x65\x6e\x74\x69\x74\x79\0\x72\x75\x6e\x5f\x6c\x69\x73\x74\0\x74\x69\x6d\
\x65\x6f\x75\x74\0\x77\x61\x74\x63\x68\x64\x6f\x67\x5f\x73\x74\x61\x6d\x70\0\
\x74\x69\x6d\x65\x5f\x73\x6c\x69\x63\x65\0\x6f\x6e\x5f\x6c\x69\x73\x74\0\x62\
\x61\x63\x6b\0\x73\x63\x68\x65\x64\x5f\x64\x6c\x5f\x65\x6e\x74\x69\x74\x79\0\
\x64\x6c\x5f\x72\x75\x6e\x74\x69\x6d\x65\0\x64\x6c\x5f\x64\x65\x61\x64\x6c\x69\
\x6e\x65\0\x64\x6c\x5f\x70\x65\x72\x69\x6f\x64\0\x64\x6c\x5f\x62\x77\0\x64\x6c\
\x5f\x64\x65\x6e\x73\x69\x74\x79\0\x72\x75\x6e\x74\x69\x6d\x65\0\x64\x6c\x5f\
\x74\x68\x72\x6f\x74\x74\x6c\x65\x64\0\x64\x6c\x5f\x79\x69\x65\x6c\x64\x65\x64\
\0\x64\x6c\x5f\x6e\x6f\x6e\x5f\x63\x6f\x6e\x74\x65\x6e\x64\x69\x6e\x67\0\x64\
\x6c\x5f\x6f\x76\x65\x72\x72\x75\x6e\0\x64\x6c\x5f\x64\x65\x66\x65\x72\0\x64\
\x6c\x5f\x64\x65\x66\x65\x72\x5f\x61\x72\x6d\x65\x64\0\x64\x6c\x5f\x64\x65\x66\
\x65\x72\x5f\x72\x75\x6e\x6e\x69\x6e\x67\0\x64\x6c\x5f\x74\x69\x6d\x65\x72\0\
\x69\x6e\x61\x63\x74\x69\x76\x65\x5f\x74\x69\x6d\x65\x72\0\x72\x71\0\x73\x65\
\x72\x76\x65\x72\x5f\x68\x61\x73\x5f\x74\x61\x73\x6b\x73\0\x73\x65\x72\x76\x65\
\x72\x5f\x70\x69\x63\x6b\x5f\x74\x61\x73\x6b\0\x70\x69\x5f\x73\x65\0\x68\x72\
\x74\x69\x6d\x65\x72\0\x6e\x6f\x64\x65\0\x5f\x73\x6f\x66\x74\x65\x78\x70\x69\
\x72\x65\x73\0\x66\x75\x6e\x63\x74\x69\x6f\x6e\0\x62\x61\x73\x65\0\x73\x74\x61\
\x74\x65\0\x69\x73\x5f\x72\x65\x6c\0\x69\x73\x5f\x73\x6f\x66\x74\0\x69\x73\x5f\
\x68\x61\x72\x64\0\x74\x69\x6d\x65\x72\x71\x75\x65\x75\x65\x5f\x6e\x6f\x64\x65\
\0\x65\x78\x70\x69\x72\x65\x73\0\x6b\x74\x69\x6d\x65\x5f\x74\0\x68\x72\x74\x69\
\x6d\x65\x72\x5f\x72\x65\x73\x74\x61\x72\x74\0\x48\x52\x54\x49\x4d\x45\x52\x5f\
\x4e\x4f\x52\x45\x53\x54\x41\x52\x54\0\x48\x52\x54\x49\x4d\x45\x52\x5f\x52\x45\
\x53\x54\x41\x52\x54\0\x75\x38\0\x5f\x5f\x75\x38\0\x64\x6c\x5f\x73\x65\x72\x76\
\x65\x72\x5f\x68\x61\x73\x5f\x74\x61\x73\x6b\x73\x5f\x66\0\x64\x6c\x5f\x73\x65\
\x72\x76\x65\x72\x5f\x70\x69\x63\x6b\x5f\x66\0\x73\x63\x68\x65\x64\x5f\x65\x78\
\x74\x5f\x65\x6e\x74\x69\x74\x79\0\x64\x73\x71\0\x64\x73\x71\x5f\x6c\x69\x73\
\x74\0\x64\x73\x71\x5f\x70\x72\x69\x71\0\x64\x73\x71\x5f\x73\x65\x71\0\x64\x73\
\x71\x5f\x66\x6c\x61\x67\x73\0\x73\x74\x69\x63\x6b\x79\x5f\x63\x70\x75\0\x68\
\x6f\x6c\x64\x69\x6e\x67\x5f\x63\x70\x75\0\x6b\x66\x5f\x6d\x61\x73\x6b\0\x6b\
\x66\x5f\x74\x61\x73\x6b\x73\0\x6f\x70\x73\x5f\x73\x74\x61\x74\x65\0\x72\x75\
\x6e\x6e\x61\x62\x6c\x65\x5f\x6e\x6f\x64\x65\0\x72\x75\x6e\x6e\x61\x62\x6c\x65\
\x5f\x61\x74\0\x63\x6f\x72\x65\x5f\x73\x63\x68\x65\x64\x5f\x61\x74\0\x64\x64\
\x73\x70\x5f\x64\x73\x71\x5f\x69\x64\0\x64\x64\x73\x70\x5f\x65\x6e\x71\x5f\x66\
\x6c\x61\x67\x73\0\x64\x73\x71\x5f\x76\x74\x69\x6d\x65\0\x64\x69\x73\x61\x6c\
\x6c\x6f\x77\0\x63\x67\x72\x70\x5f\x6d\x6f\x76\x69\x6e\x67\x5f\x66\x72\x6f\x6d\
\0\x74\x61\x73\x6b\x73\x5f\x6e\x6f\x64\x65\0\x73\x63\x78\x5f\x64\x73\x71\x5f\
\x6c\x69\x73\x74\x5f\x6e\x6f\x64\x65\0\x70\x72\x69\x76\0\x61\x74\x6f\x6d\x69\
\x63\x5f\x6c\x6f\x6e\x67\x5f\x74\0\x61\x74\x6f\x6d\x69\x63\x36\x34\x5f\x74\0\
\x75\x63\x6c\x61\x6d\x70\x5f\x73\x65\0\x62\x75\x63\x6b\x65\x74\x5f\x69\x64\0\
\x61\x63\x74\x69\x76\x65\0\x75\x73\x65\x72\x5f\x64\x65\x66\x69\x6e\x65\x64\0\
\x73\x63\x68\x65\x64\x5f\x73\x74\x61\x74\x69\x73\x74\x69\x63\x73\0\x77\x61\x69\
\x74\x5f\x73\x74\x61\x72\x74\0\x77\x61\x69\x74\x5f\x6d\x61\x78\0\x77\x61\x69\
\x74\x5f\x63\x6f\x75\x6e\x74\0\x77\x61\x69\x74\x5f\x73\x75\x6d\0\x69\x6f\x77\
\x61\x69\x74\x5f\x63\x6f\x75\x6e\x74\0\x69\x6f\x77\x61\x69\x74\x5f\x73\x75\x6d\
\0\x73\x6c\x65\x65\x70\x5f\x73\x74\x61\x72\x74\0\x73\x6c\x65\x65\x70\x5f\x6d\
\x61\x78\0\x73\x75\x6d\x5f\x73\x6c\x65\x65\x70\x5f\x72\x75\x6e\x74\x69\x6d\x65\
\0\x62\x6c\x6f\x63\x6b\x5f\x73\x74\x61\x72\x74\0\x62\x6c\x6f\x63\x6b\x5f\x6d\
\x61\x78\0\x73\x75\x6d\x5f\x62\x6c\x6f\x63\x6b\x5f\x72\x75\x6e\x74\x69\x6d\x65\
\0\x65\x78\x65\x63\x5f\x6d\x61\x78\0\x73\x6c\x69\x63\x65\x5f\x6d\x61\x78\0\x6e\
\x72\x5f\x6d\x69\x67\x72\x61\x74\x69\x6f\x6e\x73\x5f\x63\x6f\x6c\x64\0\x6e\x72\
\x5f\x66\x61\x69\x6c\x65\x64\x5f\x6d\x69\x67\x72\x61\x74\x69\x6f\x6e\x73\x5f\
\x61\x66\x66\x69\x6e\x65\0\x6e\x72\x5f\x66\x61\x69\x6c\x65\x64\x5f\x6d\x69\x67\
\x72\x61\x74\x69\x6f\x6e\x73\x5f\x72\x75\x6e\x6e\x69\x6e\x67\0\x6e\x72\x5f\x66\
\x61\x69\x6c\x65\x64\x5f\x6d\x69\x67\x72\x61\x74\x69\x6f\x6e\x73\x5f\x68\x6f\
\x74\0\x6e\x72\x5f\x66\x6f\x72\x63\x65\x64\x5f\x6d\x69\x67\x72\x61\x74\x69\x6f\
\x6e\x73\0\x6e\x72\x5f\x77\x61\x6b\x65\x75\x70\x73\0\x6e\x72\x5f\x77\x61\x6b\
\x65\x75\x70\x73\x5f\x73\x79\x6e\x63\0\x6e\x72\x5f\x77\x61\x6b\x65\x75\x70\x73\
\x5f\x6d\x69\x67\x72\x61\x74\x65\0\x6e\x72\x5f\x77\x61\x6b\x65\x75\x70\x73\x5f\
\x6c\x6f\x63\x61\x6c\0\x6e\x72\x5f\x77\x61\x6b\x65\x75\x70\x73\x5f\x72\x65\x6d\
\x6f\x74\x65\0\x6e\x72\x5f\x77\x61\x6b\x65\x75\x70\x73\x5f\x61\x66\x66\x69\x6e\
\x65\0\x6e\x72\x5f\x77\x61\x6b\x65\x75\x70\x73\x5f\x61\x66\x66\x69\x6e\x65\x5f\
\x61\x74\x74\x65\x6d\x70\x74\x73\0\x6e\x72\x5f\x77\x61\x6b\x65\x75\x70\x73\x5f\
\x70\x61\x73\x73\x69\x76\x65\0\x6e\x72\x5f\x77\x61\x6b\x65\x75\x70\x73\x5f\x69\
\x64\x6c\x65\0\x63\x6f\x72\x65\x5f\x66\x6f\x72\x63\x65\x69\x64\x6c\x65\x5f\x73\
\x75\x6d\0\x68\x6c\x69\x73\x74\x5f\x68\x65\x61\x64\0\x66\x69\x72\x73\x74\0\x72\
\x63\x75\x5f\x73\x70\x65\x63\x69\x61\x6c\0\x62\0\x73\0\x6e\x65\x65\x64\x5f\x71\
\x73\0\x65\x78\x70\x5f\x68\x69\x6e\x74\0\x6e\x65\x65\x64\x5f\x6d\x62\0\x70\x63\
\x6f\x75\x6e\x74\0\x72\x75\x6e\x5f\x64\x65\x6c\x61\x79\0\x6c\x61\x73\x74\x5f\
\x61\x72\x72\x69\x76\x61\x6c\0\x6c\x61\x73\x74\x5f\x71\x75\x65\x75\x65\x64\0\
\x70\x6c\x69\x73\x74\x5f\x6e\x6f\x64\x65\0\x70\x72\x69\x6f\x5f\x6c\x69\x73\x74\
\0\x6e\x6f\x64\x65\x5f\x6c\x69\x73\x74\0\x61\x72\x63\x68\x5f\x64\x61\x74\x61\0\
\x66\x6e\0\x6c\x6f\x6e\x67\0\x66\x75\x74\x65\x78\0\x6e\x61\x6e\x6f\x73\x6c\x65\
\x65\x70\0\x70\x6f\x6c\x6c\0\x75\x61\x64\x64\x72\0\x76\x61\x6c\0\x62\x69\x74\
\x73\x65\x74\0\x74\x69\x6d\x65\0\x75\x61\x64\x64\x72\x32\0\x63\x6c\x6f\x63\x6b\
\x69\x64\0\x63\x6c\x6f\x63\x6b\x69\x64\x5f\x74\0\x5f\x5f\x6b\x65\x72\x6e\x65\
\x6c\x5f\x63\x6c\x6f\x63\x6b\x69\x64\x5f\x74\0\x74\x69\x6d\x65\x73\x70\x65\x63\
\x5f\x74\x79\x70\x65\0\x54\x54\x5f\x4e\x4f\x4e\x45\0\x54\x54\x5f\x4e\x41\x54\
\x49\x56\x45\0\x54\x54\x5f\x43\x4f\x4d\x50\x41\x54\0\x72\x6d\x74\x70\0\x63\x6f\
\x6d\x70\x61\x74\x5f\x72\x6d\x74\x70\0\x75\x66\x64\x73\0\x6e\x66\x64\x73\0\x68\
\x61\x73\x5f\x74\x69\x6d\x65\x6f\x75\x74\0\x74\x76\x5f\x73\x65\x63\0\x74\x76\
\x5f\x6e\x73\x65\x63\0\x70\x69\x64\x5f\x74\0\x5f\x5f\x6b\x65\x72\x6e\x65\x6c\
\x5f\x70\x69\x64\x5f\x74\0\x68\x6c\x69\x73\x74\x5f\x6e\x6f\x64\x65\0\x70\x70\
\x72\x65\x76\0\x6c\x6f\x63\x6b\0\x72\x61\x77\x5f\x73\x70\x69\x6e\x6c\x6f\x63\
\x6b\x5f\x74\0\x72\x61\x77\x5f\x73\x70\x69\x6e\x6c\x6f\x63\x6b\0\x72\x61\x77\
\x5f\x6c\x6f\x63\x6b\0\x61\x72\x63\x68\x5f\x73\x70\x69\x6e\x6c\x6f\x63\x6b\x5f\
\x74\0\x71\x73\x70\x69\x6e\x6c\x6f\x63\x6b\0\x6c\x6f\x63\x6b\x65\x64\0\x6c\x6f\
\x63\x6b\x65\x64\x5f\x70\x65\x6e\x64\x69\x6e\x67\0\x74\x61\x69\x6c\0\x73\x65\
\x71\x63\x6f\x75\x6e\x74\0\x73\x74\x61\x72\x74\x74\x69\x6d\x65\0\x73\x65\x71\
\x63\x6f\x75\x6e\x74\x5f\x74\0\x73\x65\x71\x75\x65\x6e\x63\x65\0\x76\x74\x69\
\x6d\x65\x5f\x73\x74\x61\x74\x65\0\x56\x54\x49\x4d\x45\x5f\x49\x4e\x41\x43\x54\
\x49\x56\x45\0\x56\x54\x49\x4d\x45\x5f\x49\x44\x4c\x45\0\x56\x54\x49\x4d\x45\
\x5f\x53\x59\x53\0\x56\x54\x49\x4d\x45\x5f\x55\x53\x45\x52\0\x56\x54\x49\x4d\
\x45\x5f\x47\x55\x45\x53\x54\0\x62\x61\x73\x65\x73\0\x74\x69\x6d\x65\x72\x73\
\x5f\x61\x63\x74\x69\x76\x65\0\x65\x78\x70\x69\x72\x79\x5f\x61\x63\x74\x69\x76\
\x65\0\x70\x6f\x73\x69\x78\x5f\x63\x70\x75\x74\x69\x6d\x65\x72\x5f\x62\x61\x73\
\x65\0\x6e\x65\x78\x74\x65\x76\x74\0\x74\x71\x68\x65\x61\x64\0\x74\x69\x6d\x65\
\x72\x71\x75\x65\x75\x65\x5f\x68\x65\x61\x64\0\x72\x62\x5f\x72\x6f\x6f\x74\0\
\x72\x62\x5f\x72\x6f\x6f\x74\x5f\x63\x61\x63\x68\x65\x64\0\x72\x62\x5f\x6c\x65\
\x66\x74\x6d\x6f\x73\x74\0\x77\x6f\x72\x6b\0\x6d\x75\x74\x65\x78\0\x73\x63\x68\
\x65\x64\x75\x6c\x65\x64\0\x63\x61\x6c\x6c\x62\x61\x63\x6b\x5f\x68\x65\x61\x64\
\0\x66\x75\x6e\x63\0\x6f\x77\x6e\x65\x72\0\x77\x61\x69\x74\x5f\x6c\x6f\x63\x6b\
\0\x6f\x73\x71\0\x77\x61\x69\x74\x5f\x6c\x69\x73\x74\0\x6f\x70\x74\x69\x6d\x69\
\x73\x74\x69\x63\x5f\x73\x70\x69\x6e\x5f\x71\x75\x65\x75\x65\0\x75\x69\x64\0\
\x67\x69\x64\0\x73\x75\x69\x64\0\x73\x67\x69\x64\0\x65\x75\x69\x64\0\x65\x67\
\x69\x64\0\x66\x73\x75\x69\x64\0\x66\x73\x67\x69\x64\0\x73\x65\x63\x75\x72\x65\
\x62\x69\x74\x73\0\x63\x61\x70\x5f\x69\x6e\x68\x65\x72\x69\x74\x61\x62\x6c\x65\
\0\x63\x61\x70\x5f\x70\x65\x72\x6d\x69\x74\x74\x65\x64\0\x63\x61\x70\x5f\x65\
\x66\x66\x65\x63\x74\x69\x76\x65\0\x63\x61\x70\x5f\x62\x73\x65\x74\0\x63\x61\
\x70\x5f\x61\x6d\x62\x69\x65\x6e\x74\0\x6a\x69\x74\x5f\x6b\x65\x79\x72\x69\x6e\
\x67\0\x73\x65\x73\x73\x69\x6f\x6e\x5f\x6b\x65\x79\x72\x69\x6e\x67\0\x70\x72\
\x6f\x63\x65\x73\x73\x5f\x6b\x65\x79\x72\x69\x6e\x67\0\x74\x68\x72\x65\x61\x64\
\x5f\x6b\x65\x79\x72\x69\x6e\x67\0\x72\x65\x71\x75\x65\x73\x74\x5f\x6b\x65\x79\
\x5f\x61\x75\x74\x68\0\x75\x73\x65\x72\0\x75\x73\x65\x72\x5f\x6e\x73\0\x75\x63\
\x6f\x75\x6e\x74\x73\0\x67\x72\x6f\x75\x70\x5f\x69\x6e\x66\x6f\0\x6b\x75\x69\
\x64\x5f\x74\0\x75\x69\x64\x5f\x74\0\x5f\x5f\x6b\x65\x72\x6e\x65\x6c\x5f\x75\
\x69\x64\x33\x32\x5f\x74\0\x6b\x67\x69\x64\x5f\x74\0\x67\x69\x64\x5f\x74\0\x5f\
\x5f\x6b\x65\x72\x6e\x65\x6c\x5f\x67\x69\x64\x33\x32\x5f\x74\0\x6b\x65\x72\x6e\
\x65\x6c\x5f\x63\x61\x70\x5f\x74\0\x6e\x6f\x6e\x5f\x72\x63\x75\0\x73\x79\x73\
\x76\x5f\x73\x65\x6d\0\x75\x6e\x64\x6f\x5f\x6c\x69\x73\x74\0\x73\x79\x73\x76\
\x5f\x73\x68\x6d\0\x73\x68\x6d\x5f\x63\x6c\x69\x73\x74\0\x73\x69\x67\x73\x65\
\x74\x5f\x74\0\x73\x69\x67\0\x73\x69\x67\x70\x65\x6e\x64\x69\x6e\x67\0\x6c\x69\
\x73\x74\0\x73\x69\x7a\x65\x5f\x74\0\x5f\x5f\x6b\x65\x72\x6e\x65\x6c\x5f\x73\
\x69\x7a\x65\x5f\x74\0\x5f\x5f\x6b\x65\x72\x6e\x65\x6c\x5f\x75\x6c\x6f\x6e\x67\
\x5f\x74\0\x6d\x6f\x64\x65\0\x66\x69\x6c\x74\x65\x72\x5f\x63\x6f\x75\x6e\x74\0\
\x66\x69\x6c\x74\x65\x72\0\x73\x79\x73\x63\x61\x6c\x6c\x5f\x75\x73\x65\x72\x5f\
\x64\x69\x73\x70\x61\x74\x63\x68\0\x73\x65\x6c\x65\x63\x74\x6f\x72\0\x6f\x66\
\x66\x73\x65\x74\0\x6c\x65\x6e\0\x6f\x6e\x5f\x64\x69\x73\x70\x61\x74\x63\x68\0\
\x73\x70\x69\x6e\x6c\x6f\x63\x6b\x5f\x74\0\x73\x70\x69\x6e\x6c\x6f\x63\x6b\0\
\x72\x6c\x6f\x63\x6b\0\x77\x61\x6b\x65\x5f\x71\x5f\x6e\x6f\x64\x65\0\x6b\x65\
\x72\x6e\x65\x6c\x5f\x73\x69\x67\x69\x6e\x66\x6f\x5f\x74\0\x74\x61\x73\x6b\x5f\
\x69\x6f\x5f\x61\x63\x63\x6f\x75\x6e\x74\x69\x6e\x67\0\x72\x63\x68\x61\x72\0\
\x77\x63\x68\x61\x72\0\x73\x79\x73\x63\x72\0\x73\x79\x73\x63\x77\0\x72\x65\x61\
\x64\x5f\x62\x79\x74\x65\x73\0\x77\x72\x69\x74\x65\x5f\x62\x79\x74\x65\x73\0\
\x63\x61\x6e\x63\x65\x6c\x6c\x65\x64\x5f\x77\x72\x69\x74\x65\x5f\x62\x79\x74\
\x65\x73\0\x6e\x6f\x64\x65\x6d\x61\x73\x6b\x5f\x74\0\x73\x65\x71\x63\x6f\x75\
\x6e\x74\x5f\x73\x70\x69\x6e\x6c\x6f\x63\x6b\x5f\x74\0\x73\x65\x71\x63\x6f\x75\
\x6e\x74\x5f\x73\x70\x69\x6e\x6c\x6f\x63\x6b\0\x73\x68\x6f\x72\x74\0\x74\x6c\
\x62\x66\x6c\x75\x73\x68\x5f\x75\x6e\x6d\x61\x70\x5f\x62\x61\x74\x63\x68\0\x61\
\x72\x63\x68\0\x66\x6c\x75\x73\x68\x5f\x72\x65\x71\x75\x69\x72\x65\x64\0\x77\
\x72\x69\x74\x61\x62\x6c\x65\0\x61\x72\x63\x68\x5f\x74\x6c\x62\x66\x6c\x75\x73\
\x68\x5f\x75\x6e\x6d\x61\x70\x5f\x62\x61\x74\x63\x68\0\x70\x61\x67\x65\x5f\x66\
\x72\x61\x67\0\x70\x61\x67\x65\0\x73\x69\x7a\x65\0\x62\x61\x63\x6b\x74\x72\x61\
\x63\x65\0\x63\x6f\x75\x6e\x74\0\x6d\x61\x78\0\x74\x69\x6d\x65\x72\x5f\x6c\x69\
\x73\x74\0\x65\x6e\x74\x72\x79\0\x6c\x6c\x69\x73\x74\x5f\x68\x65\x61\x64\0\x72\
\x76\x5f\x74\x61\x73\x6b\x5f\x6d\x6f\x6e\x69\x74\x6f\x72\0\x64\x61\x5f\x6d\x6f\
\x6e\0\x64\x61\x5f\x6d\x6f\x6e\x69\x74\x6f\x72\0\x6d\x6f\x6e\x69\x74\x6f\x72\
\x69\x6e\x67\0\x63\x75\x72\x72\x5f\x73\x74\x61\x74\x65\0\x74\x68\x72\x65\x61\
\x64\x5f\x73\x74\x72\x75\x63\x74\0\x74\x6c\x73\x5f\x61\x72\x72\x61\x79\0\x73\
\x70\0\x65\x73\0\x64\x73\0\x66\x73\x69\x6e\x64\x65\x78\0\x67\x73\x69\x6e\x64\
\x65\x78\0\x66\x73\x62\x61\x73\x65\0\x67\x73\x62\x61\x73\x65\0\x70\x74\x72\x61\
\x63\x65\x5f\x62\x70\x73\0\x76\x69\x72\x74\x75\x61\x6c\x5f\x64\x72\x36\0\x70\
\x74\x72\x61\x63\x65\x5f\x64\x72\x37\0\x63\x72\x32\0\x74\x72\x61\x70\x5f\x6e\
\x72\0\x65\x72\x72\x6f\x72\x5f\x63\x6f\x64\x65\0\x69\x6f\x5f\x62\x69\x74\x6d\
\x61\x70\0\x69\x6f\x70\x6c\x5f\x65\x6d\x75\x6c\0\x69\x6f\x70\x6c\x5f\x77\x61\
\x72\x6e\0\x70\x6b\x72\x75\0\x66\x65\x61\x74\x75\x72\x65\x73\0\x66\x65\x61\x74\
\x75\x72\x65\x73\x5f\x6c\x6f\x63\x6b\x65\x64\0\x73\x68\x73\x74\x6b\0\x66\x70\
\x75\0\x64\x65\x73\x63\x5f\x73\x74\x72\x75\x63\x74\0\x6c\x69\x6d\x69\x74\x30\0\
\x62\x61\x73\x65\x30\0\x62\x61\x73\x65\x31\0\x64\x70\x6c\0\x70\0\x6c\x69\x6d\
\x69\x74\x31\0\x61\x76\x6c\0\x6c\0\x64\0\x67\0\x62\x61\x73\x65\x32\0\x70\x65\
\x72\x66\x5f\x65\x76\x65\x6e\x74\0\x65\x76\x65\x6e\x74\x5f\x65\x6e\x74\x72\x79\
\0\x73\x69\x62\x6c\x69\x6e\x67\x5f\x6c\x69\x73\x74\0\x61\x63\x74\x69\x76\x65\
\x5f\x6c\x69\x73\x74\0\x67\x72\x6f\x75\x70\x5f\x69\x6e\x64\x65\x78\0\x6d\x69\
\x67\x72\x61\x74\x65\x5f\x65\x6e\x74\x72\x79\0\x68\x6c\x69\x73\x74\x5f\x65\x6e\
\x74\x72\x79\0\x61\x63\x74\x69\x76\x65\x5f\x65\x6e\x74\x72\x79\0\x6e\x72\x5f\
\x73\x69\x62\x6c\x69\x6e\x67\x73\0\x65\x76\x65\x6e\x74\x5f\x63\x61\x70\x73\0\
\x67\x72\x6f\x75\x70\x5f\x63\x61\x70\x73\0\x67\x72\x6f\x75\x70\x5f\x67\x65\x6e\
\x65\x72\x61\x74\x69\x6f\x6e\0\x70\x6d\x75\0\x70\x6d\x75\x5f\x70\x72\x69\x76\
\x61\x74\x65\0\x61\x74\x74\x61\x63\x68\x5f\x73\x74\x61\x74\x65\0\x63\x68\x69\
\x6c\x64\x5f\x63\x6f\x75\x6e\x74\0\x74\x6f\x74\x61\x6c\x5f\x74\x69\x6d\x65\x5f\
\x65\x6e\x61\x62\x6c\x65\x64\0\x74\x6f\x74\x61\x6c\x5f\x74\x69\x6d\x65\x5f\x72\
\x75\x6e\x6e\x69\x6e\x67\0\x74\x73\x74\x61\x6d\x70\0\x61\x74\x74\x72\0\x68\x65\
\x61\x64\x65\x72\x5f\x73\x69\x7a\x65\0\x69\x64\x5f\x68\x65\x61\x64\x65\x72\x5f\
\x73\x69\x7a\x65\0\x72\x65\x61\x64\x5f\x73\x69\x7a\x65\0\x68\x77\0\x70\x6d\x75\
\x5f\x63\x74\x78\0\x72\x65\x66\x63\x6f\x75\x6e\x74\0\x63\x68\x69\x6c\x64\x5f\
\x74\x6f\x74\x61\x6c\x5f\x74\x69\x6d\x65\x5f\x65\x6e\x61\x62\x6c\x65\x64\0\x63\
\x68\x69\x6c\x64\x5f\x74\x6f\x74\x61\x6c\x5f\x74\x69\x6d\x65\x5f\x72\x75\x6e\
\x6e\x69\x6e\x67\0\x63\x68\x69\x6c\x64\x5f\x6d\x75\x74\x65\x78\0\x63\x68\x69\
\x6c\x64\x5f\x6c\x69\x73\x74\0\x6f\x6e\x63\x70\x75\0\x6f\x77\x6e\x65\x72\x5f\
\x65\x6e\x74\x72\x79\0\x6d\x6d\x61\x70\x5f\x6d\x75\x74\x65\x78\0\x6d\x6d\x61\
\x70\x5f\x63\x6f\x75\x6e\x74\0\x72\x62\0\x72\x62\x5f\x65\x6e\x74\x72\x79\0\x72\
\x63\x75\x5f\x62\x61\x74\x63\x68\x65\x73\0\x72\x63\x75\x5f\x70\x65\x6e\x64\x69\
\x6e\x67\0\x77\x61\x69\x74\x71\0\x66\x61\x73\x79\x6e\x63\0\x70\x65\x6e\x64\x69\
\x6e\x67\x5f\x77\x61\x6b\x65\x75\x70\0\x70\x65\x6e\x64\x69\x6e\x67\x5f\x6b\x69\
\x6c\x6c\0\x70\x65\x6e\x64\x69\x6e\x67\x5f\x64\x69\x73\x61\x62\x6c\x65\0\x70\
\x65\x6e\x64\x69\x6e\x67\x5f\x61\x64\x64\x72\0\x70\x65\x6e\x64\x69\x6e\x67\x5f\
\x69\x72\x71\0\x70\x65\x6e\x64\x69\x6e\x67\x5f\x64\x69\x73\x61\x62\x6c\x65\x5f\
\x69\x72\x71\0\x70\x65\x6e\x64\x69\x6e\x67\x5f\x74\x61\x73\x6b\0\x70\x65\x6e\
\x64\x69\x6e\x67\x5f\x77\x6f\x72\x6b\0\x70\x65\x6e\x64\x69\x6e\x67\x5f\x77\x6f\
\x72\x6b\x5f\x77\x61\x69\x74\0\x65\x76\x65\x6e\x74\x5f\x6c\x69\x6d\x69\x74\0\
\x61\x64\x64\x72\x5f\x66\x69\x6c\x74\x65\x72\x73\0\x61\x64\x64\x72\x5f\x66\x69\
\x6c\x74\x65\x72\x5f\x72\x61\x6e\x67\x65\x73\0\x61\x64\x64\x72\x5f\x66\x69\x6c\
\x74\x65\x72\x73\x5f\x67\x65\x6e\0\x61\x75\x78\x5f\x65\x76\x65\x6e\x74\0\x64\
\x65\x73\x74\x72\x6f\x79\0\x6e\x73\0\x69\x64\0\x6c\x6f\x73\x74\x5f\x73\x61\x6d\
\x70\x6c\x65\x73\0\x63\x6c\x6f\x63\x6b\0\x6f\x76\x65\x72\x66\x6c\x6f\x77\x5f\
\x68\x61\x6e\x64\x6c\x65\x72\0\x6f\x76\x65\x72\x66\x6c\x6f\x77\x5f\x68\x61\x6e\
\x64\x6c\x65\x72\x5f\x63\x6f\x6e\x74\x65\x78\x74\0\x70\x72\x6f\x67\0\x62\x70\
\x66\x5f\x63\x6f\x6f\x6b\x69\x65\0\x74\x70\x5f\x65\x76\x65\x6e\x74\0\x66\x74\
\x72\x61\x63\x65\x5f\x6f\x70\x73\0\x63\x67\x72\x70\0\x73\x62\x5f\x6c\x69\x73\
\x74\0\x6f\x72\x69\x67\x5f\x74\x79\x70\x65\0\x70\x65\x72\x66\x5f\x65\x76\x65\
\x6e\x74\x5f\x73\x74\x61\x74\x65\0\x50\x45\x52\x46\x5f\x45\x56\x45\x4e\x54\x5f\
\x53\x54\x41\x54\x45\x5f\x44\x45\x41\x44\0\x50\x45\x52\x46\x5f\x45\x56\x45\x4e\
\x54\x5f\x53\x54\x41\x54\x45\x5f\x45\x58\x49\x54\0\x50\x45\x52\x46\x5f\x45\x56\
\x45\x4e\x54\x5f\x53\x54\x41\x54\x45\x5f\x45\x52\x52\x4f\x52\0\x50\x45\x52\x46\
\x5f\x45\x56\x45\x4e\x54\x5f\x53\x54\x41\x54\x45\x5f\x4f\x46\x46\0\x50\x45\x52\
\x46\x5f\x45\x56\x45\x4e\x54\x5f\x53\x54\x41\x54\x45\x5f\x49\x4e\x41\x43\x54\
\x49\x56\x45\0\x50\x45\x52\x46\x5f\x45\x56\x45\x4e\x54\x5f\x53\x54\x41\x54\x45\
\x5f\x41\x43\x54\x49\x56\x45\0\x6c\x6f\x63\x61\x6c\x36\x34\x5f\x74\0\x61\0\x6c\
\x6f\x63\x61\x6c\x5f\x74\0\x70\x65\x72\x66\x5f\x65\x76\x65\x6e\x74\x5f\x61\x74\
\x74\x72\0\x63\x6f\x6e\x66\x69\x67\0\x73\x61\x6d\x70\x6c\x65\x5f\x74\x79\x70\
\x65\0\x72\x65\x61\x64\x5f\x66\x6f\x72\x6d\x61\x74\0\x64\x69\x73\x61\x62\x6c\
\x65\x64\0\x69\x6e\x68\x65\x72\x69\x74\0\x70\x69\x6e\x6e\x65\x64\0\x65\x78\x63\
\x6c\x75\x73\x69\x76\x65\0\x65\x78\x63\x6c\x75\x64\x65\x5f\x75\x73\x65\x72\0\
\x65\x78\x63\x6c\x75\x64\x65\x5f\x6b\x65\x72\x6e\x65\x6c\0\x65\x78\x63\x6c\x75\
\x64\x65\x5f\x68\x76\0\x65\x78\x63\x6c\x75\x64\x65\x5f\x69\x64\x6c\x65\0\x6d\
\x6d\x61\x70\0\x66\x72\x65\x71\0\x69\x6e\x68\x65\x72\x69\x74\x5f\x73\x74\x61\
\x74\0\x65\x6e\x61\x62\x6c\x65\x5f\x6f\x6e\x5f\x65\x78\x65\x63\0\x74\x61\x73\
\x6b\0\x77\x61\x74\x65\x72\x6d\x61\x72\x6b\0\x70\x72\x65\x63\x69\x73\x65\x5f\
\x69\x70\0\x6d\x6d\x61\x70\x5f\x64\x61\x74\x61\0\x73\x61\x6d\x70\x6c\x65\x5f\
\x69\x64\x5f\x61\x6c\x6c\0\x65\x78\x63\x6c\x75\x64\x65\x5f\x68\x6f\x73\x74\0\
\x65\x78\x63\x6c\x75\x64\x65\x5f\x67\x75\x65\x73\x74\0\x65\x78\x63\x6c\x75\x64\
\x65\x5f\x63\x61\x6c\x6c\x63\x68\x61\x69\x6e\x5f\x6b\x65\x72\x6e\x65\x6c\0\x65\
\x78\x63\x6c\x75\x64\x65\x5f\x63\x61\x6c\x6c\x63\x68\x61\x69\x6e\x5f\x75\x73\
\x65\x72\0\x6d\x6d\x61\x70\x32\0\x63\x6f\x6d\x6d\x5f\x65\x78\x65\x63\0\x75\x73\
\x65\x5f\x63\x6c\x6f\x63\x6b\x69\x64\0\x63\x6f\x6e\x74\x65\x78\x74\x5f\x73\x77\
\x69\x74\x63\x68\0\x77\x72\x69\x74\x65\x5f\x62\x61\x63\x6b\x77\x61\x72\x64\0\
\x6e\x61\x6d\x65\x73\x70\x61\x63\x65\x73\0\x6b\x73\x79\x6d\x62\x6f\x6c\0\x62\
\x70\x66\x5f\x65\x76\x65\x6e\x74\0\x61\x75\x78\x5f\x6f\x75\x74\x70\x75\x74\0\
\x63\x67\x72\x6f\x75\x70\0\x74\x65\x78\x74\x5f\x70\x6f\x6b\x65\0\x62\x75\x69\
\x6c\x64\x5f\x69\x64\0\x69\x6e\x68\x65\x72\x69\x74\x5f\x74\x68\x72\x65\x61\x64\
\0\x72\x65\x6d\x6f\x76\x65\x5f\x6f\x6e\x5f\x65\x78\x65\x63\0\x73\x69\x67\x74\
\x72\x61\x70\0\x5f\x5f\x72\x65\x73\x65\x72\x76\x65\x64\x5f\x31\0\x62\x70\x5f\
\x74\x79\x70\x65\0\x62\x72\x61\x6e\x63\x68\x5f\x73\x61\x6d\x70\x6c\x65\x5f\x74\
\x79\x70\x65\0\x73\x61\x6d\x70\x6c\x65\x5f\x72\x65\x67\x73\x5f\x75\x73\x65\x72\
\0\x73\x61\x6d\x70\x6c\x65\x5f\x73\x74\x61\x63\x6b\x5f\x75\x73\x65\x72\0\x73\
\x61\x6d\x70\x6c\x65\x5f\x72\x65\x67\x73\x5f\x69\x6e\x74\x72\0\x61\x75\x78\x5f\
\x77\x61\x74\x65\x72\x6d\x61\x72\x6b\0\x73\x61\x6d\x70\x6c\x65\x5f\x6d\x61\x78\
\x5f\x73\x74\x61\x63\x6b\0\x5f\x5f\x72\x65\x73\x65\x72\x76\x65\x64\x5f\x32\0\
\x61\x75\x78\x5f\x73\x61\x6d\x70\x6c\x65\x5f\x73\x69\x7a\x65\0\x5f\x5f\x72\x65\
\x73\x65\x72\x76\x65\x64\x5f\x33\0\x73\x69\x67\x5f\x64\x61\x74\x61\0\x63\x6f\
\x6e\x66\x69\x67\x33\0\x73\x61\x6d\x70\x6c\x65\x5f\x70\x65\x72\x69\x6f\x64\0\
\x73\x61\x6d\x70\x6c\x65\x5f\x66\x72\x65\x71\0\x77\x61\x6b\x65\x75\x70\x5f\x65\
\x76\x65\x6e\x74\x73\0\x77\x61\x6b\x65\x75\x70\x5f\x77\x61\x74\x65\x72\x6d\x61\
\x72\x6b\0\x62\x70\x5f\x61\x64\x64\x72\0\x6b\x70\x72\x6f\x62\x65\x5f\x66\x75\
\x6e\x63\0\x75\x70\x72\x6f\x62\x65\x5f\x70\x61\x74\x68\0\x63\x6f\x6e\x66\x69\
\x67\x31\0\x62\x70\x5f\x6c\x65\x6e\0\x6b\x70\x72\x6f\x62\x65\x5f\x61\x64\x64\
\x72\0\x70\x72\x6f\x62\x65\x5f\x6f\x66\x66\x73\x65\x74\0\x63\x6f\x6e\x66\x69\
\x67\x32\0\x68\x77\x5f\x70\x65\x72\x66\x5f\x65\x76\x65\x6e\x74\0\x74\x61\x72\
\x67\x65\x74\0\x70\x72\x65\x76\x5f\x63\x6f\x75\x6e\x74\0\x69\x6e\x74\x65\x72\
\x72\x75\x70\x74\x73\x5f\x73\x65\x71\0\x69\x6e\x74\x65\x72\x72\x75\x70\x74\x73\
\0\x66\x72\x65\x71\x5f\x74\x69\x6d\x65\x5f\x73\x74\x61\x6d\x70\0\x66\x72\x65\
\x71\x5f\x63\x6f\x75\x6e\x74\x5f\x73\x74\x61\x6d\x70\0\x6c\x61\x73\x74\x5f\x74\
\x61\x67\0\x63\x6f\x6e\x66\x69\x67\x5f\x62\x61\x73\x65\0\x65\x76\x65\x6e\x74\
\x5f\x62\x61\x73\x65\0\x65\x76\x65\x6e\x74\x5f\x62\x61\x73\x65\x5f\x72\x64\x70\
\x6d\x63\0\x69\x64\x78\0\x6c\x61\x73\x74\x5f\x63\x70\x75\0\x65\x78\x74\x72\x61\
\x5f\x72\x65\x67\0\x62\x72\x61\x6e\x63\x68\x5f\x72\x65\x67\0\x68\x77\x5f\x70\
\x65\x72\x66\x5f\x65\x76\x65\x6e\x74\x5f\x65\x78\x74\x72\x61\0\x72\x65\x67\0\
\x61\x6c\x6c\x6f\x63\0\x61\x75\x78\x5f\x63\x6f\x6e\x66\x69\x67\0\x74\x70\x5f\
\x6c\x69\x73\x74\0\x70\x77\x72\x5f\x61\x63\x63\0\x70\x74\x73\x63\0\x69\x6e\x66\
\x6f\0\x62\x70\x5f\x6c\x69\x73\x74\0\x61\x72\x63\x68\x5f\x68\x77\x5f\x62\x72\
\x65\x61\x6b\x70\x6f\x69\x6e\x74\0\x61\x64\x64\x72\x65\x73\x73\0\x72\x68\x6c\
\x69\x73\x74\x5f\x68\x65\x61\x64\0\x72\x68\x65\x61\x64\0\x72\x68\x61\x73\x68\
\x5f\x68\x65\x61\x64\0\x69\x6f\x6d\x6d\x75\x5f\x62\x61\x6e\x6b\0\x69\x6f\x6d\
\x6d\x75\x5f\x63\x6e\x74\x72\0\x70\x61\x64\x64\x69\x6e\x67\0\x63\x6f\x6e\x66\0\
\x63\x6f\x6e\x66\x31\0\x6c\x61\x73\x74\x5f\x70\x65\x72\x69\x6f\x64\0\x70\x65\
\x72\x69\x6f\x64\x5f\x6c\x65\x66\x74\0\x73\x61\x76\x65\x64\x5f\x6d\x65\x74\x72\
\x69\x63\0\x73\x61\x76\x65\x64\x5f\x73\x6c\x6f\x74\x73\0\x77\x61\x69\x74\x5f\
\x71\x75\x65\x75\x65\x5f\x68\x65\x61\x64\x5f\x74\0\x77\x61\x69\x74\x5f\x71\x75\
\x65\x75\x65\x5f\x68\x65\x61\x64\0\x68\x65\x61\x64\0\x69\x72\x71\x5f\x77\x6f\
\x72\x6b\0\x69\x72\x71\x77\x61\x69\x74\0\x72\x63\x75\x77\x61\x69\x74\0\x70\x65\
\x72\x66\x5f\x61\x64\x64\x72\x5f\x66\x69\x6c\x74\x65\x72\x73\x5f\x68\x65\x61\
\x64\0\x6e\x72\x5f\x66\x69\x6c\x65\x5f\x66\x69\x6c\x74\x65\x72\x73\0\x70\x65\
\x72\x66\x5f\x6f\x76\x65\x72\x66\x6c\x6f\x77\x5f\x68\x61\x6e\x64\x6c\x65\x72\
\x5f\x74\0\x70\x65\x72\x66\x5f\x73\x61\x6d\x70\x6c\x65\x5f\x64\x61\x74\x61\0\
\x73\x61\x6d\x70\x6c\x65\x5f\x66\x6c\x61\x67\x73\0\x70\x65\x72\x69\x6f\x64\0\
\x64\x79\x6e\x5f\x73\x69\x7a\x65\0\x74\x69\x64\x5f\x65\x6e\x74\x72\x79\0\x63\
\x70\x75\x5f\x65\x6e\x74\x72\x79\0\x69\x70\0\x63\x61\x6c\x6c\x63\x68\x61\x69\
\x6e\0\x72\x61\x77\0\x62\x72\x5f\x73\x74\x61\x63\x6b\0\x62\x72\x5f\x73\x74\x61\
\x63\x6b\x5f\x63\x6e\x74\x72\0\x64\x61\x74\x61\x5f\x73\x72\x63\0\x74\x78\x6e\0\
\x72\x65\x67\x73\x5f\x75\x73\x65\x72\0\x72\x65\x67\x73\x5f\x69\x6e\x74\x72\0\
\x73\x74\x61\x63\x6b\x5f\x75\x73\x65\x72\x5f\x73\x69\x7a\x65\0\x73\x74\x72\x65\
\x61\x6d\x5f\x69\x64\0\x61\x64\x64\x72\0\x70\x68\x79\x73\x5f\x61\x64\x64\x72\0\
\x64\x61\x74\x61\x5f\x70\x61\x67\x65\x5f\x73\x69\x7a\x65\0\x63\x6f\x64\x65\x5f\
\x70\x61\x67\x65\x5f\x73\x69\x7a\x65\0\x61\x75\x78\x5f\x73\x69\x7a\x65\0\x74\
\x69\x64\0\x72\x65\x73\x65\x72\x76\x65\x64\0\x70\x65\x72\x66\x5f\x73\x61\x6d\
\x70\x6c\x65\x5f\x77\x65\x69\x67\x68\x74\0\x66\x75\x6c\x6c\0\x76\x61\x72\x31\
\x5f\x64\x77\0\x76\x61\x72\x32\x5f\x77\0\x76\x61\x72\x33\x5f\x77\0\x70\x65\x72\
\x66\x5f\x6d\x65\x6d\x5f\x64\x61\x74\x61\x5f\x73\x72\x63\0\x6d\x65\x6d\x5f\x6f\
\x70\0\x6d\x65\x6d\x5f\x6c\x76\x6c\0\x6d\x65\x6d\x5f\x73\x6e\x6f\x6f\x70\0\x6d\
\x65\x6d\x5f\x6c\x6f\x63\x6b\0\x6d\x65\x6d\x5f\x64\x74\x6c\x62\0\x6d\x65\x6d\
\x5f\x6c\x76\x6c\x5f\x6e\x75\x6d\0\x6d\x65\x6d\x5f\x72\x65\x6d\x6f\x74\x65\0\
\x6d\x65\x6d\x5f\x73\x6e\x6f\x6f\x70\x78\0\x6d\x65\x6d\x5f\x62\x6c\x6b\0\x6d\
\x65\x6d\x5f\x68\x6f\x70\x73\0\x6d\x65\x6d\x5f\x72\x73\x76\x64\0\x70\x65\x72\
\x66\x5f\x72\x65\x67\x73\0\x61\x62\x69\0\x72\x65\x67\x73\0\x70\x74\x5f\x72\x65\
\x67\x73\0\x72\x31\x35\0\x72\x31\x34\0\x72\x31\x33\0\x72\x31\x32\0\x62\x70\0\
\x62\x78\0\x72\x31\x31\0\x72\x31\x30\0\x72\x39\0\x72\x38\0\x61\x78\0\x63\x78\0\
\x64\x78\0\x73\x69\0\x64\x69\0\x6f\x72\x69\x67\x5f\x61\x78\0\x63\x73\0\x63\x73\
\x78\0\x66\x72\x65\x64\x5f\x63\x73\0\x73\x6c\0\x77\x66\x65\0\x73\x73\0\x73\x73\
\x78\0\x66\x72\x65\x64\x5f\x73\x73\0\x73\x74\x69\0\x73\x77\x65\x76\x65\x6e\x74\
\0\x6e\x6d\x69\0\x76\x65\x63\x74\x6f\x72\0\x65\x6e\x63\x6c\x61\x76\x65\0\x6c\
\x6d\0\x6e\x65\x73\x74\x65\x64\0\x69\x6e\x73\x6e\x6c\x65\x6e\0\x70\x72\x69\x76\
\x61\x74\x65\0\x73\x61\x76\x65\x64\x5f\x66\x75\x6e\x63\0\x6c\x6f\x63\x61\x6c\
\x5f\x68\x61\x73\x68\0\x66\x75\x6e\x63\x5f\x68\x61\x73\x68\0\x6f\x6c\x64\x5f\
\x68\x61\x73\x68\0\x74\x72\x61\x6d\x70\x6f\x6c\x69\x6e\x65\0\x74\x72\x61\x6d\
\x70\x6f\x6c\x69\x6e\x65\x5f\x73\x69\x7a\x65\0\x73\x75\x62\x6f\x70\x5f\x6c\x69\
\x73\x74\0\x6f\x70\x73\x5f\x66\x75\x6e\x63\0\x6d\x61\x6e\x61\x67\x65\x64\0\x64\
\x69\x72\x65\x63\x74\x5f\x63\x61\x6c\x6c\0\x66\x74\x72\x61\x63\x65\x5f\x66\x75\
\x6e\x63\x5f\x74\0\x66\x74\x72\x61\x63\x65\x5f\x72\x65\x67\x73\0\x66\x74\x72\
\x61\x63\x65\x5f\x6f\x70\x73\x5f\x68\x61\x73\x68\0\x6e\x6f\x74\x72\x61\x63\x65\
\x5f\x68\x61\x73\x68\0\x66\x69\x6c\x74\x65\x72\x5f\x68\x61\x73\x68\0\x72\x65\
\x67\x65\x78\x5f\x6c\x6f\x63\x6b\0\x66\x74\x72\x61\x63\x65\x5f\x6f\x70\x73\x5f\
\x66\x75\x6e\x63\x5f\x74\0\x66\x74\x72\x61\x63\x65\x5f\x6f\x70\x73\x5f\x63\x6d\
\x64\0\x46\x54\x52\x41\x43\x45\x5f\x4f\x50\x53\x5f\x43\x4d\x44\x5f\x45\x4e\x41\
\x42\x4c\x45\x5f\x53\x48\x41\x52\x45\x5f\x49\x50\x4d\x4f\x44\x49\x46\x59\x5f\
\x53\x45\x4c\x46\0\x46\x54\x52\x41\x43\x45\x5f\x4f\x50\x53\x5f\x43\x4d\x44\x5f\
\x45\x4e\x41\x42\x4c\x45\x5f\x53\x48\x41\x52\x45\x5f\x49\x50\x4d\x4f\x44\x49\
\x46\x59\x5f\x50\x45\x45\x52\0\x46\x54\x52\x41\x43\x45\x5f\x4f\x50\x53\x5f\x43\
\x4d\x44\x5f\x44\x49\x53\x41\x42\x4c\x45\x5f\x53\x48\x41\x52\x45\x5f\x49\x50\
\x4d\x4f\x44\x49\x46\x59\x5f\x50\x45\x45\x52\0\x74\x68\x72\x65\x61\x64\x5f\x73\
\x68\x73\x74\x6b\0\x61\x76\x78\x35\x31\x32\x5f\x74\x69\x6d\x65\x73\x74\x61\x6d\
\x70\0\x66\x70\x73\x74\x61\x74\x65\0\x5f\x5f\x74\x61\x73\x6b\x5f\x66\x70\x73\
\x74\x61\x74\x65\0\x70\x65\x72\x6d\0\x67\x75\x65\x73\x74\x5f\x70\x65\x72\x6d\0\
\x5f\x5f\x66\x70\x73\x74\x61\x74\x65\0\x66\x70\x75\x5f\x73\x74\x61\x74\x65\x5f\
\x70\x65\x72\x6d\0\x5f\x5f\x73\x74\x61\x74\x65\x5f\x70\x65\x72\x6d\0\x5f\x5f\
\x73\x74\x61\x74\x65\x5f\x73\x69\x7a\x65\0\x5f\x5f\x75\x73\x65\x72\x5f\x73\x74\
\x61\x74\x65\x5f\x73\x69\x7a\x65\0\x75\x73\x65\x72\x5f\x73\x69\x7a\x65\0\x78\
\x66\x65\x61\x74\x75\x72\x65\x73\0\x75\x73\x65\x72\x5f\x78\x66\x65\x61\x74\x75\
\x72\x65\x73\0\x78\x66\x64\0\x69\x73\x5f\x76\x61\x6c\x6c\x6f\x63\0\x69\x73\x5f\
\x67\x75\x65\x73\x74\0\x69\x73\x5f\x63\x6f\x6e\x66\x69\x64\x65\x6e\x74\x69\x61\
\x6c\0\x69\x6e\x5f\x75\x73\x65\0\x66\x70\x72\x65\x67\x73\x5f\x73\x74\x61\x74\
\x65\0\x66\x73\x61\x76\x65\0\x66\x78\x73\x61\x76\x65\0\x73\x6f\x66\x74\0\x78\
\x73\x61\x76\x65\0\x5f\x5f\x70\x61\x64\x64\x69\x6e\x67\0\x66\x72\x65\x67\x73\
\x5f\x73\x74\x61\x74\x65\0\x63\x77\x64\0\x73\x77\x64\0\x74\x77\x64\0\x66\x69\
\x70\0\x66\x63\x73\0\x66\x6f\x6f\0\x66\x6f\x73\0\x73\x74\x5f\x73\x70\x61\x63\
\x65\0\x66\x78\x72\x65\x67\x73\x5f\x73\x74\x61\x74\x65\0\x66\x6f\x70\0\x6d\x78\
\x63\x73\x72\0\x6d\x78\x63\x73\x72\x5f\x6d\x61\x73\x6b\0\x78\x6d\x6d\x5f\x73\
\x70\x61\x63\x65\0\x72\x69\x70\0\x72\x64\x70\0\x70\x61\x64\x64\x69\x6e\x67\x31\
\0\x73\x77\x5f\x72\x65\x73\x65\x72\x76\x65\x64\0\x73\x77\x72\x65\x67\x73\x5f\
\x73\x74\x61\x74\x65\0\x66\x74\x6f\x70\0\x63\x68\x61\x6e\x67\x65\x64\0\x6c\x6f\
\x6f\x6b\x61\x68\x65\x61\x64\0\x6e\x6f\x5f\x75\x70\x64\x61\x74\x65\0\x72\x6d\0\
\x61\x6c\x69\x6d\x69\x74\0\x65\x6e\x74\x72\x79\x5f\x65\x69\x70\0\x78\x72\x65\
\x67\x73\x5f\x73\x74\x61\x74\x65\0\x69\x33\x38\x37\0\x68\x65\x61\x64\x65\x72\0\
\x65\x78\x74\x65\x6e\x64\x65\x64\x5f\x73\x74\x61\x74\x65\x5f\x61\x72\x65\x61\0\
\x78\x73\x74\x61\x74\x65\x5f\x68\x65\x61\x64\x65\x72\0\x78\x63\x6f\x6d\x70\x5f\
\x62\x76\0\x62\x70\x66\x5f\x63\x70\x75\x6d\x61\x73\x6b\x5f\x61\x6e\x64\0\x62\
\x70\x66\x5f\x63\x70\x75\x6d\x61\x73\x6b\x5f\x74\x65\x73\x74\x5f\x63\x70\x75\0\
\x73\x63\x78\x5f\x62\x70\x66\x5f\x74\x65\x73\x74\x5f\x61\x6e\x64\x5f\x63\x6c\
\x65\x61\x72\x5f\x63\x70\x75\x5f\x69\x64\x6c\x65\0\x73\x63\x78\x5f\x62\x70\x66\
\x5f\x65\x72\x72\x6f\x72\x5f\x62\x73\x74\x72\0\x73\x63\x78\x5f\x62\x70\x66\x5f\
\x70\x69\x63\x6b\x5f\x69\x64\x6c\x65\x5f\x63\x70\x75\0\x62\x70\x66\x5f\x63\x70\
\x75\x6d\x61\x73\x6b\x5f\x73\x65\x74\x5f\x63\x70\x75\0\x62\x70\x66\x5f\x63\x70\
\x75\x6d\x61\x73\x6b\x5f\x63\x6c\x65\x61\x72\x5f\x63\x70\x75\0\x73\x63\x78\x5f\
\x62\x70\x66\x5f\x64\x69\x73\x70\x61\x74\x63\x68\0\x6e\x65\x73\x74\x5f\x65\x6e\
\x71\x75\x65\x75\x65\0\x73\x63\x78\x5f\x62\x70\x66\x5f\x64\x69\x73\x70\x61\x74\
\x63\x68\x5f\x76\x74\x69\x6d\x65\0\x6e\x65\x73\x74\x5f\x64\x69\x73\x70\x61\x74\
\x63\x68\0\x73\x63\x78\x5f\x62\x70\x66\x5f\x63\x6f\x6e\x73\x75\x6d\x65\0\x62\
\x70\x66\x5f\x63\x70\x75\x6d\x61\x73\x6b\x5f\x66\x69\x72\x73\x74\0\x6e\x65\x73\
\x74\x5f\x72\x75\x6e\x6e\x69\x6e\x67\0\x6e\x65\x73\x74\x5f\x73\x74\x6f\x70\x70\
\x69\x6e\x67\0\x6e\x65\x73\x74\x5f\x69\x6e\x69\x74\x5f\x74\x61\x73\x6b\0\x62\
\x70\x66\x5f\x63\x70\x75\x6d\x61\x73\x6b\x5f\x63\x72\x65\x61\x74\x65\0\x62\x70\
\x66\x5f\x63\x70\x75\x6d\x61\x73\x6b\x5f\x72\x65\x6c\x65\x61\x73\x65\0\x6e\x65\
\x73\x74\x5f\x65\x6e\x61\x62\x6c\x65\0\x6e\x65\x73\x74\x5f\x69\x6e\x69\x74\0\
\x73\x63\x78\x5f\x62\x70\x66\x5f\x63\x72\x65\x61\x74\x65\x5f\x64\x73\x71\0\x62\
\x70\x66\x5f\x63\x70\x75\x6d\x61\x73\x6b\x5f\x63\x6c\x65\x61\x72\0\x62\x70\x66\
\x5f\x69\x74\x65\x72\x5f\x6e\x75\x6d\0\x62\x70\x66\x5f\x69\x74\x65\x72\x5f\x6e\
\x75\x6d\x5f\x6e\x65\x77\0\x62\x70\x66\x5f\x69\x74\x65\x72\x5f\x6e\x75\x6d\x5f\
\x6e\x65\x78\x74\0\x62\x70\x66\x5f\x69\x74\x65\x72\x5f\x6e\x75\x6d\x5f\x64\x65\
\x73\x74\x72\x6f\x79\0\x6e\x65\x73\x74\x5f\x65\x78\x69\x74\0\x73\x63\x78\x5f\
\x65\x78\x69\x74\x5f\x69\x6e\x66\x6f\0\x6b\x69\x6e\x64\0\x72\x65\x61\x73\x6f\
\x6e\0\x62\x74\0\x62\x74\x5f\x6c\x65\x6e\0\x6d\x73\x67\0\x64\x75\x6d\x70\0\x73\
\x63\x78\x5f\x65\x78\x69\x74\x5f\x6b\x69\x6e\x64\0\x53\x43\x58\x5f\x45\x58\x49\
\x54\x5f\x4e\x4f\x4e\x45\0\x53\x43\x58\x5f\x45\x58\x49\x54\x5f\x44\x4f\x4e\x45\
\0\x53\x43\x58\x5f\x45\x58\x49\x54\x5f\x55\x4e\x52\x45\x47\0\x53\x43\x58\x5f\
\x45\x58\x49\x54\x5f\x55\x4e\x52\x45\x47\x5f\x42\x50\x46\0\x53\x43\x58\x5f\x45\
\x58\x49\x54\x5f\x55\x4e\x52\x45\x47\x5f\x4b\x45\x52\x4e\0\x53\x43\x58\x5f\x45\
\x58\x49\x54\x5f\x53\x59\x53\x52\x51\0\x53\x43\x58\x5f\x45\x58\x49\x54\x5f\x45\
\x52\x52\x4f\x52\0\x53\x43\x58\x5f\x45\x58\x49\x54\x5f\x45\x52\x52\x4f\x52\x5f\
\x42\x50\x46\0\x53\x43\x58\x5f\x45\x58\x49\x54\x5f\x45\x52\x52\x4f\x52\x5f\x53\
\x54\x41\x4c\x4c\0\x62\x70\x66\x5f\x70\x65\x72\x66\x5f\x65\x76\x65\x6e\x74\x5f\
\x64\x61\x74\x61\0\x62\x70\x66\x5f\x75\x73\x65\x72\x5f\x70\x74\x5f\x72\x65\x67\
\x73\x5f\x74\0\x68\x61\x6e\x64\x6c\x65\x5f\x63\x70\x75\x5f\x6d\x61\x73\x6b\x5f\
\x65\x76\x65\x6e\x74\0\x6d\x61\x70\0\x63\x6f\x6d\x70\x61\x63\x74\x5f\x70\x72\
\x69\x6d\x61\x72\x79\x5f\x63\x6f\x72\x65\0\x65\x6e\x71\x5f\x66\x6c\x61\x67\x73\
\0\x6f\x70\x65\x72\x61\x74\x65\x5f\x62\x61\x64\x5f\x67\x75\x79\x73\0\x73\x74\
\x61\x74\x73\x5f\x74\x69\x6d\x65\x72\x66\x6e\0\x73\x63\x78\x5f\x62\x70\x66\x5f\
\x67\x65\x74\x5f\x69\x64\x6c\x65\x5f\x63\x70\x75\x6d\x61\x73\x6b\0\x73\x63\x78\
\x5f\x62\x70\x66\x5f\x70\x75\x74\x5f\x69\x64\x6c\x65\x5f\x63\x70\x75\x6d\x61\
\x73\x6b\0\x5f\x6c\x69\x63\x65\x6e\x73\x65\0\x70\x5f\x72\x65\x6d\x6f\x76\x65\
\x5f\x6e\x73\0\x72\x5f\x6d\x61\x78\0\x72\x5f\x69\x6d\x70\x61\x74\x69\x65\x6e\
\x74\0\x73\x6c\x69\x63\x65\x5f\x6e\x73\0\x66\x69\x6e\x64\x5f\x66\x75\x6c\x6c\
\x79\x5f\x69\x64\x6c\x65\0\x73\x61\x6d\x70\x6c\x69\x6e\x67\x5f\x63\x61\x64\x65\
\x6e\x63\x65\x5f\x6e\x73\0\x72\x5f\x64\x65\x70\x74\x68\0\x62\x61\x64\x5f\x67\
\x75\x79\0\x6e\x72\x5f\x63\x70\x75\x73\0\x68\x61\x6e\x64\x6c\x65\x5f\x63\x70\
\x75\x5f\x6d\x61\x73\x6b\x5f\x65\x76\x65\x6e\x74\x2e\x5f\x5f\x5f\x5f\x66\x6d\
\x74\0\x73\x74\x61\x74\x73\x5f\x70\x72\x69\x6d\x61\x72\x79\x5f\x6d\x61\x73\x6b\
\0\x73\x74\x61\x74\x73\x5f\x72\x65\x73\x65\x72\x76\x65\x64\x5f\x6d\x61\x73\x6b\
\0\x73\x74\x61\x74\x73\x5f\x6f\x74\x68\x65\x72\x5f\x6d\x61\x73\x6b\0\x73\x74\
\x61\x74\x73\x5f\x69\x64\x6c\x65\x5f\x6d\x61\x73\x6b\0\x73\x63\x68\x65\x64\x5f\
\x65\x78\x74\x5f\x6f\x70\x73\0\x73\x65\x6c\x65\x63\x74\x5f\x63\x70\x75\0\x65\
\x6e\x71\x75\x65\x75\x65\0\x64\x65\x71\x75\x65\x75\x65\0\x64\x69\x73\x70\x61\
\x74\x63\x68\0\x74\x69\x63\x6b\0\x72\x75\x6e\x6e\x61\x62\x6c\x65\0\x72\x75\x6e\
\x6e\x69\x6e\x67\0\x73\x74\x6f\x70\x70\x69\x6e\x67\0\x71\x75\x69\x65\x73\x63\
\x65\x6e\x74\0\x79\x69\x65\x6c\x64\0\x63\x6f\x72\x65\x5f\x73\x63\x68\x65\x64\
\x5f\x62\x65\x66\x6f\x72\x65\0\x73\x65\x74\x5f\x77\x65\x69\x67\x68\x74\0\x73\
\x65\x74\x5f\x63\x70\x75\x6d\x61\x73\x6b\0\x75\x70\x64\x61\x74\x65\x5f\x69\x64\
\x6c\x65\0\x63\x70\x75\x5f\x61\x63\x71\x75\x69\x72\x65\0\x63\x70\x75\x5f\x72\
\x65\x6c\x65\x61\x73\x65\0\x69\x6e\x69\x74\x5f\x74\x61\x73\x6b\0\x65\x78\x69\
\x74\x5f\x74\x61\x73\x6b\0\x65\x6e\x61\x62\x6c\x65\0\x64\x69\x73\x61\x62\x6c\
\x65\0\x64\x75\x6d\x70\x5f\x63\x70\x75\0\x64\x75\x6d\x70\x5f\x74\x61\x73\x6b\0\
\x63\x67\x72\x6f\x75\x70\x5f\x69\x6e\x69\x74\0\x63\x67\x72\x6f\x75\x70\x5f\x65\
\x78\x69\x74\0\x63\x67\x72\x6f\x75\x70\x5f\x70\x72\x65\x70\x5f\x6d\x6f\x76\x65\
\0\x63\x67\x72\x6f\x75\x70\x5f\x6d\x6f\x76\x65\0\x63\x67\x72\x6f\x75\x70\x5f\
\x63\x61\x6e\x63\x65\x6c\x5f\x6d\x6f\x76\x65\0\x63\x67\x72\x6f\x75\x70\x5f\x73\
\x65\x74\x5f\x77\x65\x69\x67\x68\x74\0\x63\x70\x75\x5f\x6f\x6e\x6c\x69\x6e\x65\
\0\x63\x70\x75\x5f\x6f\x66\x66\x6c\x69\x6e\x65\0\x69\x6e\x69\x74\0\x65\x78\x69\
\x74\0\x64\x69\x73\x70\x61\x74\x63\x68\x5f\x6d\x61\x78\x5f\x62\x61\x74\x63\x68\
\0\x74\x69\x6d\x65\x6f\x75\x74\x5f\x6d\x73\0\x65\x78\x69\x74\x5f\x64\x75\x6d\
\x70\x5f\x6c\x65\x6e\0\x68\x6f\x74\x70\x6c\x75\x67\x5f\x73\x65\x71\0\x6e\x61\
\x6d\x65\0\x73\x63\x78\x5f\x63\x70\x75\x5f\x61\x63\x71\x75\x69\x72\x65\x5f\x61\
\x72\x67\x73\0\x73\x63\x78\x5f\x63\x70\x75\x5f\x72\x65\x6c\x65\x61\x73\x65\x5f\
\x61\x72\x67\x73\0\x73\x63\x78\x5f\x63\x70\x75\x5f\x70\x72\x65\x65\x6d\x70\x74\
\x5f\x72\x65\x61\x73\x6f\x6e\0\x53\x43\x58\x5f\x43\x50\x55\x5f\x50\x52\x45\x45\
\x4d\x50\x54\x5f\x52\x54\0\x53\x43\x58\x5f\x43\x50\x55\x5f\x50\x52\x45\x45\x4d\
\x50\x54\x5f\x44\x4c\0\x53\x43\x58\x5f\x43\x50\x55\x5f\x50\x52\x45\x45\x4d\x50\
\x54\x5f\x53\x54\x4f\x50\0\x53\x43\x58\x5f\x43\x50\x55\x5f\x50\x52\x45\x45\x4d\
\x50\x54\x5f\x55\x4e\x4b\x4e\x4f\x57\x4e\0\x73\x63\x78\x5f\x69\x6e\x69\x74\x5f\
\x74\x61\x73\x6b\x5f\x61\x72\x67\x73\0\x66\x6f\x72\x6b\0\x73\x63\x78\x5f\x65\
\x78\x69\x74\x5f\x74\x61\x73\x6b\x5f\x61\x72\x67\x73\0\x63\x61\x6e\x63\x65\x6c\
\x6c\x65\x64\0\x73\x63\x78\x5f\x64\x75\x6d\x70\x5f\x63\x74\x78\0\x61\x74\x5f\
\x6e\x73\0\x61\x74\x5f\x6a\x69\x66\x66\x69\x65\x73\0\x73\x65\x6c\x66\0\x6c\x65\
\x76\x65\x6c\0\x6d\x61\x78\x5f\x64\x65\x70\x74\x68\0\x6e\x72\x5f\x64\x65\x73\
\x63\x65\x6e\x64\x61\x6e\x74\x73\0\x6e\x72\x5f\x64\x79\x69\x6e\x67\x5f\x64\x65\
\x73\x63\x65\x6e\x64\x61\x6e\x74\x73\0\x6d\x61\x78\x5f\x64\x65\x73\x63\x65\x6e\
\x64\x61\x6e\x74\x73\0\x6e\x72\x5f\x70\x6f\x70\x75\x6c\x61\x74\x65\x64\x5f\x63\
\x73\x65\x74\x73\0\x6e\x72\x5f\x70\x6f\x70\x75\x6c\x61\x74\x65\x64\x5f\x64\x6f\
\x6d\x61\x69\x6e\x5f\x63\x68\x69\x6c\x64\x72\x65\x6e\0\x6e\x72\x5f\x70\x6f\x70\
\x75\x6c\x61\x74\x65\x64\x5f\x74\x68\x72\x65\x61\x64\x65\x64\x5f\x63\x68\x69\
\x6c\x64\x72\x65\x6e\0\x6e\x72\x5f\x74\x68\x72\x65\x61\x64\x65\x64\x5f\x63\x68\
\x69\x6c\x64\x72\x65\x6e\0\x6b\x6e\0\x70\x72\x6f\x63\x73\x5f\x66\x69\x6c\x65\0\
\x65\x76\x65\x6e\x74\x73\x5f\x66\x69\x6c\x65\0\x70\x73\x69\x5f\x66\x69\x6c\x65\
\x73\0\x73\x75\x62\x74\x72\x65\x65\x5f\x63\x6f\x6e\x74\x72\x6f\x6c\0\x73\x75\
\x62\x74\x72\x65\x65\x5f\x73\x73\x5f\x6d\x61\x73\x6b\0\x6f\x6c\x64\x5f\x73\x75\
\x62\x74\x72\x65\x65\x5f\x63\x6f\x6e\x74\x72\x6f\x6c\0\x6f\x6c\x64\x5f\x73\x75\
\x62\x74\x72\x65\x65\x5f\x73\x73\x5f\x6d\x61\x73\x6b\0\x73\x75\x62\x73\x79\x73\
\0\x6e\x72\x5f\x64\x79\x69\x6e\x67\x5f\x73\x75\x62\x73\x79\x73\0\x72\x6f\x6f\
\x74\0\x63\x73\x65\x74\x5f\x6c\x69\x6e\x6b\x73\0\x65\x5f\x63\x73\x65\x74\x73\0\
\x64\x6f\x6d\x5f\x63\x67\x72\x70\0\x6f\x6c\x64\x5f\x64\x6f\x6d\x5f\x63\x67\x72\
\x70\0\x72\x73\x74\x61\x74\x5f\x63\x70\x75\0\x72\x73\x74\x61\x74\x5f\x63\x73\
\x73\x5f\x6c\x69\x73\x74\0\x5f\x70\x61\x64\x5f\0\x72\x73\x74\x61\x74\x5f\x66\
\x6c\x75\x73\x68\x5f\x6e\x65\x78\x74\0\x6c\x61\x73\x74\x5f\x62\x73\x74\x61\x74\
\0\x62\x73\x74\x61\x74\0\x70\x69\x64\x6c\x69\x73\x74\x73\0\x70\x69\x64\x6c\x69\
\x73\x74\x5f\x6d\x75\x74\x65\x78\0\x6f\x66\x66\x6c\x69\x6e\x65\x5f\x77\x61\x69\
\x74\x71\0\x72\x65\x6c\x65\x61\x73\x65\x5f\x61\x67\x65\x6e\x74\x5f\x77\x6f\x72\
\x6b\0\x70\x73\x69\0\x62\x70\x66\0\x66\x72\x65\x65\x7a\x65\x72\0\x62\x70\x66\
\x5f\x63\x67\x72\x70\x5f\x73\x74\x6f\x72\x61\x67\x65\0\x61\x6e\x63\x65\x73\x74\
\x6f\x72\x73\0\x63\x67\x72\x6f\x75\x70\x5f\x73\x75\x62\x73\x79\x73\x5f\x73\x74\
\x61\x74\x65\0\x72\x65\x66\x63\x6e\x74\0\x72\x73\x74\x61\x74\x5f\x63\x73\x73\
\x5f\x6e\x6f\x64\x65\0\x73\x65\x72\x69\x61\x6c\x5f\x6e\x72\0\x6f\x6e\x6c\x69\
\x6e\x65\x5f\x63\x6e\x74\0\x64\x65\x73\x74\x72\x6f\x79\x5f\x77\x6f\x72\x6b\0\
\x64\x65\x73\x74\x72\x6f\x79\x5f\x72\x77\x6f\x72\x6b\0\x70\x65\x72\x63\x70\x75\
\x5f\x72\x65\x66\0\x70\x65\x72\x63\x70\x75\x5f\x63\x6f\x75\x6e\x74\x5f\x70\x74\
\x72\0\x64\x61\x74\x61\0\x77\x6f\x72\x6b\x5f\x73\x74\x72\x75\x63\x74\0\x77\x6f\
\x72\x6b\x5f\x66\x75\x6e\x63\x5f\x74\0\x72\x63\x75\x5f\x77\x6f\x72\x6b\0\x77\
\x71\0\x63\x67\x72\x6f\x75\x70\x5f\x66\x69\x6c\x65\0\x6e\x6f\x74\x69\x66\x69\
\x65\x64\x5f\x61\x74\0\x6e\x6f\x74\x69\x66\x79\x5f\x74\x69\x6d\x65\x72\0\x63\
\x61\x63\x68\x65\x6c\x69\x6e\x65\x5f\x70\x61\x64\x64\x69\x6e\x67\0\x78\0\x63\
\x67\x72\x6f\x75\x70\x5f\x62\x61\x73\x65\x5f\x73\x74\x61\x74\0\x63\x70\x75\x74\
\x69\x6d\x65\0\x66\x6f\x72\x63\x65\x69\x64\x6c\x65\x5f\x73\x75\x6d\0\x74\x61\
\x73\x6b\x5f\x63\x70\x75\x74\x69\x6d\x65\0\x63\x67\x72\x6f\x75\x70\x5f\x62\x70\
\x66\0\x65\x66\x66\x65\x63\x74\x69\x76\x65\0\x70\x72\x6f\x67\x73\0\x73\x74\x6f\
\x72\x61\x67\x65\x73\0\x69\x6e\x61\x63\x74\x69\x76\x65\0\x72\x65\x6c\x65\x61\
\x73\x65\x5f\x77\x6f\x72\x6b\0\x62\x70\x66\x5f\x70\x72\x6f\x67\x5f\x61\x72\x72\
\x61\x79\0\x69\x74\x65\x6d\x73\0\x62\x70\x66\x5f\x70\x72\x6f\x67\x5f\x61\x72\
\x72\x61\x79\x5f\x69\x74\x65\x6d\0\x63\x67\x72\x6f\x75\x70\x5f\x73\x74\x6f\x72\
\x61\x67\x65\0\x62\x70\x66\x5f\x63\x67\x72\x6f\x75\x70\x5f\x73\x74\x6f\x72\x61\
\x67\x65\0\x6c\x69\x73\x74\x5f\x6d\x61\x70\0\x6c\x69\x73\x74\x5f\x63\x67\0\x62\
\x75\x66\0\x70\x65\x72\x63\x70\x75\x5f\x62\x75\x66\0\x62\x70\x66\x5f\x63\x67\
\x72\x6f\x75\x70\x5f\x73\x74\x6f\x72\x61\x67\x65\x5f\x6b\x65\x79\0\x63\x67\x72\
\x6f\x75\x70\x5f\x69\x6e\x6f\x64\x65\x5f\x69\x64\0\x61\x74\x74\x61\x63\x68\x5f\
\x74\x79\x70\x65\0\x63\x67\x72\x6f\x75\x70\x5f\x66\x72\x65\x65\x7a\x65\x72\x5f\
\x73\x74\x61\x74\x65\0\x66\x72\x65\x65\x7a\x65\0\x65\x5f\x66\x72\x65\x65\x7a\
\x65\0\x6e\x72\x5f\x66\x72\x6f\x7a\x65\x6e\x5f\x64\x65\x73\x63\x65\x6e\x64\x61\
\x6e\x74\x73\0\x6e\x72\x5f\x66\x72\x6f\x7a\x65\x6e\x5f\x74\x61\x73\x6b\x73\0\
\x73\x63\x78\x5f\x63\x67\x72\x6f\x75\x70\x5f\x69\x6e\x69\x74\x5f\x61\x72\x67\
\x73\0\x6e\x65\x73\x74\x5f\x6f\x70\x73\0\x75\x65\x69\x5f\x64\x75\x6d\x70\0\x75\
\x65\x69\x5f\x64\x75\x6d\x70\x5f\x6c\x65\x6e\0\x75\x73\x65\x72\x5f\x65\x78\x69\
\x74\x5f\x69\x6e\x66\x6f\0\x75\x65\x69\0\x70\x72\x69\x6d\x61\x72\x79\x5f\x63\
\x70\x75\x6d\x61\x73\x6b\0\x72\x65\x73\x65\x72\x76\x65\x5f\x63\x70\x75\x6d\x61\
\x73\x6b\0\x5f\x5f\x5f\x5f\x6e\x65\x73\x74\x5f\x73\x65\x6c\x65\x63\x74\x5f\x63\
\x70\x75\x2e\x5f\x5f\x5f\x66\x6d\x74\0\x5f\x5f\x5f\x5f\x6e\x65\x73\x74\x5f\x73\
\x65\x6c\x65\x63\x74\x5f\x63\x70\x75\x2e\x5f\x5f\x5f\x66\x6d\x74\x2e\x31\0\x5f\
\x5f\x5f\x5f\x6e\x65\x73\x74\x5f\x73\x65\x6c\x65\x63\x74\x5f\x63\x70\x75\x2e\
\x5f\x5f\x5f\x66\x6d\x74\x2e\x33\0\x6e\x72\x5f\x72\x65\x73\x65\x72\x76\x65\x64\
\0\x63\x6f\x6d\x70\x61\x63\x74\x5f\x70\x72\x69\x6d\x61\x72\x79\x5f\x63\x6f\x72\
\x65\x2e\x5f\x5f\x5f\x66\x6d\x74\0\x63\x6f\x6d\x70\x61\x63\x74\x5f\x70\x72\x69\
\x6d\x61\x72\x79\x5f\x63\x6f\x72\x65\x2e\x5f\x5f\x5f\x66\x6d\x74\x2e\x36\0\x76\
\x74\x69\x6d\x65\x5f\x6e\x6f\x77\0\x5f\x5f\x5f\x5f\x6e\x65\x73\x74\x5f\x65\x6e\
\x71\x75\x65\x75\x65\x2e\x5f\x5f\x5f\x66\x6d\x74\0\x5f\x5f\x5f\x5f\x6e\x65\x73\
\x74\x5f\x64\x69\x73\x70\x61\x74\x63\x68\x2e\x5f\x5f\x5f\x66\x6d\x74\0\x5f\x5f\
\x5f\x5f\x6e\x65\x73\x74\x5f\x64\x69\x73\x70\x61\x74\x63\x68\x2e\x5f\x5f\x5f\
\x66\x6d\x74\x2e\x31\x30\0\x5f\x5f\x5f\x5f\x6e\x65\x73\x74\x5f\x69\x6e\x69\x74\
\x2e\x5f\x5f\x5f\x66\x6d\x74\0\x5f\x5f\x5f\x5f\x6e\x65\x73\x74\x5f\x69\x6e\x69\
\x74\x2e\x5f\x5f\x5f\x66\x6d\x74\x2e\x31\x32\0\x5f\x5f\x5f\x5f\x6e\x65\x73\x74\
\x5f\x69\x6e\x69\x74\x2e\x5f\x5f\x5f\x66\x6d\x74\x2e\x31\x34\0\x5f\x5f\x5f\x5f\
\x6e\x65\x73\x74\x5f\x69\x6e\x69\x74\x2e\x5f\x5f\x5f\x66\x6d\x74\x2e\x31\x36\0\
\x5f\x5f\x5f\x5f\x6e\x65\x73\x74\x5f\x69\x6e\x69\x74\x2e\x5f\x5f\x5f\x66\x6d\
\x74\x2e\x31\x38\0\x5f\x5f\x5f\x5f\x6e\x65\x73\x74\x5f\x69\x6e\x69\x74\x2e\x5f\
\x5f\x5f\x66\x6d\x74\x2e\x32\x30\0\x73\x74\x61\x74\x73\x5f\x74\x69\x6d\x65\x72\
\x66\x6e\x2e\x5f\x5f\x5f\x66\x6d\x74\0\x73\x74\x61\x74\x73\x5f\x74\x69\x6d\x65\
\x72\x66\x6e\x2e\x5f\x5f\x5f\x66\x6d\x74\x2e\x32\x33\0\x6d\x65\x6d\x5f\x63\x67\
\x72\x6f\x75\x70\0\x6b\x70\x74\x72\0\x74\x72\x61\x63\x65\x5f\x65\x76\x65\x6e\
\x74\x5f\x63\x61\x6c\x6c\0\x65\x76\x65\x6e\x74\x5f\x66\x69\x6c\x74\x65\x72\0\
\x70\x65\x72\x66\x5f\x65\x76\x65\x6e\x74\x5f\x70\x6d\x75\x5f\x63\x6f\x6e\x74\
\x65\x78\x74\0\x70\x65\x72\x66\x5f\x65\x76\x65\x6e\x74\x5f\x63\x6f\x6e\x74\x65\
\x78\x74\0\x70\x65\x72\x66\x5f\x62\x75\x66\x66\x65\x72\0\x6d\x6d\x5f\x73\x74\
\x72\x75\x63\x74\0\x73\x63\x78\x5f\x64\x69\x73\x70\x61\x74\x63\x68\x5f\x71\0\
\x68\x72\x74\x69\x6d\x65\x72\x5f\x63\x6c\x6f\x63\x6b\x5f\x62\x61\x73\x65\0\x61\
\x64\x64\x72\x65\x73\x73\x5f\x73\x70\x61\x63\x65\0\x6f\x62\x6a\x5f\x63\x67\x72\
\x6f\x75\x70\0\x70\x65\x72\x63\x70\x75\x5f\x72\x65\x66\x5f\x64\x61\x74\x61\0\
\x63\x6f\x6d\x70\x6c\x65\x74\x69\x6f\x6e\0\x75\x73\x65\x72\x5f\x6e\x61\x6d\x65\
\x73\x70\x61\x63\x65\0\x70\x69\x64\x5f\x6e\x61\x6d\x65\x73\x70\x61\x63\x65\0\
\x63\x73\x73\x5f\x73\x65\x74\0\x6b\x65\x72\x6e\x66\x73\x5f\x6e\x6f\x64\x65\0\
\x63\x67\x72\x6f\x75\x70\x5f\x72\x6f\x6f\x74\0\x63\x67\x72\x6f\x75\x70\x5f\x72\
\x73\x74\x61\x74\x5f\x63\x70\x75\0\x63\x67\x72\x6f\x75\x70\x5f\x73\x75\x62\x73\
\x79\x73\0\x70\x73\x69\x5f\x67\x72\x6f\x75\x70\0\x77\x6f\x72\x6b\x71\x75\x65\
\x75\x65\x5f\x73\x74\x72\x75\x63\x74\0\x62\x70\x66\x5f\x70\x72\x6f\x67\0\x62\
\x70\x66\x5f\x6c\x6f\x63\x61\x6c\x5f\x73\x74\x6f\x72\x61\x67\x65\0\x66\x74\x72\
\x61\x63\x65\x5f\x68\x61\x73\x68\0\x76\x6d\x5f\x73\x74\x72\x75\x63\x74\0\x75\
\x73\x65\x72\x5f\x73\x74\x72\x75\x63\x74\0\x62\x70\x66\x5f\x73\x74\x6f\x72\x61\
\x67\x65\x5f\x62\x75\x66\x66\x65\x72\0\x62\x70\x66\x5f\x63\x67\x72\x6f\x75\x70\
\x5f\x73\x74\x6f\x72\x61\x67\x65\x5f\x6d\x61\x70\0\x66\x73\x5f\x73\x74\x72\x75\
\x63\x74\0\x70\x69\x70\x65\x5f\x69\x6e\x6f\x64\x65\x5f\x69\x6e\x66\x6f\0\x66\
\x61\x73\x79\x6e\x63\x5f\x73\x74\x72\x75\x63\x74\0\x67\x65\x6e\x64\x69\x73\x6b\
\0\x70\x65\x72\x66\x5f\x61\x64\x64\x72\x5f\x66\x69\x6c\x74\x65\x72\x5f\x72\x61\
\x6e\x67\x65\0\x70\x65\x72\x66\x5f\x63\x61\x6c\x6c\x63\x68\x61\x69\x6e\x5f\x65\
\x6e\x74\x72\x79\0\x70\x65\x72\x66\x5f\x72\x61\x77\x5f\x72\x65\x63\x6f\x72\x64\
\0\x70\x65\x72\x66\x5f\x62\x72\x61\x6e\x63\x68\x5f\x73\x74\x61\x63\x6b\0\x70\
\x65\x72\x66\x5f\x63\x67\x72\x6f\x75\x70\0\x6b\x65\x72\x6e\x65\x6c\x5f\x73\x69\
\x67\x69\x6e\x66\x6f\0\x74\x61\x73\x6b\x5f\x67\x72\x6f\x75\x70\0\x72\x63\x75\
\x5f\x6e\x6f\x64\x65\0\x73\x69\x67\x6e\x61\x6c\x5f\x73\x74\x72\x75\x63\x74\0\
\x5f\x5f\x6b\x65\x72\x6e\x65\x6c\x5f\x74\x69\x6d\x65\x73\x70\x65\x63\0\x6f\x6c\
\x64\x5f\x74\x69\x6d\x65\x73\x70\x65\x63\x33\x32\0\x70\x6f\x6c\x6c\x66\x64\0\
\x73\x65\x6d\x5f\x75\x6e\x64\x6f\x5f\x6c\x69\x73\x74\0\x66\x69\x6c\x65\x73\x5f\
\x73\x74\x72\x75\x63\x74\0\x69\x6f\x5f\x75\x72\x69\x6e\x67\x5f\x74\x61\x73\x6b\
\0\x62\x6c\x6b\x5f\x70\x6c\x75\x67\0\x73\x69\x67\x68\x61\x6e\x64\x5f\x73\x74\
\x72\x75\x63\x74\0\x73\x65\x63\x63\x6f\x6d\x70\x5f\x66\x69\x6c\x74\x65\x72\0\
\x72\x74\x5f\x6d\x75\x74\x65\x78\x5f\x77\x61\x69\x74\x65\x72\0\x72\x6f\x62\x75\
\x73\x74\x5f\x6c\x69\x73\x74\x5f\x68\x65\x61\x64\0\x63\x6f\x6d\x70\x61\x74\x5f\
\x72\x6f\x62\x75\x73\x74\x5f\x6c\x69\x73\x74\x5f\x68\x65\x61\x64\0\x66\x75\x74\
\x65\x78\x5f\x70\x69\x5f\x73\x74\x61\x74\x65\0\x74\x61\x73\x6b\x5f\x64\x65\x6c\
\x61\x79\x5f\x69\x6e\x66\x6f\0\x75\x70\x72\x6f\x62\x65\x5f\x74\x61\x73\x6b\0\
\x62\x70\x66\x5f\x72\x75\x6e\x5f\x63\x74\x78\0\x6d\x61\x74\x68\x5f\x65\x6d\x75\
\x5f\x69\x6e\x66\x6f\0\x2f\x68\x6f\x6d\x65\x2f\x6e\x65\x31\x2f\x73\x79\x73\x5f\
\x63\x6f\x6d\x70\x65\x74\x69\x74\x69\x6f\x6e\x2f\x72\x61\x63\x65\x2f\x2e\x2f\
\x69\x6e\x63\x6c\x75\x64\x65\x2f\x73\x63\x78\x2f\x63\x6f\x6d\x6d\x6f\x6e\x2e\
\x62\x70\x66\x2e\x68\0\x63\x6f\x6e\x73\x74\x20\x73\x74\x72\x75\x63\x74\x20\x63\
\x70\x75\x6d\x61\x73\x6b\x20\x2a\x63\x61\x73\x74\x5f\x6d\x61\x73\x6b\x28\x73\
\x74\x72\x75\x63\x74\x20\x62\x70\x66\x5f\x63\x70\x75\x6d\x61\x73\x6b\x20\x2a\
\x6d\x61\x73\x6b\x29\0\x09\x72\x65\x74\x75\x72\x6e\x20\x28\x63\x6f\x6e\x73\x74\
\x20\x73\x74\x72\x75\x63\x74\x20\x63\x70\x75\x6d\x61\x73\x6b\x20\x2a\x29\x6d\
\x61\x73\x6b\x3b\0\x2f\x68\x6f\x6d\x65\x2f\x6e\x65\x31\x2f\x73\x79\x73\x5f\x63\
\x6f\x6d\x70\x65\x74\x69\x74\x69\x6f\x6e\x2f\x72\x61\x63\x65\x2f\x62\x70\x66\
\x2f\x73\x63\x78\x5f\x6e\x65\x73\x74\x2e\x62\x70\x66\x2e\x63\0\x09\x73\x33\x32\
\x20\x63\x70\x75\x20\x3d\x20\x62\x70\x66\x5f\x67\x65\x74\x5f\x73\x6d\x70\x5f\
\x70\x72\x6f\x63\x65\x73\x73\x6f\x72\x5f\x69\x64\x28\x29\x3b\0\x09\x75\x36\x34\
\x20\x2a\x63\x6e\x74\x5f\x70\x20\x3d\x20\x62\x70\x66\x5f\x6d\x61\x70\x5f\x6c\
\x6f\x6f\x6b\x75\x70\x5f\x65\x6c\x65\x6d\x28\x26\x73\x74\x61\x74\x73\x2c\x20\
\x26\x69\x64\x78\x29\x3b\0\x09\x69\x66\x20\x28\x63\x6e\x74\x5f\x70\x29\0\x09\
\x09\x28\x2a\x63\x6e\x74\x5f\x70\x29\x2b\x2b\x3b\0\x09\x70\x63\x70\x75\x5f\x63\
\x74\x78\x20\x3d\x20\x62\x70\x66\x5f\x6d\x61\x70\x5f\x6c\x6f\x6f\x6b\x75\x70\
\x5f\x65\x6c\x65\x6d\x28\x26\x70\x63\x70\x75\x5f\x63\x74\x78\x73\x2c\x20\x26\
\x63\x70\x75\x29\x3b\x2f\x2f\x20\xe6\x9f\xa5\xe6\x89\xbe\xe5\xbd\x93\xe5\x89\
\x8d\xe6\xa0\xb8\xe5\xbf\x83\xe7\x9a\x84\xe4\xb8\x8a\xe4\xb8\x8b\xe6\x96\x87\0\
\x09\x69\x66\x20\x28\x21\x70\x63\x70\x75\x5f\x63\x74\x78\x29\x20\x7b\0\x09\x09\
\x73\x63\x78\x5f\x62\x70\x66\x5f\x65\x72\x72\x6f\x72\x28\x22\x43\x6f\x75\x6c\
\x64\x6e\x27\x74\x20\x6c\x6f\x6f\x6b\x75\x70\x20\x70\x63\x70\x75\x20\x63\x74\
\x78\x22\x29\x3b\x2f\x2f\x20\xe5\xa6\x82\xe6\x9e\x9c\xe4\xb8\x8a\xe4\xb8\x8b\
\xe6\x96\x87\xe4\xb8\xba\xe7\xa9\xba\xef\xbc\x8c\xe8\xae\xb0\xe5\xbd\x95\xe9\
\x94\x99\xe8\xaf\xaf\xe5\xb9\xb6\xe9\x80\x80\xe5\x87\xba\0\x09\x09\x72\x65\x74\
\x75\x72\x6e\x20\x30\x3b\0\x09\x62\x70\x66\x5f\x72\x63\x75\x5f\x72\x65\x61\x64\
\x5f\x6c\x6f\x63\x6b\x28\x29\x3b\x2f\x2f\x20\xe5\x8a\xa0\xe9\x94\x81\xe4\xbb\
\xa5\xe4\xbf\x9d\xe6\x8a\xa4\xe8\xae\xbf\xe9\x97\xae\0\x09\x70\x72\x69\x6d\x61\
\x72\x79\x20\x3d\x20\x70\x72\x69\x6d\x61\x72\x79\x5f\x63\x70\x75\x6d\x61\x73\
\x6b\x3b\x20\x2f\x2f\x20\xe8\x8e\xb7\xe5\x8f\x96\x20\x50\x72\x69\x6d\x61\x72\
\x79\x20\x4e\x65\x73\x74\x20\xe7\x9a\x84\xe6\xa0\xb8\xe5\xbf\x83\xe6\x8e\xa9\
\xe7\xa0\x81\0\x09\x69\x66\x20\x28\x21\x70\x72\x69\x6d\x61\x72\x79\x20\x7c\x7c\
\x20\x21\x72\x65\x73\x65\x72\x76\x65\x29\x20\x7b\0\x09\x09\x73\x63\x78\x5f\x62\
\x70\x66\x5f\x65\x72\x72\x6f\x72\x28\x22\x43\x6f\x75\x6c\x64\x6e\x27\x74\x20\
\x66\x69\x6e\x64\x20\x70\x72\x69\x6d\x61\x72\x79\x20\x6f\x72\x20\x72\x65\x73\
\x65\x72\x76\x65\x22\x29\x3b\x2f\x2f\x20\xe5\xa6\x82\xe6\x9e\x9c\xe4\xbb\xbb\
\xe4\xbd\x95\xe4\xb8\x80\xe4\xb8\xaa\xe6\x8e\xa9\xe7\xa0\x81\xe4\xb8\xba\xe7\
\xa9\xba\xef\xbc\x8c\xe8\xae\xb0\xe5\xbd\x95\xe9\x94\x99\xe8\xaf\xaf\xe5\xb9\
\xb6\xe9\x80\x80\xe5\x87\xba\0\x09\x09\x62\x70\x66\x5f\x72\x63\x75\x5f\x72\x65\
\x61\x64\x5f\x75\x6e\x6c\x6f\x63\x6b\x28\x29\x3b\0\x09\x62\x70\x66\x5f\x63\x70\
\x75\x6d\x61\x73\x6b\x5f\x63\x6c\x65\x61\x72\x5f\x63\x70\x75\x28\x63\x70\x75\
\x2c\x20\x70\x72\x69\x6d\x61\x72\x79\x29\x3b\0\x09\x74\x72\x79\x5f\x6d\x61\x6b\
\x65\x5f\x63\x6f\x72\x65\x5f\x72\x65\x73\x65\x72\x76\x65\x64\x28\x63\x70\x75\
\x2c\x20\x72\x65\x73\x65\x72\x76\x65\x2c\x20\x66\x61\x6c\x73\x65\x29\x3b\0\x09\
\x69\x66\x20\x28\x74\x6d\x70\x5f\x6e\x72\x5f\x72\x65\x73\x65\x72\x76\x65\x64\
\x20\x3c\x20\x72\x5f\x6d\x61\x78\x29\x20\x7b\x20\0\x09\x74\x6d\x70\x5f\x6e\x72\
\x5f\x72\x65\x73\x65\x72\x76\x65\x64\x20\x3d\x20\x6e\x72\x5f\x72\x65\x73\x65\
\x72\x76\x65\x64\x3b\0\x09\x09\x5f\x5f\x73\x79\x6e\x63\x5f\x66\x65\x74\x63\x68\
\x5f\x61\x6e\x64\x5f\x61\x64\x64\x28\x26\x6e\x72\x5f\x72\x65\x73\x65\x72\x76\
\x65\x64\x2c\x20\x31\x29\x3b\x2f\x2f\x20\xe5\x8e\x9f\xe5\xad\x90\xe5\xa2\x9e\
\xe5\x8a\xa0\x20\x52\x65\x73\x65\x72\x76\x65\x20\xe6\xa0\xb8\xe5\xbf\x83\xe8\
\xae\xa1\xe6\x95\xb0\0\x09\x09\x62\x70\x66\x5f\x63\x70\x75\x6d\x61\x73\x6b\x5f\
\x73\x65\x74\x5f\x63\x70\x75\x28\x63\x70\x75\x2c\x20\x72\x65\x73\x65\x72\x76\
\x65\x64\x29\x3b\x2f\x2f\x20\xe5\xb0\x86\xe6\x8c\x87\xe5\xae\x9a\xe7\x9a\x84\
\xe6\xa0\xb8\xe5\xbf\x83\xe5\x8a\xa0\xe5\x85\xa5\x20\x52\x65\x73\x65\x72\x76\
\x65\x20\xe6\x8e\xa9\xe7\xa0\x81\0\x09\x09\x62\x70\x66\x5f\x63\x70\x75\x6d\x61\
\x73\x6b\x5f\x63\x6c\x65\x61\x72\x5f\x63\x70\x75\x28\x63\x70\x75\x2c\x20\x72\
\x65\x73\x65\x72\x76\x65\x64\x29\x3b\x2f\x2f\x20\xe5\xa6\x82\xe6\x9e\x9c\x20\
\x52\x65\x73\x65\x72\x76\x65\x20\xe5\xb7\xb2\xe6\xbb\xa1\xef\xbc\x8c\xe6\xb8\
\x85\xe9\x99\xa4\xe8\xaf\xa5\xe6\xa0\xb8\xe5\xbf\x83\0\x09\x62\x70\x66\x5f\x72\
\x63\x75\x5f\x72\x65\x61\x64\x5f\x75\x6e\x6c\x6f\x63\x6b\x28\x29\x3b\x2f\x2f\
\x20\xe8\xa7\xa3\xe9\x94\x81\0\x09\x70\x63\x70\x75\x5f\x63\x74\x78\x2d\x3e\x73\
\x63\x68\x65\x64\x75\x6c\x65\x64\x5f\x63\x6f\x6d\x70\x61\x63\x74\x69\x6f\x6e\
\x20\x3d\x20\x66\x61\x6c\x73\x65\x3b\0\x7d\0\x73\x74\x61\x74\x69\x63\x20\x69\
\x6e\x74\x20\x6f\x70\x65\x72\x61\x74\x65\x5f\x62\x61\x64\x5f\x67\x75\x79\x73\
\x28\x73\x74\x72\x75\x63\x74\x20\x74\x61\x73\x6b\x5f\x73\x74\x72\x75\x63\x74\
\x20\x2a\x70\x2c\x75\x36\x34\x20\x65\x6e\x71\x5f\x66\x6c\x61\x67\x73\x29\x7b\0\
\x09\x69\x66\x28\x70\x2d\x3e\x66\x6c\x61\x67\x73\x20\x26\x20\x50\x46\x5f\x4b\
\x54\x48\x52\x45\x41\x44\x29\0\x09\x62\x70\x66\x5f\x70\x72\x6f\x62\x65\x5f\x72\
\x65\x61\x64\x5f\x6b\x65\x72\x6e\x65\x6c\x5f\x73\x74\x72\x28\x6e\x61\x6d\x65\
\x2e\x63\x6f\x6d\x6d\x2c\x73\x69\x7a\x65\x6f\x66\x28\x70\x2d\x3e\x63\x6f\x6d\
\x6d\x29\x2c\x70\x2d\x3e\x63\x6f\x6d\x6d\x29\x3b\0\x09\x75\x33\x32\x20\x2a\x69\
\x64\x65\x6e\x74\x20\x3d\x20\x62\x70\x66\x5f\x6d\x61\x70\x5f\x6c\x6f\x6f\x6b\
\x75\x70\x5f\x65\x6c\x65\x6d\x28\x26\x63\x6f\x6d\x6d\x5f\x69\x67\x6e\x6f\x72\
\x65\x5f\x6d\x61\x70\x2c\x26\x6e\x61\x6d\x65\x29\x3b\0\x09\x69\x66\x28\x69\x64\
\x65\x6e\x74\x29\x7b\0\x09\x69\x64\x65\x6e\x74\x20\x3d\x20\x62\x70\x66\x5f\x6d\
\x61\x70\x5f\x6c\x6f\x6f\x6b\x75\x70\x5f\x65\x6c\x65\x6d\x28\x26\x63\x6f\x6d\
\x6d\x5f\x61\x74\x74\x65\x6e\x74\x69\x6f\x6e\x5f\x6d\x61\x70\x2c\x26\x6e\x61\
\x6d\x65\x29\x3b\0\x09\x09\x75\x36\x34\x20\x76\x74\x69\x6d\x65\x20\x3d\x20\x70\
\x2d\x3e\x73\x63\x78\x2e\x64\x73\x71\x5f\x76\x74\x69\x6d\x65\x3b\x2f\x2f\x20\
\xe8\x8e\xb7\xe5\x8f\x96\xe4\xbb\xbb\xe5\x8a\xa1\xe7\x9a\x84\xe8\x99\x9a\xe6\
\x8b\x9f\xe6\x97\xb6\xe9\x97\xb4\0\x09\x09\x69\x66\x20\x28\x76\x74\x69\x6d\x65\
\x5f\x62\x65\x66\x6f\x72\x65\x28\x76\x74\x69\x6d\x65\x2c\x20\x76\x74\x69\x6d\
\x65\x5f\x6e\x6f\x77\x20\x2d\x20\x73\x6c\x69\x63\x65\x5f\x6e\x73\x29\x29\0\x09\
\x72\x65\x74\x75\x72\x6e\x20\x28\x73\x36\x34\x29\x28\x61\x20\x2d\x20\x62\x29\
\x20\x3c\x20\x30\x3b\0\x09\x09\x09\x76\x74\x69\x6d\x65\x20\x3d\x20\x76\x74\x69\
\x6d\x65\x5f\x6e\x6f\x77\x20\x2d\x20\x73\x6c\x69\x63\x65\x5f\x6e\x73\x3b\0\x09\
\x75\x33\x32\x20\x7a\x65\x72\x6f\x20\x3d\x20\x30\x3b\0\x09\x73\x74\x72\x75\x63\
\x74\x20\x63\x70\x75\x5f\x62\x61\x64\x5f\x67\x75\x79\x73\x20\x2a\x62\x61\x64\
\x5f\x67\x75\x79\x20\x3d\x20\x62\x70\x66\x5f\x6d\x61\x70\x5f\x6c\x6f\x6f\x6b\
\x75\x70\x5f\x65\x6c\x65\x6d\x28\x26\x63\x70\x75\x5f\x66\x69\x6c\x74\x65\x72\
\x5f\x69\x64\x73\x2c\x26\x7a\x65\x72\x6f\x29\x3b\0\x09\x75\x33\x32\x20\x70\x69\
\x64\x20\x3d\x20\x70\x2d\x3e\x70\x69\x64\x3b\0\x09\x69\x66\x28\x62\x61\x64\x5f\
\x67\x75\x79\x29\x7b\0\x09\x09\x69\x64\x65\x6e\x74\x20\x3d\x20\x62\x70\x66\x5f\
\x6d\x61\x70\x5f\x6c\x6f\x6f\x6b\x75\x70\x5f\x65\x6c\x65\x6d\x28\x62\x61\x64\
\x5f\x67\x75\x79\x2c\x26\x70\x69\x64\x29\x3b\0\x09\x09\x69\x66\x28\x69\x64\x65\
\x6e\x74\x29\x7b\0\x09\x09\x09\x75\x36\x34\x20\x76\x74\x69\x6d\x65\x20\x3d\x20\
\x70\x2d\x3e\x73\x63\x78\x2e\x64\x73\x71\x5f\x76\x74\x69\x6d\x65\x3b\x2f\x2f\
\x20\xe8\x8e\xb7\xe5\x8f\x96\xe4\xbb\xbb\xe5\x8a\xa1\xe7\x9a\x84\xe8\x99\x9a\
\xe6\x8b\x9f\xe6\x97\xb6\xe9\x97\xb4\0\x09\x09\x09\x69\x66\x20\x28\x76\x74\x69\
\x6d\x65\x5f\x62\x65\x66\x6f\x72\x65\x28\x76\x74\x69\x6d\x65\x2c\x20\x76\x74\
\x69\x6d\x65\x5f\x6e\x6f\x77\x20\x2d\x20\x73\x6c\x69\x63\x65\x5f\x6e\x73\x29\
\x29\0\x73\x74\x61\x74\x69\x63\x20\x69\x6e\x74\x20\x73\x74\x61\x74\x73\x5f\x74\
\x69\x6d\x65\x72\x66\x6e\x28\x76\x6f\x69\x64\x20\x2a\x6d\x61\x70\x2c\x20\x69\
\x6e\x74\x20\x2a\x6b\x65\x79\x2c\x20\x73\x74\x72\x75\x63\x74\x20\x62\x70\x66\
\x5f\x74\x69\x6d\x65\x72\x20\x2a\x74\x69\x6d\x65\x72\x29\0\x09\x73\x74\x61\x74\
\x73\x5f\x72\x65\x73\x65\x72\x76\x65\x64\x5f\x6d\x61\x73\x6b\x20\x3d\x20\x30\
\x3b\0\x09\x73\x74\x61\x74\x73\x5f\x70\x72\x69\x6d\x61\x72\x79\x5f\x6d\x61\x73\
\x6b\x20\x3d\x20\x30\x3b\0\x09\x73\x74\x61\x74\x73\x5f\x6f\x74\x68\x65\x72\x5f\
\x6d\x61\x73\x6b\x20\x3d\x20\x30\x3b\0\x09\x73\x74\x61\x74\x73\x5f\x69\x64\x6c\
\x65\x5f\x6d\x61\x73\x6b\x20\x3d\x20\x30\x3b\0\x09\x62\x70\x66\x5f\x72\x63\x75\
\x5f\x72\x65\x61\x64\x5f\x6c\x6f\x63\x6b\x28\x29\x3b\0\x09\x70\x72\x69\x6d\x61\
\x72\x79\x20\x3d\x20\x70\x72\x69\x6d\x61\x72\x79\x5f\x63\x70\x75\x6d\x61\x73\
\x6b\x3b\0\x09\x09\x73\x63\x78\x5f\x62\x70\x66\x5f\x65\x72\x72\x6f\x72\x28\x22\
\x46\x61\x69\x6c\x65\x64\x20\x74\x6f\x20\x6c\x6f\x6f\x6b\x75\x70\x20\x70\x72\
\x69\x6d\x61\x72\x79\x20\x6f\x72\x20\x72\x65\x73\x65\x72\x76\x65\x22\x29\x3b\0\
\x09\x69\x64\x6c\x65\x20\x3d\x20\x73\x63\x78\x5f\x62\x70\x66\x5f\x67\x65\x74\
\x5f\x69\x64\x6c\x65\x5f\x63\x70\x75\x6d\x61\x73\x6b\x28\x29\x3b\0\x09\x62\x70\
\x66\x5f\x66\x6f\x72\x28\x63\x70\x75\x2c\x20\x30\x2c\x20\x6e\x72\x5f\x63\x70\
\x75\x73\x29\x20\x7b\0\x09\x62\x70\x66\x5f\x72\x63\x75\x5f\x72\x65\x61\x64\x5f\
\x75\x6e\x6c\x6f\x63\x6b\x28\x29\x3b\0\x09\x73\x63\x78\x5f\x62\x70\x66\x5f\x70\
\x75\x74\x5f\x69\x64\x6c\x65\x5f\x63\x70\x75\x6d\x61\x73\x6b\x28\x69\x64\x6c\
\x65\x29\x3b\0\x09\x65\x72\x72\x20\x3d\x20\x62\x70\x66\x5f\x74\x69\x6d\x65\x72\
\x5f\x73\x74\x61\x72\x74\x28\x74\x69\x6d\x65\x72\x2c\x20\x73\x61\x6d\x70\x6c\
\x69\x6e\x67\x5f\x63\x61\x64\x65\x6e\x63\x65\x5f\x6e\x73\x20\x2d\x20\x35\x30\
\x30\x30\x2c\x20\x30\x29\x3b\0\x09\x69\x66\x20\x28\x65\x72\x72\x29\0\x09\x09\
\x69\x66\x20\x28\x62\x70\x66\x5f\x63\x70\x75\x6d\x61\x73\x6b\x5f\x74\x65\x73\
\x74\x5f\x63\x70\x75\x28\x63\x70\x75\x2c\x20\x63\x61\x73\x74\x5f\x6d\x61\x73\
\x6b\x28\x70\x72\x69\x6d\x61\x72\x79\x29\x29\x29\0\x09\x09\x65\x6c\x73\x65\x20\
\x69\x66\x20\x28\x62\x70\x66\x5f\x63\x70\x75\x6d\x61\x73\x6b\x5f\x74\x65\x73\
\x74\x5f\x63\x70\x75\x28\x63\x70\x75\x2c\x20\x63\x61\x73\x74\x5f\x6d\x61\x73\
\x6b\x28\x72\x65\x73\x65\x72\x76\x65\x29\x29\x29\0\x09\x09\x69\x66\x20\x28\x62\
\x70\x66\x5f\x63\x70\x75\x6d\x61\x73\x6b\x5f\x74\x65\x73\x74\x5f\x63\x70\x75\
\x28\x63\x70\x75\x2c\x20\x69\x64\x6c\x65\x29\x29\0\x09\x09\x09\x73\x74\x61\x74\
\x73\x5f\x69\x64\x6c\x65\x5f\x6d\x61\x73\x6b\x20\x7c\x3d\x20\x28\x31\x55\x4c\
\x4c\x20\x3c\x3c\x20\x63\x70\x75\x29\x3b\0\x09\x09\x73\x63\x78\x5f\x62\x70\x66\
\x5f\x65\x72\x72\x6f\x72\x28\x22\x46\x61\x69\x6c\x65\x64\x20\x74\x6f\x20\x61\
\x72\x6d\x20\x73\x74\x61\x74\x73\x20\x74\x69\x6d\x65\x72\x22\x29\x3b\0\x73\x33\
\x32\x20\x42\x50\x46\x5f\x53\x54\x52\x55\x43\x54\x5f\x4f\x50\x53\x28\x6e\x65\
\x73\x74\x5f\x73\x65\x6c\x65\x63\x74\x5f\x63\x70\x75\x2c\x20\x73\x74\x72\x75\
\x63\x74\x20\x74\x61\x73\x6b\x5f\x73\x74\x72\x75\x63\x74\x20\x2a\x70\x2c\x20\
\x73\x33\x32\x20\x70\x72\x65\x76\x5f\x63\x70\x75\x2c\0\x09\x74\x63\x74\x78\x20\
\x3d\x20\x62\x70\x66\x5f\x74\x61\x73\x6b\x5f\x73\x74\x6f\x72\x61\x67\x65\x5f\
\x67\x65\x74\x28\x26\x74\x61\x73\x6b\x5f\x63\x74\x78\x5f\x73\x74\x6f\x72\x2c\
\x20\x70\x2c\x20\x30\x2c\x20\x30\x29\x3b\0\x09\x69\x66\x20\x28\x21\x74\x63\x74\
\x78\x29\0\x09\x70\x5f\x6d\x61\x73\x6b\x20\x3d\x20\x74\x63\x74\x78\x2d\x3e\x74\
\x6d\x70\x5f\x6d\x61\x73\x6b\x3b\0\x09\x69\x66\x20\x28\x21\x70\x5f\x6d\x61\x73\
\x6b\x20\x7c\x7c\x20\x21\x70\x72\x69\x6d\x61\x72\x79\x20\x7c\x7c\x20\x21\x72\
\x65\x73\x65\x72\x76\x65\x29\x20\x7b\0\x09\x09\x72\x65\x74\x75\x72\x6e\x20\x63\
\x70\x75\x3b\0\x09\x74\x63\x74\x78\x2d\x3e\x70\x72\x65\x76\x5f\x63\x70\x75\x20\
\x3d\x20\x70\x72\x65\x76\x5f\x63\x70\x75\x3b\0\x09\x62\x70\x66\x5f\x63\x70\x75\
\x6d\x61\x73\x6b\x5f\x61\x6e\x64\x28\x70\x5f\x6d\x61\x73\x6b\x2c\x20\x70\x2d\
\x3e\x63\x70\x75\x73\x5f\x70\x74\x72\x2c\x20\x63\x61\x73\x74\x5f\x6d\x61\x73\
\x6b\x28\x70\x72\x69\x6d\x61\x72\x79\x29\x29\x3b\0\x09\x69\x66\x20\x28\x62\x70\
\x66\x5f\x63\x70\x75\x6d\x61\x73\x6b\x5f\x74\x65\x73\x74\x5f\x63\x70\x75\x28\
\x74\x63\x74\x78\x2d\x3e\x61\x74\x74\x61\x63\x68\x65\x64\x5f\x63\x6f\x72\x65\
\x2c\x20\x63\x61\x73\x74\x5f\x6d\x61\x73\x6b\x28\x70\x5f\x6d\x61\x73\x6b\x29\
\x29\x20\x26\x26\0\x09\x20\x20\x20\x20\x73\x63\x78\x5f\x62\x70\x66\x5f\x74\x65\
\x73\x74\x5f\x61\x6e\x64\x5f\x63\x6c\x65\x61\x72\x5f\x63\x70\x75\x5f\x69\x64\
\x6c\x65\x28\x74\x63\x74\x78\x2d\x3e\x61\x74\x74\x61\x63\x68\x65\x64\x5f\x63\
\x6f\x72\x65\x29\x29\x20\x7b\0\x09\x09\x63\x70\x75\x20\x3d\x20\x74\x63\x74\x78\
\x2d\x3e\x61\x74\x74\x61\x63\x68\x65\x64\x5f\x63\x6f\x72\x65\x3b\0\x09\x69\x66\
\x20\x28\x70\x72\x65\x76\x5f\x63\x70\x75\x20\x21\x3d\x20\x74\x63\x74\x78\x2d\
\x3e\x61\x74\x74\x61\x63\x68\x65\x64\x5f\x63\x6f\x72\x65\x20\x26\x26\0\x09\x20\
\x20\x20\x20\x62\x70\x66\x5f\x63\x70\x75\x6d\x61\x73\x6b\x5f\x74\x65\x73\x74\
\x5f\x63\x70\x75\x28\x70\x72\x65\x76\x5f\x63\x70\x75\x2c\x20\x63\x61\x73\x74\
\x5f\x6d\x61\x73\x6b\x28\x70\x5f\x6d\x61\x73\x6b\x29\x29\x20\x26\x26\0\x09\x20\
\x20\x20\x20\x73\x63\x78\x5f\x62\x70\x66\x5f\x74\x65\x73\x74\x5f\x61\x6e\x64\
\x5f\x63\x6c\x65\x61\x72\x5f\x63\x70\x75\x5f\x69\x64\x6c\x65\x28\x70\x72\x65\
\x76\x5f\x63\x70\x75\x29\x29\x20\x7b\0\x09\x09\x63\x70\x75\x20\x3d\x20\x70\x72\
\x65\x76\x5f\x63\x70\x75\x3b\0\x09\x09\x74\x63\x74\x78\x2d\x3e\x70\x72\x65\x76\
\x5f\x6d\x69\x73\x73\x65\x73\x20\x3d\x20\x30\x3b\0\x09\x70\x63\x70\x75\x5f\x63\
\x74\x78\x20\x3d\x20\x62\x70\x66\x5f\x6d\x61\x70\x5f\x6c\x6f\x6f\x6b\x75\x70\
\x5f\x65\x6c\x65\x6d\x28\x26\x70\x63\x70\x75\x5f\x63\x74\x78\x73\x2c\x20\x26\
\x63\x70\x75\x29\x3b\0\x09\x69\x66\x20\x28\x70\x63\x70\x75\x5f\x63\x74\x78\x29\
\x20\x7b\0\x09\x09\x69\x66\x20\x28\x70\x63\x70\x75\x5f\x63\x74\x78\x2d\x3e\x73\
\x63\x68\x65\x64\x75\x6c\x65\x64\x5f\x63\x6f\x6d\x70\x61\x63\x74\x69\x6f\x6e\
\x29\x20\x7b\0\x09\x09\x09\x69\x66\x20\x28\x62\x70\x66\x5f\x74\x69\x6d\x65\x72\
\x5f\x63\x61\x6e\x63\x65\x6c\x28\x26\x70\x63\x70\x75\x5f\x63\x74\x78\x2d\x3e\
\x74\x69\x6d\x65\x72\x29\x20\x3c\x20\x30\x29\0\x09\x09\x09\x09\x73\x63\x78\x5f\
\x62\x70\x66\x5f\x65\x72\x72\x6f\x72\x28\x22\x46\x61\x69\x6c\x65\x64\x20\x74\
\x6f\x20\x63\x61\x6e\x63\x65\x6c\x20\x70\x63\x70\x75\x20\x74\x69\x6d\x65\x72\
\x22\x29\x3b\0\x09\x09\x09\x69\x66\x20\x28\x62\x70\x66\x5f\x74\x69\x6d\x65\x72\
\x5f\x73\x65\x74\x5f\x63\x61\x6c\x6c\x62\x61\x63\x6b\x28\x26\x70\x63\x70\x75\
\x5f\x63\x74\x78\x2d\x3e\x74\x69\x6d\x65\x72\x2c\x20\x63\x6f\x6d\x70\x61\x63\
\x74\x5f\x70\x72\x69\x6d\x61\x72\x79\x5f\x63\x6f\x72\x65\x29\x29\0\x09\x09\x09\
\x09\x73\x63\x78\x5f\x62\x70\x66\x5f\x65\x72\x72\x6f\x72\x28\x22\x46\x61\x69\
\x6c\x65\x64\x20\x74\x6f\x20\x72\x65\x2d\x61\x72\x6d\x20\x70\x63\x70\x75\x20\
\x74\x69\x6d\x65\x72\x22\x29\x3b\0\x09\x09\x09\x70\x63\x70\x75\x5f\x63\x74\x78\
\x2d\x3e\x73\x63\x68\x65\x64\x75\x6c\x65\x64\x5f\x63\x6f\x6d\x70\x61\x63\x74\
\x69\x6f\x6e\x20\x3d\x20\x66\x61\x6c\x73\x65\x3b\0\x09\x69\x66\x20\x28\x66\x69\
\x6e\x64\x5f\x66\x75\x6c\x6c\x79\x5f\x69\x64\x6c\x65\x29\x20\x7b\0\x09\x09\x63\
\x70\x75\x20\x3d\x20\x73\x63\x78\x5f\x62\x70\x66\x5f\x70\x69\x63\x6b\x5f\x69\
\x64\x6c\x65\x5f\x63\x70\x75\x28\x63\x61\x73\x74\x5f\x6d\x61\x73\x6b\x28\x70\
\x5f\x6d\x61\x73\x6b\x29\x2c\0\x09\x09\x69\x66\x20\x28\x63\x70\x75\x20\x3e\x3d\
\x20\x30\x29\x20\x7b\0\x09\x63\x70\x75\x20\x3d\x20\x73\x63\x78\x5f\x62\x70\x66\
\x5f\x70\x69\x63\x6b\x5f\x69\x64\x6c\x65\x5f\x63\x70\x75\x28\x63\x61\x73\x74\
\x5f\x6d\x61\x73\x6b\x28\x70\x5f\x6d\x61\x73\x6b\x29\x2c\x20\x30\x29\x3b\0\x09\
\x69\x66\x20\x28\x63\x70\x75\x20\x3e\x3d\x20\x30\x29\x20\x7b\0\x09\x09\x73\x63\
\x78\x5f\x62\x70\x66\x5f\x65\x72\x72\x6f\x72\x28\x22\x46\x61\x69\x6c\x65\x64\
\x20\x74\x6f\x20\x6c\x6f\x6f\x6b\x75\x70\x20\x70\x63\x70\x75\x20\x63\x74\x78\
\x22\x29\x3b\0\x09\x62\x70\x66\x5f\x63\x70\x75\x6d\x61\x73\x6b\x5f\x73\x65\x74\
\x5f\x63\x70\x75\x28\x63\x70\x75\x2c\x20\x70\x72\x69\x6d\x61\x72\x79\x29\x3b\0\
\x09\x69\x66\x20\x28\x62\x70\x66\x5f\x63\x70\x75\x6d\x61\x73\x6b\x5f\x74\x65\
\x73\x74\x5f\x63\x70\x75\x28\x63\x70\x75\x2c\x20\x63\x61\x73\x74\x5f\x6d\x61\
\x73\x6b\x28\x72\x65\x73\x65\x72\x76\x65\x29\x29\x29\x20\x7b\0\x09\x09\x5f\x5f\
\x73\x79\x6e\x63\x5f\x73\x75\x62\x5f\x61\x6e\x64\x5f\x66\x65\x74\x63\x68\x28\
\x26\x6e\x72\x5f\x72\x65\x73\x65\x72\x76\x65\x64\x2c\x20\x31\x29\x3b\0\x09\x09\
\x62\x70\x66\x5f\x63\x70\x75\x6d\x61\x73\x6b\x5f\x63\x6c\x65\x61\x72\x5f\x63\
\x70\x75\x28\x63\x70\x75\x2c\x20\x72\x65\x73\x65\x72\x76\x65\x29\x3b\0\x09\x69\
\x66\x20\x28\x74\x63\x74\x78\x2d\x3e\x70\x72\x65\x76\x5f\x63\x70\x75\x20\x3d\
\x3d\x20\x6e\x65\x77\x5f\x63\x70\x75\x29\0\x09\x75\x70\x64\x61\x74\x65\x5f\x61\
\x74\x74\x61\x63\x68\x65\x64\x28\x74\x63\x74\x78\x2c\x20\x70\x72\x65\x76\x5f\
\x63\x70\x75\x2c\x20\x63\x70\x75\x29\x3b\0\x09\x09\x74\x63\x74\x78\x2d\x3e\x61\
\x74\x74\x61\x63\x68\x65\x64\x5f\x63\x6f\x72\x65\x20\x3d\x20\x6e\x65\x77\x5f\
\x63\x70\x75\x3b\x2f\x2f\x20\xe5\xa6\x82\xe6\x9e\x9c\xe4\xbb\xbb\xe5\x8a\xa1\
\xe7\x9a\x84\xe4\xb8\x8a\xe4\xb8\x80\xe6\xac\xa1\xe6\xa0\xb8\xe5\xbf\x83\xe4\
\xb8\x8e\xe5\xbd\x93\xe5\x89\x8d\xe6\xa0\xb8\xe5\xbf\x83\xe7\x9b\xb8\xe5\x90\
\x8c\xef\xbc\x8c\xe5\x88\x99\xe9\x99\x84\xe5\x8a\xa0\xe5\x88\xb0\xe5\xbd\x93\
\xe5\x89\x8d\xe6\xa0\xb8\xe5\xbf\x83\0\x09\x74\x63\x74\x78\x2d\x3e\x70\x72\x65\
\x76\x5f\x63\x70\x75\x20\x3d\x20\x70\x72\x65\x76\x5f\x63\x70\x75\x3b\x2f\x2f\
\x20\xe6\x9b\xb4\xe6\x96\xb0\xe4\xbb\xbb\xe5\x8a\xa1\xe7\x9a\x84\xe4\xb8\x8a\
\xe4\xb8\x80\xe6\xac\xa1\xe6\xa0\xb8\xe5\xbf\x83\xe8\xae\xb0\xe5\xbd\x95\0\x09\
\x69\x6e\x74\x20\x72\x65\x74\x20\x3d\x20\x6f\x70\x65\x72\x61\x74\x65\x5f\x62\
\x61\x64\x5f\x67\x75\x79\x73\x28\x70\x2c\x30\x29\x3b\0\x09\x69\x66\x28\x72\x65\
\x74\x20\x3d\x3d\x20\x31\x29\0\x09\x09\x73\x63\x78\x5f\x62\x70\x66\x5f\x64\x69\
\x73\x70\x61\x74\x63\x68\x28\x70\x2c\x20\x53\x43\x58\x5f\x44\x53\x51\x5f\x4c\
\x4f\x43\x41\x4c\x5f\x4f\x4e\x20\x7c\x20\x63\x70\x75\x20\x20\x2c\x20\x73\x6c\
\x69\x63\x65\x5f\x6e\x73\x2c\x20\x30\x29\x3b\0\x09\x72\x65\x74\x75\x72\x6e\x20\
\x63\x70\x75\x3b\0\x09\x69\x66\x20\x28\x72\x5f\x69\x6d\x70\x61\x74\x69\x65\x6e\
\x74\x20\x3e\x20\x30\x20\x26\x26\x20\x2b\x2b\x74\x63\x74\x78\x2d\x3e\x70\x72\
\x65\x76\x5f\x6d\x69\x73\x73\x65\x73\x20\x3e\x3d\x20\x72\x5f\x69\x6d\x70\x61\
\x74\x69\x65\x6e\x74\x29\x20\x7b\0\x09\x62\x70\x66\x5f\x63\x70\x75\x6d\x61\x73\
\x6b\x5f\x61\x6e\x64\x28\x70\x5f\x6d\x61\x73\x6b\x2c\x20\x70\x2d\x3e\x63\x70\
\x75\x73\x5f\x70\x74\x72\x2c\x20\x63\x61\x73\x74\x5f\x6d\x61\x73\x6b\x28\x72\
\x65\x73\x65\x72\x76\x65\x29\x29\x3b\0\x09\x63\x70\x75\x20\x3d\x20\x73\x63\x78\
\x5f\x62\x70\x66\x5f\x70\x69\x63\x6b\x5f\x69\x64\x6c\x65\x5f\x63\x70\x75\x28\
\x70\x2d\x3e\x63\x70\x75\x73\x5f\x70\x74\x72\x2c\x20\x30\x29\x3b\x2f\x2f\x20\
\xe4\xbb\x8e\xe4\xbb\xbb\xe5\x8a\xa1\xe5\x85\x81\xe8\xae\xb8\xe7\x9a\x84\x20\
\x43\x50\x55\x20\xe9\x9b\x86\xe5\x90\x88\xe4\xb8\xad\xe9\x80\x89\xe6\x8b\xa9\
\xe4\xbb\xbb\xe6\x84\x8f\xe7\xa9\xba\xe9\x97\xb2\xe6\xa0\xb8\xe5\xbf\x83\0\x09\
\x09\x69\x66\x20\x28\x62\x70\x66\x5f\x63\x70\x75\x6d\x61\x73\x6b\x5f\x74\x65\
\x73\x74\x5f\x63\x70\x75\x28\x63\x70\x75\x2c\x20\x63\x61\x73\x74\x5f\x6d\x61\
\x73\x6b\x28\x70\x72\x69\x6d\x61\x72\x79\x29\x29\x29\x2f\x2f\x20\xe5\xa6\x82\
\xe6\x9e\x9c\xe6\xa0\xb8\xe5\xbf\x83\xe5\xb1\x9e\xe4\xba\x8e\x20\x50\x72\x69\
\x6d\x61\x72\x79\x20\x4e\x65\x73\x74\xef\xbc\x8c\xe7\x9b\xb4\xe6\x8e\xa5\xe8\
\xbf\x81\xe7\xa7\xbb\0\x09\x09\x65\x6c\x73\x65\x20\x69\x66\x20\x28\x62\x70\x66\
\x5f\x63\x70\x75\x6d\x61\x73\x6b\x5f\x74\x65\x73\x74\x5f\x63\x70\x75\x28\x63\
\x70\x75\x2c\x20\x63\x61\x73\x74\x5f\x6d\x61\x73\x6b\x28\x72\x65\x73\x65\x72\
\x76\x65\x29\x29\x29\x2f\x2f\x20\xe5\xa6\x82\xe6\x9e\x9c\xe6\xa0\xb8\xe5\xbf\
\x83\xe5\xb1\x9e\xe4\xba\x8e\x20\x52\x65\x73\x65\x72\x76\x65\x20\x4e\x65\x73\
\x74\xef\xbc\x8c\xe6\x8f\x90\xe5\x8d\x87\xe5\x88\xb0\x20\x50\x72\x69\x6d\x61\
\x72\x79\x20\x4e\x65\x73\x74\0\x09\x72\x65\x74\x75\x72\x6e\x20\x70\x72\x65\x76\
\x5f\x63\x70\x75\x3b\0\x09\x73\x74\x72\x75\x63\x74\x20\x63\x70\x75\x5f\x6d\x61\
\x73\x6b\x5f\x64\x61\x74\x61\x20\x2a\x62\x75\x66\x66\x20\x3d\x20\x62\x70\x66\
\x5f\x72\x69\x6e\x67\x62\x75\x66\x5f\x72\x65\x73\x65\x72\x76\x65\x28\x26\x63\
\x70\x75\x5f\x6d\x61\x73\x6b\x5f\x62\x75\x66\x66\x65\x72\x2c\x73\x69\x7a\x65\
\x6f\x66\x28\x73\x74\x72\x75\x63\x74\x20\x63\x70\x75\x5f\x6d\x61\x73\x6b\x5f\
\x64\x61\x74\x61\x29\x2c\x30\x29\x3b\0\x09\x69\x66\x28\x21\x62\x75\x66\x66\x29\
\x7b\0\x09\x09\x62\x70\x66\x5f\x70\x72\x69\x6e\x74\x6b\x28\x22\x63\x70\x75\x20\
\x6d\x61\x73\x6b\x20\x72\x69\x6e\x67\x62\x75\x66\x20\x72\x65\x73\x65\x72\x76\
\x65\x20\x66\x61\x69\x6c\x65\x64\x5c\x6e\x22\x29\x3b\0\x09\x62\x75\x66\x66\x2d\
\x3e\x73\x74\x61\x74\x73\x5f\x70\x72\x69\x6d\x61\x72\x79\x5f\x6d\x61\x73\x6b\
\x20\x3d\x20\x73\x74\x61\x74\x73\x5f\x70\x72\x69\x6d\x61\x72\x79\x5f\x6d\x61\
\x73\x6b\x3b\0\x09\x62\x75\x66\x66\x2d\x3e\x73\x74\x61\x74\x73\x5f\x72\x65\x73\
\x65\x72\x76\x65\x64\x5f\x6d\x61\x73\x6b\x20\x3d\x20\x73\x74\x61\x74\x73\x5f\
\x72\x65\x73\x65\x72\x76\x65\x64\x5f\x6d\x61\x73\x6b\x3b\0\x09\x62\x75\x66\x66\
\x2d\x3e\x73\x74\x61\x74\x73\x5f\x6f\x74\x68\x65\x72\x5f\x6d\x61\x73\x6b\x20\
\x3d\x20\x73\x74\x61\x74\x73\x5f\x6f\x74\x68\x65\x72\x5f\x6d\x61\x73\x6b\x3b\0\
\x09\x62\x75\x66\x66\x2d\x3e\x73\x74\x61\x74\x73\x5f\x69\x64\x6c\x65\x5f\x6d\
\x61\x73\x6b\x20\x3d\x20\x73\x74\x61\x74\x73\x5f\x69\x64\x6c\x65\x5f\x6d\x61\
\x73\x6b\x3b\0\x09\x62\x70\x66\x5f\x72\x69\x6e\x67\x62\x75\x66\x5f\x73\x75\x62\
\x6d\x69\x74\x28\x62\x75\x66\x66\x2c\x30\x29\x3b\0\x76\x6f\x69\x64\x20\x42\x50\
\x46\x5f\x53\x54\x52\x55\x43\x54\x5f\x4f\x50\x53\x28\x6e\x65\x73\x74\x5f\x65\
\x6e\x71\x75\x65\x75\x65\x2c\x20\x73\x74\x72\x75\x63\x74\x20\x74\x61\x73\x6b\
\x5f\x73\x74\x72\x75\x63\x74\x20\x2a\x70\x2c\x20\x75\x36\x34\x20\x65\x6e\x71\
\x5f\x66\x6c\x61\x67\x73\x29\0\x09\x75\x36\x34\x20\x76\x74\x69\x6d\x65\x20\x3d\
\x20\x70\x2d\x3e\x73\x63\x78\x2e\x64\x73\x71\x5f\x76\x74\x69\x6d\x65\x3b\x2f\
\x2f\x20\xe8\x8e\xb7\xe5\x8f\x96\xe4\xbb\xbb\xe5\x8a\xa1\xe7\x9a\x84\xe8\x99\
\x9a\xe6\x8b\x9f\xe6\x97\xb6\xe9\x97\xb4\0\x09\x69\x66\x20\x28\x21\x74\x63\x74\
\x78\x29\x20\x7b\0\x09\x09\x73\x63\x78\x5f\x62\x70\x66\x5f\x65\x72\x72\x6f\x72\
\x28\x22\x55\x6e\x61\x62\x6c\x65\x20\x74\x6f\x20\x66\x69\x6e\x64\x20\x74\x61\
\x73\x6b\x20\x63\x74\x78\x22\x29\x3b\0\x09\x09\x72\x65\x74\x75\x72\x6e\x3b\0\
\x09\x69\x66\x20\x28\x76\x74\x69\x6d\x65\x5f\x62\x65\x66\x6f\x72\x65\x28\x76\
\x74\x69\x6d\x65\x2c\x20\x76\x74\x69\x6d\x65\x5f\x6e\x6f\x77\x20\x2d\x20\x73\
\x6c\x69\x63\x65\x5f\x6e\x73\x29\x29\0\x09\x09\x76\x74\x69\x6d\x65\x20\x3d\x20\
\x76\x74\x69\x6d\x65\x5f\x6e\x6f\x77\x20\x2d\x20\x73\x6c\x69\x63\x65\x5f\x6e\
\x73\x3b\0\x09\x69\x6e\x74\x20\x72\x65\x74\x20\x3d\x20\x6f\x70\x65\x72\x61\x74\
\x65\x5f\x62\x61\x64\x5f\x67\x75\x79\x73\x28\x70\x2c\x65\x6e\x71\x5f\x66\x6c\
\x61\x67\x73\x29\x3b\0\x09\x09\x73\x63\x78\x5f\x62\x70\x66\x5f\x64\x69\x73\x70\
\x61\x74\x63\x68\x5f\x76\x74\x69\x6d\x65\x28\x70\x2c\x20\x46\x41\x4c\x4c\x42\
\x41\x43\x4b\x5f\x44\x53\x51\x5f\x49\x44\x2c\x20\x73\x6c\x69\x63\x65\x5f\x6e\
\x73\x2c\x20\x76\x74\x69\x6d\x65\x2c\0\x09\x72\x65\x73\x65\x72\x76\x65\x20\x3d\
\x20\x72\x65\x73\x65\x72\x76\x65\x5f\x63\x70\x75\x6d\x61\x73\x6b\x3b\0\x76\x6f\
\x69\x64\x20\x42\x50\x46\x5f\x53\x54\x52\x55\x43\x54\x5f\x4f\x50\x53\x28\x6e\
\x65\x73\x74\x5f\x64\x69\x73\x70\x61\x74\x63\x68\x2c\x20\x73\x33\x32\x20\x63\
\x70\x75\x2c\x20\x73\x74\x72\x75\x63\x74\x20\x74\x61\x73\x6b\x5f\x73\x74\x72\
\x75\x63\x74\x20\x2a\x70\x72\x65\x76\x29\0\x09\x73\x33\x32\x20\x6b\x65\x79\x20\
\x3d\x20\x63\x70\x75\x3b\0\x09\x09\x73\x63\x78\x5f\x62\x70\x66\x5f\x65\x72\x72\
\x6f\x72\x28\x22\x4e\x6f\x20\x70\x72\x69\x6d\x61\x72\x79\x20\x6f\x72\x20\x72\
\x65\x73\x65\x72\x76\x65\x20\x63\x70\x75\x6d\x61\x73\x6b\x22\x29\x3b\0\x09\x70\
\x63\x70\x75\x5f\x63\x74\x78\x20\x3d\x20\x62\x70\x66\x5f\x6d\x61\x70\x5f\x6c\
\x6f\x6f\x6b\x75\x70\x5f\x65\x6c\x65\x6d\x28\x26\x70\x63\x70\x75\x5f\x63\x74\
\x78\x73\x2c\x20\x26\x6b\x65\x79\x29\x3b\0\x09\x69\x66\x20\x28\x21\x73\x63\x78\
\x5f\x62\x70\x66\x5f\x63\x6f\x6e\x73\x75\x6d\x65\x28\x46\x41\x4c\x4c\x42\x41\
\x43\x4b\x5f\x44\x53\x51\x5f\x49\x44\x29\x29\x20\x7b\0\x09\x09\x69\x6e\x5f\x70\
\x72\x69\x6d\x61\x72\x79\x20\x3d\x20\x62\x70\x66\x5f\x63\x70\x75\x6d\x61\x73\
\x6b\x5f\x74\x65\x73\x74\x5f\x63\x70\x75\x28\x63\x70\x75\x2c\x20\x63\x61\x73\
\x74\x5f\x6d\x61\x73\x6b\x28\x70\x72\x69\x6d\x61\x72\x79\x29\x29\x3b\0\x09\x09\
\x69\x66\x20\x28\x70\x72\x65\x76\x20\x26\x26\x20\x28\x70\x72\x65\x76\x2d\x3e\
\x73\x63\x78\x2e\x66\x6c\x61\x67\x73\x20\x26\x20\x53\x43\x58\x5f\x54\x41\x53\
\x4b\x5f\x51\x55\x45\x55\x45\x44\x29\x20\x26\x26\x20\x69\x6e\x5f\x70\x72\x69\
\x6d\x61\x72\x79\x29\x20\x7b\0\x09\x09\x09\x73\x63\x78\x5f\x62\x70\x66\x5f\x64\
\x69\x73\x70\x61\x74\x63\x68\x28\x70\x72\x65\x76\x2c\x20\x53\x43\x58\x5f\x44\
\x53\x51\x5f\x4c\x4f\x43\x41\x4c\x2c\x20\x73\x6c\x69\x63\x65\x5f\x6e\x73\x2c\
\x20\x30\x29\x3b\0\x09\x09\x09\x72\x65\x74\x75\x72\x6e\x3b\0\x09\x09\x69\x66\
\x20\x28\x69\x6e\x5f\x70\x72\x69\x6d\x61\x72\x79\x29\x20\x7b\x20\x2f\x2f\x20\
\xe5\xa6\x82\xe6\x9e\x9c\xe6\xa0\xb8\xe5\xbf\x83\xe5\x9c\xa8\x20\x50\x72\x69\
\x6d\x61\x72\x79\x20\x4e\x65\x73\x74\0\x09\x09\x09\x69\x66\x20\x28\x28\x70\x72\
\x65\x76\x20\x26\x26\x20\x70\x72\x65\x76\x2d\x3e\x5f\x5f\x73\x74\x61\x74\x65\
\x20\x3d\x3d\x20\x54\x41\x53\x4b\x5f\x44\x45\x41\x44\x29\x20\x26\x26\0\x09\x09\
\x09\x20\x20\x20\x20\x28\x63\x70\x75\x20\x21\x3d\x20\x62\x70\x66\x5f\x63\x70\
\x75\x6d\x61\x73\x6b\x5f\x66\x69\x72\x73\x74\x28\x63\x61\x73\x74\x5f\x6d\x61\
\x73\x6b\x28\x70\x72\x69\x6d\x61\x72\x79\x29\x29\x29\x29\x20\x7b\0\x09\x09\x09\
\x09\x62\x70\x66\x5f\x63\x70\x75\x6d\x61\x73\x6b\x5f\x63\x6c\x65\x61\x72\x5f\
\x63\x70\x75\x28\x63\x70\x75\x2c\x20\x70\x72\x69\x6d\x61\x72\x79\x29\x3b\x2f\
\x2f\x20\xe4\xbb\x8e\x20\x50\x72\x69\x6d\x61\x72\x79\x20\x4e\x65\x73\x74\x20\
\xe4\xb8\xad\xe7\xa7\xbb\xe9\x99\xa4\xe6\xa0\xb8\xe5\xbf\x83\0\x09\x09\x09\x09\
\x70\x63\x70\x75\x5f\x63\x74\x78\x2d\x3e\x73\x63\x68\x65\x64\x75\x6c\x65\x64\
\x5f\x63\x6f\x6d\x70\x61\x63\x74\x69\x6f\x6e\x20\x3d\x20\x74\x72\x75\x65\x3b\
\x2f\x2f\x20\xe6\xa0\x87\xe8\xae\xb0\xe6\xa0\xb8\xe5\xbf\x83\xe9\x9c\x80\xe8\
\xa6\x81\xe5\x8e\x8b\xe7\xbc\xa9\0\x09\x09\x09\x09\x62\x70\x66\x5f\x74\x69\x6d\
\x65\x72\x5f\x73\x74\x61\x72\x74\x28\x26\x70\x63\x70\x75\x5f\x63\x74\x78\x2d\
\x3e\x74\x69\x6d\x65\x72\x2c\x20\x70\x5f\x72\x65\x6d\x6f\x76\x65\x5f\x6e\x73\
\x2c\0\x76\x6f\x69\x64\x20\x42\x50\x46\x5f\x53\x54\x52\x55\x43\x54\x5f\x4f\x50\
\x53\x28\x6e\x65\x73\x74\x5f\x72\x75\x6e\x6e\x69\x6e\x67\x2c\x20\x73\x74\x72\
\x75\x63\x74\x20\x74\x61\x73\x6b\x5f\x73\x74\x72\x75\x63\x74\x20\x2a\x70\x29\0\
\x09\x69\x66\x20\x28\x76\x74\x69\x6d\x65\x5f\x62\x65\x66\x6f\x72\x65\x28\x76\
\x74\x69\x6d\x65\x5f\x6e\x6f\x77\x2c\x20\x70\x2d\x3e\x73\x63\x78\x2e\x64\x73\
\x71\x5f\x76\x74\x69\x6d\x65\x29\x29\0\x09\x09\x76\x74\x69\x6d\x65\x5f\x6e\x6f\
\x77\x20\x3d\x20\x70\x2d\x3e\x73\x63\x78\x2e\x64\x73\x71\x5f\x76\x74\x69\x6d\
\x65\x3b\0\x76\x6f\x69\x64\x20\x42\x50\x46\x5f\x53\x54\x52\x55\x43\x54\x5f\x4f\
\x50\x53\x28\x6e\x65\x73\x74\x5f\x73\x74\x6f\x70\x70\x69\x6e\x67\x2c\x20\x73\
\x74\x72\x75\x63\x74\x20\x74\x61\x73\x6b\x5f\x73\x74\x72\x75\x63\x74\x20\x2a\
\x70\x2c\x20\x62\x6f\x6f\x6c\x20\x72\x75\x6e\x6e\x61\x62\x6c\x65\x29\0\x09\x70\
\x2d\x3e\x73\x63\x78\x2e\x64\x73\x71\x5f\x76\x74\x69\x6d\x65\x20\x2b\x3d\x20\
\x28\x73\x6c\x69\x63\x65\x5f\x6e\x73\x20\x2d\x20\x70\x2d\x3e\x73\x63\x78\x2e\
\x73\x6c\x69\x63\x65\x29\x20\x2a\x20\x31\x30\x30\x20\x2f\x20\x70\x2d\x3e\x73\
\x63\x78\x2e\x77\x65\x69\x67\x68\x74\x3b\0\x73\x33\x32\x20\x42\x50\x46\x5f\x53\
\x54\x52\x55\x43\x54\x5f\x4f\x50\x53\x28\x6e\x65\x73\x74\x5f\x69\x6e\x69\x74\
\x5f\x74\x61\x73\x6b\x2c\x20\x73\x74\x72\x75\x63\x74\x20\x74\x61\x73\x6b\x5f\
\x73\x74\x72\x75\x63\x74\x20\x2a\x70\x2c\0\x09\x74\x63\x74\x78\x20\x3d\x20\x62\
\x70\x66\x5f\x74\x61\x73\x6b\x5f\x73\x74\x6f\x72\x61\x67\x65\x5f\x67\x65\x74\
\x28\x26\x74\x61\x73\x6b\x5f\x63\x74\x78\x5f\x73\x74\x6f\x72\x2c\x20\x70\x2c\
\x20\x30\x2c\0\x09\x63\x70\x75\x6d\x61\x73\x6b\x20\x3d\x20\x62\x70\x66\x5f\x63\
\x70\x75\x6d\x61\x73\x6b\x5f\x63\x72\x65\x61\x74\x65\x28\x29\x3b\0\x09\x69\x66\
\x20\x28\x21\x63\x70\x75\x6d\x61\x73\x6b\x29\0\x09\x63\x70\x75\x6d\x61\x73\x6b\
\x20\x3d\x20\x62\x70\x66\x5f\x6b\x70\x74\x72\x5f\x78\x63\x68\x67\x28\x26\x74\
\x63\x74\x78\x2d\x3e\x74\x6d\x70\x5f\x6d\x61\x73\x6b\x2c\x20\x63\x70\x75\x6d\
\x61\x73\x6b\x29\x3b\0\x09\x69\x66\x20\x28\x63\x70\x75\x6d\x61\x73\x6b\x29\0\
\x09\x09\x62\x70\x66\x5f\x63\x70\x75\x6d\x61\x73\x6b\x5f\x72\x65\x6c\x65\x61\
\x73\x65\x28\x63\x70\x75\x6d\x61\x73\x6b\x29\x3b\0\x09\x74\x63\x74\x78\x2d\x3e\
\x70\x72\x65\x76\x5f\x63\x70\x75\x20\x3d\x20\x2d\x31\x3b\0\x09\x74\x63\x74\x78\
\x2d\x3e\x61\x74\x74\x61\x63\x68\x65\x64\x5f\x63\x6f\x72\x65\x20\x3d\x20\x2d\
\x31\x3b\0\x76\x6f\x69\x64\x20\x42\x50\x46\x5f\x53\x54\x52\x55\x43\x54\x5f\x4f\
\x50\x53\x28\x6e\x65\x73\x74\x5f\x65\x6e\x61\x62\x6c\x65\x2c\x20\x73\x74\x72\
\x75\x63\x74\x20\x74\x61\x73\x6b\x5f\x73\x74\x72\x75\x63\x74\x20\x2a\x70\x29\0\
\x09\x70\x2d\x3e\x73\x63\x78\x2e\x64\x73\x71\x5f\x76\x74\x69\x6d\x65\x20\x3d\
\x20\x76\x74\x69\x6d\x65\x5f\x6e\x6f\x77\x3b\0\x73\x33\x32\x20\x42\x50\x46\x5f\
\x53\x54\x52\x55\x43\x54\x5f\x4f\x50\x53\x5f\x53\x4c\x45\x45\x50\x41\x42\x4c\
\x45\x28\x6e\x65\x73\x74\x5f\x69\x6e\x69\x74\x29\0\x09\x75\x33\x32\x20\x6b\x65\
\x79\x20\x3d\x20\x30\x3b\0\x09\x65\x72\x72\x20\x3d\x20\x73\x63\x78\x5f\x62\x70\
\x66\x5f\x63\x72\x65\x61\x74\x65\x5f\x64\x73\x71\x28\x46\x41\x4c\x4c\x42\x41\
\x43\x4b\x5f\x44\x53\x51\x5f\x49\x44\x2c\x20\x4e\x55\x4d\x41\x5f\x4e\x4f\x5f\
\x4e\x4f\x44\x45\x29\x3b\0\x09\x69\x66\x20\x28\x65\x72\x72\x29\x20\x7b\0\x09\
\x09\x73\x63\x78\x5f\x62\x70\x66\x5f\x65\x72\x72\x6f\x72\x28\x22\x46\x61\x69\
\x6c\x65\x64\x20\x74\x6f\x20\x63\x72\x65\x61\x74\x65\x20\x66\x61\x6c\x6c\x62\
\x61\x63\x6b\x20\x44\x53\x51\x22\x29\x3b\0\x09\x62\x70\x66\x5f\x63\x70\x75\x6d\
\x61\x73\x6b\x5f\x63\x6c\x65\x61\x72\x28\x63\x70\x75\x6d\x61\x73\x6b\x29\x3b\0\
\x09\x63\x70\x75\x6d\x61\x73\x6b\x20\x3d\x20\x62\x70\x66\x5f\x6b\x70\x74\x72\
\x5f\x78\x63\x68\x67\x28\x26\x70\x72\x69\x6d\x61\x72\x79\x5f\x63\x70\x75\x6d\
\x61\x73\x6b\x2c\x20\x63\x70\x75\x6d\x61\x73\x6b\x29\x3b\0\x09\x63\x70\x75\x6d\
\x61\x73\x6b\x20\x3d\x20\x62\x70\x66\x5f\x6b\x70\x74\x72\x5f\x78\x63\x68\x67\
\x28\x26\x72\x65\x73\x65\x72\x76\x65\x5f\x63\x70\x75\x6d\x61\x73\x6b\x2c\x20\
\x63\x70\x75\x6d\x61\x73\x6b\x29\x3b\0\x09\x09\x73\x33\x32\x20\x6b\x65\x79\x20\
\x3d\x20\x63\x70\x75\x3b\0\x09\x09\x73\x74\x72\x75\x63\x74\x20\x70\x63\x70\x75\
\x5f\x63\x74\x78\x20\x2a\x63\x74\x78\x20\x3d\x20\x62\x70\x66\x5f\x6d\x61\x70\
\x5f\x6c\x6f\x6f\x6b\x75\x70\x5f\x65\x6c\x65\x6d\x28\x26\x70\x63\x70\x75\x5f\
\x63\x74\x78\x73\x2c\x20\x26\x6b\x65\x79\x29\x3b\0\x09\x09\x69\x66\x20\x28\x21\
\x63\x74\x78\x29\x20\x7b\0\x09\x09\x09\x73\x63\x78\x5f\x62\x70\x66\x5f\x65\x72\
\x72\x6f\x72\x28\x22\x46\x61\x69\x6c\x65\x64\x20\x74\x6f\x20\x6c\x6f\x6f\x6b\
\x75\x70\x20\x70\x63\x70\x75\x5f\x63\x74\x78\x22\x29\x3b\0\x09\x09\x63\x74\x78\
\x2d\x3e\x73\x63\x68\x65\x64\x75\x6c\x65\x64\x5f\x63\x6f\x6d\x70\x61\x63\x74\
\x69\x6f\x6e\x20\x3d\x20\x66\x61\x6c\x73\x65\x3b\0\x09\x09\x69\x66\x20\x28\x62\
\x70\x66\x5f\x74\x69\x6d\x65\x72\x5f\x69\x6e\x69\x74\x28\x26\x63\x74\x78\x2d\
\x3e\x74\x69\x6d\x65\x72\x2c\x20\x26\x70\x63\x70\x75\x5f\x63\x74\x78\x73\x2c\
\x20\x43\x4c\x4f\x43\x4b\x5f\x42\x4f\x4f\x54\x54\x49\x4d\x45\x29\x29\x20\x7b\0\
\x09\x09\x09\x73\x63\x78\x5f\x62\x70\x66\x5f\x65\x72\x72\x6f\x72\x28\x22\x46\
\x61\x69\x6c\x65\x64\x20\x74\x6f\x20\x69\x6e\x69\x74\x69\x61\x6c\x69\x7a\x65\
\x20\x70\x63\x70\x75\x20\x74\x69\x6d\x65\x72\x22\x29\x3b\0\x09\x09\x09\x73\x63\
\x78\x5f\x62\x70\x66\x5f\x65\x72\x72\x6f\x72\x28\x22\x46\x61\x69\x6c\x65\x64\
\x20\x74\x6f\x20\x73\x65\x74\x20\x70\x63\x70\x75\x20\x74\x69\x6d\x65\x72\x20\
\x63\x61\x6c\x6c\x62\x61\x63\x6b\x22\x29\x3b\0\x09\x09\x65\x72\x72\x20\x3d\x20\
\x62\x70\x66\x5f\x74\x69\x6d\x65\x72\x5f\x73\x65\x74\x5f\x63\x61\x6c\x6c\x62\
\x61\x63\x6b\x28\x26\x63\x74\x78\x2d\x3e\x74\x69\x6d\x65\x72\x2c\x20\x63\x6f\
\x6d\x70\x61\x63\x74\x5f\x70\x72\x69\x6d\x61\x72\x79\x5f\x63\x6f\x72\x65\x29\
\x3b\0\x09\x09\x69\x66\x20\x28\x65\x72\x72\x29\x20\x7b\0\x09\x74\x69\x6d\x65\
\x72\x20\x3d\x20\x62\x70\x66\x5f\x6d\x61\x70\x5f\x6c\x6f\x6f\x6b\x75\x70\x5f\
\x65\x6c\x65\x6d\x28\x26\x73\x74\x61\x74\x73\x5f\x74\x69\x6d\x65\x72\x2c\x20\
\x26\x6b\x65\x79\x29\x3b\0\x09\x69\x66\x20\x28\x21\x74\x69\x6d\x65\x72\x29\x20\
\x7b\0\x09\x09\x73\x63\x78\x5f\x62\x70\x66\x5f\x65\x72\x72\x6f\x72\x28\x22\x46\
\x61\x69\x6c\x65\x64\x20\x74\x6f\x20\x6c\x6f\x6f\x6b\x75\x70\x20\x63\x65\x6e\
\x74\x72\x61\x6c\x20\x74\x69\x6d\x65\x72\x22\x29\x3b\0\x09\x09\x72\x65\x74\x75\
\x72\x6e\x20\x2d\x45\x53\x52\x43\x48\x3b\0\x09\x62\x70\x66\x5f\x74\x69\x6d\x65\
\x72\x5f\x69\x6e\x69\x74\x28\x74\x69\x6d\x65\x72\x2c\x20\x26\x73\x74\x61\x74\
\x73\x5f\x74\x69\x6d\x65\x72\x2c\x20\x43\x4c\x4f\x43\x4b\x5f\x42\x4f\x4f\x54\
\x54\x49\x4d\x45\x29\x3b\0\x09\x62\x70\x66\x5f\x74\x69\x6d\x65\x72\x5f\x73\x65\
\x74\x5f\x63\x61\x6c\x6c\x62\x61\x63\x6b\x28\x74\x69\x6d\x65\x72\x2c\x20\x73\
\x74\x61\x74\x73\x5f\x74\x69\x6d\x65\x72\x66\x6e\x29\x3b\0\x76\x6f\x69\x64\x20\
\x42\x50\x46\x5f\x53\x54\x52\x55\x43\x54\x5f\x4f\x50\x53\x28\x6e\x65\x73\x74\
\x5f\x65\x78\x69\x74\x2c\x20\x73\x74\x72\x75\x63\x74\x20\x73\x63\x78\x5f\x65\
\x78\x69\x74\x5f\x69\x6e\x66\x6f\x20\x2a\x65\x69\x29\0\x09\x55\x45\x49\x5f\x52\
\x45\x43\x4f\x52\x44\x28\x75\x65\x69\x2c\x20\x65\x69\x29\x3b\0\x30\x3a\x35\0\
\x30\x3a\x31\x32\x37\0\x30\x3a\x32\x33\x3a\x31\x38\0\x30\x3a\x39\x32\0\x30\x3a\
\x33\x37\0\x30\x3a\x32\x33\x3a\x35\0\x30\x3a\x31\0\x30\x3a\x32\x33\x3a\x31\x37\
\0\x30\x3a\x32\x33\x3a\x36\0\x30\x3a\x32\0\x30\x3a\x36\0\x30\x3a\x30\0\x6c\x69\
\x63\x65\x6e\x73\x65\0\x2e\x72\x6f\x64\x61\x74\x61\0\x2e\x6d\x61\x70\x73\0\x2e\
\x62\x73\x73\0\x2e\x73\x74\x72\x75\x63\x74\x5f\x6f\x70\x73\x2e\x6c\x69\x6e\x6b\
\0\x2e\x64\x61\x74\x61\x2e\x75\x65\x69\x5f\x64\x75\x6d\x70\0\x2e\x64\x61\x74\
\x61\0\x2e\x64\x61\x74\x61\x2e\x4e\x45\x53\x54\x53\0\x2e\x6b\x73\x79\x6d\x73\0\
\x2e\x74\x65\x78\x74\0\x73\x74\x72\x75\x63\x74\x5f\x6f\x70\x73\x2f\x6e\x65\x73\
\x74\x5f\x73\x65\x6c\x65\x63\x74\x5f\x63\x70\x75\0\x73\x74\x72\x75\x63\x74\x5f\
\x6f\x70\x73\x2f\x6e\x65\x73\x74\x5f\x65\x6e\x71\x75\x65\x75\x65\0\x73\x74\x72\
\x75\x63\x74\x5f\x6f\x70\x73\x2f\x6e\x65\x73\x74\x5f\x64\x69\x73\x70\x61\x74\
\x63\x68\0\x73\x74\x72\x75\x63\x74\x5f\x6f\x70\x73\x2f\x6e\x65\x73\x74\x5f\x72\
\x75\x6e\x6e\x69\x6e\x67\0\x73\x74\x72\x75\x63\x74\x5f\x6f\x70\x73\x2f\x6e\x65\
\x73\x74\x5f\x73\x74\x6f\x70\x70\x69\x6e\x67\0\x73\x74\x72\x75\x63\x74\x5f\x6f\
\x70\x73\x2f\x6e\x65\x73\x74\x5f\x69\x6e\x69\x74\x5f\x74\x61\x73\x6b\0\x73\x74\
\x72\x75\x63\x74\x5f\x6f\x70\x73\x2f\x6e\x65\x73\x74\x5f\x65\x6e\x61\x62\x6c\
\x65\0\x73\x74\x72\x75\x63\x74\x5f\x6f\x70\x73\x2e\x73\x2f\x6e\x65\x73\x74\x5f\
\x69\x6e\x69\x74\0\x73\x74\x72\x75\x63\x74\x5f\x6f\x70\x73\x2f\x6e\x65\x73\x74\
\x5f\x65\x78\x69\x74\0\0\0\0\0\0\0\x9f\xeb\x01\0\x20\0\0\0\0\0\0\0\xcc\0\0\0\
\xcc\0\0\0\xec\x18\0\0\xb8\x19\0\0\xc4\x01\0\0\x08\0\0\0\x26\x5f\0\0\x04\0\0\0\
\0\0\0\0\x60\0\0\0\x10\0\0\0\xee\x01\0\0\xe8\x02\0\0\xf0\x01\0\0\x70\x05\0\0\
\xf1\x01\0\0\x2c\x5f\0\0\x01\0\0\0\0\0\0\0\x63\0\0\0\x47\x5f\0\0\x01\0\0\0\0\0\
\0\0\xc5\x01\0\0\x5f\x5f\0\0\x01\0\0\0\0\0\0\0\xc8\x01\0\0\x78\x5f\0\0\x01\0\0\
\0\0\0\0\0\xcd\x01\0\0\x90\x5f\0\0\x01\0\0\0\0\0\0\0\xce\x01\0\0\xa9\x5f\0\0\
\x01\0\0\0\0\0\0\0\xcf\x01\0\0\xc3\x5f\0\0\x01\0\0\0\0\0\0\0\xd4\x01\0\0\xda\
\x5f\0\0\x01\0\0\0\0\0\0\0\xd5\x01\0\0\xf1\x5f\0\0\x01\0\0\0\0\0\0\0\xe2\x01\0\
\0\x8d\x1f\0\0\x01\0\0\0\0\0\0\0\xeb\x01\0\0\x10\0\0\0\x26\x5f\0\0\x5c\0\0\0\0\
\0\0\0\x5b\x3e\0\0\x95\x3e\0\0\0\x0c\x05\0\x08\0\0\0\x5b\x3e\0\0\xcf\x3e\0\0\
\x02\x14\x05\0\x10\0\0\0\xf5\x3e\0\0\x27\x3f\0\0\x0c\xdc\x04\0\x18\0\0\0\xf5\
\x3e\0\0\x27\x3f\0\0\x06\xdc\x04\0\x40\0\0\0\xf5\x3e\0\0\x4e\x3f\0\0\x0f\xf8\
\x03\0\x58\0\0\0\xf5\x3e\0\0\x7f\x3f\0\0\x06\xfc\x03\0\x60\0\0\0\xf5\x3e\0\0\
\x8b\x3f\0\0\x0b\0\x04\0\x88\0\0\0\xf5\x3e\0\0\x99\x3f\0\0\x0d\0\x05\0\xa8\0\0\
\0\xf5\x3e\0\0\xed\x3f\0\0\x06\x04\x05\0\xb8\0\0\0\xf5\x3e\0\0\xff\x3f\0\0\x03\
\x08\x05\0\xf0\0\0\0\xf5\x3e\0\0\x5c\x40\0\0\x03\x0c\x05\0\xf8\0\0\0\xf5\x3e\0\
\0\x68\x40\0\0\x02\x14\x05\0\0\x01\0\0\xf5\x3e\0\0\x96\x40\0\0\x0c\x18\x05\0\
\x18\x01\0\0\xf5\x3e\0\0\xd9\x40\0\0\x0f\x20\x05\0\x48\x01\0\0\xf5\x3e\0\0\xf6\
\x40\0\0\x03\x24\x05\0\x80\x01\0\0\xf5\x3e\0\0\x64\x41\0\0\x03\x28\x05\0\x88\
\x01\0\0\xf5\x3e\0\0\x5c\x40\0\0\x03\x2c\x05\0\x90\x01\0\0\xf5\x3e\0\0\x7d\x41\
\0\0\x18\x3c\x05\0\x98\x01\0\0\xf5\x3e\0\0\x7d\x41\0\0\x02\x3c\x05\0\xa0\x01\0\
\0\xf5\x3e\0\0\xa3\x41\0\0\x19\x44\x05\0\xa8\x01\0\0\xf5\x3e\0\0\xd1\x41\0\0\
\x18\x60\x04\0\xc0\x01\0\0\xf5\x3e\0\0\xf2\x41\0\0\x14\x54\x04\0\xe8\x01\0\0\
\xf5\x3e\0\0\xd1\x41\0\0\x16\x60\x04\0\xf8\x01\0\0\xf5\x3e\0\0\x12\x42\0\0\x03\
\x74\x04\0\0\x02\0\0\xf5\x3e\0\0\x5f\x42\0\0\x03\x78\x04\0\x30\x02\0\0\xf5\x3e\
\0\0\x4e\x3f\0\0\x0f\xf8\x03\0\x48\x02\0\0\xf5\x3e\0\0\x7f\x3f\0\0\x06\xfc\x03\
\0\x50\x02\0\0\xf5\x3e\0\0\x8b\x3f\0\0\x0b\0\x04\0\x58\x02\0\0\xf5\x3e\0\0\xaf\
\x42\0\0\x03\x90\x04\0\x88\x02\0\0\xf5\x3e\0\0\x4e\x3f\0\0\x0f\xf8\x03\0\xa0\
\x02\0\0\xf5\x3e\0\0\x7f\x3f\0\0\x06\xfc\x03\0\xa8\x02\0\0\xf5\x3e\0\0\x8b\x3f\
\0\0\x0b\0\x04\0\xc0\x02\0\0\xf5\x3e\0\0\x01\x43\0\0\x02\x48\x05\0\xd0\x02\0\0\
\xf5\x3e\0\0\x22\x43\0\0\x21\x54\x05\0\xd8\x02\0\0\xf5\x3e\0\0\x4b\x43\0\0\x01\
\x5c\x05\0\xe8\x02\0\0\xf5\x3e\0\0\x4d\x43\0\0\0\x68\x05\0\xf0\x02\0\0\xf5\x3e\
\0\0\x8f\x43\0\0\x08\x70\x05\0\xf8\x02\0\0\xf5\x3e\0\0\x8f\x43\0\0\x0e\x70\x05\
\0\x40\x03\0\0\xf5\x3e\0\0\xaa\x43\0\0\x02\x7c\x05\0\x58\x03\0\0\xf5\x3e\0\0\
\xe9\x43\0\0\x0f\x84\x05\0\x88\x03\0\0\xf5\x3e\0\0\x24\x44\0\0\x05\x88\x05\0\
\xa0\x03\0\0\xf5\x3e\0\0\x30\x44\0\0\x0a\x98\x05\0\xb8\x03\0\0\xf5\x3e\0\0\x24\
\x44\0\0\x05\x9c\x05\0\xc8\x03\0\0\xf5\x3e\0\0\x69\x44\0\0\x16\xa0\x05\0\xd0\
\x03\0\0\xf5\x3e\0\0\xa7\x44\0\0\x27\xa4\x05\0\xe8\x03\0\0\xf5\x3e\0\0\xa7\x44\
\0\0\x1b\xa4\x05\0\0\x04\0\0\xf5\x3e\0\0\xa7\x44\0\0\x25\xa4\x05\0\x10\x04\0\0\
\xf5\x3e\0\0\xd8\x44\0\0\x11\x18\x04\0\x18\x04\0\0\xf5\x3e\0\0\xa7\x44\0\0\x07\
\xa4\x05\0\x20\x04\0\0\xf5\x3e\0\0\xf2\x44\0\0\x18\xa8\x05\0\x30\x04\0\0\xf5\
\x3e\0\0\x13\x45\0\0\x06\xbc\x05\0\x48\x04\0\0\xf5\x3e\0\0\x22\x45\0\0\x21\xc0\
\x05\0\x70\x04\0\0\xf5\x3e\0\0\x6e\x45\0\0\x0f\xc4\x05\0\x78\x04\0\0\xf5\x3e\0\
\0\x6e\x45\0\0\x06\xc4\x05\0\x88\x04\0\0\xf5\x3e\0\0\x81\x45\0\0\x05\xc8\x05\0\
\xa0\x04\0\0\xf5\x3e\0\0\x8f\x45\0\0\x0b\xcc\x05\0\xc0\x04\0\0\xf5\x3e\0\0\xbc\
\x45\0\0\x06\xd0\x05\0\xc8\x04\0\0\xf5\x3e\0\0\xc9\x45\0\0\x17\xd4\x05\0\xd0\
\x04\0\0\xf5\x3e\0\0\x08\x46\0\0\x28\xd8\x05\0\xe8\x04\0\0\xf5\x3e\0\0\x08\x46\
\0\0\x1c\xd8\x05\0\0\x05\0\0\xf5\x3e\0\0\x08\x46\0\0\x26\xd8\x05\0\x10\x05\0\0\
\xf5\x3e\0\0\xd8\x44\0\0\x11\x18\x04\0\x18\x05\0\0\xf5\x3e\0\0\x08\x46\0\0\x08\
\xd8\x05\0\x68\x05\0\0\xf5\x3e\0\0\x4b\x43\0\0\x01\xfc\x05\0\x70\x05\0\0\xf5\
\x3e\0\0\x3a\x46\0\0\0\xbc\x0b\0\x78\x05\0\0\xf5\x3e\0\0\x81\x46\0\0\x16\xd4\
\x0b\0\x98\x05\0\0\xf5\x3e\0\0\x9b\x46\0\0\x15\xd0\x0b\0\xb0\x05\0\0\xf5\x3e\0\
\0\xb4\x46\0\0\x13\xd8\x0b\0\xc8\x05\0\0\xf5\x3e\0\0\xcb\x46\0\0\x12\xdc\x0b\0\
\xe0\x05\0\0\xf5\x3e\0\0\xe1\x46\0\0\x02\xe8\x0b\0\xe8\x05\0\0\xf5\x3e\0\0\xf7\
\x46\0\0\x0c\xec\x0b\0\0\x06\0\0\xf5\x3e\0\0\xd9\x40\0\0\x0f\xf4\x0b\0\x30\x06\
\0\0\xf5\x3e\0\0\x64\x41\0\0\x03\xf8\x0b\0\x38\x06\0\0\xf5\x3e\0\0\x13\x47\0\0\
\x03\xfc\x0b\0\x70\x06\0\0\xf5\x3e\0\0\x4b\x47\0\0\x09\x0c\x0c\0\x80\x06\0\0\
\xf5\x3e\0\0\x6f\x47\0\0\x02\x10\x0c\0\xc0\x06\0\0\xf5\x3e\0\0\x6f\x47\0\0\x02\
\x10\x0c\0\0\x07\0\0\xf5\x3e\0\0\x6f\x47\0\0\x02\x10\x0c\0\x18\x07\0\0\xf5\x3e\
\0\0\x6f\x47\0\0\x02\x10\x0c\0\x20\x07\0\0\xf5\x3e\0\0\x8b\x47\0\0\x02\x3c\x0c\
\0\x28\x07\0\0\xf5\x3e\0\0\xa3\x47\0\0\x02\x40\x0c\0\x38\x07\0\0\xf5\x3e\0\0\
\xc4\x47\0\0\x1f\x48\x0c\0\x50\x07\0\0\xf5\x3e\0\0\xc4\x47\0\0\x33\x48\x0c\0\
\x60\x07\0\0\xf5\x3e\0\0\xc4\x47\0\0\x08\x48\x0c\0\x78\x07\0\0\xf5\x3e\0\0\x02\
\x48\0\0\x06\x4c\x0c\0\x88\x07\0\0\xf5\x3e\0\0\x0c\x48\0\0\x07\x14\x0c\0\xc0\
\x07\0\0\xf5\x3e\0\0\x41\x48\0\0\x0c\x1c\x0c\0\x30\x08\0\0\xf5\x3e\0\0\x7b\x48\
\0\0\x07\x30\x0c\0\x68\x08\0\0\xf5\x3e\0\0\xa2\x48\0\0\x14\x34\x0c\0\x90\x08\0\
\0\xf5\x3e\0\0\x6f\x47\0\0\x02\x10\x0c\0\xa8\x08\0\0\xf5\x3e\0\0\xc7\x48\0\0\
\x03\x50\x0c\0\xe0\x08\0\0\xf5\x3e\0\0\x4b\x43\0\0\x01\x5c\x0c\0\x2c\x5f\0\0\
\x85\0\0\0\0\0\0\0\xf5\x3e\0\0\xf5\x48\0\0\x05\x04\x06\0\x18\0\0\0\xf5\x3e\0\0\
\x3e\x49\0\0\x09\x2c\x06\0\x58\0\0\0\xf5\x3e\0\0\x75\x49\0\0\x06\x30\x06\0\x60\
\0\0\0\xf5\x3e\0\0\xe1\x46\0\0\x02\x40\x06\0\x68\0\0\0\xf5\x3e\0\0\x81\x49\0\0\
\x11\x44\x06\0\x70\0\0\0\xf5\x3e\0\0\x9b\x49\0\0\x0e\x50\x06\0\xc8\0\0\0\xf5\
\x3e\0\0\xc3\x49\0\0\x03\x28\x08\0\xd8\0\0\0\xf5\x3e\0\0\xd1\x49\0\0\x11\x64\
\x06\0\xe0\0\0\0\xf5\x3e\0\0\xed\x49\0\0\x1d\x6c\x06\0\xe8\0\0\0\xf5\x3e\0\0\
\xed\x49\0\0\x02\x6c\x06\0\0\x01\0\0\xf5\x3e\0\0\x28\x4a\0\0\x21\x7c\x06\0\x08\
\x01\0\0\xf5\x3e\0\0\x28\x4a\0\0\x06\x7c\x06\0\x20\x01\0\0\xf5\x3e\0\0\x28\x4a\
\0\0\x43\x7c\x06\0\x28\x01\0\0\xf5\x3e\0\0\x6d\x4a\0\0\x2c\x80\x06\0\x30\x01\0\
\0\xf5\x3e\0\0\x6d\x4a\0\0\x06\x80\x06\0\x40\x01\0\0\xf5\x3e\0\0\x28\x4a\0\0\
\x43\x7c\x06\0\x48\x01\0\0\xf5\x3e\0\0\xaa\x4a\0\0\x0f\x84\x06\0\x50\x01\0\0\
\xf5\x3e\0\0\xaa\x4a\0\0\x07\x84\x06\0\x78\x01\0\0\xf5\x3e\0\0\x4e\x3f\0\0\x0f\
\xf8\x03\0\x90\x01\0\0\xf5\x3e\0\0\x7f\x3f\0\0\x06\xfc\x03\0\x98\x01\0\0\xf5\
\x3e\0\0\x8b\x3f\0\0\x0b\0\x04\0\xa0\x01\0\0\xf5\x3e\0\0\xc7\x4a\0\0\x18\xb4\
\x06\0\xa8\x01\0\0\xf5\x3e\0\0\xc7\x4a\0\0\x26\xb4\x06\0\xb0\x01\0\0\xf5\x3e\0\
\0\xef\x4a\0\0\x06\xb8\x06\0\xd0\x01\0\0\xf5\x3e\0\0\xef\x4a\0\0\x38\xb8\x06\0\
\xd8\x01\0\0\xf5\x3e\0\0\x29\x4b\0\0\x06\xbc\x06\0\xf0\x01\0\0\xf5\x3e\0\0\xef\
\x4a\0\0\x38\xb8\x06\0\xf8\x01\0\0\xf5\x3e\0\0\x5b\x4b\0\0\x07\xc0\x06\0\x20\
\x02\0\0\xf5\x3e\0\0\x4e\x3f\0\0\x0f\xf8\x03\0\x38\x02\0\0\xf5\x3e\0\0\x7f\x3f\
\0\0\x06\xfc\x03\0\x40\x02\0\0\xf5\x3e\0\0\x8b\x3f\0\0\x0b\0\x04\0\x68\x02\0\0\
\xf5\x3e\0\0\x6d\x4b\0\0\x15\x68\x08\0\x80\x02\0\0\xf5\x3e\0\0\x86\x4b\0\0\x0d\
\x6c\x08\0\xa0\x02\0\0\xf5\x3e\0\0\xb9\x4b\0\0\x06\x74\x08\0\xa8\x02\0\0\xf5\
\x3e\0\0\xca\x4b\0\0\x11\x78\x08\0\xb0\x02\0\0\xf5\x3e\0\0\xca\x4b\0\0\x07\x78\
\x08\0\xb8\x02\0\0\xf5\x3e\0\0\xf2\x4b\0\0\x08\x84\x08\0\xc8\x02\0\0\xf5\x3e\0\
\0\xf2\x4b\0\0\x2b\x84\x08\0\xd8\x02\0\0\xf5\x3e\0\0\x21\x4c\0\0\x05\x88\x08\0\
\x10\x03\0\0\xf5\x3e\0\0\x53\x4c\0\0\x08\x90\x08\0\x40\x03\0\0\xf5\x3e\0\0\x9a\
\x4c\0\0\x05\x94\x08\0\x80\x03\0\0\xf5\x3e\0\0\xcc\x4c\0\0\x23\x9c\x08\0\xa8\
\x03\0\0\xf5\x3e\0\0\x4e\x3f\0\0\x0f\xf8\x03\0\xc0\x03\0\0\xf5\x3e\0\0\x7f\x3f\
\0\0\x06\xfc\x03\0\xc8\x03\0\0\xf5\x3e\0\0\x8b\x3f\0\0\x0b\0\x04\0\xe8\x03\0\0\
\xf5\x3e\0\0\xf7\x4c\0\0\x06\xdc\x06\0\x08\x04\0\0\xf5\x3e\0\0\x0f\x4d\0\0\x09\
\xe4\x06\0\x20\x04\0\0\xf5\x3e\0\0\x0f\x4d\0\0\x07\xe4\x06\0\x28\x04\0\0\xf5\
\x3e\0\0\x40\x4d\0\0\x0b\xec\x06\0\x50\x04\0\0\xf5\x3e\0\0\x4e\x3f\0\0\x0f\xf8\
\x03\0\x68\x04\0\0\xf5\x3e\0\0\x7f\x3f\0\0\x06\xfc\x03\0\x70\x04\0\0\xf5\x3e\0\
\0\x8b\x3f\0\0\x0b\0\x04\0\x78\x04\0\0\xf5\x3e\0\0\x52\x4d\0\0\x08\x0c\x07\0\
\x90\x04\0\0\xf5\x3e\0\0\x52\x4d\0\0\x06\x0c\x07\0\x98\x04\0\0\xf5\x3e\0\0\x86\
\x4d\0\0\x0a\x10\x07\0\xc0\x04\0\0\xf5\x3e\0\0\x4e\x3f\0\0\x0f\xf8\x03\0\xd8\
\x04\0\0\xf5\x3e\0\0\x7f\x3f\0\0\x06\xfc\x03\0\xe0\x04\0\0\xf5\x3e\0\0\x8b\x3f\
\0\0\x0b\0\x04\0\xf0\x04\0\0\xf5\x3e\0\0\x97\x4d\0\0\x03\xb0\x08\0\x28\x05\0\0\
\xf5\x3e\0\0\xc5\x4d\0\0\x16\xbc\x08\0\x30\x05\0\0\xf5\x3e\0\0\xc5\x4d\0\0\x02\
\xbc\x08\0\x40\x05\0\0\xf5\x3e\0\0\xe9\x4d\0\0\x1b\xf0\x08\0\x48\x05\0\0\xf5\
\x3e\0\0\xe9\x4d\0\0\x06\xf0\x08\0\x70\x05\0\0\xf5\x3e\0\0\x1f\x4e\0\0\x03\xf4\
\x08\0\x90\x05\0\0\xf5\x3e\0\0\x48\x4e\0\0\x19\xf8\x08\0\x98\x05\0\0\xf5\x3e\0\
\0\x48\x4e\0\0\x03\xf8\x08\0\xa8\x05\0\0\xf5\x3e\0\0\x8b\x47\0\0\x02\0\x09\0\
\xb0\x05\0\0\xf5\x3e\0\0\x6f\x4e\0\0\x0c\xb4\x04\0\xb8\x05\0\0\xf5\x3e\0\0\x8f\
\x4e\0\0\x22\x08\x09\0\xc8\x05\0\0\xf5\x3e\0\0\x6f\x4e\0\0\x15\xb4\x04\0\xd0\
\x05\0\0\xf5\x3e\0\0\xb6\x4e\0\0\x17\xb8\x04\0\xd8\x05\0\0\xf5\x3e\0\0\x28\x4f\
\0\0\x11\xbc\x04\0\xe0\x05\0\0\xf5\x3e\0\0\x6b\x4f\0\0\x0c\x18\x09\0\xf8\x05\0\
\0\xf5\x3e\0\0\x8d\x4f\0\0\x09\x1c\x09\0\0\x06\0\0\xf5\x3e\0\0\x9b\x4f\0\0\x2a\
\x20\x09\0\x28\x06\0\0\xf5\x3e\0\0\x9b\x4f\0\0\x28\x20\x09\0\x30\x06\0\0\xf5\
\x3e\0\0\x9b\x4f\0\0\x31\x20\x09\0\x48\x06\0\0\xf5\x3e\0\0\x9b\x4f\0\0\x03\x20\
\x09\0\x60\x06\0\0\xf5\x3e\0\0\xd9\x4f\0\0\x09\x28\x09\0\x68\x06\0\0\xf5\x3e\0\
\0\xf5\x48\0\0\x05\x04\x06\0\x80\x06\0\0\xf5\x3e\0\0\xe6\x4f\0\0\x06\x30\x07\0\
\x98\x06\0\0\xf5\x3e\0\0\xe6\x4f\0\0\x16\x30\x07\0\xa0\x06\0\0\xf5\x3e\0\0\xe6\
\x4f\0\0\x19\x30\x07\0\xb8\x06\0\0\xf5\x3e\0\0\xe6\x4f\0\0\x30\x30\x07\0\xc0\
\x06\0\0\xf5\x3e\0\0\xe6\x4f\0\0\x16\x30\x07\0\xd0\x06\0\0\xf5\x3e\0\0\x6d\x4b\
\0\0\x15\x38\x07\0\xf8\x06\0\0\xf5\x3e\0\0\x4e\x3f\0\0\x0f\xf8\x03\0\x10\x07\0\
\0\xf5\x3e\0\0\x7f\x3f\0\0\x06\xfc\x03\0\x18\x07\0\0\xf5\x3e\0\0\x8b\x3f\0\0\
\x0b\0\x04\0\x38\x07\0\0\xf5\x3e\0\0\x24\x50\0\0\x1d\x58\x07\0\x40\x07\0\0\xf5\
\x3e\0\0\x24\x50\0\0\x02\x58\x07\0\x58\x07\0\0\xf5\x3e\0\0\xf7\x4c\0\0\x06\x5c\
\x07\0\x78\x07\0\0\xf5\x3e\0\0\x0f\x4d\0\0\x09\x60\x07\0\x90\x07\0\0\xf5\x3e\0\
\0\x0f\x4d\0\0\x07\x60\x07\0\x98\x07\0\0\xf5\x3e\0\0\x40\x4d\0\0\x0b\x68\x07\0\
\xc0\x07\0\0\xf5\x3e\0\0\x4e\x3f\0\0\x0f\xf8\x03\0\xd8\x07\0\0\xf5\x3e\0\0\x7f\
\x3f\0\0\x06\xfc\x03\0\xe0\x07\0\0\xf5\x3e\0\0\x8b\x3f\0\0\x0b\0\x04\0\x08\x08\
\0\0\xf5\x3e\0\0\x52\x4d\0\0\x08\x88\x07\0\x20\x08\0\0\xf5\x3e\0\0\x52\x4d\0\0\
\x06\x88\x07\0\x28\x08\0\0\xf5\x3e\0\0\x86\x4d\0\0\x0a\x8c\x07\0\x50\x08\0\0\
\xf5\x3e\0\0\x4e\x3f\0\0\x0f\xf8\x03\0\x70\x08\0\0\xf5\x3e\0\0\x7f\x3f\0\0\x06\
\xfc\x03\0\x78\x08\0\0\xf5\x3e\0\0\x8b\x3f\0\0\x0b\0\x04\0\xb0\x08\0\0\xf5\x3e\
\0\0\x4e\x3f\0\0\x0f\xf8\x03\0\xc8\x08\0\0\xf5\x3e\0\0\x7f\x3f\0\0\x06\xfc\x03\
\0\xd0\x08\0\0\xf5\x3e\0\0\x8b\x3f\0\0\x0b\0\x04\0\xf8\x08\0\0\xf5\x3e\0\0\x5f\
\x50\0\0\x21\xac\x07\0\0\x09\0\0\xf5\x3e\0\0\x5f\x50\0\0\x08\xac\x07\0\x18\x09\
\0\0\xf5\x3e\0\0\x5f\x50\0\0\x06\xac\x07\0\x28\x09\0\0\xf5\x3e\0\0\x86\x4d\0\0\
\x0a\xb0\x07\0\x50\x09\0\0\xf5\x3e\0\0\x4e\x3f\0\0\x0f\xf8\x03\0\x68\x09\0\0\
\xf5\x3e\0\0\x7f\x3f\0\0\x06\xfc\x03\0\x70\x09\0\0\xf5\x3e\0\0\x8b\x3f\0\0\x0b\
\0\x04\0\x88\x09\0\0\xf5\x3e\0\0\xc8\x50\0\0\x07\x04\x08\0\xb0\x09\0\0\xf5\x3e\
\0\0\x2e\x51\0\0\x0c\x0c\x08\0\xe8\x09\0\0\xf5\x3e\0\0\xd1\x41\0\0\x18\x60\x04\
\0\0\x0a\0\0\xf5\x3e\0\0\xf2\x41\0\0\x14\x54\x04\0\x28\x0a\0\0\xf5\x3e\0\0\xd1\
\x41\0\0\x16\x60\x04\0\x38\x0a\0\0\xf5\x3e\0\0\x12\x42\0\0\x03\x74\x04\0\x40\
\x0a\0\0\xf5\x3e\0\0\x5f\x42\0\0\x03\x78\x04\0\x78\x0a\0\0\xf5\x3e\0\0\x4e\x3f\
\0\0\x0f\xf8\x03\0\x90\x0a\0\0\xf5\x3e\0\0\x7f\x3f\0\0\x06\xfc\x03\0\x98\x0a\0\
\0\xf5\x3e\0\0\x8b\x3f\0\0\x0b\0\x04\0\xb0\x0a\0\0\xf5\x3e\0\0\xc3\x49\0\0\x0a\
\x28\x08\0\xb8\x0a\0\0\xf5\x3e\0\0\x64\x41\0\0\x03\x24\x08\0\xc0\x0a\0\0\xf5\
\x3e\0\0\xc3\x49\0\0\x03\x28\x08\0\xc8\x0a\0\0\xf5\x3e\0\0\x8b\x47\0\0\x02\x34\
\x08\0\xe0\x0a\0\0\xf5\x3e\0\0\xa3\x51\0\0\x02\x38\x08\0\xe8\x0a\0\0\xf5\x3e\0\
\0\xaf\x42\0\0\x03\x90\x04\0\x20\x0b\0\0\xf5\x3e\0\0\x4e\x3f\0\0\x0f\xf8\x03\0\
\x38\x0b\0\0\xf5\x3e\0\0\x7f\x3f\0\0\x06\xfc\x03\0\x40\x0b\0\0\xf5\x3e\0\0\x8b\
\x3f\0\0\x0b\0\x04\0\x47\x5f\0\0\x13\0\0\0\0\0\0\0\xf5\x3e\0\0\x2d\x53\0\0\x06\
\x34\x09\0\x08\0\0\0\xf5\x3e\0\0\x75\x53\0\0\x15\x40\x09\0\x10\0\0\0\xf5\x3e\0\
\0\x2d\x53\0\0\x06\x34\x09\0\x20\0\0\0\xf5\x3e\0\0\x3e\x49\0\0\x09\x48\x09\0\
\x50\0\0\0\xf5\x3e\0\0\xb2\x53\0\0\x06\x4c\x09\0\x58\0\0\0\xf5\x3e\0\0\xc0\x53\
\0\0\x03\x50\x09\0\x90\0\0\0\xf5\x3e\0\0\xec\x53\0\0\x03\x54\x09\0\x98\0\0\0\
\xf5\x3e\0\0\xf6\x53\0\0\x1a\x74\x09\0\xb0\0\0\0\xf5\x3e\0\0\xf6\x53\0\0\x24\
\x74\x09\0\xc0\0\0\0\xf5\x3e\0\0\xf6\x53\0\0\x26\x74\x09\0\xd8\0\0\0\xf5\x3e\0\
\0\xd8\x44\0\0\x11\x18\x04\0\xe0\0\0\0\xf5\x3e\0\0\xf6\x53\0\0\x06\x74\x09\0\
\xe8\0\0\0\xf5\x3e\0\0\x26\x54\0\0\x17\x78\x09\0\xf0\0\0\0\xf5\x3e\0\0\x26\x54\
\0\0\x15\x78\x09\0\0\x01\0\0\xf5\x3e\0\0\x46\x54\0\0\x0c\x84\x09\0\x18\x01\0\0\
\xf5\x3e\0\0\x8d\x4f\0\0\x09\x88\x09\0\x20\x01\0\0\xf5\x3e\0\0\x70\x54\0\0\x2e\
\x8c\x09\0\x38\x01\0\0\xf5\x3e\0\0\x70\x54\0\0\x03\x8c\x09\0\x60\x01\0\0\xf5\
\x3e\0\0\x2d\x53\0\0\x06\x34\x09\0\x5f\x5f\0\0\x34\0\0\0\0\0\0\0\xf5\x3e\0\0\
\xae\x54\0\0\x0c\xc0\x09\0\x18\0\0\0\xf5\x3e\0\0\xca\x54\0\0\x06\xa0\x09\0\x28\
\0\0\0\xf5\x3e\0\0\x10\x55\0\0\x06\xb0\x09\0\x30\0\0\0\xf5\x3e\0\0\xf7\x46\0\0\
\x0c\xbc\x09\0\x48\0\0\0\xf5\x3e\0\0\xd9\x40\0\0\x0f\xc4\x09\0\x60\0\0\0\xf5\
\x3e\0\0\x20\x55\0\0\x03\xc8\x09\0\xa0\0\0\0\xf5\x3e\0\0\x52\x55\0\0\x0d\xd8\
\x09\0\xb8\0\0\0\xf5\x3e\0\0\xed\x3f\0\0\x06\xdc\x09\0\xc8\0\0\0\xf5\x3e\0\0\
\x97\x4d\0\0\x03\xe0\x09\0\0\x01\0\0\xf5\x3e\0\0\xca\x54\0\0\x06\xa0\x09\0\x10\
\x01\0\0\xf5\x3e\0\0\x85\x55\0\0\x07\xf4\x09\0\x28\x01\0\0\xf5\x3e\0\0\x85\x55\
\0\0\x06\xf4\x09\0\x30\x01\0\0\xf5\x3e\0\0\xaf\x55\0\0\x10\xfc\x09\0\x48\x01\0\
\0\xf5\x3e\0\0\xed\x55\0\0\x0c\x10\x0a\0\x50\x01\0\0\xf5\x3e\0\0\xed\x55\0\0\
\x1a\x10\x0a\0\x58\x01\0\0\xf5\x3e\0\0\xed\x55\0\0\x33\x10\x0a\0\x70\x01\0\0\
\xf5\x3e\0\0\x30\x56\0\0\x2a\x14\x0a\0\x88\x01\0\0\xf5\x3e\0\0\x30\x56\0\0\x04\
\x14\x0a\0\xb0\x01\0\0\xf5\x3e\0\0\x67\x56\0\0\x04\x18\x0a\0\xe0\x01\0\0\xf5\
\x3e\0\0\x4e\x3f\0\0\x0f\xf8\x03\0\xf8\x01\0\0\xf5\x3e\0\0\x7f\x3f\0\0\x06\xfc\
\x03\0\0\x02\0\0\xf5\x3e\0\0\x8b\x3f\0\0\x0b\0\x04\0\x20\x02\0\0\xf5\x3e\0\0\
\x72\x56\0\0\x07\x2c\x0a\0\x30\x02\0\0\xf5\x3e\0\0\xa6\x56\0\0\x0e\x6c\x0a\0\
\x38\x02\0\0\xf5\x3e\0\0\xa6\x56\0\0\x17\x6c\x0a\0\x40\x02\0\0\xf5\x3e\0\0\xa6\
\x56\0\0\x2d\x6c\x0a\0\x48\x02\0\0\xf5\x3e\0\0\xd5\x56\0\0\x10\x70\x0a\0\x58\
\x02\0\0\xf5\x3e\0\0\xa6\x56\0\0\x2d\x6c\x0a\0\x80\x02\0\0\xf5\x3e\0\0\x4e\x3f\
\0\0\x0f\xf8\x03\0\x98\x02\0\0\xf5\x3e\0\0\x7f\x3f\0\0\x06\xfc\x03\0\xa0\x02\0\
\0\xf5\x3e\0\0\x8b\x3f\0\0\x0b\0\x04\0\xb8\x02\0\0\xf5\x3e\0\0\x0e\x57\0\0\x05\
\x7c\x0a\0\xd0\x02\0\0\xf5\x3e\0\0\xd1\x41\0\0\x18\x60\x04\0\xe8\x02\0\0\xf5\
\x3e\0\0\xf2\x41\0\0\x14\x54\x04\0\x10\x03\0\0\xf5\x3e\0\0\xd1\x41\0\0\x16\x60\
\x04\0\x20\x03\0\0\xf5\x3e\0\0\x12\x42\0\0\x03\x74\x04\0\x28\x03\0\0\xf5\x3e\0\
\0\x5f\x42\0\0\x03\x78\x04\0\x60\x03\0\0\xf5\x3e\0\0\x4e\x3f\0\0\x0f\xf8\x03\0\
\x78\x03\0\0\xf5\x3e\0\0\x7f\x3f\0\0\x06\xfc\x03\0\x80\x03\0\0\xf5\x3e\0\0\x8b\
\x3f\0\0\x0b\0\x04\0\x98\x03\0\0\xf5\x3e\0\0\x5a\x57\0\0\x24\x8c\x0a\0\xa0\x03\
\0\0\xf5\x3e\0\0\xa0\x57\0\0\x27\xb0\x0a\0\xb8\x03\0\0\xf5\x3e\0\0\xa0\x57\0\0\
\x05\xb0\x0a\0\xe8\x03\0\0\xf5\x3e\0\0\x4e\x3f\0\0\x0f\xf8\x03\0\0\x04\0\0\xf5\
\x3e\0\0\x7f\x3f\0\0\x06\xfc\x03\0\x08\x04\0\0\xf5\x3e\0\0\x8b\x3f\0\0\x0b\0\
\x04\0\x10\x04\0\0\xf5\x3e\0\0\xaf\x42\0\0\x03\x90\x04\0\x48\x04\0\0\xf5\x3e\0\
\0\x4e\x3f\0\0\x0f\xf8\x03\0\x60\x04\0\0\xf5\x3e\0\0\x7f\x3f\0\0\x06\xfc\x03\0\
\x68\x04\0\0\xf5\x3e\0\0\x8b\x3f\0\0\x0b\0\x04\0\x90\x04\0\0\xf5\x3e\0\0\x4e\
\x3f\0\0\x0f\xf8\x03\0\xa8\x04\0\0\xf5\x3e\0\0\x7f\x3f\0\0\x06\xfc\x03\0\x78\
\x5f\0\0\x08\0\0\0\0\0\0\0\xf5\x3e\0\0\xd3\x57\0\0\x06\xe0\x0a\0\x08\0\0\0\xf5\
\x3e\0\0\x0c\x58\0\0\x13\0\x0b\0\x20\0\0\0\xf5\x3e\0\0\x0c\x58\0\0\x25\0\x0b\0\
\x28\0\0\0\xf5\x3e\0\0\xd8\x44\0\0\x11\x18\x04\0\x30\0\0\0\xf5\x3e\0\0\x0c\x58\
\0\0\x06\0\x0b\0\x38\0\0\0\xf5\x3e\0\0\x3c\x58\0\0\x16\x04\x0b\0\x40\0\0\0\xf5\
\x3e\0\0\x3c\x58\0\0\x0d\x04\x0b\0\x48\0\0\0\xf5\x3e\0\0\xd3\x57\0\0\x06\xe0\
\x0a\0\x90\x5f\0\0\x09\0\0\0\0\0\0\0\xf5\x3e\0\0\x5c\x58\0\0\x06\x14\x0b\0\x08\
\0\0\0\xf5\x3e\0\0\xa5\x58\0\0\x17\x20\x0b\0\x20\0\0\0\xf5\x3e\0\0\xa5\x58\0\0\
\x29\x20\x0b\0\x28\0\0\0\xf5\x3e\0\0\xa5\x58\0\0\x20\x20\x0b\0\x30\0\0\0\xf5\
\x3e\0\0\xa5\x58\0\0\x3f\x20\x0b\0\x38\0\0\0\xf5\x3e\0\0\xa5\x58\0\0\x30\x20\
\x0b\0\x40\0\0\0\xf5\x3e\0\0\xa5\x58\0\0\x36\x20\x0b\0\x48\0\0\0\xf5\x3e\0\0\
\xa5\x58\0\0\x13\x20\x0b\0\x60\0\0\0\xf5\x3e\0\0\x5c\x58\0\0\x06\x14\x0b\0\xa9\
\x5f\0\0\x0b\0\0\0\0\0\0\0\xf5\x3e\0\0\xeb\x58\0\0\x05\x30\x0b\0\x08\0\0\0\xf5\
\x3e\0\0\x25\x59\0\0\x09\x58\x0b\0\x40\0\0\0\xf5\x3e\0\0\x75\x49\0\0\x06\x60\
\x0b\0\x48\0\0\0\xf5\x3e\0\0\x58\x59\0\0\x0c\x6c\x0b\0\x50\0\0\0\xf5\x3e\0\0\
\x79\x59\0\0\x06\x70\x0b\0\x58\0\0\0\xf5\x3e\0\0\x88\x59\0\0\x0c\x7c\x0b\0\x70\
\0\0\0\xf5\x3e\0\0\xbc\x59\0\0\x06\x80\x0b\0\x78\0\0\0\xf5\x3e\0\0\xca\x59\0\0\
\x03\x84\x0b\0\x90\0\0\0\xf5\x3e\0\0\xea\x59\0\0\x11\x90\x0b\0\x98\0\0\0\xf5\
\x3e\0\0\0\x5a\0\0\x16\x8c\x0b\0\xa8\0\0\0\xf5\x3e\0\0\xeb\x58\0\0\x05\x30\x0b\
\0\xc3\x5f\0\0\x04\0\0\0\0\0\0\0\xf5\x3e\0\0\x1b\x5a\0\0\x06\xa4\x0b\0\x08\0\0\
\0\xf5\x3e\0\0\x53\x5a\0\0\x15\xac\x0b\0\x20\0\0\0\xf5\x3e\0\0\x53\x5a\0\0\x13\
\xac\x0b\0\x28\0\0\0\xf5\x3e\0\0\x1b\x5a\0\0\x06\xa4\x0b\0\xda\x5f\0\0\x2e\0\0\
\0\0\0\0\0\xf5\x3e\0\0\x72\x5a\0\0\0\x64\x0c\0\x08\0\0\0\xf5\x3e\0\0\x9a\x5a\0\
\0\x06\x7c\x0c\0\x18\0\0\0\xf5\x3e\0\0\xa8\x5a\0\0\x08\x84\x0c\0\x38\0\0\0\xf5\
\x3e\0\0\xe2\x5a\0\0\x06\x88\x0c\0\x40\0\0\0\xf5\x3e\0\0\xee\x5a\0\0\x03\x8c\
\x0c\0\x78\0\0\0\xf5\x3e\0\0\x72\x5a\0\0\x05\x64\x0c\0\x88\0\0\0\xf5\x3e\0\0\
\x58\x59\0\0\x0c\x9c\x0c\0\x98\0\0\0\xf5\x3e\0\0\x79\x59\0\0\x06\xa0\x0c\0\xa0\
\0\0\0\xf5\x3e\0\0\x20\x5b\0\0\x02\xa8\x0c\0\xb8\0\0\0\xf5\x3e\0\0\x3d\x5b\0\0\
\x0c\xac\x0c\0\xd8\0\0\0\xf5\x3e\0\0\xbc\x59\0\0\x06\xb0\x0c\0\xe0\0\0\0\xf5\
\x3e\0\0\xca\x59\0\0\x03\xb4\x0c\0\xf0\0\0\0\xf5\x3e\0\0\x58\x59\0\0\x0c\xbc\
\x0c\0\xf8\0\0\0\xf5\x3e\0\0\x79\x59\0\0\x06\xc0\x0c\0\0\x01\0\0\xf5\x3e\0\0\
\x20\x5b\0\0\x02\xcc\x0c\0\x18\x01\0\0\xf5\x3e\0\0\x72\x5b\0\0\x0c\xd0\x0c\0\
\x38\x01\0\0\xf5\x3e\0\0\xbc\x59\0\0\x06\xd4\x0c\0\x40\x01\0\0\xf5\x3e\0\0\xca\
\x59\0\0\x03\xd8\x0c\0\x50\x01\0\0\xf5\x3e\0\0\x6f\x47\0\0\x02\xe0\x0c\0\x98\
\x01\0\0\xf5\x3e\0\0\x6f\x47\0\0\x02\xe0\x0c\0\xc8\x01\0\0\xf5\x3e\0\0\x6f\x47\
\0\0\x02\xe0\x0c\0\xd0\x01\0\0\xf5\x3e\0\0\xa7\x5b\0\0\x07\xe4\x0c\0\xe8\x01\0\
\0\xf5\x3e\0\0\xb8\x5b\0\0\x1a\xe8\x0c\0\x08\x02\0\0\xf5\x3e\0\0\xf8\x5b\0\0\
\x07\xf0\x0c\0\x18\x02\0\0\xf5\x3e\0\0\x06\x5c\0\0\x04\xf4\x0c\0\x60\x02\0\0\
\xf5\x3e\0\0\x35\x5c\0\0\x1d\0\x0d\0\x68\x02\0\0\xf5\x3e\0\0\x5a\x5c\0\0\x07\
\x04\x0d\0\xa0\x02\0\0\xf5\x3e\0\0\x9b\x5c\0\0\x04\x08\x0d\0\xc8\x02\0\0\xf5\
\x3e\0\0\xd0\x5c\0\0\x04\x1c\x0d\0\xd0\x02\0\0\xf5\x3e\0\0\x07\x5d\0\0\x09\x14\
\x0d\0\xf0\x02\0\0\xf5\x3e\0\0\x4a\x5d\0\0\x07\x18\x0d\0\0\x03\0\0\xf5\x3e\0\0\
\xd0\x5c\0\0\x04\x1c\x0d\0\x40\x03\0\0\xf5\x3e\0\0\x6f\x47\0\0\x02\xe0\x0c\0\
\x68\x03\0\0\xf5\x3e\0\0\x6f\x47\0\0\x02\xe0\x0c\0\x80\x03\0\0\xf5\x3e\0\0\x57\
\x5d\0\0\x0a\x30\x0d\0\xa0\x03\0\0\xf5\x3e\0\0\x89\x5d\0\0\x06\x34\x0d\0\xb0\
\x03\0\0\xf5\x3e\0\0\x98\x5d\0\0\x03\x38\x0d\0\xf0\x03\0\0\xf5\x3e\0\0\xcb\x5d\
\0\0\x03\x3c\x0d\0\xf8\x03\0\0\xf5\x3e\0\0\xdc\x5d\0\0\x02\x44\x0d\0\x20\x04\0\
\0\xf5\x3e\0\0\x12\x5e\0\0\x02\x48\x0d\0\x40\x04\0\0\xf5\x3e\0\0\xc4\x47\0\0\
\x1f\x4c\x0d\0\x58\x04\0\0\xf5\x3e\0\0\xc4\x47\0\0\x33\x4c\x0d\0\x68\x04\0\0\
\xf5\x3e\0\0\xc4\x47\0\0\x08\x4c\x0d\0\x90\x04\0\0\xf5\x3e\0\0\x02\x48\0\0\x06\
\x50\x0d\0\x98\x04\0\0\xf5\x3e\0\0\xc7\x48\0\0\x03\x54\x0d\0\x08\x05\0\0\xf5\
\x3e\0\0\x6f\x47\0\0\x02\xe0\x0c\0\xf1\x5f\0\0\x05\0\0\0\0\0\0\0\xf5\x3e\0\0\
\x41\x5e\0\0\x06\x68\x0d\0\x08\0\0\0\xf5\x3e\0\0\x7a\x5e\0\0\x02\x70\x0d\0\xb8\
\0\0\0\xf5\x3e\0\0\x7a\x5e\0\0\x02\x70\x0d\0\xd0\0\0\0\xf5\x3e\0\0\x7a\x5e\0\0\
\x02\x70\x0d\0\xe8\0\0\0\xf5\x3e\0\0\x41\x5e\0\0\x06\x68\x0d\0\x8d\x1f\0\0\x0e\
\0\0\0\0\0\0\0\xf5\x3e\0\0\xb5\x51\0\0\x1f\x84\x0d\0\x28\0\0\0\xf5\x3e\0\0\x19\
\x52\0\0\x05\x88\x0d\0\x30\0\0\0\xf5\x3e\0\0\x25\x52\0\0\x03\x8c\x0d\0\x50\0\0\
\0\xf5\x3e\0\0\x5c\x40\0\0\x03\x90\x0d\0\x58\0\0\0\xf5\x3e\0\0\x58\x52\0\0\x1d\
\x98\x0d\0\x70\0\0\0\xf5\x3e\0\0\x58\x52\0\0\x1b\x98\x0d\0\x78\0\0\0\xf5\x3e\0\
\0\x88\x52\0\0\x1e\x9c\x0d\0\x90\0\0\0\xf5\x3e\0\0\x88\x52\0\0\x1c\x9c\x0d\0\
\x98\0\0\0\xf5\x3e\0\0\xba\x52\0\0\x1b\xa0\x0d\0\xb0\0\0\0\xf5\x3e\0\0\xba\x52\
\0\0\x19\xa0\x0d\0\xb8\0\0\0\xf5\x3e\0\0\xe6\x52\0\0\x1a\xa4\x0d\0\xd0\0\0\0\
\xf5\x3e\0\0\xe6\x52\0\0\x18\xa4\x0d\0\xd8\0\0\0\xf5\x3e\0\0\x10\x53\0\0\x02\
\xa8\x0d\0\xf0\0\0\0\xf5\x3e\0\0\x4b\x43\0\0\x01\xb0\x0d\0\x10\0\0\0\x26\x5f\0\
\0\x05\0\0\0\xf0\x02\0\0\x67\0\0\0\x90\x5e\0\0\0\0\0\0\x10\x03\0\0\x67\0\0\0\
\x94\x5e\0\0\0\0\0\0\xc8\x03\0\0\x67\0\0\0\x9a\x5e\0\0\0\0\0\0\x70\x04\0\0\x67\
\0\0\0\xa2\x5e\0\0\0\0\0\0\xc8\x04\0\0\x67\0\0\0\x9a\x5e\0\0\0\0\0\0\x2c\x5f\0\
\0\x03\0\0\0\xe0\0\0\0\x67\0\0\0\xa7\x5e\0\0\0\0\0\0\x38\x07\0\0\x67\0\0\0\xa7\
\x5e\0\0\0\0\0\0\xf8\x08\0\0\x67\0\0\0\xa7\x5e\0\0\0\0\0\0\x47\x5f\0\0\x01\0\0\
\0\x08\0\0\0\x67\0\0\0\x9a\x5e\0\0\0\0\0\0\x5f\x5f\0\0\x02\0\0\0\x50\x01\0\0\
\x67\0\0\0\xac\x5e\0\0\0\0\0\0\x38\x02\0\0\x67\0\0\0\xb3\x5e\0\0\0\0\0\0\x78\
\x5f\0\0\x02\0\0\0\x20\0\0\0\x67\0\0\0\x9a\x5e\0\0\0\0\0\0\x38\0\0\0\x67\0\0\0\
\x9a\x5e\0\0\0\0\0\0\x90\x5f\0\0\x04\0\0\0\x20\0\0\0\x67\0\0\0\xb7\x5e\0\0\0\0\
\0\0\x30\0\0\0\x67\0\0\0\xbf\x5e\0\0\0\0\0\0\x48\0\0\0\x67\0\0\0\x9a\x5e\0\0\0\
\0\0\0\x58\0\0\0\x67\0\0\0\x9a\x5e\0\0\0\0\0\0\xc3\x5f\0\0\x01\0\0\0\x20\0\0\0\
\x67\0\0\0\x9a\x5e\0\0\0\0\0\0\xf1\x5f\0\0\x06\0\0\0\x08\0\0\0\xe3\x01\0\0\xc6\
\x5e\0\0\0\0\0\0\x60\0\0\0\xe3\x01\0\0\x90\x5e\0\0\0\0\0\0\x90\0\0\0\xe3\x01\0\
\0\xca\x5e\0\0\0\0\0\0\xb0\0\0\0\xe3\x01\0\0\xb3\x5e\0\0\x02\0\0\0\xc0\0\0\0\
\xe3\x01\0\0\xb3\x5e\0\0\0\0\0\0\xd0\0\0\0\xe3\x01\0\0\xce\x5e\0\0\0\0\0\0\0\0\
\0\0\0\0\0\0\0\0\0\0\0\0\0\0\0\0\0\0\0\0\0\0\0\0\0\0\0\0\0\0\0\0\0\0\0\0\0\0\0\
\0\0\0\0\0\0\0\0\0\0\0\0\0\0\0\0\0\0\0\0\0\0\0\0\0\0\0\x01\0\0\0\x03\0\0\0\x20\
\0\0\0\0\0\0\0\0\0\0\0\0\0\0\0\x40\0\0\0\0\0\0\0\x79\x08\0\0\0\0\0\0\0\0\0\0\0\
\0\0\0\x01\0\0\0\0\0\0\0\0\0\0\0\0\0\0\0\x09\0\0\0\x02\0\0\0\0\0\0\0\0\0\0\0\0\
\0\0\0\0\0\0\0\xc0\x08\0\0\0\0\0\0\x90\x09\0\0\0\0\0\0\x01\0\0\0\0\0\0\0\x08\0\
\0\0\0\0\0\0\x18\0\0\0\0\0\0\0\x11\0\0\0\x01\0\0\0\x06\0\0\0\0\0\0\0\0\0\0\0\0\
\0\0\0\x50\x12\0\0\0\0\0\0\xf0\x08\0\0\0\0\0\0\0\0\0\0\0\0\0\0\x08\0\0\0\0\0\0\
\0\0\0\0\0\0\0\0\0\x17\0\0\0\x01\0\0\0\x06\0\0\0\0\0\0\0\0\0\0\0\0\0\0\0\x40\
\x1b\0\0\0\0\0\0\x60\x0b\0\0\0\0\0\0\0\0\0\0\0\0\0\0\x08\0\0\0\0\0\0\0\0\0\0\0\
\0\0\0\0\x32\0\0\0\x01\0\0\0\x06\0\0\0\0\0\0\0\0\0\0\0\0\0\0\0\xa0\x26\0\0\0\0\
\0\0\x68\x01\0\0\0\0\0\0\0\0\0\0\0\0\0\0\x08\0\0\0\0\0\0\0\0\0\0\0\0\0\0\0\x4a\
\0\0\0\x01\0\0\0\x06\0\0\0\0\0\0\0\0\0\0\0\0\0\0\0\x08\x28\0\0\0\0\0\0\xd0\x04\
\0\0\0\0\0\0\0\0\0\0\0\0\0\0\x08\0\0\0\0\0\0\0\0\0\0\0\0\0\0\0\x63\0\0\0\x01\0\
\0\0\x06\0\0\0\0\0\0\0\0\0\0\0\0\0\0\0\xd8\x2c\0\0\0\0\0\0\x50\0\0\0\0\0\0\0\0\
\0\0\0\0\0\0\0\x08\0\0\0\0\0\0\0\0\0\0\0\0\0\0\0\x7b\0\0\0\x01\0\0\0\x06\0\0\0\
\0\0\0\0\0\0\0\0\0\0\0\0\x28\x2d\0\0\0\0\0\0\x68\0\0\0\0\0\0\0\0\0\0\0\0\0\0\0\
\x08\0\0\0\0\0\0\0\0\0\0\0\0\0\0\0\x94\0\0\0\x01\0\0\0\x06\0\0\0\0\0\0\0\0\0\0\
\0\0\0\0\0\x90\x2d\0\0\0\0\0\0\xb8\0\0\0\0\0\0\0\0\0\0\0\0\0\0\0\x08\0\0\0\0\0\
\0\0\0\0\0\0\0\0\0\0\xae\0\0\0\x01\0\0\0\x06\0\0\0\0\0\0\0\0\0\0\0\0\0\0\0\x48\
\x2e\0\0\0\0\0\0\x30\0\0\0\0\0\0\0\0\0\0\0\0\0\0\0\x08\0\0\0\0\0\0\0\0\0\0\0\0\
\0\0\0\xc5\0\0\0\x01\0\0\0\x06\0\0\0\0\0\0\0\0\0\0\0\0\0\0\0\x78\x2e\0\0\0\0\0\
\0\x18\x05\0\0\0\0\0\0\0\0\0\0\0\0\0\0\x08\0\0\0\0\0\0\0\0\0\0\0\0\0\0\0\xdc\0\
\0\0\x01\0\0\0\x06\0\0\0\0\0\0\0\0\0\0\0\0\0\0\0\x90\x33\0\0\0\0\0\0\xf0\0\0\0\
\0\0\0\0\0\0\0\0\0\0\0\0\x08\0\0\0\0\0\0\0\0\0\0\0\0\0\0\0\xf1\0\0\0\x01\0\0\0\
\x06\0\0\0\0\0\0\0\0\0\0\0\0\0\0\0\x80\x34\0\0\0\0\0\0\0\x01\0\0\0\0\0\0\0\0\0\
\0\0\0\0\0\x08\0\0\0\0\0\0\0\0\0\0\0\0\0\0\0\xfc\0\0\0\x01\0\0\0\x03\0\0\0\0\0\
\0\0\0\0\0\0\0\0\0\0\x80\x35\0\0\0\0\0\0\x0d\0\0\0\0\0\0\0\0\0\0\0\0\0\0\0\x01\
\0\0\0\0\0\0\0\0\0\0\0\0\0\0\0\x04\x01\0\0\x01\0\0\0\x02\0\0\0\0\0\0\0\0\0\0\0\
\0\0\0\0\x90\x35\0\0\0\0\0\0\x70\0\0\0\0\0\0\0\0\0\0\0\0\0\0\0\x08\0\0\0\0\0\0\
\0\0\0\0\0\0\0\0\0\x0c\x01\0\0\x01\0\0\0\x03\0\0\0\0\0\0\0\0\0\0\0\0\0\0\0\0\
\x36\0\0\0\0\0\0\x40\x01\0\0\0\0\0\0\0\0\0\0\0\0\0\0\x08\0\0\0\0\0\0\0\0\0\0\0\
\0\0\0\0\x12\x01\0\0\x08\0\0\0\x03\0\0\0\0\0\0\0\0\0\0\0\0\0\0\0\x40\x37\0\0\0\
\0\0\0\x30\0\0\0\0\0\0\0\0\0\0\0\0\0\0\0\x08\0\0\0\0\0\0\0\0\0\0\0\0\0\0\0\x17\
\x01\0\0\x01\0\0\0\x03\0\0\0\0\0\0\0\0\0\0\0\0\0\0\0\x40\x37\0\0\0\0\0\0\xa8\
\x01\0\0\0\0\0\0\0\0\0\0\0\0\0\0\x08\0\0\0\0\0\0\0\0\0\0\0\0\0\0\0\x28\x01\0\0\
\x01\0\0\0\x03\0\0\0\0\0\0\0\0\0\0\0\0\0\0\0\xe8\x38\0\0\0\0\0\0\x01\0\0\0\0\0\
\0\0\0\0\0\0\0\0\0\0\x01\0\0\0\0\0\0\0\0\0\0\0\0\0\0\0\x37\x01\0\0\x01\0\0\0\
\x03\0\0\0\0\0\0\0\0\0\0\0\0\0\0\0\xf0\x38\0\0\0\0\0\0\x5d\x06\0\0\0\0\0\0\0\0\
\0\0\0\0\0\0\x08\0\0\0\0\0\0\0\0\0\0\0\0\0\0\0\x3d\x01\0\0\x01\0\0\0\x03\0\0\0\
\0\0\0\0\0\0\0\0\0\0\0\0\x50\x3f\0\0\0\0\0\0\x10\0\0\0\0\0\0\0\0\0\0\0\0\0\0\0\
\x08\0\0\0\0\0\0\0\0\0\0\0\0\0\0\0\x3f\x07\0\0\x09\0\0\0\x40\0\0\0\0\0\0\0\0\0\
\0\0\0\0\0\0\x60\x3f\0\0\0\0\0\0\x60\x03\0\0\0\0\0\0\x02\0\0\0\x03\0\0\0\x08\0\
\0\0\0\0\0\0\x10\0\0\0\0\0\0\0\x49\x07\0\0\x09\0\0\0\x40\0\0\0\0\0\0\0\0\0\0\0\
\0\0\0\0\xc0\x42\0\0\0\0\0\0\x70\x03\0\0\0\0\0\0\x02\0\0\0\x04\0\0\0\x08\0\0\0\
\0\0\0\0\x10\0\0\0\0\0\0\0\x68\x07\0\0\x09\0\0\0\x40\0\0\0\0\0\0\0\0\0\0\0\0\0\
\0\0\x30\x46\0\0\0\0\0\0\x80\0\0\0\0\0\0\0\x02\0\0\0\x05\0\0\0\x08\0\0\0\0\0\0\
\0\x10\0\0\0\0\0\0\0\x84\x07\0\0\x09\0\0\0\x40\0\0\0\0\0\0\0\0\0\0\0\0\0\0\0\
\xb0\x46\0\0\0\0\0\0\x70\x01\0\0\0\0\0\0\x02\0\0\0\x06\0\0\0\x08\0\0\0\0\0\0\0\
\x10\0\0\0\0\0\0\0\xa1\x07\0\0\x09\0\0\0\x40\0\0\0\0\0\0\0\0\0\0\0\0\0\0\0\x20\
\x48\0\0\0\0\0\0\x10\0\0\0\0\0\0\0\x02\0\0\0\x07\0\0\0\x08\0\0\0\0\0\0\0\x10\0\
\0\0\0\0\0\0\xbd\x07\0\0\x09\0\0\0\x40\0\0\0\0\0\0\0\0\0\0\0\0\0\0\0\x30\x48\0\
\0\0\0\0\0\x10\0\0\0\0\0\0\0\x02\0\0\0\x08\0\0\0\x08\0\0\0\0\0\0\0\x10\0\0\0\0\
\0\0\0\xda\x07\0\0\x09\0\0\0\x40\0\0\0\0\0\0\0\0\0\0\0\0\0\0\0\x40\x48\0\0\0\0\
\0\0\x30\0\0\0\0\0\0\0\x02\0\0\0\x09\0\0\0\x08\0\0\0\0\0\0\0\x10\0\0\0\0\0\0\0\
\xf8\x07\0\0\x09\0\0\0\x40\0\0\0\0\0\0\0\0\0\0\0\0\0\0\0\x70\x48\0\0\0\0\0\0\
\x10\0\0\0\0\0\0\0\x02\0\0\0\x0a\0\0\0\x08\0\0\0\0\0\0\0\x10\0\0\0\0\0\0\0\x13\
\x08\0\0\x09\0\0\0\x40\0\0\0\0\0\0\0\0\0\0\0\0\0\0\0\x80\x48\0\0\0\0\0\0\x10\
\x02\0\0\0\0\0\0\x02\0\0\0\x0b\0\0\0\x08\0\0\0\0\0\0\0\x10\0\0\0\0\0\0\0\x2e\
\x08\0\0\x09\0\0\0\x40\0\0\0\0\0\0\0\0\0\0\0\0\0\0\0\x90\x4a\0\0\0\0\0\0\x50\0\
\0\0\0\0\0\0\x02\0\0\0\x0c\0\0\0\x08\0\0\0\0\0\0\0\x10\0\0\0\0\0\0\0\x47\x08\0\
\0\x09\0\0\0\x40\0\0\0\0\0\0\0\0\0\0\0\0\0\0\0\xe0\x4a\0\0\0\0\0\0\x60\0\0\0\0\
\0\0\0\x02\0\0\0\x0d\0\0\0\x08\0\0\0\0\0\0\0\x10\0\0\0\0\0\0\0\x56\x08\0\0\x09\
\0\0\0\x40\0\0\0\0\0\0\0\0\0\0\0\0\0\0\0\x40\x4b\0\0\0\0\0\0\x90\0\0\0\0\0\0\0\
\x02\0\0\0\x12\0\0\0\x08\0\0\0\0\0\0\0\x10\0\0\0\0\0\0\0\x6b\x08\0\0\x01\0\0\0\
\0\0\0\0\0\0\0\0\0\0\0\0\0\0\0\0\xd0\x4b\0\0\0\0\0\0\x1a\xca\0\0\0\0\0\0\0\0\0\
\0\0\0\0\0\x08\0\0\0\0\0\0\0\0\0\0\0\0\0\0\0\x70\x08\0\0\x01\0\0\0\0\0\0\0\0\0\
\0\0\0\0\0\0\0\0\0\0\xf0\x15\x01\0\0\0\0\0\x9c\x1b\0\0\0\0\0\0\0\0\0\0\0\0\0\0\
\x08\0\0\0\0\0\0\0\0\0\0\0\0\0\0\0";

	*sz = sizeof(data) - 1;
	return (const void *)data;
}

#ifdef __cplusplus
struct scx_nest_bpf *scx_nest_bpf::open(const struct bpf_object_open_opts *opts) { return scx_nest_bpf__open_opts(opts); }
struct scx_nest_bpf *scx_nest_bpf::open_and_load() { return scx_nest_bpf__open_and_load(); }
int scx_nest_bpf::load(struct scx_nest_bpf *skel) { return scx_nest_bpf__load(skel); }
int scx_nest_bpf::attach(struct scx_nest_bpf *skel) { return scx_nest_bpf__attach(skel); }
void scx_nest_bpf::detach(struct scx_nest_bpf *skel) { scx_nest_bpf__detach(skel); }
void scx_nest_bpf::destroy(struct scx_nest_bpf *skel) { scx_nest_bpf__destroy(skel); }
const void *scx_nest_bpf::elf_bytes(size_t *sz) { return scx_nest_bpf__elf_bytes(sz); }
#endif /* __cplusplus */

__attribute__((unused)) static void
scx_nest_bpf__assert(struct scx_nest_bpf *s __attribute__((unused)))
{
#ifdef __cplusplus
#define _Static_assert static_assert
#endif
	_Static_assert(sizeof(s->rodata->p_remove_ns) == 8, "unexpected size of 'p_remove_ns'");
	_Static_assert(sizeof(s->rodata->r_max) == 8, "unexpected size of 'r_max'");
	_Static_assert(sizeof(s->rodata->r_impatient) == 8, "unexpected size of 'r_impatient'");
	_Static_assert(sizeof(s->rodata->slice_ns) == 8, "unexpected size of 'slice_ns'");
	_Static_assert(sizeof(s->rodata->find_fully_idle) == 1, "unexpected size of 'find_fully_idle'");
	_Static_assert(sizeof(s->rodata->sampling_cadence_ns) == 8, "unexpected size of 'sampling_cadence_ns'");
	_Static_assert(sizeof(s->rodata->r_depth) == 8, "unexpected size of 'r_depth'");
	_Static_assert(sizeof(s->rodata->bad_guy) == 10, "unexpected size of 'bad_guy'");
	_Static_assert(sizeof(s->rodata->nr_cpus) == 4, "unexpected size of 'nr_cpus'");
	_Static_assert(sizeof(s->rodata->uei_dump_len) == 4, "unexpected size of 'uei_dump_len'");
	_Static_assert(sizeof(s->bss->stats_primary_mask) == 8, "unexpected size of 'stats_primary_mask'");
	_Static_assert(sizeof(s->bss->stats_reserved_mask) == 8, "unexpected size of 'stats_reserved_mask'");
	_Static_assert(sizeof(s->bss->stats_other_mask) == 8, "unexpected size of 'stats_other_mask'");
	_Static_assert(sizeof(s->bss->stats_idle_mask) == 8, "unexpected size of 'stats_idle_mask'");
	_Static_assert(sizeof(s->data_uei_dump->uei_dump) == 1, "unexpected size of 'uei_dump'");
	_Static_assert(sizeof(s->data->uei) == 1168, "unexpected size of 'uei'");
#ifdef __cplusplus
#undef _Static_assert
#endif
}

#endif /* __SCX_NEST_BPF_SKEL_H__ */
