Compiling the CXX compiler identification source file "CMakeCXXCompilerId.cpp" failed.
Compiler: /usr/bin/clang++-17 
Build flags: 
Id flags:  

The output was:
1
/usr/bin/ld: 找不到 -lstdc++: 没有那个文件或目录
clang++-17: error: linker command failed with exit code 1 (use -v to see invocation)


Detecting CXX compiler ABI info failed to compile with the following output:
Change Dir: /home/ne0/sys_competition/start/cpu_watcher/build/CMakeFiles/CMakeTmp

Run Build Command(s):/usr/bin/ninja cmTC_58280 && [1/2] Building CXX object CMakeFiles/cmTC_58280.dir/CMakeCXXCompilerABI.cpp.o
Ubuntu clang version 17.0.6 (++20231209124227+6009708b4367-1~exp1~20231209124336.77)
Target: x86_64-pc-linux-gnu
Thread model: posix
InstalledDir: /usr/bin
Found candidate GCC installation: /usr/bin/../lib/gcc/x86_64-linux-gnu/11
Found candidate GCC installation: /usr/bin/../lib/gcc/x86_64-linux-gnu/12
Selected GCC installation: /usr/bin/../lib/gcc/x86_64-linux-gnu/12
Candidate multilib: .;@m64
Selected multilib: .;@m64
Found CUDA installation: /usr/local/cuda-12.4, version 
 (in-process)
 "/usr/lib/llvm-17/bin/clang" -cc1 -triple x86_64-pc-linux-gnu -emit-obj -mrelax-all -disable-free -clear-ast-before-backend -disable-llvm-verifier -discard-value-names -main-file-name CMakeCXXCompilerABI.cpp -mrelocation-model pic -pic-level 2 -pic-is-pie -mframe-pointer=all -fmath-errno -ffp-contract=on -fno-rounding-math -mconstructor-aliases -funwind-tables=2 -target-cpu x86-64 -tune-cpu generic -debugger-tuning=gdb -v -fcoverage-compilation-dir=/home/ne0/sys_competition/start/cpu_watcher/build/CMakeFiles/CMakeTmp -resource-dir /usr/lib/llvm-17/lib/clang/17 -dependency-file CMakeFiles/cmTC_58280.dir/CMakeCXXCompilerABI.cpp.o.d -MT CMakeFiles/cmTC_58280.dir/CMakeCXXCompilerABI.cpp.o -sys-header-deps -internal-isystem /usr/bin/../lib/gcc/x86_64-linux-gnu/12/../../../../include/c++ -internal-isystem /usr/bin/../lib/gcc/x86_64-linux-gnu/12/../../../../include/c++/x86_64-linux-gnu -internal-isystem /usr/bin/../lib/gcc/x86_64-linux-gnu/12/../../../../include/c++/backward -internal-isystem /usr/lib/llvm-17/lib/clang/17/include -internal-isystem /usr/local/include -internal-isystem /usr/bin/../lib/gcc/x86_64-linux-gnu/12/../../../../x86_64-linux-gnu/include -internal-externc-isystem /usr/include/x86_64-linux-gnu -internal-externc-isystem /include -internal-externc-isystem /usr/include -fdeprecated-macro -fdebug-compilation-dir=/home/ne0/sys_competition/start/cpu_watcher/build/CMakeFiles/CMakeTmp -ferror-limit 19 -fgnuc-version=4.2.1 -fcxx-exceptions -fexceptions -faddrsig -D__GCC_HAVE_DWARF2_CFI_ASM=1 -o CMakeFiles/cmTC_58280.dir/CMakeCXXCompilerABI.cpp.o -x c++ /usr/share/cmake-3.22/Modules/CMakeCXXCompilerABI.cpp
clang -cc1 version 17.0.6 based upon LLVM 17.0.6 default target x86_64-pc-linux-gnu
ignoring nonexistent directory "/usr/bin/../lib/gcc/x86_64-linux-gnu/12/../../../../include/c++/x86_64-linux-gnu"
ignoring nonexistent directory "/usr/bin/../lib/gcc/x86_64-linux-gnu/12/../../../../include/c++/backward"
ignoring nonexistent directory "/usr/bin/../lib/gcc/x86_64-linux-gnu/12/../../../../x86_64-linux-gnu/include"
ignoring nonexistent directory "/include"
#include "..." search starts here:
#include <...> search starts here:
 /usr/bin/../lib/gcc/x86_64-linux-gnu/12/../../../../include/c++
 /usr/lib/llvm-17/lib/clang/17/include
 /usr/local/include
 /usr/include/x86_64-linux-gnu
 /usr/include
End of search list.
[2/2] Linking CXX executable cmTC_58280
FAILED: cmTC_58280 
: && /usr/bin/clang++-17  -v CMakeFiles/cmTC_58280.dir/CMakeCXXCompilerABI.cpp.o -o cmTC_58280   && :
Ubuntu clang version 17.0.6 (++20231209124227+6009708b4367-1~exp1~20231209124336.77)
Target: x86_64-pc-linux-gnu
Thread model: posix
InstalledDir: /usr/bin
Found candidate GCC installation: /usr/bin/../lib/gcc/x86_64-linux-gnu/11
Found candidate GCC installation: /usr/bin/../lib/gcc/x86_64-linux-gnu/12
Selected GCC installation: /usr/bin/../lib/gcc/x86_64-linux-gnu/12
Candidate multilib: .;@m64
Selected multilib: .;@m64
Found CUDA installation: /usr/local/cuda-12.4, version 
 "/usr/bin/ld" -pie -z relro --hash-style=gnu --build-id --eh-frame-hdr -m elf_x86_64 -dynamic-linker /lib64/ld-linux-x86-64.so.2 -o cmTC_58280 /lib/x86_64-linux-gnu/Scrt1.o /lib/x86_64-linux-gnu/crti.o /usr/bin/../lib/gcc/x86_64-linux-gnu/12/crtbeginS.o -L/usr/bin/../lib/gcc/x86_64-linux-gnu/12 -L/usr/bin/../lib/gcc/x86_64-linux-gnu/12/../../../../lib64 -L/lib/x86_64-linux-gnu -L/lib/../lib64 -L/usr/lib/x86_64-linux-gnu -L/usr/lib/../lib64 -L/lib -L/usr/lib CMakeFiles/cmTC_58280.dir/CMakeCXXCompilerABI.cpp.o -lstdc++ -lm -lgcc_s -lgcc -lc -lgcc_s -lgcc /usr/bin/../lib/gcc/x86_64-linux-gnu/12/crtendS.o /lib/x86_64-linux-gnu/crtn.o
/usr/bin/ld: cannot find -lstdc++: No such file or directory
clang++-17: error: linker command failed with exit code 1 (use -v to see invocation)
ninja: build stopped: subcommand failed.




Determining if the CXX compiler works failed with the following output:
Change Dir: /home/ne0/sys_competition/start/cpu_watcher/build/CMakeFiles/CMakeTmp

Run Build Command(s):/usr/bin/ninja cmTC_91c0a && [1/2] Building CXX object CMakeFiles/cmTC_91c0a.dir/testCXXCompiler.cxx.o
[2/2] Linking CXX executable cmTC_91c0a
FAILED: cmTC_91c0a 
: && /usr/bin/clang++-17   CMakeFiles/cmTC_91c0a.dir/testCXXCompiler.cxx.o -o cmTC_91c0a   && :
/usr/bin/ld: 找不到 -lstdc++: 没有那个文件或目录
clang++-17: error: linker command failed with exit code 1 (use -v to see invocation)
ninja: build stopped: subcommand failed.



Compiling the CXX compiler identification source file "CMakeCXXCompilerId.cpp" failed.
Compiler: /usr/bin/clang++-17 
Build flags: 
Id flags:  

The output was:
1
/usr/bin/ld: 找不到 -lstdc++: 没有那个文件或目录
clang++-17: error: linker command failed with exit code 1 (use -v to see invocation)


Detecting CXX compiler ABI info failed to compile with the following output:
Change Dir: /home/ne0/sys_competition/start/cpu_watcher/build/CMakeFiles/CMakeTmp

Run Build Command(s):/usr/bin/ninja cmTC_54f81 && [1/2] Building CXX object CMakeFiles/cmTC_54f81.dir/CMakeCXXCompilerABI.cpp.o
Ubuntu clang version 17.0.6 (++20231209124227+6009708b4367-1~exp1~20231209124336.77)
Target: x86_64-pc-linux-gnu
Thread model: posix
InstalledDir: /usr/bin
Found candidate GCC installation: /usr/bin/../lib/gcc/x86_64-linux-gnu/11
Found candidate GCC installation: /usr/bin/../lib/gcc/x86_64-linux-gnu/12
Selected GCC installation: /usr/bin/../lib/gcc/x86_64-linux-gnu/12
Candidate multilib: .;@m64
Selected multilib: .;@m64
Found CUDA installation: /usr/local/cuda-12.4, version 
 (in-process)
 "/usr/lib/llvm-17/bin/clang" -cc1 -triple x86_64-pc-linux-gnu -emit-obj -mrelax-all -disable-free -clear-ast-before-backend -disable-llvm-verifier -discard-value-names -main-file-name CMakeCXXCompilerABI.cpp -mrelocation-model pic -pic-level 2 -pic-is-pie -mframe-pointer=all -fmath-errno -ffp-contract=on -fno-rounding-math -mconstructor-aliases -funwind-tables=2 -target-cpu x86-64 -tune-cpu generic -debugger-tuning=gdb -v -fcoverage-compilation-dir=/home/ne0/sys_competition/start/cpu_watcher/build/CMakeFiles/CMakeTmp -resource-dir /usr/lib/llvm-17/lib/clang/17 -dependency-file CMakeFiles/cmTC_54f81.dir/CMakeCXXCompilerABI.cpp.o.d -MT CMakeFiles/cmTC_54f81.dir/CMakeCXXCompilerABI.cpp.o -sys-header-deps -internal-isystem /usr/bin/../lib/gcc/x86_64-linux-gnu/12/../../../../include/c++ -internal-isystem /usr/bin/../lib/gcc/x86_64-linux-gnu/12/../../../../include/c++/x86_64-linux-gnu -internal-isystem /usr/bin/../lib/gcc/x86_64-linux-gnu/12/../../../../include/c++/backward -internal-isystem /usr/lib/llvm-17/lib/clang/17/include -internal-isystem /usr/local/include -internal-isystem /usr/bin/../lib/gcc/x86_64-linux-gnu/12/../../../../x86_64-linux-gnu/include -internal-externc-isystem /usr/include/x86_64-linux-gnu -internal-externc-isystem /include -internal-externc-isystem /usr/include -fdeprecated-macro -fdebug-compilation-dir=/home/ne0/sys_competition/start/cpu_watcher/build/CMakeFiles/CMakeTmp -ferror-limit 19 -fgnuc-version=4.2.1 -fcxx-exceptions -fexceptions -faddrsig -D__GCC_HAVE_DWARF2_CFI_ASM=1 -o CMakeFiles/cmTC_54f81.dir/CMakeCXXCompilerABI.cpp.o -x c++ /usr/share/cmake-3.22/Modules/CMakeCXXCompilerABI.cpp
clang -cc1 version 17.0.6 based upon LLVM 17.0.6 default target x86_64-pc-linux-gnu
ignoring nonexistent directory "/usr/bin/../lib/gcc/x86_64-linux-gnu/12/../../../../include/c++/x86_64-linux-gnu"
ignoring nonexistent directory "/usr/bin/../lib/gcc/x86_64-linux-gnu/12/../../../../include/c++/backward"
ignoring nonexistent directory "/usr/bin/../lib/gcc/x86_64-linux-gnu/12/../../../../x86_64-linux-gnu/include"
ignoring nonexistent directory "/include"
#include "..." search starts here:
#include <...> search starts here:
 /usr/bin/../lib/gcc/x86_64-linux-gnu/12/../../../../include/c++
 /usr/lib/llvm-17/lib/clang/17/include
 /usr/local/include
 /usr/include/x86_64-linux-gnu
 /usr/include
End of search list.
[2/2] Linking CXX executable cmTC_54f81
FAILED: cmTC_54f81 
: && /usr/bin/clang++-17  -v CMakeFiles/cmTC_54f81.dir/CMakeCXXCompilerABI.cpp.o -o cmTC_54f81   && :
Ubuntu clang version 17.0.6 (++20231209124227+6009708b4367-1~exp1~20231209124336.77)
Target: x86_64-pc-linux-gnu
Thread model: posix
InstalledDir: /usr/bin
Found candidate GCC installation: /usr/bin/../lib/gcc/x86_64-linux-gnu/11
Found candidate GCC installation: /usr/bin/../lib/gcc/x86_64-linux-gnu/12
Selected GCC installation: /usr/bin/../lib/gcc/x86_64-linux-gnu/12
Candidate multilib: .;@m64
Selected multilib: .;@m64
Found CUDA installation: /usr/local/cuda-12.4, version 
 "/usr/bin/ld" -pie -z relro --hash-style=gnu --build-id --eh-frame-hdr -m elf_x86_64 -dynamic-linker /lib64/ld-linux-x86-64.so.2 -o cmTC_54f81 /lib/x86_64-linux-gnu/Scrt1.o /lib/x86_64-linux-gnu/crti.o /usr/bin/../lib/gcc/x86_64-linux-gnu/12/crtbeginS.o -L/usr/bin/../lib/gcc/x86_64-linux-gnu/12 -L/usr/bin/../lib/gcc/x86_64-linux-gnu/12/../../../../lib64 -L/lib/x86_64-linux-gnu -L/lib/../lib64 -L/usr/lib/x86_64-linux-gnu -L/usr/lib/../lib64 -L/lib -L/usr/lib CMakeFiles/cmTC_54f81.dir/CMakeCXXCompilerABI.cpp.o -lstdc++ -lm -lgcc_s -lgcc -lc -lgcc_s -lgcc /usr/bin/../lib/gcc/x86_64-linux-gnu/12/crtendS.o /lib/x86_64-linux-gnu/crtn.o
/usr/bin/ld: cannot find -lstdc++: No such file or directory
clang++-17: error: linker command failed with exit code 1 (use -v to see invocation)
ninja: build stopped: subcommand failed.




Determining if the CXX compiler works failed with the following output:
Change Dir: /home/ne0/sys_competition/start/cpu_watcher/build/CMakeFiles/CMakeTmp

Run Build Command(s):/usr/bin/ninja cmTC_878e6 && [1/2] Building CXX object CMakeFiles/cmTC_878e6.dir/testCXXCompiler.cxx.o
[2/2] Linking CXX executable cmTC_878e6
FAILED: cmTC_878e6 
: && /usr/bin/clang++-17   CMakeFiles/cmTC_878e6.dir/testCXXCompiler.cxx.o -o cmTC_878e6   && :
/usr/bin/ld: 找不到 -lstdc++: 没有那个文件或目录
clang++-17: error: linker command failed with exit code 1 (use -v to see invocation)
ninja: build stopped: subcommand failed.



Compiling the CXX compiler identification source file "CMakeCXXCompilerId.cpp" failed.
Compiler: /usr/bin/clang++-17 
Build flags: 
Id flags:  

The output was:
1
/usr/bin/ld: 找不到 -lstdc++: 没有那个文件或目录
clang++-17: error: linker command failed with exit code 1 (use -v to see invocation)


Detecting CXX compiler ABI info failed to compile with the following output:
Change Dir: /home/ne0/sys_competition/start/cpu_watcher/build/CMakeFiles/CMakeTmp

Run Build Command(s):/usr/bin/ninja cmTC_0c3ca && [1/2] Building CXX object CMakeFiles/cmTC_0c3ca.dir/CMakeCXXCompilerABI.cpp.o
Ubuntu clang version 17.0.6 (++20231209124227+6009708b4367-1~exp1~20231209124336.77)
Target: x86_64-pc-linux-gnu
Thread model: posix
InstalledDir: /usr/bin
Found candidate GCC installation: /usr/bin/../lib/gcc/x86_64-linux-gnu/11
Found candidate GCC installation: /usr/bin/../lib/gcc/x86_64-linux-gnu/12
Selected GCC installation: /usr/bin/../lib/gcc/x86_64-linux-gnu/12
Candidate multilib: .;@m64
Selected multilib: .;@m64
Found CUDA installation: /usr/local/cuda-12.4, version 
 (in-process)
 "/usr/lib/llvm-17/bin/clang" -cc1 -triple x86_64-pc-linux-gnu -emit-obj -mrelax-all -disable-free -clear-ast-before-backend -disable-llvm-verifier -discard-value-names -main-file-name CMakeCXXCompilerABI.cpp -mrelocation-model pic -pic-level 2 -pic-is-pie -mframe-pointer=all -fmath-errno -ffp-contract=on -fno-rounding-math -mconstructor-aliases -funwind-tables=2 -target-cpu x86-64 -tune-cpu generic -debugger-tuning=gdb -v -fcoverage-compilation-dir=/home/ne0/sys_competition/start/cpu_watcher/build/CMakeFiles/CMakeTmp -resource-dir /usr/lib/llvm-17/lib/clang/17 -dependency-file CMakeFiles/cmTC_0c3ca.dir/CMakeCXXCompilerABI.cpp.o.d -MT CMakeFiles/cmTC_0c3ca.dir/CMakeCXXCompilerABI.cpp.o -sys-header-deps -internal-isystem /usr/bin/../lib/gcc/x86_64-linux-gnu/12/../../../../include/c++ -internal-isystem /usr/bin/../lib/gcc/x86_64-linux-gnu/12/../../../../include/c++/x86_64-linux-gnu -internal-isystem /usr/bin/../lib/gcc/x86_64-linux-gnu/12/../../../../include/c++/backward -internal-isystem /usr/lib/llvm-17/lib/clang/17/include -internal-isystem /usr/local/include -internal-isystem /usr/bin/../lib/gcc/x86_64-linux-gnu/12/../../../../x86_64-linux-gnu/include -internal-externc-isystem /usr/include/x86_64-linux-gnu -internal-externc-isystem /include -internal-externc-isystem /usr/include -fdeprecated-macro -fdebug-compilation-dir=/home/ne0/sys_competition/start/cpu_watcher/build/CMakeFiles/CMakeTmp -ferror-limit 19 -fgnuc-version=4.2.1 -fcxx-exceptions -fexceptions -faddrsig -D__GCC_HAVE_DWARF2_CFI_ASM=1 -o CMakeFiles/cmTC_0c3ca.dir/CMakeCXXCompilerABI.cpp.o -x c++ /usr/share/cmake-3.22/Modules/CMakeCXXCompilerABI.cpp
clang -cc1 version 17.0.6 based upon LLVM 17.0.6 default target x86_64-pc-linux-gnu
ignoring nonexistent directory "/usr/bin/../lib/gcc/x86_64-linux-gnu/12/../../../../include/c++/x86_64-linux-gnu"
ignoring nonexistent directory "/usr/bin/../lib/gcc/x86_64-linux-gnu/12/../../../../include/c++/backward"
ignoring nonexistent directory "/usr/bin/../lib/gcc/x86_64-linux-gnu/12/../../../../x86_64-linux-gnu/include"
ignoring nonexistent directory "/include"
#include "..." search starts here:
#include <...> search starts here:
 /usr/bin/../lib/gcc/x86_64-linux-gnu/12/../../../../include/c++
 /usr/lib/llvm-17/lib/clang/17/include
 /usr/local/include
 /usr/include/x86_64-linux-gnu
 /usr/include
End of search list.
[2/2] Linking CXX executable cmTC_0c3ca
FAILED: cmTC_0c3ca 
: && /usr/bin/clang++-17  -v CMakeFiles/cmTC_0c3ca.dir/CMakeCXXCompilerABI.cpp.o -o cmTC_0c3ca   && :
Ubuntu clang version 17.0.6 (++20231209124227+6009708b4367-1~exp1~20231209124336.77)
Target: x86_64-pc-linux-gnu
Thread model: posix
InstalledDir: /usr/bin
Found candidate GCC installation: /usr/bin/../lib/gcc/x86_64-linux-gnu/11
Found candidate GCC installation: /usr/bin/../lib/gcc/x86_64-linux-gnu/12
Selected GCC installation: /usr/bin/../lib/gcc/x86_64-linux-gnu/12
Candidate multilib: .;@m64
Selected multilib: .;@m64
Found CUDA installation: /usr/local/cuda-12.4, version 
 "/usr/bin/ld" -pie -z relro --hash-style=gnu --build-id --eh-frame-hdr -m elf_x86_64 -dynamic-linker /lib64/ld-linux-x86-64.so.2 -o cmTC_0c3ca /lib/x86_64-linux-gnu/Scrt1.o /lib/x86_64-linux-gnu/crti.o /usr/bin/../lib/gcc/x86_64-linux-gnu/12/crtbeginS.o -L/usr/bin/../lib/gcc/x86_64-linux-gnu/12 -L/usr/bin/../lib/gcc/x86_64-linux-gnu/12/../../../../lib64 -L/lib/x86_64-linux-gnu -L/lib/../lib64 -L/usr/lib/x86_64-linux-gnu -L/usr/lib/../lib64 -L/lib -L/usr/lib CMakeFiles/cmTC_0c3ca.dir/CMakeCXXCompilerABI.cpp.o -lstdc++ -lm -lgcc_s -lgcc -lc -lgcc_s -lgcc /usr/bin/../lib/gcc/x86_64-linux-gnu/12/crtendS.o /lib/x86_64-linux-gnu/crtn.o
/usr/bin/ld: cannot find -lstdc++: No such file or directory
clang++-17: error: linker command failed with exit code 1 (use -v to see invocation)
ninja: build stopped: subcommand failed.




Determining if the CXX compiler works failed with the following output:
Change Dir: /home/ne0/sys_competition/start/cpu_watcher/build/CMakeFiles/CMakeTmp

Run Build Command(s):/usr/bin/ninja cmTC_c21f0 && [1/2] Building CXX object CMakeFiles/cmTC_c21f0.dir/testCXXCompiler.cxx.o
[2/2] Linking CXX executable cmTC_c21f0
FAILED: cmTC_c21f0 
: && /usr/bin/clang++-17   CMakeFiles/cmTC_c21f0.dir/testCXXCompiler.cxx.o -o cmTC_c21f0   && :
/usr/bin/ld: 找不到 -lstdc++: 没有那个文件或目录
clang++-17: error: linker command failed with exit code 1 (use -v to see invocation)
ninja: build stopped: subcommand failed.



Compiling the CXX compiler identification source file "CMakeCXXCompilerId.cpp" failed.
Compiler: /usr/bin/clang++-17 
Build flags: 
Id flags:  

The output was:
1
/usr/bin/ld: 找不到 -lstdc++: 没有那个文件或目录
clang++-17: error: linker command failed with exit code 1 (use -v to see invocation)


Detecting CXX compiler ABI info failed to compile with the following output:
Change Dir: /home/ne0/sys_competition/start/cpu_watcher/build/CMakeFiles/CMakeTmp

Run Build Command(s):/usr/bin/ninja cmTC_0ceab && [1/2] Building CXX object CMakeFiles/cmTC_0ceab.dir/CMakeCXXCompilerABI.cpp.o
Ubuntu clang version 17.0.6 (++20231209124227+6009708b4367-1~exp1~20231209124336.77)
Target: x86_64-pc-linux-gnu
Thread model: posix
InstalledDir: /usr/bin
Found candidate GCC installation: /usr/bin/../lib/gcc/x86_64-linux-gnu/11
Found candidate GCC installation: /usr/bin/../lib/gcc/x86_64-linux-gnu/12
Selected GCC installation: /usr/bin/../lib/gcc/x86_64-linux-gnu/12
Candidate multilib: .;@m64
Selected multilib: .;@m64
Found CUDA installation: /usr/local/cuda-12.4, version 
 (in-process)
 "/usr/lib/llvm-17/bin/clang" -cc1 -triple x86_64-pc-linux-gnu -emit-obj -mrelax-all -disable-free -clear-ast-before-backend -disable-llvm-verifier -discard-value-names -main-file-name CMakeCXXCompilerABI.cpp -mrelocation-model pic -pic-level 2 -pic-is-pie -mframe-pointer=all -fmath-errno -ffp-contract=on -fno-rounding-math -mconstructor-aliases -funwind-tables=2 -target-cpu x86-64 -tune-cpu generic -debugger-tuning=gdb -v -fcoverage-compilation-dir=/home/ne0/sys_competition/start/cpu_watcher/build/CMakeFiles/CMakeTmp -resource-dir /usr/lib/llvm-17/lib/clang/17 -dependency-file CMakeFiles/cmTC_0ceab.dir/CMakeCXXCompilerABI.cpp.o.d -MT CMakeFiles/cmTC_0ceab.dir/CMakeCXXCompilerABI.cpp.o -sys-header-deps -internal-isystem /usr/bin/../lib/gcc/x86_64-linux-gnu/12/../../../../include/c++ -internal-isystem /usr/bin/../lib/gcc/x86_64-linux-gnu/12/../../../../include/c++/x86_64-linux-gnu -internal-isystem /usr/bin/../lib/gcc/x86_64-linux-gnu/12/../../../../include/c++/backward -internal-isystem /usr/lib/llvm-17/lib/clang/17/include -internal-isystem /usr/local/include -internal-isystem /usr/bin/../lib/gcc/x86_64-linux-gnu/12/../../../../x86_64-linux-gnu/include -internal-externc-isystem /usr/include/x86_64-linux-gnu -internal-externc-isystem /include -internal-externc-isystem /usr/include -fdeprecated-macro -fdebug-compilation-dir=/home/ne0/sys_competition/start/cpu_watcher/build/CMakeFiles/CMakeTmp -ferror-limit 19 -fgnuc-version=4.2.1 -fcxx-exceptions -fexceptions -faddrsig -D__GCC_HAVE_DWARF2_CFI_ASM=1 -o CMakeFiles/cmTC_0ceab.dir/CMakeCXXCompilerABI.cpp.o -x c++ /usr/share/cmake-3.22/Modules/CMakeCXXCompilerABI.cpp
clang -cc1 version 17.0.6 based upon LLVM 17.0.6 default target x86_64-pc-linux-gnu
ignoring nonexistent directory "/usr/bin/../lib/gcc/x86_64-linux-gnu/12/../../../../include/c++/x86_64-linux-gnu"
ignoring nonexistent directory "/usr/bin/../lib/gcc/x86_64-linux-gnu/12/../../../../include/c++/backward"
ignoring nonexistent directory "/usr/bin/../lib/gcc/x86_64-linux-gnu/12/../../../../x86_64-linux-gnu/include"
ignoring nonexistent directory "/include"
#include "..." search starts here:
#include <...> search starts here:
 /usr/bin/../lib/gcc/x86_64-linux-gnu/12/../../../../include/c++
 /usr/lib/llvm-17/lib/clang/17/include
 /usr/local/include
 /usr/include/x86_64-linux-gnu
 /usr/include
End of search list.
[2/2] Linking CXX executable cmTC_0ceab
FAILED: cmTC_0ceab 
: && /usr/bin/clang++-17  -v CMakeFiles/cmTC_0ceab.dir/CMakeCXXCompilerABI.cpp.o -o cmTC_0ceab   && :
Ubuntu clang version 17.0.6 (++20231209124227+6009708b4367-1~exp1~20231209124336.77)
Target: x86_64-pc-linux-gnu
Thread model: posix
InstalledDir: /usr/bin
Found candidate GCC installation: /usr/bin/../lib/gcc/x86_64-linux-gnu/11
Found candidate GCC installation: /usr/bin/../lib/gcc/x86_64-linux-gnu/12
Selected GCC installation: /usr/bin/../lib/gcc/x86_64-linux-gnu/12
Candidate multilib: .;@m64
Selected multilib: .;@m64
Found CUDA installation: /usr/local/cuda-12.4, version 
 "/usr/bin/ld" -pie -z relro --hash-style=gnu --build-id --eh-frame-hdr -m elf_x86_64 -dynamic-linker /lib64/ld-linux-x86-64.so.2 -o cmTC_0ceab /lib/x86_64-linux-gnu/Scrt1.o /lib/x86_64-linux-gnu/crti.o /usr/bin/../lib/gcc/x86_64-linux-gnu/12/crtbeginS.o -L/usr/bin/../lib/gcc/x86_64-linux-gnu/12 -L/usr/bin/../lib/gcc/x86_64-linux-gnu/12/../../../../lib64 -L/lib/x86_64-linux-gnu -L/lib/../lib64 -L/usr/lib/x86_64-linux-gnu -L/usr/lib/../lib64 -L/lib -L/usr/lib CMakeFiles/cmTC_0ceab.dir/CMakeCXXCompilerABI.cpp.o -lstdc++ -lm -lgcc_s -lgcc -lc -lgcc_s -lgcc /usr/bin/../lib/gcc/x86_64-linux-gnu/12/crtendS.o /lib/x86_64-linux-gnu/crtn.o
/usr/bin/ld: cannot find -lstdc++: No such file or directory
clang++-17: error: linker command failed with exit code 1 (use -v to see invocation)
ninja: build stopped: subcommand failed.




Determining if the CXX compiler works failed with the following output:
Change Dir: /home/ne0/sys_competition/start/cpu_watcher/build/CMakeFiles/CMakeTmp

Run Build Command(s):/usr/bin/ninja cmTC_5ee8a && [1/2] Building CXX object CMakeFiles/cmTC_5ee8a.dir/testCXXCompiler.cxx.o
[2/2] Linking CXX executable cmTC_5ee8a
FAILED: cmTC_5ee8a 
: && /usr/bin/clang++-17   CMakeFiles/cmTC_5ee8a.dir/testCXXCompiler.cxx.o -o cmTC_5ee8a   && :
/usr/bin/ld: 找不到 -lstdc++: 没有那个文件或目录
clang++-17: error: linker command failed with exit code 1 (use -v to see invocation)
ninja: build stopped: subcommand failed.



Compiling the CXX compiler identification source file "CMakeCXXCompilerId.cpp" failed.
Compiler: /usr/bin/clang++-17 
Build flags: 
Id flags:  

The output was:
1
/usr/bin/ld: 找不到 -lstdc++: 没有那个文件或目录
clang++-17: error: linker command failed with exit code 1 (use -v to see invocation)


Detecting CXX compiler ABI info failed to compile with the following output:
Change Dir: /home/ne0/sys_competition/start/cpu_watcher/build/CMakeFiles/CMakeTmp

Run Build Command(s):/usr/bin/ninja cmTC_9849e && [1/2] Building CXX object CMakeFiles/cmTC_9849e.dir/CMakeCXXCompilerABI.cpp.o
Ubuntu clang version 17.0.6 (++20231209124227+6009708b4367-1~exp1~20231209124336.77)
Target: x86_64-pc-linux-gnu
Thread model: posix
InstalledDir: /usr/bin
Found candidate GCC installation: /usr/bin/../lib/gcc/x86_64-linux-gnu/11
Found candidate GCC installation: /usr/bin/../lib/gcc/x86_64-linux-gnu/12
Selected GCC installation: /usr/bin/../lib/gcc/x86_64-linux-gnu/12
Candidate multilib: .;@m64
Selected multilib: .;@m64
Found CUDA installation: /usr/local/cuda-12.4, version 
 (in-process)
 "/usr/lib/llvm-17/bin/clang" -cc1 -triple x86_64-pc-linux-gnu -emit-obj -mrelax-all -disable-free -clear-ast-before-backend -disable-llvm-verifier -discard-value-names -main-file-name CMakeCXXCompilerABI.cpp -mrelocation-model pic -pic-level 2 -pic-is-pie -mframe-pointer=all -fmath-errno -ffp-contract=on -fno-rounding-math -mconstructor-aliases -funwind-tables=2 -target-cpu x86-64 -tune-cpu generic -debugger-tuning=gdb -v -fcoverage-compilation-dir=/home/ne0/sys_competition/start/cpu_watcher/build/CMakeFiles/CMakeTmp -resource-dir /usr/lib/llvm-17/lib/clang/17 -dependency-file CMakeFiles/cmTC_9849e.dir/CMakeCXXCompilerABI.cpp.o.d -MT CMakeFiles/cmTC_9849e.dir/CMakeCXXCompilerABI.cpp.o -sys-header-deps -internal-isystem /usr/bin/../lib/gcc/x86_64-linux-gnu/12/../../../../include/c++ -internal-isystem /usr/bin/../lib/gcc/x86_64-linux-gnu/12/../../../../include/c++/x86_64-linux-gnu -internal-isystem /usr/bin/../lib/gcc/x86_64-linux-gnu/12/../../../../include/c++/backward -internal-isystem /usr/lib/llvm-17/lib/clang/17/include -internal-isystem /usr/local/include -internal-isystem /usr/bin/../lib/gcc/x86_64-linux-gnu/12/../../../../x86_64-linux-gnu/include -internal-externc-isystem /usr/include/x86_64-linux-gnu -internal-externc-isystem /include -internal-externc-isystem /usr/include -fdeprecated-macro -fdebug-compilation-dir=/home/ne0/sys_competition/start/cpu_watcher/build/CMakeFiles/CMakeTmp -ferror-limit 19 -fgnuc-version=4.2.1 -fcxx-exceptions -fexceptions -faddrsig -D__GCC_HAVE_DWARF2_CFI_ASM=1 -o CMakeFiles/cmTC_9849e.dir/CMakeCXXCompilerABI.cpp.o -x c++ /usr/share/cmake-3.22/Modules/CMakeCXXCompilerABI.cpp
clang -cc1 version 17.0.6 based upon LLVM 17.0.6 default target x86_64-pc-linux-gnu
ignoring nonexistent directory "/usr/bin/../lib/gcc/x86_64-linux-gnu/12/../../../../include/c++/x86_64-linux-gnu"
ignoring nonexistent directory "/usr/bin/../lib/gcc/x86_64-linux-gnu/12/../../../../include/c++/backward"
ignoring nonexistent directory "/usr/bin/../lib/gcc/x86_64-linux-gnu/12/../../../../x86_64-linux-gnu/include"
ignoring nonexistent directory "/include"
#include "..." search starts here:
#include <...> search starts here:
 /usr/bin/../lib/gcc/x86_64-linux-gnu/12/../../../../include/c++
 /usr/lib/llvm-17/lib/clang/17/include
 /usr/local/include
 /usr/include/x86_64-linux-gnu
 /usr/include
End of search list.
[2/2] Linking CXX executable cmTC_9849e
FAILED: cmTC_9849e 
: && /usr/bin/clang++-17  -v CMakeFiles/cmTC_9849e.dir/CMakeCXXCompilerABI.cpp.o -o cmTC_9849e   && :
Ubuntu clang version 17.0.6 (++20231209124227+6009708b4367-1~exp1~20231209124336.77)
Target: x86_64-pc-linux-gnu
Thread model: posix
InstalledDir: /usr/bin
Found candidate GCC installation: /usr/bin/../lib/gcc/x86_64-linux-gnu/11
Found candidate GCC installation: /usr/bin/../lib/gcc/x86_64-linux-gnu/12
Selected GCC installation: /usr/bin/../lib/gcc/x86_64-linux-gnu/12
Candidate multilib: .;@m64
Selected multilib: .;@m64
Found CUDA installation: /usr/local/cuda-12.4, version 
 "/usr/bin/ld" -pie -z relro --hash-style=gnu --build-id --eh-frame-hdr -m elf_x86_64 -dynamic-linker /lib64/ld-linux-x86-64.so.2 -o cmTC_9849e /lib/x86_64-linux-gnu/Scrt1.o /lib/x86_64-linux-gnu/crti.o /usr/bin/../lib/gcc/x86_64-linux-gnu/12/crtbeginS.o -L/usr/bin/../lib/gcc/x86_64-linux-gnu/12 -L/usr/bin/../lib/gcc/x86_64-linux-gnu/12/../../../../lib64 -L/lib/x86_64-linux-gnu -L/lib/../lib64 -L/usr/lib/x86_64-linux-gnu -L/usr/lib/../lib64 -L/lib -L/usr/lib CMakeFiles/cmTC_9849e.dir/CMakeCXXCompilerABI.cpp.o -lstdc++ -lm -lgcc_s -lgcc -lc -lgcc_s -lgcc /usr/bin/../lib/gcc/x86_64-linux-gnu/12/crtendS.o /lib/x86_64-linux-gnu/crtn.o
/usr/bin/ld: cannot find -lstdc++: No such file or directory
clang++-17: error: linker command failed with exit code 1 (use -v to see invocation)
ninja: build stopped: subcommand failed.




Determining if the CXX compiler works failed with the following output:
Change Dir: /home/ne0/sys_competition/start/cpu_watcher/build/CMakeFiles/CMakeTmp

Run Build Command(s):/usr/bin/ninja cmTC_d621c && [1/2] Building CXX object CMakeFiles/cmTC_d621c.dir/testCXXCompiler.cxx.o
[2/2] Linking CXX executable cmTC_d621c
FAILED: cmTC_d621c 
: && /usr/bin/clang++-17   CMakeFiles/cmTC_d621c.dir/testCXXCompiler.cxx.o -o cmTC_d621c   && :
/usr/bin/ld: 找不到 -lstdc++: 没有那个文件或目录
clang++-17: error: linker command failed with exit code 1 (use -v to see invocation)
ninja: build stopped: subcommand failed.



Compiling the CXX compiler identification source file "CMakeCXXCompilerId.cpp" failed.
Compiler: /usr/bin/clang++-17 
Build flags: 
Id flags:  

The output was:
1
/usr/bin/ld: 找不到 -lstdc++: 没有那个文件或目录
clang++-17: error: linker command failed with exit code 1 (use -v to see invocation)


Detecting CXX compiler ABI info failed to compile with the following output:
Change Dir: /home/ne0/sys_competition/start/cpu_watcher/build/CMakeFiles/CMakeTmp

Run Build Command(s):/usr/bin/ninja cmTC_f3efc && [1/2] Building CXX object CMakeFiles/cmTC_f3efc.dir/CMakeCXXCompilerABI.cpp.o
Ubuntu clang version 17.0.6 (++20231209124227+6009708b4367-1~exp1~20231209124336.77)
Target: x86_64-pc-linux-gnu
Thread model: posix
InstalledDir: /usr/bin
Found candidate GCC installation: /usr/bin/../lib/gcc/x86_64-linux-gnu/11
Found candidate GCC installation: /usr/bin/../lib/gcc/x86_64-linux-gnu/12
Selected GCC installation: /usr/bin/../lib/gcc/x86_64-linux-gnu/12
Candidate multilib: .;@m64
Selected multilib: .;@m64
Found CUDA installation: /usr/local/cuda-12.4, version 
 (in-process)
 "/usr/lib/llvm-17/bin/clang" -cc1 -triple x86_64-pc-linux-gnu -emit-obj -mrelax-all -disable-free -clear-ast-before-backend -disable-llvm-verifier -discard-value-names -main-file-name CMakeCXXCompilerABI.cpp -mrelocation-model pic -pic-level 2 -pic-is-pie -mframe-pointer=all -fmath-errno -ffp-contract=on -fno-rounding-math -mconstructor-aliases -funwind-tables=2 -target-cpu x86-64 -tune-cpu generic -debugger-tuning=gdb -v -fcoverage-compilation-dir=/home/ne0/sys_competition/start/cpu_watcher/build/CMakeFiles/CMakeTmp -resource-dir /usr/lib/llvm-17/lib/clang/17 -dependency-file CMakeFiles/cmTC_f3efc.dir/CMakeCXXCompilerABI.cpp.o.d -MT CMakeFiles/cmTC_f3efc.dir/CMakeCXXCompilerABI.cpp.o -sys-header-deps -internal-isystem /usr/bin/../lib/gcc/x86_64-linux-gnu/12/../../../../include/c++ -internal-isystem /usr/bin/../lib/gcc/x86_64-linux-gnu/12/../../../../include/c++/x86_64-linux-gnu -internal-isystem /usr/bin/../lib/gcc/x86_64-linux-gnu/12/../../../../include/c++/backward -internal-isystem /usr/lib/llvm-17/lib/clang/17/include -internal-isystem /usr/local/include -internal-isystem /usr/bin/../lib/gcc/x86_64-linux-gnu/12/../../../../x86_64-linux-gnu/include -internal-externc-isystem /usr/include/x86_64-linux-gnu -internal-externc-isystem /include -internal-externc-isystem /usr/include -fdeprecated-macro -fdebug-compilation-dir=/home/ne0/sys_competition/start/cpu_watcher/build/CMakeFiles/CMakeTmp -ferror-limit 19 -fgnuc-version=4.2.1 -fcxx-exceptions -fexceptions -faddrsig -D__GCC_HAVE_DWARF2_CFI_ASM=1 -o CMakeFiles/cmTC_f3efc.dir/CMakeCXXCompilerABI.cpp.o -x c++ /usr/share/cmake-3.22/Modules/CMakeCXXCompilerABI.cpp
clang -cc1 version 17.0.6 based upon LLVM 17.0.6 default target x86_64-pc-linux-gnu
ignoring nonexistent directory "/usr/bin/../lib/gcc/x86_64-linux-gnu/12/../../../../include/c++/x86_64-linux-gnu"
ignoring nonexistent directory "/usr/bin/../lib/gcc/x86_64-linux-gnu/12/../../../../include/c++/backward"
ignoring nonexistent directory "/usr/bin/../lib/gcc/x86_64-linux-gnu/12/../../../../x86_64-linux-gnu/include"
ignoring nonexistent directory "/include"
#include "..." search starts here:
#include <...> search starts here:
 /usr/bin/../lib/gcc/x86_64-linux-gnu/12/../../../../include/c++
 /usr/lib/llvm-17/lib/clang/17/include
 /usr/local/include
 /usr/include/x86_64-linux-gnu
 /usr/include
End of search list.
[2/2] Linking CXX executable cmTC_f3efc
FAILED: cmTC_f3efc 
: && /usr/bin/clang++-17  -v CMakeFiles/cmTC_f3efc.dir/CMakeCXXCompilerABI.cpp.o -o cmTC_f3efc   && :
Ubuntu clang version 17.0.6 (++20231209124227+6009708b4367-1~exp1~20231209124336.77)
Target: x86_64-pc-linux-gnu
Thread model: posix
InstalledDir: /usr/bin
Found candidate GCC installation: /usr/bin/../lib/gcc/x86_64-linux-gnu/11
Found candidate GCC installation: /usr/bin/../lib/gcc/x86_64-linux-gnu/12
Selected GCC installation: /usr/bin/../lib/gcc/x86_64-linux-gnu/12
Candidate multilib: .;@m64
Selected multilib: .;@m64
Found CUDA installation: /usr/local/cuda-12.4, version 
 "/usr/bin/ld" -pie -z relro --hash-style=gnu --build-id --eh-frame-hdr -m elf_x86_64 -dynamic-linker /lib64/ld-linux-x86-64.so.2 -o cmTC_f3efc /lib/x86_64-linux-gnu/Scrt1.o /lib/x86_64-linux-gnu/crti.o /usr/bin/../lib/gcc/x86_64-linux-gnu/12/crtbeginS.o -L/usr/bin/../lib/gcc/x86_64-linux-gnu/12 -L/usr/bin/../lib/gcc/x86_64-linux-gnu/12/../../../../lib64 -L/lib/x86_64-linux-gnu -L/lib/../lib64 -L/usr/lib/x86_64-linux-gnu -L/usr/lib/../lib64 -L/lib -L/usr/lib CMakeFiles/cmTC_f3efc.dir/CMakeCXXCompilerABI.cpp.o -lstdc++ -lm -lgcc_s -lgcc -lc -lgcc_s -lgcc /usr/bin/../lib/gcc/x86_64-linux-gnu/12/crtendS.o /lib/x86_64-linux-gnu/crtn.o
/usr/bin/ld: cannot find -lstdc++: No such file or directory
clang++-17: error: linker command failed with exit code 1 (use -v to see invocation)
ninja: build stopped: subcommand failed.




Determining if the CXX compiler works failed with the following output:
Change Dir: /home/ne0/sys_competition/start/cpu_watcher/build/CMakeFiles/CMakeTmp

Run Build Command(s):/usr/bin/ninja cmTC_98c33 && [1/2] Building CXX object CMakeFiles/cmTC_98c33.dir/testCXXCompiler.cxx.o
[2/2] Linking CXX executable cmTC_98c33
FAILED: cmTC_98c33 
: && /usr/bin/clang++-17   CMakeFiles/cmTC_98c33.dir/testCXXCompiler.cxx.o -o cmTC_98c33   && :
/usr/bin/ld: 找不到 -lstdc++: 没有那个文件或目录
clang++-17: error: linker command failed with exit code 1 (use -v to see invocation)
ninja: build stopped: subcommand failed.



Compiling the CXX compiler identification source file "CMakeCXXCompilerId.cpp" failed.
Compiler: /usr/bin/clang++-17 
Build flags: 
Id flags:  

The output was:
1
/usr/bin/ld: 找不到 -lstdc++: 没有那个文件或目录
clang++-17: error: linker command failed with exit code 1 (use -v to see invocation)


Detecting CXX compiler ABI info failed to compile with the following output:
Change Dir: /home/ne0/sys_competition/start/cpu_watcher/build/CMakeFiles/CMakeTmp

Run Build Command(s):/usr/bin/ninja cmTC_ae775 && [1/2] Building CXX object CMakeFiles/cmTC_ae775.dir/CMakeCXXCompilerABI.cpp.o
Ubuntu clang version 17.0.6 (++20231209124227+6009708b4367-1~exp1~20231209124336.77)
Target: x86_64-pc-linux-gnu
Thread model: posix
InstalledDir: /usr/bin
Found candidate GCC installation: /usr/bin/../lib/gcc/x86_64-linux-gnu/11
Found candidate GCC installation: /usr/bin/../lib/gcc/x86_64-linux-gnu/12
Selected GCC installation: /usr/bin/../lib/gcc/x86_64-linux-gnu/12
Candidate multilib: .;@m64
Selected multilib: .;@m64
Found CUDA installation: /usr/local/cuda, version 
 (in-process)
 "/usr/lib/llvm-17/bin/clang" -cc1 -triple x86_64-pc-linux-gnu -emit-obj -mrelax-all -disable-free -clear-ast-before-backend -disable-llvm-verifier -discard-value-names -main-file-name CMakeCXXCompilerABI.cpp -mrelocation-model pic -pic-level 2 -pic-is-pie -mframe-pointer=all -fmath-errno -ffp-contract=on -fno-rounding-math -mconstructor-aliases -funwind-tables=2 -target-cpu x86-64 -tune-cpu generic -debugger-tuning=gdb -v -fcoverage-compilation-dir=/home/ne0/sys_competition/start/cpu_watcher/build/CMakeFiles/CMakeTmp -resource-dir /usr/lib/llvm-17/lib/clang/17 -dependency-file CMakeFiles/cmTC_ae775.dir/CMakeCXXCompilerABI.cpp.o.d -MT CMakeFiles/cmTC_ae775.dir/CMakeCXXCompilerABI.cpp.o -sys-header-deps -internal-isystem /usr/bin/../lib/gcc/x86_64-linux-gnu/12/../../../../include/c++ -internal-isystem /usr/bin/../lib/gcc/x86_64-linux-gnu/12/../../../../include/c++/x86_64-linux-gnu -internal-isystem /usr/bin/../lib/gcc/x86_64-linux-gnu/12/../../../../include/c++/backward -internal-isystem /usr/lib/llvm-17/lib/clang/17/include -internal-isystem /usr/local/include -internal-isystem /usr/bin/../lib/gcc/x86_64-linux-gnu/12/../../../../x86_64-linux-gnu/include -internal-externc-isystem /usr/include/x86_64-linux-gnu -internal-externc-isystem /include -internal-externc-isystem /usr/include -fdeprecated-macro -fdebug-compilation-dir=/home/ne0/sys_competition/start/cpu_watcher/build/CMakeFiles/CMakeTmp -ferror-limit 19 -fgnuc-version=4.2.1 -fcxx-exceptions -fexceptions -faddrsig -D__GCC_HAVE_DWARF2_CFI_ASM=1 -o CMakeFiles/cmTC_ae775.dir/CMakeCXXCompilerABI.cpp.o -x c++ /usr/share/cmake-3.22/Modules/CMakeCXXCompilerABI.cpp
clang -cc1 version 17.0.6 based upon LLVM 17.0.6 default target x86_64-pc-linux-gnu
ignoring nonexistent directory "/usr/bin/../lib/gcc/x86_64-linux-gnu/12/../../../../include/c++/x86_64-linux-gnu"
ignoring nonexistent directory "/usr/bin/../lib/gcc/x86_64-linux-gnu/12/../../../../include/c++/backward"
ignoring nonexistent directory "/usr/bin/../lib/gcc/x86_64-linux-gnu/12/../../../../x86_64-linux-gnu/include"
ignoring nonexistent directory "/include"
#include "..." search starts here:
#include <...> search starts here:
 /usr/bin/../lib/gcc/x86_64-linux-gnu/12/../../../../include/c++
 /usr/lib/llvm-17/lib/clang/17/include
 /usr/local/include
 /usr/include/x86_64-linux-gnu
 /usr/include
End of search list.
[2/2] Linking CXX executable cmTC_ae775
FAILED: cmTC_ae775 
: && /usr/bin/clang++-17  -v CMakeFiles/cmTC_ae775.dir/CMakeCXXCompilerABI.cpp.o -o cmTC_ae775   && :
Ubuntu clang version 17.0.6 (++20231209124227+6009708b4367-1~exp1~20231209124336.77)
Target: x86_64-pc-linux-gnu
Thread model: posix
InstalledDir: /usr/bin
Found candidate GCC installation: /usr/bin/../lib/gcc/x86_64-linux-gnu/11
Found candidate GCC installation: /usr/bin/../lib/gcc/x86_64-linux-gnu/12
Selected GCC installation: /usr/bin/../lib/gcc/x86_64-linux-gnu/12
Candidate multilib: .;@m64
Selected multilib: .;@m64
Found CUDA installation: /usr/local/cuda, version 
 "/usr/bin/ld" -pie -z relro --hash-style=gnu --build-id --eh-frame-hdr -m elf_x86_64 -dynamic-linker /lib64/ld-linux-x86-64.so.2 -o cmTC_ae775 /lib/x86_64-linux-gnu/Scrt1.o /lib/x86_64-linux-gnu/crti.o /usr/bin/../lib/gcc/x86_64-linux-gnu/12/crtbeginS.o -L/usr/bin/../lib/gcc/x86_64-linux-gnu/12 -L/usr/bin/../lib/gcc/x86_64-linux-gnu/12/../../../../lib64 -L/lib/x86_64-linux-gnu -L/lib/../lib64 -L/usr/lib/x86_64-linux-gnu -L/usr/lib/../lib64 -L/lib -L/usr/lib CMakeFiles/cmTC_ae775.dir/CMakeCXXCompilerABI.cpp.o -lstdc++ -lm -lgcc_s -lgcc -lc -lgcc_s -lgcc /usr/bin/../lib/gcc/x86_64-linux-gnu/12/crtendS.o /lib/x86_64-linux-gnu/crtn.o
/usr/bin/ld: cannot find -lstdc++: No such file or directory
clang++-17: error: linker command failed with exit code 1 (use -v to see invocation)
ninja: build stopped: subcommand failed.




Determining if the CXX compiler works failed with the following output:
Change Dir: /home/ne0/sys_competition/start/cpu_watcher/build/CMakeFiles/CMakeTmp

Run Build Command(s):/usr/bin/ninja cmTC_99f5f && [1/2] Building CXX object CMakeFiles/cmTC_99f5f.dir/testCXXCompiler.cxx.o
[2/2] Linking CXX executable cmTC_99f5f
FAILED: cmTC_99f5f 
: && /usr/bin/clang++-17   CMakeFiles/cmTC_99f5f.dir/testCXXCompiler.cxx.o -o cmTC_99f5f   && :
/usr/bin/ld: 找不到 -lstdc++: 没有那个文件或目录
clang++-17: error: linker command failed with exit code 1 (use -v to see invocation)
ninja: build stopped: subcommand failed.



Compiling the CXX compiler identification source file "CMakeCXXCompilerId.cpp" failed.
Compiler: /usr/bin/clang++-17 
Build flags: 
Id flags:  

The output was:
1
/usr/bin/ld: 找不到 -lstdc++: 没有那个文件或目录
clang++-17: error: linker command failed with exit code 1 (use -v to see invocation)


Detecting CXX compiler ABI info failed to compile with the following output:
Change Dir: /home/ne0/sys_competition/start/cpu_watcher/build/CMakeFiles/CMakeTmp

Run Build Command(s):/usr/bin/ninja cmTC_135c0 && [1/2] Building CXX object CMakeFiles/cmTC_135c0.dir/CMakeCXXCompilerABI.cpp.o
Ubuntu clang version 17.0.6 (++20231209124227+6009708b4367-1~exp1~20231209124336.77)
Target: x86_64-pc-linux-gnu
Thread model: posix
InstalledDir: /usr/bin
Found candidate GCC installation: /usr/bin/../lib/gcc/x86_64-linux-gnu/11
Found candidate GCC installation: /usr/bin/../lib/gcc/x86_64-linux-gnu/12
Selected GCC installation: /usr/bin/../lib/gcc/x86_64-linux-gnu/12
Candidate multilib: .;@m64
Selected multilib: .;@m64
Found CUDA installation: /usr/local/cuda, version 
 (in-process)
 "/usr/lib/llvm-17/bin/clang" -cc1 -triple x86_64-pc-linux-gnu -emit-obj -mrelax-all -disable-free -clear-ast-before-backend -disable-llvm-verifier -discard-value-names -main-file-name CMakeCXXCompilerABI.cpp -mrelocation-model pic -pic-level 2 -pic-is-pie -mframe-pointer=all -fmath-errno -ffp-contract=on -fno-rounding-math -mconstructor-aliases -funwind-tables=2 -target-cpu x86-64 -tune-cpu generic -debugger-tuning=gdb -v -fcoverage-compilation-dir=/home/ne0/sys_competition/start/cpu_watcher/build/CMakeFiles/CMakeTmp -resource-dir /usr/lib/llvm-17/lib/clang/17 -dependency-file CMakeFiles/cmTC_135c0.dir/CMakeCXXCompilerABI.cpp.o.d -MT CMakeFiles/cmTC_135c0.dir/CMakeCXXCompilerABI.cpp.o -sys-header-deps -internal-isystem /usr/bin/../lib/gcc/x86_64-linux-gnu/12/../../../../include/c++ -internal-isystem /usr/bin/../lib/gcc/x86_64-linux-gnu/12/../../../../include/c++/x86_64-linux-gnu -internal-isystem /usr/bin/../lib/gcc/x86_64-linux-gnu/12/../../../../include/c++/backward -internal-isystem /usr/lib/llvm-17/lib/clang/17/include -internal-isystem /usr/local/include -internal-isystem /usr/bin/../lib/gcc/x86_64-linux-gnu/12/../../../../x86_64-linux-gnu/include -internal-externc-isystem /usr/include/x86_64-linux-gnu -internal-externc-isystem /include -internal-externc-isystem /usr/include -fdeprecated-macro -fdebug-compilation-dir=/home/ne0/sys_competition/start/cpu_watcher/build/CMakeFiles/CMakeTmp -ferror-limit 19 -fgnuc-version=4.2.1 -fcxx-exceptions -fexceptions -faddrsig -D__GCC_HAVE_DWARF2_CFI_ASM=1 -o CMakeFiles/cmTC_135c0.dir/CMakeCXXCompilerABI.cpp.o -x c++ /usr/share/cmake-3.22/Modules/CMakeCXXCompilerABI.cpp
clang -cc1 version 17.0.6 based upon LLVM 17.0.6 default target x86_64-pc-linux-gnu
ignoring nonexistent directory "/usr/bin/../lib/gcc/x86_64-linux-gnu/12/../../../../include/c++/x86_64-linux-gnu"
ignoring nonexistent directory "/usr/bin/../lib/gcc/x86_64-linux-gnu/12/../../../../include/c++/backward"
ignoring nonexistent directory "/usr/bin/../lib/gcc/x86_64-linux-gnu/12/../../../../x86_64-linux-gnu/include"
ignoring nonexistent directory "/include"
#include "..." search starts here:
#include <...> search starts here:
 /usr/bin/../lib/gcc/x86_64-linux-gnu/12/../../../../include/c++
 /usr/lib/llvm-17/lib/clang/17/include
 /usr/local/include
 /usr/include/x86_64-linux-gnu
 /usr/include
End of search list.
[2/2] Linking CXX executable cmTC_135c0
FAILED: cmTC_135c0 
: && /usr/bin/clang++-17  -v CMakeFiles/cmTC_135c0.dir/CMakeCXXCompilerABI.cpp.o -o cmTC_135c0   && :
Ubuntu clang version 17.0.6 (++20231209124227+6009708b4367-1~exp1~20231209124336.77)
Target: x86_64-pc-linux-gnu
Thread model: posix
InstalledDir: /usr/bin
Found candidate GCC installation: /usr/bin/../lib/gcc/x86_64-linux-gnu/11
Found candidate GCC installation: /usr/bin/../lib/gcc/x86_64-linux-gnu/12
Selected GCC installation: /usr/bin/../lib/gcc/x86_64-linux-gnu/12
Candidate multilib: .;@m64
Selected multilib: .;@m64
Found CUDA installation: /usr/local/cuda, version 
 "/usr/bin/ld" -pie -z relro --hash-style=gnu --build-id --eh-frame-hdr -m elf_x86_64 -dynamic-linker /lib64/ld-linux-x86-64.so.2 -o cmTC_135c0 /lib/x86_64-linux-gnu/Scrt1.o /lib/x86_64-linux-gnu/crti.o /usr/bin/../lib/gcc/x86_64-linux-gnu/12/crtbeginS.o -L/usr/bin/../lib/gcc/x86_64-linux-gnu/12 -L/usr/bin/../lib/gcc/x86_64-linux-gnu/12/../../../../lib64 -L/lib/x86_64-linux-gnu -L/lib/../lib64 -L/usr/lib/x86_64-linux-gnu -L/usr/lib/../lib64 -L/lib -L/usr/lib CMakeFiles/cmTC_135c0.dir/CMakeCXXCompilerABI.cpp.o -lstdc++ -lm -lgcc_s -lgcc -lc -lgcc_s -lgcc /usr/bin/../lib/gcc/x86_64-linux-gnu/12/crtendS.o /lib/x86_64-linux-gnu/crtn.o
/usr/bin/ld: cannot find -lstdc++: No such file or directory
clang++-17: error: linker command failed with exit code 1 (use -v to see invocation)
ninja: build stopped: subcommand failed.




Determining if the CXX compiler works failed with the following output:
Change Dir: /home/ne0/sys_competition/start/cpu_watcher/build/CMakeFiles/CMakeTmp

Run Build Command(s):/usr/bin/ninja cmTC_b87dd && [1/2] Building CXX object CMakeFiles/cmTC_b87dd.dir/testCXXCompiler.cxx.o
[2/2] Linking CXX executable cmTC_b87dd
FAILED: cmTC_b87dd 
: && /usr/bin/clang++-17   CMakeFiles/cmTC_b87dd.dir/testCXXCompiler.cxx.o -o cmTC_b87dd   && :
/usr/bin/ld: 找不到 -lstdc++: 没有那个文件或目录
clang++-17: error: linker command failed with exit code 1 (use -v to see invocation)
ninja: build stopped: subcommand failed.



Compiling the CXX compiler identification source file "CMakeCXXCompilerId.cpp" failed.
Compiler: /usr/bin/clang++-17 
Build flags: 
Id flags:  

The output was:
1
/usr/bin/ld: 找不到 -lstdc++: 没有那个文件或目录
clang++-17: error: linker command failed with exit code 1 (use -v to see invocation)


Detecting CXX compiler ABI info failed to compile with the following output:
Change Dir: /home/ne0/sys_competition/start/cpu_watcher/build/CMakeFiles/CMakeTmp

Run Build Command(s):/usr/bin/ninja cmTC_72f75 && [1/2] Building CXX object CMakeFiles/cmTC_72f75.dir/CMakeCXXCompilerABI.cpp.o
Ubuntu clang version 17.0.6 (++20231209124227+6009708b4367-1~exp1~20231209124336.77)
Target: x86_64-pc-linux-gnu
Thread model: posix
InstalledDir: /usr/bin
Found candidate GCC installation: /usr/bin/../lib/gcc/x86_64-linux-gnu/11
Found candidate GCC installation: /usr/bin/../lib/gcc/x86_64-linux-gnu/12
Selected GCC installation: /usr/bin/../lib/gcc/x86_64-linux-gnu/12
Candidate multilib: .;@m64
Selected multilib: .;@m64
Found CUDA installation: /usr/local/cuda, version 
 (in-process)
 "/usr/lib/llvm-17/bin/clang" -cc1 -triple x86_64-pc-linux-gnu -emit-obj -mrelax-all -disable-free -clear-ast-before-backend -disable-llvm-verifier -discard-value-names -main-file-name CMakeCXXCompilerABI.cpp -mrelocation-model pic -pic-level 2 -pic-is-pie -mframe-pointer=all -fmath-errno -ffp-contract=on -fno-rounding-math -mconstructor-aliases -funwind-tables=2 -target-cpu x86-64 -tune-cpu generic -debugger-tuning=gdb -v -fcoverage-compilation-dir=/home/ne0/sys_competition/start/cpu_watcher/build/CMakeFiles/CMakeTmp -resource-dir /usr/lib/llvm-17/lib/clang/17 -dependency-file CMakeFiles/cmTC_72f75.dir/CMakeCXXCompilerABI.cpp.o.d -MT CMakeFiles/cmTC_72f75.dir/CMakeCXXCompilerABI.cpp.o -sys-header-deps -internal-isystem /usr/bin/../lib/gcc/x86_64-linux-gnu/12/../../../../include/c++ -internal-isystem /usr/bin/../lib/gcc/x86_64-linux-gnu/12/../../../../include/c++/x86_64-linux-gnu -internal-isystem /usr/bin/../lib/gcc/x86_64-linux-gnu/12/../../../../include/c++/backward -internal-isystem /usr/lib/llvm-17/lib/clang/17/include -internal-isystem /usr/local/include -internal-isystem /usr/bin/../lib/gcc/x86_64-linux-gnu/12/../../../../x86_64-linux-gnu/include -internal-externc-isystem /usr/include/x86_64-linux-gnu -internal-externc-isystem /include -internal-externc-isystem /usr/include -fdeprecated-macro -fdebug-compilation-dir=/home/ne0/sys_competition/start/cpu_watcher/build/CMakeFiles/CMakeTmp -ferror-limit 19 -fgnuc-version=4.2.1 -fcxx-exceptions -fexceptions -faddrsig -D__GCC_HAVE_DWARF2_CFI_ASM=1 -o CMakeFiles/cmTC_72f75.dir/CMakeCXXCompilerABI.cpp.o -x c++ /usr/share/cmake-3.22/Modules/CMakeCXXCompilerABI.cpp
clang -cc1 version 17.0.6 based upon LLVM 17.0.6 default target x86_64-pc-linux-gnu
ignoring nonexistent directory "/usr/bin/../lib/gcc/x86_64-linux-gnu/12/../../../../include/c++/x86_64-linux-gnu"
ignoring nonexistent directory "/usr/bin/../lib/gcc/x86_64-linux-gnu/12/../../../../include/c++/backward"
ignoring nonexistent directory "/usr/bin/../lib/gcc/x86_64-linux-gnu/12/../../../../x86_64-linux-gnu/include"
ignoring nonexistent directory "/include"
#include "..." search starts here:
#include <...> search starts here:
 /usr/bin/../lib/gcc/x86_64-linux-gnu/12/../../../../include/c++
 /usr/lib/llvm-17/lib/clang/17/include
 /usr/local/include
 /usr/include/x86_64-linux-gnu
 /usr/include
End of search list.
[2/2] Linking CXX executable cmTC_72f75
FAILED: cmTC_72f75 
: && /usr/bin/clang++-17  -v CMakeFiles/cmTC_72f75.dir/CMakeCXXCompilerABI.cpp.o -o cmTC_72f75   && :
Ubuntu clang version 17.0.6 (++20231209124227+6009708b4367-1~exp1~20231209124336.77)
Target: x86_64-pc-linux-gnu
Thread model: posix
InstalledDir: /usr/bin
Found candidate GCC installation: /usr/bin/../lib/gcc/x86_64-linux-gnu/11
Found candidate GCC installation: /usr/bin/../lib/gcc/x86_64-linux-gnu/12
Selected GCC installation: /usr/bin/../lib/gcc/x86_64-linux-gnu/12
Candidate multilib: .;@m64
Selected multilib: .;@m64
Found CUDA installation: /usr/local/cuda, version 
 "/usr/bin/ld" -pie -z relro --hash-style=gnu --build-id --eh-frame-hdr -m elf_x86_64 -dynamic-linker /lib64/ld-linux-x86-64.so.2 -o cmTC_72f75 /lib/x86_64-linux-gnu/Scrt1.o /lib/x86_64-linux-gnu/crti.o /usr/bin/../lib/gcc/x86_64-linux-gnu/12/crtbeginS.o -L/usr/bin/../lib/gcc/x86_64-linux-gnu/12 -L/usr/bin/../lib/gcc/x86_64-linux-gnu/12/../../../../lib64 -L/lib/x86_64-linux-gnu -L/lib/../lib64 -L/usr/lib/x86_64-linux-gnu -L/usr/lib/../lib64 -L/lib -L/usr/lib CMakeFiles/cmTC_72f75.dir/CMakeCXXCompilerABI.cpp.o -lstdc++ -lm -lgcc_s -lgcc -lc -lgcc_s -lgcc /usr/bin/../lib/gcc/x86_64-linux-gnu/12/crtendS.o /lib/x86_64-linux-gnu/crtn.o
/usr/bin/ld: cannot find -lstdc++: No such file or directory
clang++-17: error: linker command failed with exit code 1 (use -v to see invocation)
ninja: build stopped: subcommand failed.




Determining if the CXX compiler works failed with the following output:
Change Dir: /home/ne0/sys_competition/start/cpu_watcher/build/CMakeFiles/CMakeTmp

Run Build Command(s):/usr/bin/ninja cmTC_ec89b && [1/2] Building CXX object CMakeFiles/cmTC_ec89b.dir/testCXXCompiler.cxx.o
[2/2] Linking CXX executable cmTC_ec89b
FAILED: cmTC_ec89b 
: && /usr/bin/clang++-17   CMakeFiles/cmTC_ec89b.dir/testCXXCompiler.cxx.o -o cmTC_ec89b   && :
/usr/bin/ld: 找不到 -lstdc++: 没有那个文件或目录
clang++-17: error: linker command failed with exit code 1 (use -v to see invocation)
ninja: build stopped: subcommand failed.



Compiling the CXX compiler identification source file "CMakeCXXCompilerId.cpp" failed.
Compiler: /usr/bin/clang++-17 
Build flags: 
Id flags:  

The output was:
1
/usr/bin/ld: 找不到 -lstdc++: 没有那个文件或目录
clang++-17: error: linker command failed with exit code 1 (use -v to see invocation)


Detecting CXX compiler ABI info failed to compile with the following output:
Change Dir: /home/ne0/sys_competition/start/cpu_watcher/build/CMakeFiles/CMakeTmp

Run Build Command(s):/usr/bin/ninja cmTC_c3e8a && [1/2] Building CXX object CMakeFiles/cmTC_c3e8a.dir/CMakeCXXCompilerABI.cpp.o
Ubuntu clang version 17.0.6 (++20231209124227+6009708b4367-1~exp1~20231209124336.77)
Target: x86_64-pc-linux-gnu
Thread model: posix
InstalledDir: /usr/bin
Found candidate GCC installation: /usr/bin/../lib/gcc/x86_64-linux-gnu/11
Found candidate GCC installation: /usr/bin/../lib/gcc/x86_64-linux-gnu/12
Selected GCC installation: /usr/bin/../lib/gcc/x86_64-linux-gnu/12
Candidate multilib: .;@m64
Selected multilib: .;@m64
Found CUDA installation: /usr/local/cuda, version 
 (in-process)
 "/usr/lib/llvm-17/bin/clang" -cc1 -triple x86_64-pc-linux-gnu -emit-obj -mrelax-all -disable-free -clear-ast-before-backend -disable-llvm-verifier -discard-value-names -main-file-name CMakeCXXCompilerABI.cpp -mrelocation-model pic -pic-level 2 -pic-is-pie -mframe-pointer=all -fmath-errno -ffp-contract=on -fno-rounding-math -mconstructor-aliases -funwind-tables=2 -target-cpu x86-64 -tune-cpu generic -debugger-tuning=gdb -v -fcoverage-compilation-dir=/home/ne0/sys_competition/start/cpu_watcher/build/CMakeFiles/CMakeTmp -resource-dir /usr/lib/llvm-17/lib/clang/17 -dependency-file CMakeFiles/cmTC_c3e8a.dir/CMakeCXXCompilerABI.cpp.o.d -MT CMakeFiles/cmTC_c3e8a.dir/CMakeCXXCompilerABI.cpp.o -sys-header-deps -internal-isystem /usr/bin/../lib/gcc/x86_64-linux-gnu/12/../../../../include/c++ -internal-isystem /usr/bin/../lib/gcc/x86_64-linux-gnu/12/../../../../include/c++/x86_64-linux-gnu -internal-isystem /usr/bin/../lib/gcc/x86_64-linux-gnu/12/../../../../include/c++/backward -internal-isystem /usr/lib/llvm-17/lib/clang/17/include -internal-isystem /usr/local/include -internal-isystem /usr/bin/../lib/gcc/x86_64-linux-gnu/12/../../../../x86_64-linux-gnu/include -internal-externc-isystem /usr/include/x86_64-linux-gnu -internal-externc-isystem /include -internal-externc-isystem /usr/include -fdeprecated-macro -fdebug-compilation-dir=/home/ne0/sys_competition/start/cpu_watcher/build/CMakeFiles/CMakeTmp -ferror-limit 19 -fgnuc-version=4.2.1 -fcxx-exceptions -fexceptions -faddrsig -D__GCC_HAVE_DWARF2_CFI_ASM=1 -o CMakeFiles/cmTC_c3e8a.dir/CMakeCXXCompilerABI.cpp.o -x c++ /usr/share/cmake-3.22/Modules/CMakeCXXCompilerABI.cpp
clang -cc1 version 17.0.6 based upon LLVM 17.0.6 default target x86_64-pc-linux-gnu
ignoring nonexistent directory "/usr/bin/../lib/gcc/x86_64-linux-gnu/12/../../../../include/c++/x86_64-linux-gnu"
ignoring nonexistent directory "/usr/bin/../lib/gcc/x86_64-linux-gnu/12/../../../../include/c++/backward"
ignoring nonexistent directory "/usr/bin/../lib/gcc/x86_64-linux-gnu/12/../../../../x86_64-linux-gnu/include"
ignoring nonexistent directory "/include"
#include "..." search starts here:
#include <...> search starts here:
 /usr/bin/../lib/gcc/x86_64-linux-gnu/12/../../../../include/c++
 /usr/lib/llvm-17/lib/clang/17/include
 /usr/local/include
 /usr/include/x86_64-linux-gnu
 /usr/include
End of search list.
[2/2] Linking CXX executable cmTC_c3e8a
FAILED: cmTC_c3e8a 
: && /usr/bin/clang++-17  -v CMakeFiles/cmTC_c3e8a.dir/CMakeCXXCompilerABI.cpp.o -o cmTC_c3e8a   && :
Ubuntu clang version 17.0.6 (++20231209124227+6009708b4367-1~exp1~20231209124336.77)
Target: x86_64-pc-linux-gnu
Thread model: posix
InstalledDir: /usr/bin
Found candidate GCC installation: /usr/bin/../lib/gcc/x86_64-linux-gnu/11
Found candidate GCC installation: /usr/bin/../lib/gcc/x86_64-linux-gnu/12
Selected GCC installation: /usr/bin/../lib/gcc/x86_64-linux-gnu/12
Candidate multilib: .;@m64
Selected multilib: .;@m64
Found CUDA installation: /usr/local/cuda, version 
 "/usr/bin/ld" -pie -z relro --hash-style=gnu --build-id --eh-frame-hdr -m elf_x86_64 -dynamic-linker /lib64/ld-linux-x86-64.so.2 -o cmTC_c3e8a /lib/x86_64-linux-gnu/Scrt1.o /lib/x86_64-linux-gnu/crti.o /usr/bin/../lib/gcc/x86_64-linux-gnu/12/crtbeginS.o -L/usr/bin/../lib/gcc/x86_64-linux-gnu/12 -L/usr/bin/../lib/gcc/x86_64-linux-gnu/12/../../../../lib64 -L/lib/x86_64-linux-gnu -L/lib/../lib64 -L/usr/lib/x86_64-linux-gnu -L/usr/lib/../lib64 -L/lib -L/usr/lib CMakeFiles/cmTC_c3e8a.dir/CMakeCXXCompilerABI.cpp.o -lstdc++ -lm -lgcc_s -lgcc -lc -lgcc_s -lgcc /usr/bin/../lib/gcc/x86_64-linux-gnu/12/crtendS.o /lib/x86_64-linux-gnu/crtn.o
/usr/bin/ld: cannot find -lstdc++: No such file or directory
clang++-17: error: linker command failed with exit code 1 (use -v to see invocation)
ninja: build stopped: subcommand failed.




Determining if the CXX compiler works failed with the following output:
Change Dir: /home/ne0/sys_competition/start/cpu_watcher/build/CMakeFiles/CMakeTmp

Run Build Command(s):/usr/bin/ninja cmTC_a674f && [1/2] Building CXX object CMakeFiles/cmTC_a674f.dir/testCXXCompiler.cxx.o
[2/2] Linking CXX executable cmTC_a674f
FAILED: cmTC_a674f 
: && /usr/bin/clang++-17   CMakeFiles/cmTC_a674f.dir/testCXXCompiler.cxx.o -o cmTC_a674f   && :
/usr/bin/ld: 找不到 -lstdc++: 没有那个文件或目录
clang++-17: error: linker command failed with exit code 1 (use -v to see invocation)
ninja: build stopped: subcommand failed.



Compiling the CXX compiler identification source file "CMakeCXXCompilerId.cpp" failed.
Compiler: /usr/bin/clang++-17 
Build flags: 
Id flags:  

The output was:
1
/usr/bin/ld: 找不到 -lstdc++: 没有那个文件或目录
clang++-17: error: linker command failed with exit code 1 (use -v to see invocation)


Detecting CXX compiler ABI info failed to compile with the following output:
Change Dir: /home/ne0/sys_competition/start/cpu_watcher/build/CMakeFiles/CMakeTmp

Run Build Command(s):/usr/bin/ninja cmTC_1db08 && [1/2] Building CXX object CMakeFiles/cmTC_1db08.dir/CMakeCXXCompilerABI.cpp.o
Ubuntu clang version 17.0.6 (++20231209124227+6009708b4367-1~exp1~20231209124336.77)
Target: x86_64-pc-linux-gnu
Thread model: posix
InstalledDir: /usr/bin
Found candidate GCC installation: /usr/bin/../lib/gcc/x86_64-linux-gnu/11
Found candidate GCC installation: /usr/bin/../lib/gcc/x86_64-linux-gnu/12
Selected GCC installation: /usr/bin/../lib/gcc/x86_64-linux-gnu/12
Candidate multilib: .;@m64
Selected multilib: .;@m64
Found CUDA installation: /usr/local/cuda, version 
 (in-process)
 "/usr/lib/llvm-17/bin/clang" -cc1 -triple x86_64-pc-linux-gnu -emit-obj -mrelax-all -disable-free -clear-ast-before-backend -disable-llvm-verifier -discard-value-names -main-file-name CMakeCXXCompilerABI.cpp -mrelocation-model pic -pic-level 2 -pic-is-pie -mframe-pointer=all -fmath-errno -ffp-contract=on -fno-rounding-math -mconstructor-aliases -funwind-tables=2 -target-cpu x86-64 -tune-cpu generic -debugger-tuning=gdb -v -fcoverage-compilation-dir=/home/ne0/sys_competition/start/cpu_watcher/build/CMakeFiles/CMakeTmp -resource-dir /usr/lib/llvm-17/lib/clang/17 -dependency-file CMakeFiles/cmTC_1db08.dir/CMakeCXXCompilerABI.cpp.o.d -MT CMakeFiles/cmTC_1db08.dir/CMakeCXXCompilerABI.cpp.o -sys-header-deps -internal-isystem /usr/bin/../lib/gcc/x86_64-linux-gnu/12/../../../../include/c++ -internal-isystem /usr/bin/../lib/gcc/x86_64-linux-gnu/12/../../../../include/c++/x86_64-linux-gnu -internal-isystem /usr/bin/../lib/gcc/x86_64-linux-gnu/12/../../../../include/c++/backward -internal-isystem /usr/lib/llvm-17/lib/clang/17/include -internal-isystem /usr/local/include -internal-isystem /usr/bin/../lib/gcc/x86_64-linux-gnu/12/../../../../x86_64-linux-gnu/include -internal-externc-isystem /usr/include/x86_64-linux-gnu -internal-externc-isystem /include -internal-externc-isystem /usr/include -fdeprecated-macro -fdebug-compilation-dir=/home/ne0/sys_competition/start/cpu_watcher/build/CMakeFiles/CMakeTmp -ferror-limit 19 -fgnuc-version=4.2.1 -fcxx-exceptions -fexceptions -faddrsig -D__GCC_HAVE_DWARF2_CFI_ASM=1 -o CMakeFiles/cmTC_1db08.dir/CMakeCXXCompilerABI.cpp.o -x c++ /usr/share/cmake-3.22/Modules/CMakeCXXCompilerABI.cpp
clang -cc1 version 17.0.6 based upon LLVM 17.0.6 default target x86_64-pc-linux-gnu
ignoring nonexistent directory "/usr/bin/../lib/gcc/x86_64-linux-gnu/12/../../../../include/c++/x86_64-linux-gnu"
ignoring nonexistent directory "/usr/bin/../lib/gcc/x86_64-linux-gnu/12/../../../../include/c++/backward"
ignoring nonexistent directory "/usr/bin/../lib/gcc/x86_64-linux-gnu/12/../../../../x86_64-linux-gnu/include"
ignoring nonexistent directory "/include"
#include "..." search starts here:
#include <...> search starts here:
 /usr/bin/../lib/gcc/x86_64-linux-gnu/12/../../../../include/c++
 /usr/lib/llvm-17/lib/clang/17/include
 /usr/local/include
 /usr/include/x86_64-linux-gnu
 /usr/include
End of search list.
[2/2] Linking CXX executable cmTC_1db08
FAILED: cmTC_1db08 
: && /usr/bin/clang++-17  -v CMakeFiles/cmTC_1db08.dir/CMakeCXXCompilerABI.cpp.o -o cmTC_1db08   && :
Ubuntu clang version 17.0.6 (++20231209124227+6009708b4367-1~exp1~20231209124336.77)
Target: x86_64-pc-linux-gnu
Thread model: posix
InstalledDir: /usr/bin
Found candidate GCC installation: /usr/bin/../lib/gcc/x86_64-linux-gnu/11
Found candidate GCC installation: /usr/bin/../lib/gcc/x86_64-linux-gnu/12
Selected GCC installation: /usr/bin/../lib/gcc/x86_64-linux-gnu/12
Candidate multilib: .;@m64
Selected multilib: .;@m64
Found CUDA installation: /usr/local/cuda, version 
 "/usr/bin/ld" -pie -z relro --hash-style=gnu --build-id --eh-frame-hdr -m elf_x86_64 -dynamic-linker /lib64/ld-linux-x86-64.so.2 -o cmTC_1db08 /lib/x86_64-linux-gnu/Scrt1.o /lib/x86_64-linux-gnu/crti.o /usr/bin/../lib/gcc/x86_64-linux-gnu/12/crtbeginS.o -L/usr/bin/../lib/gcc/x86_64-linux-gnu/12 -L/usr/bin/../lib/gcc/x86_64-linux-gnu/12/../../../../lib64 -L/lib/x86_64-linux-gnu -L/lib/../lib64 -L/usr/lib/x86_64-linux-gnu -L/usr/lib/../lib64 -L/lib -L/usr/lib CMakeFiles/cmTC_1db08.dir/CMakeCXXCompilerABI.cpp.o -lstdc++ -lm -lgcc_s -lgcc -lc -lgcc_s -lgcc /usr/bin/../lib/gcc/x86_64-linux-gnu/12/crtendS.o /lib/x86_64-linux-gnu/crtn.o
/usr/bin/ld: cannot find -lstdc++: No such file or directory
clang++-17: error: linker command failed with exit code 1 (use -v to see invocation)
ninja: build stopped: subcommand failed.




Determining if the CXX compiler works failed with the following output:
Change Dir: /home/ne0/sys_competition/start/cpu_watcher/build/CMakeFiles/CMakeTmp

Run Build Command(s):/usr/bin/ninja cmTC_5070d && [1/2] Building CXX object CMakeFiles/cmTC_5070d.dir/testCXXCompiler.cxx.o
[2/2] Linking CXX executable cmTC_5070d
FAILED: cmTC_5070d 
: && /usr/bin/clang++-17   CMakeFiles/cmTC_5070d.dir/testCXXCompiler.cxx.o -o cmTC_5070d   && :
/usr/bin/ld: 找不到 -lstdc++: 没有那个文件或目录
clang++-17: error: linker command failed with exit code 1 (use -v to see invocation)
ninja: build stopped: subcommand failed.



Compiling the CXX compiler identification source file "CMakeCXXCompilerId.cpp" failed.
Compiler: /usr/bin/clang++-17 
Build flags: 
Id flags:  

The output was:
1
/usr/bin/ld: 找不到 -lstdc++: 没有那个文件或目录
clang++-17: error: linker command failed with exit code 1 (use -v to see invocation)


Detecting CXX compiler ABI info failed to compile with the following output:
Change Dir: /home/ne0/sys_competition/start/cpu_watcher/build/CMakeFiles/CMakeTmp

Run Build Command(s):/usr/bin/ninja cmTC_00b9a && [1/2] Building CXX object CMakeFiles/cmTC_00b9a.dir/CMakeCXXCompilerABI.cpp.o
Ubuntu clang version 17.0.6 (++20231209124227+6009708b4367-1~exp1~20231209124336.77)
Target: x86_64-pc-linux-gnu
Thread model: posix
InstalledDir: /usr/bin
Found candidate GCC installation: /usr/bin/../lib/gcc/x86_64-linux-gnu/11
Found candidate GCC installation: /usr/bin/../lib/gcc/x86_64-linux-gnu/12
Selected GCC installation: /usr/bin/../lib/gcc/x86_64-linux-gnu/12
Candidate multilib: .;@m64
Selected multilib: .;@m64
Found CUDA installation: /usr/local/cuda, version 
 (in-process)
 "/usr/lib/llvm-17/bin/clang" -cc1 -triple x86_64-pc-linux-gnu -emit-obj -mrelax-all -disable-free -clear-ast-before-backend -disable-llvm-verifier -discard-value-names -main-file-name CMakeCXXCompilerABI.cpp -mrelocation-model pic -pic-level 2 -pic-is-pie -mframe-pointer=all -fmath-errno -ffp-contract=on -fno-rounding-math -mconstructor-aliases -funwind-tables=2 -target-cpu x86-64 -tune-cpu generic -debugger-tuning=gdb -v -fcoverage-compilation-dir=/home/ne0/sys_competition/start/cpu_watcher/build/CMakeFiles/CMakeTmp -resource-dir /usr/lib/llvm-17/lib/clang/17 -dependency-file CMakeFiles/cmTC_00b9a.dir/CMakeCXXCompilerABI.cpp.o.d -MT CMakeFiles/cmTC_00b9a.dir/CMakeCXXCompilerABI.cpp.o -sys-header-deps -internal-isystem /usr/bin/../lib/gcc/x86_64-linux-gnu/12/../../../../include/c++ -internal-isystem /usr/bin/../lib/gcc/x86_64-linux-gnu/12/../../../../include/c++/x86_64-linux-gnu -internal-isystem /usr/bin/../lib/gcc/x86_64-linux-gnu/12/../../../../include/c++/backward -internal-isystem /usr/lib/llvm-17/lib/clang/17/include -internal-isystem /usr/local/include -internal-isystem /usr/bin/../lib/gcc/x86_64-linux-gnu/12/../../../../x86_64-linux-gnu/include -internal-externc-isystem /usr/include/x86_64-linux-gnu -internal-externc-isystem /include -internal-externc-isystem /usr/include -fdeprecated-macro -fdebug-compilation-dir=/home/ne0/sys_competition/start/cpu_watcher/build/CMakeFiles/CMakeTmp -ferror-limit 19 -fgnuc-version=4.2.1 -fcxx-exceptions -fexceptions -faddrsig -D__GCC_HAVE_DWARF2_CFI_ASM=1 -o CMakeFiles/cmTC_00b9a.dir/CMakeCXXCompilerABI.cpp.o -x c++ /usr/share/cmake-3.22/Modules/CMakeCXXCompilerABI.cpp
clang -cc1 version 17.0.6 based upon LLVM 17.0.6 default target x86_64-pc-linux-gnu
ignoring nonexistent directory "/usr/bin/../lib/gcc/x86_64-linux-gnu/12/../../../../include/c++/x86_64-linux-gnu"
ignoring nonexistent directory "/usr/bin/../lib/gcc/x86_64-linux-gnu/12/../../../../include/c++/backward"
ignoring nonexistent directory "/usr/bin/../lib/gcc/x86_64-linux-gnu/12/../../../../x86_64-linux-gnu/include"
ignoring nonexistent directory "/include"
#include "..." search starts here:
#include <...> search starts here:
 /usr/bin/../lib/gcc/x86_64-linux-gnu/12/../../../../include/c++
 /usr/lib/llvm-17/lib/clang/17/include
 /usr/local/include
 /usr/include/x86_64-linux-gnu
 /usr/include
End of search list.
[2/2] Linking CXX executable cmTC_00b9a
FAILED: cmTC_00b9a 
: && /usr/bin/clang++-17  -v CMakeFiles/cmTC_00b9a.dir/CMakeCXXCompilerABI.cpp.o -o cmTC_00b9a   && :
Ubuntu clang version 17.0.6 (++20231209124227+6009708b4367-1~exp1~20231209124336.77)
Target: x86_64-pc-linux-gnu
Thread model: posix
InstalledDir: /usr/bin
Found candidate GCC installation: /usr/bin/../lib/gcc/x86_64-linux-gnu/11
Found candidate GCC installation: /usr/bin/../lib/gcc/x86_64-linux-gnu/12
Selected GCC installation: /usr/bin/../lib/gcc/x86_64-linux-gnu/12
Candidate multilib: .;@m64
Selected multilib: .;@m64
Found CUDA installation: /usr/local/cuda, version 
 "/usr/bin/ld" -pie -z relro --hash-style=gnu --build-id --eh-frame-hdr -m elf_x86_64 -dynamic-linker /lib64/ld-linux-x86-64.so.2 -o cmTC_00b9a /lib/x86_64-linux-gnu/Scrt1.o /lib/x86_64-linux-gnu/crti.o /usr/bin/../lib/gcc/x86_64-linux-gnu/12/crtbeginS.o -L/usr/bin/../lib/gcc/x86_64-linux-gnu/12 -L/usr/bin/../lib/gcc/x86_64-linux-gnu/12/../../../../lib64 -L/lib/x86_64-linux-gnu -L/lib/../lib64 -L/usr/lib/x86_64-linux-gnu -L/usr/lib/../lib64 -L/lib -L/usr/lib CMakeFiles/cmTC_00b9a.dir/CMakeCXXCompilerABI.cpp.o -lstdc++ -lm -lgcc_s -lgcc -lc -lgcc_s -lgcc /usr/bin/../lib/gcc/x86_64-linux-gnu/12/crtendS.o /lib/x86_64-linux-gnu/crtn.o
/usr/bin/ld: cannot find -lstdc++: No such file or directory
clang++-17: error: linker command failed with exit code 1 (use -v to see invocation)
ninja: build stopped: subcommand failed.




Determining if the CXX compiler works failed with the following output:
Change Dir: /home/ne0/sys_competition/start/cpu_watcher/build/CMakeFiles/CMakeTmp

Run Build Command(s):/usr/bin/ninja cmTC_b94d1 && [1/2] Building CXX object CMakeFiles/cmTC_b94d1.dir/testCXXCompiler.cxx.o
[2/2] Linking CXX executable cmTC_b94d1
FAILED: cmTC_b94d1 
: && /usr/bin/clang++-17   CMakeFiles/cmTC_b94d1.dir/testCXXCompiler.cxx.o -o cmTC_b94d1   && :
/usr/bin/ld: 找不到 -lstdc++: 没有那个文件或目录
clang++-17: error: linker command failed with exit code 1 (use -v to see invocation)
ninja: build stopped: subcommand failed.



Compiling the CXX compiler identification source file "CMakeCXXCompilerId.cpp" failed.
Compiler: /usr/bin/clang++-17 
Build flags: 
Id flags:  

The output was:
1
/usr/bin/ld: 找不到 -lstdc++: 没有那个文件或目录
clang++-17: error: linker command failed with exit code 1 (use -v to see invocation)


Detecting CXX compiler ABI info failed to compile with the following output:
Change Dir: /home/ne0/sys_competition/start/cpu_watcher/build/CMakeFiles/CMakeTmp

Run Build Command(s):/usr/bin/ninja cmTC_26c39 && [1/2] Building CXX object CMakeFiles/cmTC_26c39.dir/CMakeCXXCompilerABI.cpp.o
Ubuntu clang version 17.0.6 (++20231209124227+6009708b4367-1~exp1~20231209124336.77)
Target: x86_64-pc-linux-gnu
Thread model: posix
InstalledDir: /usr/bin
Found candidate GCC installation: /usr/bin/../lib/gcc/x86_64-linux-gnu/11
Found candidate GCC installation: /usr/bin/../lib/gcc/x86_64-linux-gnu/12
Selected GCC installation: /usr/bin/../lib/gcc/x86_64-linux-gnu/12
Candidate multilib: .;@m64
Selected multilib: .;@m64
Found CUDA installation: /usr/local/cuda, version 
 (in-process)
 "/usr/lib/llvm-17/bin/clang" -cc1 -triple x86_64-pc-linux-gnu -emit-obj -mrelax-all -disable-free -clear-ast-before-backend -disable-llvm-verifier -discard-value-names -main-file-name CMakeCXXCompilerABI.cpp -mrelocation-model pic -pic-level 2 -pic-is-pie -mframe-pointer=all -fmath-errno -ffp-contract=on -fno-rounding-math -mconstructor-aliases -funwind-tables=2 -target-cpu x86-64 -tune-cpu generic -debugger-tuning=gdb -v -fcoverage-compilation-dir=/home/ne0/sys_competition/start/cpu_watcher/build/CMakeFiles/CMakeTmp -resource-dir /usr/lib/llvm-17/lib/clang/17 -dependency-file CMakeFiles/cmTC_26c39.dir/CMakeCXXCompilerABI.cpp.o.d -MT CMakeFiles/cmTC_26c39.dir/CMakeCXXCompilerABI.cpp.o -sys-header-deps -internal-isystem /usr/bin/../lib/gcc/x86_64-linux-gnu/12/../../../../include/c++ -internal-isystem /usr/bin/../lib/gcc/x86_64-linux-gnu/12/../../../../include/c++/x86_64-linux-gnu -internal-isystem /usr/bin/../lib/gcc/x86_64-linux-gnu/12/../../../../include/c++/backward -internal-isystem /usr/lib/llvm-17/lib/clang/17/include -internal-isystem /usr/local/include -internal-isystem /usr/bin/../lib/gcc/x86_64-linux-gnu/12/../../../../x86_64-linux-gnu/include -internal-externc-isystem /usr/include/x86_64-linux-gnu -internal-externc-isystem /include -internal-externc-isystem /usr/include -fdeprecated-macro -fdebug-compilation-dir=/home/ne0/sys_competition/start/cpu_watcher/build/CMakeFiles/CMakeTmp -ferror-limit 19 -fgnuc-version=4.2.1 -fcxx-exceptions -fexceptions -faddrsig -D__GCC_HAVE_DWARF2_CFI_ASM=1 -o CMakeFiles/cmTC_26c39.dir/CMakeCXXCompilerABI.cpp.o -x c++ /usr/share/cmake-3.22/Modules/CMakeCXXCompilerABI.cpp
clang -cc1 version 17.0.6 based upon LLVM 17.0.6 default target x86_64-pc-linux-gnu
ignoring nonexistent directory "/usr/bin/../lib/gcc/x86_64-linux-gnu/12/../../../../include/c++/x86_64-linux-gnu"
ignoring nonexistent directory "/usr/bin/../lib/gcc/x86_64-linux-gnu/12/../../../../include/c++/backward"
ignoring nonexistent directory "/usr/bin/../lib/gcc/x86_64-linux-gnu/12/../../../../x86_64-linux-gnu/include"
ignoring nonexistent directory "/include"
#include "..." search starts here:
#include <...> search starts here:
 /usr/bin/../lib/gcc/x86_64-linux-gnu/12/../../../../include/c++
 /usr/lib/llvm-17/lib/clang/17/include
 /usr/local/include
 /usr/include/x86_64-linux-gnu
 /usr/include
End of search list.
[2/2] Linking CXX executable cmTC_26c39
FAILED: cmTC_26c39 
: && /usr/bin/clang++-17  -v CMakeFiles/cmTC_26c39.dir/CMakeCXXCompilerABI.cpp.o -o cmTC_26c39   && :
Ubuntu clang version 17.0.6 (++20231209124227+6009708b4367-1~exp1~20231209124336.77)
Target: x86_64-pc-linux-gnu
Thread model: posix
InstalledDir: /usr/bin
Found candidate GCC installation: /usr/bin/../lib/gcc/x86_64-linux-gnu/11
Found candidate GCC installation: /usr/bin/../lib/gcc/x86_64-linux-gnu/12
Selected GCC installation: /usr/bin/../lib/gcc/x86_64-linux-gnu/12
Candidate multilib: .;@m64
Selected multilib: .;@m64
Found CUDA installation: /usr/local/cuda, version 
 "/usr/bin/ld" -pie -z relro --hash-style=gnu --build-id --eh-frame-hdr -m elf_x86_64 -dynamic-linker /lib64/ld-linux-x86-64.so.2 -o cmTC_26c39 /lib/x86_64-linux-gnu/Scrt1.o /lib/x86_64-linux-gnu/crti.o /usr/bin/../lib/gcc/x86_64-linux-gnu/12/crtbeginS.o -L/usr/bin/../lib/gcc/x86_64-linux-gnu/12 -L/usr/bin/../lib/gcc/x86_64-linux-gnu/12/../../../../lib64 -L/lib/x86_64-linux-gnu -L/lib/../lib64 -L/usr/lib/x86_64-linux-gnu -L/usr/lib/../lib64 -L/lib -L/usr/lib CMakeFiles/cmTC_26c39.dir/CMakeCXXCompilerABI.cpp.o -lstdc++ -lm -lgcc_s -lgcc -lc -lgcc_s -lgcc /usr/bin/../lib/gcc/x86_64-linux-gnu/12/crtendS.o /lib/x86_64-linux-gnu/crtn.o
/usr/bin/ld: cannot find -lstdc++: No such file or directory
clang++-17: error: linker command failed with exit code 1 (use -v to see invocation)
ninja: build stopped: subcommand failed.




Determining if the CXX compiler works failed with the following output:
Change Dir: /home/ne0/sys_competition/start/cpu_watcher/build/CMakeFiles/CMakeTmp

Run Build Command(s):/usr/bin/ninja cmTC_511ae && [1/2] Building CXX object CMakeFiles/cmTC_511ae.dir/testCXXCompiler.cxx.o
[2/2] Linking CXX executable cmTC_511ae
FAILED: cmTC_511ae 
: && /usr/bin/clang++-17   CMakeFiles/cmTC_511ae.dir/testCXXCompiler.cxx.o -o cmTC_511ae   && :
/usr/bin/ld: 找不到 -lstdc++: 没有那个文件或目录
clang++-17: error: linker command failed with exit code 1 (use -v to see invocation)
ninja: build stopped: subcommand failed.



Compiling the CXX compiler identification source file "CMakeCXXCompilerId.cpp" failed.
Compiler: /usr/bin/clang++-17 
Build flags: 
Id flags:  

The output was:
1
/usr/bin/ld: 找不到 -lstdc++: 没有那个文件或目录
clang++-17: error: linker command failed with exit code 1 (use -v to see invocation)


Detecting CXX compiler ABI info failed to compile with the following output:
Change Dir: /home/ne0/sys_competition/start/cpu_watcher/build/CMakeFiles/CMakeTmp

Run Build Command(s):/usr/bin/ninja cmTC_4b969 && [1/2] Building CXX object CMakeFiles/cmTC_4b969.dir/CMakeCXXCompilerABI.cpp.o
Ubuntu clang version 17.0.6 (++20231209124227+6009708b4367-1~exp1~20231209124336.77)
Target: x86_64-pc-linux-gnu
Thread model: posix
InstalledDir: /usr/bin
Found candidate GCC installation: /usr/bin/../lib/gcc/x86_64-linux-gnu/11
Found candidate GCC installation: /usr/bin/../lib/gcc/x86_64-linux-gnu/12
Selected GCC installation: /usr/bin/../lib/gcc/x86_64-linux-gnu/12
Candidate multilib: .;@m64
Selected multilib: .;@m64
Found CUDA installation: /usr/local/cuda, version 
 (in-process)
 "/usr/lib/llvm-17/bin/clang" -cc1 -triple x86_64-pc-linux-gnu -emit-obj -mrelax-all -disable-free -clear-ast-before-backend -disable-llvm-verifier -discard-value-names -main-file-name CMakeCXXCompilerABI.cpp -mrelocation-model pic -pic-level 2 -pic-is-pie -mframe-pointer=all -fmath-errno -ffp-contract=on -fno-rounding-math -mconstructor-aliases -funwind-tables=2 -target-cpu x86-64 -tune-cpu generic -debugger-tuning=gdb -v -fcoverage-compilation-dir=/home/ne0/sys_competition/start/cpu_watcher/build/CMakeFiles/CMakeTmp -resource-dir /usr/lib/llvm-17/lib/clang/17 -dependency-file CMakeFiles/cmTC_4b969.dir/CMakeCXXCompilerABI.cpp.o.d -MT CMakeFiles/cmTC_4b969.dir/CMakeCXXCompilerABI.cpp.o -sys-header-deps -internal-isystem /usr/bin/../lib/gcc/x86_64-linux-gnu/12/../../../../include/c++ -internal-isystem /usr/bin/../lib/gcc/x86_64-linux-gnu/12/../../../../include/c++/x86_64-linux-gnu -internal-isystem /usr/bin/../lib/gcc/x86_64-linux-gnu/12/../../../../include/c++/backward -internal-isystem /usr/lib/llvm-17/lib/clang/17/include -internal-isystem /usr/local/include -internal-isystem /usr/bin/../lib/gcc/x86_64-linux-gnu/12/../../../../x86_64-linux-gnu/include -internal-externc-isystem /usr/include/x86_64-linux-gnu -internal-externc-isystem /include -internal-externc-isystem /usr/include -fdeprecated-macro -fdebug-compilation-dir=/home/ne0/sys_competition/start/cpu_watcher/build/CMakeFiles/CMakeTmp -ferror-limit 19 -fgnuc-version=4.2.1 -fcxx-exceptions -fexceptions -faddrsig -D__GCC_HAVE_DWARF2_CFI_ASM=1 -o CMakeFiles/cmTC_4b969.dir/CMakeCXXCompilerABI.cpp.o -x c++ /usr/share/cmake-3.22/Modules/CMakeCXXCompilerABI.cpp
clang -cc1 version 17.0.6 based upon LLVM 17.0.6 default target x86_64-pc-linux-gnu
ignoring nonexistent directory "/usr/bin/../lib/gcc/x86_64-linux-gnu/12/../../../../include/c++/x86_64-linux-gnu"
ignoring nonexistent directory "/usr/bin/../lib/gcc/x86_64-linux-gnu/12/../../../../include/c++/backward"
ignoring nonexistent directory "/usr/bin/../lib/gcc/x86_64-linux-gnu/12/../../../../x86_64-linux-gnu/include"
ignoring nonexistent directory "/include"
#include "..." search starts here:
#include <...> search starts here:
 /usr/bin/../lib/gcc/x86_64-linux-gnu/12/../../../../include/c++
 /usr/lib/llvm-17/lib/clang/17/include
 /usr/local/include
 /usr/include/x86_64-linux-gnu
 /usr/include
End of search list.
[2/2] Linking CXX executable cmTC_4b969
FAILED: cmTC_4b969 
: && /usr/bin/clang++-17  -v CMakeFiles/cmTC_4b969.dir/CMakeCXXCompilerABI.cpp.o -o cmTC_4b969   && :
Ubuntu clang version 17.0.6 (++20231209124227+6009708b4367-1~exp1~20231209124336.77)
Target: x86_64-pc-linux-gnu
Thread model: posix
InstalledDir: /usr/bin
Found candidate GCC installation: /usr/bin/../lib/gcc/x86_64-linux-gnu/11
Found candidate GCC installation: /usr/bin/../lib/gcc/x86_64-linux-gnu/12
Selected GCC installation: /usr/bin/../lib/gcc/x86_64-linux-gnu/12
Candidate multilib: .;@m64
Selected multilib: .;@m64
Found CUDA installation: /usr/local/cuda, version 
 "/usr/bin/ld" -pie -z relro --hash-style=gnu --build-id --eh-frame-hdr -m elf_x86_64 -dynamic-linker /lib64/ld-linux-x86-64.so.2 -o cmTC_4b969 /lib/x86_64-linux-gnu/Scrt1.o /lib/x86_64-linux-gnu/crti.o /usr/bin/../lib/gcc/x86_64-linux-gnu/12/crtbeginS.o -L/usr/bin/../lib/gcc/x86_64-linux-gnu/12 -L/usr/bin/../lib/gcc/x86_64-linux-gnu/12/../../../../lib64 -L/lib/x86_64-linux-gnu -L/lib/../lib64 -L/usr/lib/x86_64-linux-gnu -L/usr/lib/../lib64 -L/lib -L/usr/lib CMakeFiles/cmTC_4b969.dir/CMakeCXXCompilerABI.cpp.o -lstdc++ -lm -lgcc_s -lgcc -lc -lgcc_s -lgcc /usr/bin/../lib/gcc/x86_64-linux-gnu/12/crtendS.o /lib/x86_64-linux-gnu/crtn.o
/usr/bin/ld: cannot find -lstdc++: No such file or directory
clang++-17: error: linker command failed with exit code 1 (use -v to see invocation)
ninja: build stopped: subcommand failed.




Determining if the CXX compiler works failed with the following output:
Change Dir: /home/ne0/sys_competition/start/cpu_watcher/build/CMakeFiles/CMakeTmp

Run Build Command(s):/usr/bin/ninja cmTC_63715 && [1/2] Building CXX object CMakeFiles/cmTC_63715.dir/testCXXCompiler.cxx.o
[2/2] Linking CXX executable cmTC_63715
FAILED: cmTC_63715 
: && /usr/bin/clang++-17   CMakeFiles/cmTC_63715.dir/testCXXCompiler.cxx.o -o cmTC_63715   && :
/usr/bin/ld: 找不到 -lstdc++: 没有那个文件或目录
clang++-17: error: linker command failed with exit code 1 (use -v to see invocation)
ninja: build stopped: subcommand failed.



Compiling the CXX compiler identification source file "CMakeCXXCompilerId.cpp" failed.
Compiler: /usr/bin/clang++-17 
Build flags: 
Id flags:  

The output was:
1
/usr/bin/ld: 找不到 -lstdc++: 没有那个文件或目录
clang++-17: error: linker command failed with exit code 1 (use -v to see invocation)


Detecting CXX compiler ABI info failed to compile with the following output:
Change Dir: /home/ne0/sys_competition/start/cpu_watcher/build/CMakeFiles/CMakeTmp

Run Build Command(s):/usr/bin/ninja cmTC_07aa7 && [1/2] Building CXX object CMakeFiles/cmTC_07aa7.dir/CMakeCXXCompilerABI.cpp.o
Ubuntu clang version 17.0.6 (++20231209124227+6009708b4367-1~exp1~20231209124336.77)
Target: x86_64-pc-linux-gnu
Thread model: posix
InstalledDir: /usr/bin
Found candidate GCC installation: /usr/bin/../lib/gcc/x86_64-linux-gnu/11
Found candidate GCC installation: /usr/bin/../lib/gcc/x86_64-linux-gnu/12
Selected GCC installation: /usr/bin/../lib/gcc/x86_64-linux-gnu/12
Candidate multilib: .;@m64
Selected multilib: .;@m64
Found CUDA installation: /usr/local/cuda, version 
 (in-process)
 "/usr/lib/llvm-17/bin/clang" -cc1 -triple x86_64-pc-linux-gnu -emit-obj -mrelax-all -disable-free -clear-ast-before-backend -disable-llvm-verifier -discard-value-names -main-file-name CMakeCXXCompilerABI.cpp -mrelocation-model pic -pic-level 2 -pic-is-pie -mframe-pointer=all -fmath-errno -ffp-contract=on -fno-rounding-math -mconstructor-aliases -funwind-tables=2 -target-cpu x86-64 -tune-cpu generic -debugger-tuning=gdb -v -fcoverage-compilation-dir=/home/ne0/sys_competition/start/cpu_watcher/build/CMakeFiles/CMakeTmp -resource-dir /usr/lib/llvm-17/lib/clang/17 -dependency-file CMakeFiles/cmTC_07aa7.dir/CMakeCXXCompilerABI.cpp.o.d -MT CMakeFiles/cmTC_07aa7.dir/CMakeCXXCompilerABI.cpp.o -sys-header-deps -internal-isystem /usr/bin/../lib/gcc/x86_64-linux-gnu/12/../../../../include/c++ -internal-isystem /usr/bin/../lib/gcc/x86_64-linux-gnu/12/../../../../include/c++/x86_64-linux-gnu -internal-isystem /usr/bin/../lib/gcc/x86_64-linux-gnu/12/../../../../include/c++/backward -internal-isystem /usr/lib/llvm-17/lib/clang/17/include -internal-isystem /usr/local/include -internal-isystem /usr/bin/../lib/gcc/x86_64-linux-gnu/12/../../../../x86_64-linux-gnu/include -internal-externc-isystem /usr/include/x86_64-linux-gnu -internal-externc-isystem /include -internal-externc-isystem /usr/include -fdeprecated-macro -fdebug-compilation-dir=/home/ne0/sys_competition/start/cpu_watcher/build/CMakeFiles/CMakeTmp -ferror-limit 19 -fgnuc-version=4.2.1 -fcxx-exceptions -fexceptions -faddrsig -D__GCC_HAVE_DWARF2_CFI_ASM=1 -o CMakeFiles/cmTC_07aa7.dir/CMakeCXXCompilerABI.cpp.o -x c++ /usr/share/cmake-3.22/Modules/CMakeCXXCompilerABI.cpp
clang -cc1 version 17.0.6 based upon LLVM 17.0.6 default target x86_64-pc-linux-gnu
ignoring nonexistent directory "/usr/bin/../lib/gcc/x86_64-linux-gnu/12/../../../../include/c++/x86_64-linux-gnu"
ignoring nonexistent directory "/usr/bin/../lib/gcc/x86_64-linux-gnu/12/../../../../include/c++/backward"
ignoring nonexistent directory "/usr/bin/../lib/gcc/x86_64-linux-gnu/12/../../../../x86_64-linux-gnu/include"
ignoring nonexistent directory "/include"
#include "..." search starts here:
#include <...> search starts here:
 /usr/bin/../lib/gcc/x86_64-linux-gnu/12/../../../../include/c++
 /usr/lib/llvm-17/lib/clang/17/include
 /usr/local/include
 /usr/include/x86_64-linux-gnu
 /usr/include
End of search list.
[2/2] Linking CXX executable cmTC_07aa7
FAILED: cmTC_07aa7 
: && /usr/bin/clang++-17  -v CMakeFiles/cmTC_07aa7.dir/CMakeCXXCompilerABI.cpp.o -o cmTC_07aa7   && :
Ubuntu clang version 17.0.6 (++20231209124227+6009708b4367-1~exp1~20231209124336.77)
Target: x86_64-pc-linux-gnu
Thread model: posix
InstalledDir: /usr/bin
Found candidate GCC installation: /usr/bin/../lib/gcc/x86_64-linux-gnu/11
Found candidate GCC installation: /usr/bin/../lib/gcc/x86_64-linux-gnu/12
Selected GCC installation: /usr/bin/../lib/gcc/x86_64-linux-gnu/12
Candidate multilib: .;@m64
Selected multilib: .;@m64
Found CUDA installation: /usr/local/cuda, version 
 "/usr/bin/ld" -pie -z relro --hash-style=gnu --build-id --eh-frame-hdr -m elf_x86_64 -dynamic-linker /lib64/ld-linux-x86-64.so.2 -o cmTC_07aa7 /lib/x86_64-linux-gnu/Scrt1.o /lib/x86_64-linux-gnu/crti.o /usr/bin/../lib/gcc/x86_64-linux-gnu/12/crtbeginS.o -L/usr/bin/../lib/gcc/x86_64-linux-gnu/12 -L/usr/bin/../lib/gcc/x86_64-linux-gnu/12/../../../../lib64 -L/lib/x86_64-linux-gnu -L/lib/../lib64 -L/usr/lib/x86_64-linux-gnu -L/usr/lib/../lib64 -L/lib -L/usr/lib CMakeFiles/cmTC_07aa7.dir/CMakeCXXCompilerABI.cpp.o -lstdc++ -lm -lgcc_s -lgcc -lc -lgcc_s -lgcc /usr/bin/../lib/gcc/x86_64-linux-gnu/12/crtendS.o /lib/x86_64-linux-gnu/crtn.o
/usr/bin/ld: cannot find -lstdc++: No such file or directory
clang++-17: error: linker command failed with exit code 1 (use -v to see invocation)
ninja: build stopped: subcommand failed.




Determining if the CXX compiler works failed with the following output:
Change Dir: /home/ne0/sys_competition/start/cpu_watcher/build/CMakeFiles/CMakeTmp

Run Build Command(s):/usr/bin/ninja cmTC_0534f && [1/2] Building CXX object CMakeFiles/cmTC_0534f.dir/testCXXCompiler.cxx.o
[2/2] Linking CXX executable cmTC_0534f
FAILED: cmTC_0534f 
: && /usr/bin/clang++-17   CMakeFiles/cmTC_0534f.dir/testCXXCompiler.cxx.o -o cmTC_0534f   && :
/usr/bin/ld: 找不到 -lstdc++: 没有那个文件或目录
clang++-17: error: linker command failed with exit code 1 (use -v to see invocation)
ninja: build stopped: subcommand failed.



Compiling the CXX compiler identification source file "CMakeCXXCompilerId.cpp" failed.
Compiler: /usr/bin/clang++-17 
Build flags: 
Id flags:  

The output was:
1
/usr/bin/ld: 找不到 -lstdc++: 没有那个文件或目录
clang++-17: error: linker command failed with exit code 1 (use -v to see invocation)


Detecting CXX compiler ABI info failed to compile with the following output:
Change Dir: /home/ne0/sys_competition/start/cpu_watcher/build/CMakeFiles/CMakeTmp

Run Build Command(s):/usr/bin/ninja cmTC_5bd5d && [1/2] Building CXX object CMakeFiles/cmTC_5bd5d.dir/CMakeCXXCompilerABI.cpp.o
Ubuntu clang version 17.0.6 (++20231209124227+6009708b4367-1~exp1~20231209124336.77)
Target: x86_64-pc-linux-gnu
Thread model: posix
InstalledDir: /usr/bin
Found candidate GCC installation: /usr/bin/../lib/gcc/x86_64-linux-gnu/11
Found candidate GCC installation: /usr/bin/../lib/gcc/x86_64-linux-gnu/12
Selected GCC installation: /usr/bin/../lib/gcc/x86_64-linux-gnu/12
Candidate multilib: .;@m64
Selected multilib: .;@m64
Found CUDA installation: /usr/local/cuda, version 
 (in-process)
 "/usr/lib/llvm-17/bin/clang" -cc1 -triple x86_64-pc-linux-gnu -emit-obj -mrelax-all -disable-free -clear-ast-before-backend -disable-llvm-verifier -discard-value-names -main-file-name CMakeCXXCompilerABI.cpp -mrelocation-model pic -pic-level 2 -pic-is-pie -mframe-pointer=all -fmath-errno -ffp-contract=on -fno-rounding-math -mconstructor-aliases -funwind-tables=2 -target-cpu x86-64 -tune-cpu generic -debugger-tuning=gdb -v -fcoverage-compilation-dir=/home/ne0/sys_competition/start/cpu_watcher/build/CMakeFiles/CMakeTmp -resource-dir /usr/lib/llvm-17/lib/clang/17 -dependency-file CMakeFiles/cmTC_5bd5d.dir/CMakeCXXCompilerABI.cpp.o.d -MT CMakeFiles/cmTC_5bd5d.dir/CMakeCXXCompilerABI.cpp.o -sys-header-deps -internal-isystem /usr/bin/../lib/gcc/x86_64-linux-gnu/12/../../../../include/c++ -internal-isystem /usr/bin/../lib/gcc/x86_64-linux-gnu/12/../../../../include/c++/x86_64-linux-gnu -internal-isystem /usr/bin/../lib/gcc/x86_64-linux-gnu/12/../../../../include/c++/backward -internal-isystem /usr/lib/llvm-17/lib/clang/17/include -internal-isystem /usr/local/include -internal-isystem /usr/bin/../lib/gcc/x86_64-linux-gnu/12/../../../../x86_64-linux-gnu/include -internal-externc-isystem /usr/include/x86_64-linux-gnu -internal-externc-isystem /include -internal-externc-isystem /usr/include -fdeprecated-macro -fdebug-compilation-dir=/home/ne0/sys_competition/start/cpu_watcher/build/CMakeFiles/CMakeTmp -ferror-limit 19 -fgnuc-version=4.2.1 -fcxx-exceptions -fexceptions -faddrsig -D__GCC_HAVE_DWARF2_CFI_ASM=1 -o CMakeFiles/cmTC_5bd5d.dir/CMakeCXXCompilerABI.cpp.o -x c++ /usr/share/cmake-3.22/Modules/CMakeCXXCompilerABI.cpp
clang -cc1 version 17.0.6 based upon LLVM 17.0.6 default target x86_64-pc-linux-gnu
ignoring nonexistent directory "/usr/bin/../lib/gcc/x86_64-linux-gnu/12/../../../../include/c++/x86_64-linux-gnu"
ignoring nonexistent directory "/usr/bin/../lib/gcc/x86_64-linux-gnu/12/../../../../include/c++/backward"
ignoring nonexistent directory "/usr/bin/../lib/gcc/x86_64-linux-gnu/12/../../../../x86_64-linux-gnu/include"
ignoring nonexistent directory "/include"
#include "..." search starts here:
#include <...> search starts here:
 /usr/bin/../lib/gcc/x86_64-linux-gnu/12/../../../../include/c++
 /usr/lib/llvm-17/lib/clang/17/include
 /usr/local/include
 /usr/include/x86_64-linux-gnu
 /usr/include
End of search list.
[2/2] Linking CXX executable cmTC_5bd5d
FAILED: cmTC_5bd5d 
: && /usr/bin/clang++-17  -v CMakeFiles/cmTC_5bd5d.dir/CMakeCXXCompilerABI.cpp.o -o cmTC_5bd5d   && :
Ubuntu clang version 17.0.6 (++20231209124227+6009708b4367-1~exp1~20231209124336.77)
Target: x86_64-pc-linux-gnu
Thread model: posix
InstalledDir: /usr/bin
Found candidate GCC installation: /usr/bin/../lib/gcc/x86_64-linux-gnu/11
Found candidate GCC installation: /usr/bin/../lib/gcc/x86_64-linux-gnu/12
Selected GCC installation: /usr/bin/../lib/gcc/x86_64-linux-gnu/12
Candidate multilib: .;@m64
Selected multilib: .;@m64
Found CUDA installation: /usr/local/cuda, version 
 "/usr/bin/ld" -pie -z relro --hash-style=gnu --build-id --eh-frame-hdr -m elf_x86_64 -dynamic-linker /lib64/ld-linux-x86-64.so.2 -o cmTC_5bd5d /lib/x86_64-linux-gnu/Scrt1.o /lib/x86_64-linux-gnu/crti.o /usr/bin/../lib/gcc/x86_64-linux-gnu/12/crtbeginS.o -L/usr/bin/../lib/gcc/x86_64-linux-gnu/12 -L/usr/bin/../lib/gcc/x86_64-linux-gnu/12/../../../../lib64 -L/lib/x86_64-linux-gnu -L/lib/../lib64 -L/usr/lib/x86_64-linux-gnu -L/usr/lib/../lib64 -L/lib -L/usr/lib CMakeFiles/cmTC_5bd5d.dir/CMakeCXXCompilerABI.cpp.o -lstdc++ -lm -lgcc_s -lgcc -lc -lgcc_s -lgcc /usr/bin/../lib/gcc/x86_64-linux-gnu/12/crtendS.o /lib/x86_64-linux-gnu/crtn.o
/usr/bin/ld: cannot find -lstdc++: No such file or directory
clang++-17: error: linker command failed with exit code 1 (use -v to see invocation)
ninja: build stopped: subcommand failed.




Determining if the CXX compiler works failed with the following output:
Change Dir: /home/ne0/sys_competition/start/cpu_watcher/build/CMakeFiles/CMakeTmp

Run Build Command(s):/usr/bin/ninja cmTC_8d43d && [1/2] Building CXX object CMakeFiles/cmTC_8d43d.dir/testCXXCompiler.cxx.o
[2/2] Linking CXX executable cmTC_8d43d
FAILED: cmTC_8d43d 
: && /usr/bin/clang++-17   CMakeFiles/cmTC_8d43d.dir/testCXXCompiler.cxx.o -o cmTC_8d43d   && :
/usr/bin/ld: 找不到 -lstdc++: 没有那个文件或目录
clang++-17: error: linker command failed with exit code 1 (use -v to see invocation)
ninja: build stopped: subcommand failed.



Compiling the CXX compiler identification source file "CMakeCXXCompilerId.cpp" failed.
Compiler: /usr/bin/clang++-17 
Build flags: 
Id flags:  

The output was:
1
/usr/bin/ld: 找不到 -lstdc++: 没有那个文件或目录
clang++-17: error: linker command failed with exit code 1 (use -v to see invocation)


Detecting CXX compiler ABI info failed to compile with the following output:
Change Dir: /home/ne0/sys_competition/start/cpu_watcher/build/CMakeFiles/CMakeTmp

Run Build Command(s):/usr/bin/ninja cmTC_39f70 && [1/2] Building CXX object CMakeFiles/cmTC_39f70.dir/CMakeCXXCompilerABI.cpp.o
Ubuntu clang version 17.0.6 (++20231209124227+6009708b4367-1~exp1~20231209124336.77)
Target: x86_64-pc-linux-gnu
Thread model: posix
InstalledDir: /usr/bin
Found candidate GCC installation: /usr/bin/../lib/gcc/x86_64-linux-gnu/11
Found candidate GCC installation: /usr/bin/../lib/gcc/x86_64-linux-gnu/12
Selected GCC installation: /usr/bin/../lib/gcc/x86_64-linux-gnu/12
Candidate multilib: .;@m64
Selected multilib: .;@m64
Found CUDA installation: /usr/local/cuda, version 
 (in-process)
 "/usr/lib/llvm-17/bin/clang" -cc1 -triple x86_64-pc-linux-gnu -emit-obj -mrelax-all -disable-free -clear-ast-before-backend -disable-llvm-verifier -discard-value-names -main-file-name CMakeCXXCompilerABI.cpp -mrelocation-model pic -pic-level 2 -pic-is-pie -mframe-pointer=all -fmath-errno -ffp-contract=on -fno-rounding-math -mconstructor-aliases -funwind-tables=2 -target-cpu x86-64 -tune-cpu generic -debugger-tuning=gdb -v -fcoverage-compilation-dir=/home/ne0/sys_competition/start/cpu_watcher/build/CMakeFiles/CMakeTmp -resource-dir /usr/lib/llvm-17/lib/clang/17 -dependency-file CMakeFiles/cmTC_39f70.dir/CMakeCXXCompilerABI.cpp.o.d -MT CMakeFiles/cmTC_39f70.dir/CMakeCXXCompilerABI.cpp.o -sys-header-deps -internal-isystem /usr/bin/../lib/gcc/x86_64-linux-gnu/12/../../../../include/c++ -internal-isystem /usr/bin/../lib/gcc/x86_64-linux-gnu/12/../../../../include/c++/x86_64-linux-gnu -internal-isystem /usr/bin/../lib/gcc/x86_64-linux-gnu/12/../../../../include/c++/backward -internal-isystem /usr/lib/llvm-17/lib/clang/17/include -internal-isystem /usr/local/include -internal-isystem /usr/bin/../lib/gcc/x86_64-linux-gnu/12/../../../../x86_64-linux-gnu/include -internal-externc-isystem /usr/include/x86_64-linux-gnu -internal-externc-isystem /include -internal-externc-isystem /usr/include -fdeprecated-macro -fdebug-compilation-dir=/home/ne0/sys_competition/start/cpu_watcher/build/CMakeFiles/CMakeTmp -ferror-limit 19 -fgnuc-version=4.2.1 -fcxx-exceptions -fexceptions -faddrsig -D__GCC_HAVE_DWARF2_CFI_ASM=1 -o CMakeFiles/cmTC_39f70.dir/CMakeCXXCompilerABI.cpp.o -x c++ /usr/share/cmake-3.22/Modules/CMakeCXXCompilerABI.cpp
clang -cc1 version 17.0.6 based upon LLVM 17.0.6 default target x86_64-pc-linux-gnu
ignoring nonexistent directory "/usr/bin/../lib/gcc/x86_64-linux-gnu/12/../../../../include/c++/x86_64-linux-gnu"
ignoring nonexistent directory "/usr/bin/../lib/gcc/x86_64-linux-gnu/12/../../../../include/c++/backward"
ignoring nonexistent directory "/usr/bin/../lib/gcc/x86_64-linux-gnu/12/../../../../x86_64-linux-gnu/include"
ignoring nonexistent directory "/include"
#include "..." search starts here:
#include <...> search starts here:
 /usr/bin/../lib/gcc/x86_64-linux-gnu/12/../../../../include/c++
 /usr/lib/llvm-17/lib/clang/17/include
 /usr/local/include
 /usr/include/x86_64-linux-gnu
 /usr/include
End of search list.
[2/2] Linking CXX executable cmTC_39f70
FAILED: cmTC_39f70 
: && /usr/bin/clang++-17  -v CMakeFiles/cmTC_39f70.dir/CMakeCXXCompilerABI.cpp.o -o cmTC_39f70   && :
Ubuntu clang version 17.0.6 (++20231209124227+6009708b4367-1~exp1~20231209124336.77)
Target: x86_64-pc-linux-gnu
Thread model: posix
InstalledDir: /usr/bin
Found candidate GCC installation: /usr/bin/../lib/gcc/x86_64-linux-gnu/11
Found candidate GCC installation: /usr/bin/../lib/gcc/x86_64-linux-gnu/12
Selected GCC installation: /usr/bin/../lib/gcc/x86_64-linux-gnu/12
Candidate multilib: .;@m64
Selected multilib: .;@m64
Found CUDA installation: /usr/local/cuda, version 
 "/usr/bin/ld" -pie -z relro --hash-style=gnu --build-id --eh-frame-hdr -m elf_x86_64 -dynamic-linker /lib64/ld-linux-x86-64.so.2 -o cmTC_39f70 /lib/x86_64-linux-gnu/Scrt1.o /lib/x86_64-linux-gnu/crti.o /usr/bin/../lib/gcc/x86_64-linux-gnu/12/crtbeginS.o -L/usr/bin/../lib/gcc/x86_64-linux-gnu/12 -L/usr/bin/../lib/gcc/x86_64-linux-gnu/12/../../../../lib64 -L/lib/x86_64-linux-gnu -L/lib/../lib64 -L/usr/lib/x86_64-linux-gnu -L/usr/lib/../lib64 -L/lib -L/usr/lib CMakeFiles/cmTC_39f70.dir/CMakeCXXCompilerABI.cpp.o -lstdc++ -lm -lgcc_s -lgcc -lc -lgcc_s -lgcc /usr/bin/../lib/gcc/x86_64-linux-gnu/12/crtendS.o /lib/x86_64-linux-gnu/crtn.o
/usr/bin/ld: cannot find -lstdc++: No such file or directory
clang++-17: error: linker command failed with exit code 1 (use -v to see invocation)
ninja: build stopped: subcommand failed.




Determining if the CXX compiler works failed with the following output:
Change Dir: /home/ne0/sys_competition/start/cpu_watcher/build/CMakeFiles/CMakeTmp

Run Build Command(s):/usr/bin/ninja cmTC_8d01e && [1/2] Building CXX object CMakeFiles/cmTC_8d01e.dir/testCXXCompiler.cxx.o
[2/2] Linking CXX executable cmTC_8d01e
FAILED: cmTC_8d01e 
: && /usr/bin/clang++-17   CMakeFiles/cmTC_8d01e.dir/testCXXCompiler.cxx.o -o cmTC_8d01e   && :
/usr/bin/ld: 找不到 -lstdc++: 没有那个文件或目录
clang++-17: error: linker command failed with exit code 1 (use -v to see invocation)
ninja: build stopped: subcommand failed.



Compiling the CXX compiler identification source file "CMakeCXXCompilerId.cpp" failed.
Compiler: /usr/bin/clang++-17 
Build flags: 
Id flags:  

The output was:
1
/usr/bin/ld: 找不到 -lstdc++: 没有那个文件或目录
clang++-17: error: linker command failed with exit code 1 (use -v to see invocation)


Detecting CXX compiler ABI info failed to compile with the following output:
Change Dir: /home/ne0/sys_competition/start/cpu_watcher/build/CMakeFiles/CMakeTmp

Run Build Command(s):/usr/bin/ninja cmTC_ad5eb && [1/2] Building CXX object CMakeFiles/cmTC_ad5eb.dir/CMakeCXXCompilerABI.cpp.o
Ubuntu clang version 17.0.6 (++20231209124227+6009708b4367-1~exp1~20231209124336.77)
Target: x86_64-pc-linux-gnu
Thread model: posix
InstalledDir: /usr/bin
Found candidate GCC installation: /usr/bin/../lib/gcc/x86_64-linux-gnu/11
Found candidate GCC installation: /usr/bin/../lib/gcc/x86_64-linux-gnu/12
Selected GCC installation: /usr/bin/../lib/gcc/x86_64-linux-gnu/12
Candidate multilib: .;@m64
Selected multilib: .;@m64
Found CUDA installation: /usr/local/cuda, version 
 (in-process)
 "/usr/lib/llvm-17/bin/clang" -cc1 -triple x86_64-pc-linux-gnu -emit-obj -mrelax-all -disable-free -clear-ast-before-backend -disable-llvm-verifier -discard-value-names -main-file-name CMakeCXXCompilerABI.cpp -mrelocation-model pic -pic-level 2 -pic-is-pie -mframe-pointer=all -fmath-errno -ffp-contract=on -fno-rounding-math -mconstructor-aliases -funwind-tables=2 -target-cpu x86-64 -tune-cpu generic -debugger-tuning=gdb -v -fcoverage-compilation-dir=/home/ne0/sys_competition/start/cpu_watcher/build/CMakeFiles/CMakeTmp -resource-dir /usr/lib/llvm-17/lib/clang/17 -dependency-file CMakeFiles/cmTC_ad5eb.dir/CMakeCXXCompilerABI.cpp.o.d -MT CMakeFiles/cmTC_ad5eb.dir/CMakeCXXCompilerABI.cpp.o -sys-header-deps -internal-isystem /usr/bin/../lib/gcc/x86_64-linux-gnu/12/../../../../include/c++ -internal-isystem /usr/bin/../lib/gcc/x86_64-linux-gnu/12/../../../../include/c++/x86_64-linux-gnu -internal-isystem /usr/bin/../lib/gcc/x86_64-linux-gnu/12/../../../../include/c++/backward -internal-isystem /usr/lib/llvm-17/lib/clang/17/include -internal-isystem /usr/local/include -internal-isystem /usr/bin/../lib/gcc/x86_64-linux-gnu/12/../../../../x86_64-linux-gnu/include -internal-externc-isystem /usr/include/x86_64-linux-gnu -internal-externc-isystem /include -internal-externc-isystem /usr/include -fdeprecated-macro -fdebug-compilation-dir=/home/ne0/sys_competition/start/cpu_watcher/build/CMakeFiles/CMakeTmp -ferror-limit 19 -fgnuc-version=4.2.1 -fcxx-exceptions -fexceptions -faddrsig -D__GCC_HAVE_DWARF2_CFI_ASM=1 -o CMakeFiles/cmTC_ad5eb.dir/CMakeCXXCompilerABI.cpp.o -x c++ /usr/share/cmake-3.22/Modules/CMakeCXXCompilerABI.cpp
clang -cc1 version 17.0.6 based upon LLVM 17.0.6 default target x86_64-pc-linux-gnu
ignoring nonexistent directory "/usr/bin/../lib/gcc/x86_64-linux-gnu/12/../../../../include/c++/x86_64-linux-gnu"
ignoring nonexistent directory "/usr/bin/../lib/gcc/x86_64-linux-gnu/12/../../../../include/c++/backward"
ignoring nonexistent directory "/usr/bin/../lib/gcc/x86_64-linux-gnu/12/../../../../x86_64-linux-gnu/include"
ignoring nonexistent directory "/include"
#include "..." search starts here:
#include <...> search starts here:
 /usr/bin/../lib/gcc/x86_64-linux-gnu/12/../../../../include/c++
 /usr/lib/llvm-17/lib/clang/17/include
 /usr/local/include
 /usr/include/x86_64-linux-gnu
 /usr/include
End of search list.
[2/2] Linking CXX executable cmTC_ad5eb
FAILED: cmTC_ad5eb 
: && /usr/bin/clang++-17  -v CMakeFiles/cmTC_ad5eb.dir/CMakeCXXCompilerABI.cpp.o -o cmTC_ad5eb   && :
Ubuntu clang version 17.0.6 (++20231209124227+6009708b4367-1~exp1~20231209124336.77)
Target: x86_64-pc-linux-gnu
Thread model: posix
InstalledDir: /usr/bin
Found candidate GCC installation: /usr/bin/../lib/gcc/x86_64-linux-gnu/11
Found candidate GCC installation: /usr/bin/../lib/gcc/x86_64-linux-gnu/12
Selected GCC installation: /usr/bin/../lib/gcc/x86_64-linux-gnu/12
Candidate multilib: .;@m64
Selected multilib: .;@m64
Found CUDA installation: /usr/local/cuda, version 
 "/usr/bin/ld" -pie -z relro --hash-style=gnu --build-id --eh-frame-hdr -m elf_x86_64 -dynamic-linker /lib64/ld-linux-x86-64.so.2 -o cmTC_ad5eb /lib/x86_64-linux-gnu/Scrt1.o /lib/x86_64-linux-gnu/crti.o /usr/bin/../lib/gcc/x86_64-linux-gnu/12/crtbeginS.o -L/usr/bin/../lib/gcc/x86_64-linux-gnu/12 -L/usr/bin/../lib/gcc/x86_64-linux-gnu/12/../../../../lib64 -L/lib/x86_64-linux-gnu -L/lib/../lib64 -L/usr/lib/x86_64-linux-gnu -L/usr/lib/../lib64 -L/lib -L/usr/lib CMakeFiles/cmTC_ad5eb.dir/CMakeCXXCompilerABI.cpp.o -lstdc++ -lm -lgcc_s -lgcc -lc -lgcc_s -lgcc /usr/bin/../lib/gcc/x86_64-linux-gnu/12/crtendS.o /lib/x86_64-linux-gnu/crtn.o
/usr/bin/ld: cannot find -lstdc++: No such file or directory
clang++-17: error: linker command failed with exit code 1 (use -v to see invocation)
ninja: build stopped: subcommand failed.




Determining if the CXX compiler works failed with the following output:
Change Dir: /home/ne0/sys_competition/start/cpu_watcher/build/CMakeFiles/CMakeTmp

Run Build Command(s):/usr/bin/ninja cmTC_12de0 && [1/2] Building CXX object CMakeFiles/cmTC_12de0.dir/testCXXCompiler.cxx.o
[2/2] Linking CXX executable cmTC_12de0
FAILED: cmTC_12de0 
: && /usr/bin/clang++-17   CMakeFiles/cmTC_12de0.dir/testCXXCompiler.cxx.o -o cmTC_12de0   && :
/usr/bin/ld: 找不到 -lstdc++: 没有那个文件或目录
clang++-17: error: linker command failed with exit code 1 (use -v to see invocation)
ninja: build stopped: subcommand failed.



Compiling the CXX compiler identification source file "CMakeCXXCompilerId.cpp" failed.
Compiler: /usr/bin/clang++-17 
Build flags: 
Id flags:  

The output was:
1
/usr/bin/ld: 找不到 -lstdc++: 没有那个文件或目录
clang++-17: error: linker command failed with exit code 1 (use -v to see invocation)


Detecting CXX compiler ABI info failed to compile with the following output:
Change Dir: /home/ne0/sys_competition/start/cpu_watcher/build/CMakeFiles/CMakeTmp

Run Build Command(s):/usr/bin/ninja cmTC_f640f && [1/2] Building CXX object CMakeFiles/cmTC_f640f.dir/CMakeCXXCompilerABI.cpp.o
Ubuntu clang version 17.0.6 (++20231209124227+6009708b4367-1~exp1~20231209124336.77)
Target: x86_64-pc-linux-gnu
Thread model: posix
InstalledDir: /usr/bin
Found candidate GCC installation: /usr/bin/../lib/gcc/x86_64-linux-gnu/11
Found candidate GCC installation: /usr/bin/../lib/gcc/x86_64-linux-gnu/12
Selected GCC installation: /usr/bin/../lib/gcc/x86_64-linux-gnu/12
Candidate multilib: .;@m64
Selected multilib: .;@m64
Found CUDA installation: /usr/local/cuda, version 
 (in-process)
 "/usr/lib/llvm-17/bin/clang" -cc1 -triple x86_64-pc-linux-gnu -emit-obj -mrelax-all -disable-free -clear-ast-before-backend -disable-llvm-verifier -discard-value-names -main-file-name CMakeCXXCompilerABI.cpp -mrelocation-model pic -pic-level 2 -pic-is-pie -mframe-pointer=all -fmath-errno -ffp-contract=on -fno-rounding-math -mconstructor-aliases -funwind-tables=2 -target-cpu x86-64 -tune-cpu generic -debugger-tuning=gdb -v -fcoverage-compilation-dir=/home/ne0/sys_competition/start/cpu_watcher/build/CMakeFiles/CMakeTmp -resource-dir /usr/lib/llvm-17/lib/clang/17 -dependency-file CMakeFiles/cmTC_f640f.dir/CMakeCXXCompilerABI.cpp.o.d -MT CMakeFiles/cmTC_f640f.dir/CMakeCXXCompilerABI.cpp.o -sys-header-deps -internal-isystem /usr/bin/../lib/gcc/x86_64-linux-gnu/12/../../../../include/c++ -internal-isystem /usr/bin/../lib/gcc/x86_64-linux-gnu/12/../../../../include/c++/x86_64-linux-gnu -internal-isystem /usr/bin/../lib/gcc/x86_64-linux-gnu/12/../../../../include/c++/backward -internal-isystem /usr/lib/llvm-17/lib/clang/17/include -internal-isystem /usr/local/include -internal-isystem /usr/bin/../lib/gcc/x86_64-linux-gnu/12/../../../../x86_64-linux-gnu/include -internal-externc-isystem /usr/include/x86_64-linux-gnu -internal-externc-isystem /include -internal-externc-isystem /usr/include -fdeprecated-macro -fdebug-compilation-dir=/home/ne0/sys_competition/start/cpu_watcher/build/CMakeFiles/CMakeTmp -ferror-limit 19 -fgnuc-version=4.2.1 -fcxx-exceptions -fexceptions -faddrsig -D__GCC_HAVE_DWARF2_CFI_ASM=1 -o CMakeFiles/cmTC_f640f.dir/CMakeCXXCompilerABI.cpp.o -x c++ /usr/share/cmake-3.22/Modules/CMakeCXXCompilerABI.cpp
clang -cc1 version 17.0.6 based upon LLVM 17.0.6 default target x86_64-pc-linux-gnu
ignoring nonexistent directory "/usr/bin/../lib/gcc/x86_64-linux-gnu/12/../../../../include/c++/x86_64-linux-gnu"
ignoring nonexistent directory "/usr/bin/../lib/gcc/x86_64-linux-gnu/12/../../../../include/c++/backward"
ignoring nonexistent directory "/usr/bin/../lib/gcc/x86_64-linux-gnu/12/../../../../x86_64-linux-gnu/include"
ignoring nonexistent directory "/include"
#include "..." search starts here:
#include <...> search starts here:
 /usr/bin/../lib/gcc/x86_64-linux-gnu/12/../../../../include/c++
 /usr/lib/llvm-17/lib/clang/17/include
 /usr/local/include
 /usr/include/x86_64-linux-gnu
 /usr/include
End of search list.
[2/2] Linking CXX executable cmTC_f640f
FAILED: cmTC_f640f 
: && /usr/bin/clang++-17  -v CMakeFiles/cmTC_f640f.dir/CMakeCXXCompilerABI.cpp.o -o cmTC_f640f   && :
Ubuntu clang version 17.0.6 (++20231209124227+6009708b4367-1~exp1~20231209124336.77)
Target: x86_64-pc-linux-gnu
Thread model: posix
InstalledDir: /usr/bin
Found candidate GCC installation: /usr/bin/../lib/gcc/x86_64-linux-gnu/11
Found candidate GCC installation: /usr/bin/../lib/gcc/x86_64-linux-gnu/12
Selected GCC installation: /usr/bin/../lib/gcc/x86_64-linux-gnu/12
Candidate multilib: .;@m64
Selected multilib: .;@m64
Found CUDA installation: /usr/local/cuda, version 
 "/usr/bin/ld" -pie -z relro --hash-style=gnu --build-id --eh-frame-hdr -m elf_x86_64 -dynamic-linker /lib64/ld-linux-x86-64.so.2 -o cmTC_f640f /lib/x86_64-linux-gnu/Scrt1.o /lib/x86_64-linux-gnu/crti.o /usr/bin/../lib/gcc/x86_64-linux-gnu/12/crtbeginS.o -L/usr/bin/../lib/gcc/x86_64-linux-gnu/12 -L/usr/bin/../lib/gcc/x86_64-linux-gnu/12/../../../../lib64 -L/lib/x86_64-linux-gnu -L/lib/../lib64 -L/usr/lib/x86_64-linux-gnu -L/usr/lib/../lib64 -L/lib -L/usr/lib CMakeFiles/cmTC_f640f.dir/CMakeCXXCompilerABI.cpp.o -lstdc++ -lm -lgcc_s -lgcc -lc -lgcc_s -lgcc /usr/bin/../lib/gcc/x86_64-linux-gnu/12/crtendS.o /lib/x86_64-linux-gnu/crtn.o
/usr/bin/ld: cannot find -lstdc++: No such file or directory
clang++-17: error: linker command failed with exit code 1 (use -v to see invocation)
ninja: build stopped: subcommand failed.




Determining if the CXX compiler works failed with the following output:
Change Dir: /home/ne0/sys_competition/start/cpu_watcher/build/CMakeFiles/CMakeTmp

Run Build Command(s):/usr/bin/ninja cmTC_9e828 && [1/2] Building CXX object CMakeFiles/cmTC_9e828.dir/testCXXCompiler.cxx.o
[2/2] Linking CXX executable cmTC_9e828
FAILED: cmTC_9e828 
: && /usr/bin/clang++-17   CMakeFiles/cmTC_9e828.dir/testCXXCompiler.cxx.o -o cmTC_9e828   && :
/usr/bin/ld: 找不到 -lstdc++: 没有那个文件或目录
clang++-17: error: linker command failed with exit code 1 (use -v to see invocation)
ninja: build stopped: subcommand failed.



Compiling the CXX compiler identification source file "CMakeCXXCompilerId.cpp" failed.
Compiler: /usr/bin/clang++-17 
Build flags: 
Id flags:  

The output was:
1
/usr/bin/ld: 找不到 -lstdc++: 没有那个文件或目录
clang++-17: error: linker command failed with exit code 1 (use -v to see invocation)


Detecting CXX compiler ABI info failed to compile with the following output:
Change Dir: /home/ne0/sys_competition/start/cpu_watcher/build/CMakeFiles/CMakeTmp

Run Build Command(s):/usr/bin/ninja cmTC_04cd4 && [1/2] Building CXX object CMakeFiles/cmTC_04cd4.dir/CMakeCXXCompilerABI.cpp.o
Ubuntu clang version 17.0.6 (++20231209124227+6009708b4367-1~exp1~20231209124336.77)
Target: x86_64-pc-linux-gnu
Thread model: posix
InstalledDir: /usr/bin
Found candidate GCC installation: /usr/bin/../lib/gcc/x86_64-linux-gnu/11
Found candidate GCC installation: /usr/bin/../lib/gcc/x86_64-linux-gnu/12
Selected GCC installation: /usr/bin/../lib/gcc/x86_64-linux-gnu/12
Candidate multilib: .;@m64
Selected multilib: .;@m64
Found CUDA installation: /usr/local/cuda, version 
 (in-process)
 "/usr/lib/llvm-17/bin/clang" -cc1 -triple x86_64-pc-linux-gnu -emit-obj -mrelax-all -disable-free -clear-ast-before-backend -disable-llvm-verifier -discard-value-names -main-file-name CMakeCXXCompilerABI.cpp -mrelocation-model pic -pic-level 2 -pic-is-pie -mframe-pointer=all -fmath-errno -ffp-contract=on -fno-rounding-math -mconstructor-aliases -funwind-tables=2 -target-cpu x86-64 -tune-cpu generic -debugger-tuning=gdb -v -fcoverage-compilation-dir=/home/ne0/sys_competition/start/cpu_watcher/build/CMakeFiles/CMakeTmp -resource-dir /usr/lib/llvm-17/lib/clang/17 -dependency-file CMakeFiles/cmTC_04cd4.dir/CMakeCXXCompilerABI.cpp.o.d -MT CMakeFiles/cmTC_04cd4.dir/CMakeCXXCompilerABI.cpp.o -sys-header-deps -internal-isystem /usr/bin/../lib/gcc/x86_64-linux-gnu/12/../../../../include/c++ -internal-isystem /usr/bin/../lib/gcc/x86_64-linux-gnu/12/../../../../include/c++/x86_64-linux-gnu -internal-isystem /usr/bin/../lib/gcc/x86_64-linux-gnu/12/../../../../include/c++/backward -internal-isystem /usr/lib/llvm-17/lib/clang/17/include -internal-isystem /usr/local/include -internal-isystem /usr/bin/../lib/gcc/x86_64-linux-gnu/12/../../../../x86_64-linux-gnu/include -internal-externc-isystem /usr/include/x86_64-linux-gnu -internal-externc-isystem /include -internal-externc-isystem /usr/include -fdeprecated-macro -fdebug-compilation-dir=/home/ne0/sys_competition/start/cpu_watcher/build/CMakeFiles/CMakeTmp -ferror-limit 19 -fgnuc-version=4.2.1 -fcxx-exceptions -fexceptions -faddrsig -D__GCC_HAVE_DWARF2_CFI_ASM=1 -o CMakeFiles/cmTC_04cd4.dir/CMakeCXXCompilerABI.cpp.o -x c++ /usr/share/cmake-3.22/Modules/CMakeCXXCompilerABI.cpp
clang -cc1 version 17.0.6 based upon LLVM 17.0.6 default target x86_64-pc-linux-gnu
ignoring nonexistent directory "/usr/bin/../lib/gcc/x86_64-linux-gnu/12/../../../../include/c++/x86_64-linux-gnu"
ignoring nonexistent directory "/usr/bin/../lib/gcc/x86_64-linux-gnu/12/../../../../include/c++/backward"
ignoring nonexistent directory "/usr/bin/../lib/gcc/x86_64-linux-gnu/12/../../../../x86_64-linux-gnu/include"
ignoring nonexistent directory "/include"
#include "..." search starts here:
#include <...> search starts here:
 /usr/bin/../lib/gcc/x86_64-linux-gnu/12/../../../../include/c++
 /usr/lib/llvm-17/lib/clang/17/include
 /usr/local/include
 /usr/include/x86_64-linux-gnu
 /usr/include
End of search list.
[2/2] Linking CXX executable cmTC_04cd4
FAILED: cmTC_04cd4 
: && /usr/bin/clang++-17  -v CMakeFiles/cmTC_04cd4.dir/CMakeCXXCompilerABI.cpp.o -o cmTC_04cd4   && :
Ubuntu clang version 17.0.6 (++20231209124227+6009708b4367-1~exp1~20231209124336.77)
Target: x86_64-pc-linux-gnu
Thread model: posix
InstalledDir: /usr/bin
Found candidate GCC installation: /usr/bin/../lib/gcc/x86_64-linux-gnu/11
Found candidate GCC installation: /usr/bin/../lib/gcc/x86_64-linux-gnu/12
Selected GCC installation: /usr/bin/../lib/gcc/x86_64-linux-gnu/12
Candidate multilib: .;@m64
Selected multilib: .;@m64
Found CUDA installation: /usr/local/cuda, version 
 "/usr/bin/ld" -pie -z relro --hash-style=gnu --build-id --eh-frame-hdr -m elf_x86_64 -dynamic-linker /lib64/ld-linux-x86-64.so.2 -o cmTC_04cd4 /lib/x86_64-linux-gnu/Scrt1.o /lib/x86_64-linux-gnu/crti.o /usr/bin/../lib/gcc/x86_64-linux-gnu/12/crtbeginS.o -L/usr/bin/../lib/gcc/x86_64-linux-gnu/12 -L/usr/bin/../lib/gcc/x86_64-linux-gnu/12/../../../../lib64 -L/lib/x86_64-linux-gnu -L/lib/../lib64 -L/usr/lib/x86_64-linux-gnu -L/usr/lib/../lib64 -L/lib -L/usr/lib CMakeFiles/cmTC_04cd4.dir/CMakeCXXCompilerABI.cpp.o -lstdc++ -lm -lgcc_s -lgcc -lc -lgcc_s -lgcc /usr/bin/../lib/gcc/x86_64-linux-gnu/12/crtendS.o /lib/x86_64-linux-gnu/crtn.o
/usr/bin/ld: cannot find -lstdc++: No such file or directory
clang++-17: error: linker command failed with exit code 1 (use -v to see invocation)
ninja: build stopped: subcommand failed.




Determining if the CXX compiler works failed with the following output:
Change Dir: /home/ne0/sys_competition/start/cpu_watcher/build/CMakeFiles/CMakeTmp

Run Build Command(s):/usr/bin/ninja cmTC_0d15f && [1/2] Building CXX object CMakeFiles/cmTC_0d15f.dir/testCXXCompiler.cxx.o
[2/2] Linking CXX executable cmTC_0d15f
FAILED: cmTC_0d15f 
: && /usr/bin/clang++-17   CMakeFiles/cmTC_0d15f.dir/testCXXCompiler.cxx.o -o cmTC_0d15f   && :
/usr/bin/ld: 找不到 -lstdc++: 没有那个文件或目录
clang++-17: error: linker command failed with exit code 1 (use -v to see invocation)
ninja: build stopped: subcommand failed.



Compiling the CXX compiler identification source file "CMakeCXXCompilerId.cpp" failed.
Compiler: /usr/bin/clang++-17 
Build flags: 
Id flags:  

The output was:
1
/usr/bin/ld: 找不到 -lstdc++: 没有那个文件或目录
clang++-17: error: linker command failed with exit code 1 (use -v to see invocation)


Detecting CXX compiler ABI info failed to compile with the following output:
Change Dir: /home/ne0/sys_competition/start/cpu_watcher/build/CMakeFiles/CMakeTmp

Run Build Command(s):/usr/bin/ninja cmTC_a5c61 && [1/2] Building CXX object CMakeFiles/cmTC_a5c61.dir/CMakeCXXCompilerABI.cpp.o
Ubuntu clang version 17.0.6 (++20231209124227+6009708b4367-1~exp1~20231209124336.77)
Target: x86_64-pc-linux-gnu
Thread model: posix
InstalledDir: /usr/bin
Found candidate GCC installation: /usr/bin/../lib/gcc/x86_64-linux-gnu/11
Found candidate GCC installation: /usr/bin/../lib/gcc/x86_64-linux-gnu/12
Selected GCC installation: /usr/bin/../lib/gcc/x86_64-linux-gnu/12
Candidate multilib: .;@m64
Selected multilib: .;@m64
Found CUDA installation: /usr/local/cuda, version 
 (in-process)
 "/usr/lib/llvm-17/bin/clang" -cc1 -triple x86_64-pc-linux-gnu -emit-obj -mrelax-all -disable-free -clear-ast-before-backend -disable-llvm-verifier -discard-value-names -main-file-name CMakeCXXCompilerABI.cpp -mrelocation-model pic -pic-level 2 -pic-is-pie -mframe-pointer=all -fmath-errno -ffp-contract=on -fno-rounding-math -mconstructor-aliases -funwind-tables=2 -target-cpu x86-64 -tune-cpu generic -debugger-tuning=gdb -v -fcoverage-compilation-dir=/home/ne0/sys_competition/start/cpu_watcher/build/CMakeFiles/CMakeTmp -resource-dir /usr/lib/llvm-17/lib/clang/17 -dependency-file CMakeFiles/cmTC_a5c61.dir/CMakeCXXCompilerABI.cpp.o.d -MT CMakeFiles/cmTC_a5c61.dir/CMakeCXXCompilerABI.cpp.o -sys-header-deps -internal-isystem /usr/bin/../lib/gcc/x86_64-linux-gnu/12/../../../../include/c++ -internal-isystem /usr/bin/../lib/gcc/x86_64-linux-gnu/12/../../../../include/c++/x86_64-linux-gnu -internal-isystem /usr/bin/../lib/gcc/x86_64-linux-gnu/12/../../../../include/c++/backward -internal-isystem /usr/lib/llvm-17/lib/clang/17/include -internal-isystem /usr/local/include -internal-isystem /usr/bin/../lib/gcc/x86_64-linux-gnu/12/../../../../x86_64-linux-gnu/include -internal-externc-isystem /usr/include/x86_64-linux-gnu -internal-externc-isystem /include -internal-externc-isystem /usr/include -fdeprecated-macro -fdebug-compilation-dir=/home/ne0/sys_competition/start/cpu_watcher/build/CMakeFiles/CMakeTmp -ferror-limit 19 -fgnuc-version=4.2.1 -fcxx-exceptions -fexceptions -faddrsig -D__GCC_HAVE_DWARF2_CFI_ASM=1 -o CMakeFiles/cmTC_a5c61.dir/CMakeCXXCompilerABI.cpp.o -x c++ /usr/share/cmake-3.22/Modules/CMakeCXXCompilerABI.cpp
clang -cc1 version 17.0.6 based upon LLVM 17.0.6 default target x86_64-pc-linux-gnu
ignoring nonexistent directory "/usr/bin/../lib/gcc/x86_64-linux-gnu/12/../../../../include/c++/x86_64-linux-gnu"
ignoring nonexistent directory "/usr/bin/../lib/gcc/x86_64-linux-gnu/12/../../../../include/c++/backward"
ignoring nonexistent directory "/usr/bin/../lib/gcc/x86_64-linux-gnu/12/../../../../x86_64-linux-gnu/include"
ignoring nonexistent directory "/include"
#include "..." search starts here:
#include <...> search starts here:
 /usr/bin/../lib/gcc/x86_64-linux-gnu/12/../../../../include/c++
 /usr/lib/llvm-17/lib/clang/17/include
 /usr/local/include
 /usr/include/x86_64-linux-gnu
 /usr/include
End of search list.
[2/2] Linking CXX executable cmTC_a5c61
FAILED: cmTC_a5c61 
: && /usr/bin/clang++-17  -v CMakeFiles/cmTC_a5c61.dir/CMakeCXXCompilerABI.cpp.o -o cmTC_a5c61   && :
Ubuntu clang version 17.0.6 (++20231209124227+6009708b4367-1~exp1~20231209124336.77)
Target: x86_64-pc-linux-gnu
Thread model: posix
InstalledDir: /usr/bin
Found candidate GCC installation: /usr/bin/../lib/gcc/x86_64-linux-gnu/11
Found candidate GCC installation: /usr/bin/../lib/gcc/x86_64-linux-gnu/12
Selected GCC installation: /usr/bin/../lib/gcc/x86_64-linux-gnu/12
Candidate multilib: .;@m64
Selected multilib: .;@m64
Found CUDA installation: /usr/local/cuda, version 
 "/usr/bin/ld" -pie -z relro --hash-style=gnu --build-id --eh-frame-hdr -m elf_x86_64 -dynamic-linker /lib64/ld-linux-x86-64.so.2 -o cmTC_a5c61 /lib/x86_64-linux-gnu/Scrt1.o /lib/x86_64-linux-gnu/crti.o /usr/bin/../lib/gcc/x86_64-linux-gnu/12/crtbeginS.o -L/usr/bin/../lib/gcc/x86_64-linux-gnu/12 -L/usr/bin/../lib/gcc/x86_64-linux-gnu/12/../../../../lib64 -L/lib/x86_64-linux-gnu -L/lib/../lib64 -L/usr/lib/x86_64-linux-gnu -L/usr/lib/../lib64 -L/lib -L/usr/lib CMakeFiles/cmTC_a5c61.dir/CMakeCXXCompilerABI.cpp.o -lstdc++ -lm -lgcc_s -lgcc -lc -lgcc_s -lgcc /usr/bin/../lib/gcc/x86_64-linux-gnu/12/crtendS.o /lib/x86_64-linux-gnu/crtn.o
/usr/bin/ld: cannot find -lstdc++: No such file or directory
clang++-17: error: linker command failed with exit code 1 (use -v to see invocation)
ninja: build stopped: subcommand failed.




Determining if the CXX compiler works failed with the following output:
Change Dir: /home/ne0/sys_competition/start/cpu_watcher/build/CMakeFiles/CMakeTmp

Run Build Command(s):/usr/bin/ninja cmTC_02787 && [1/2] Building CXX object CMakeFiles/cmTC_02787.dir/testCXXCompiler.cxx.o
[2/2] Linking CXX executable cmTC_02787
FAILED: cmTC_02787 
: && /usr/bin/clang++-17   CMakeFiles/cmTC_02787.dir/testCXXCompiler.cxx.o -o cmTC_02787   && :
/usr/bin/ld: 找不到 -lstdc++: 没有那个文件或目录
clang++-17: error: linker command failed with exit code 1 (use -v to see invocation)
ninja: build stopped: subcommand failed.



Compiling the CXX compiler identification source file "CMakeCXXCompilerId.cpp" failed.
Compiler: /usr/bin/clang++-17 
Build flags: 
Id flags:  

The output was:
1
/usr/bin/ld: 找不到 -lstdc++: 没有那个文件或目录
clang++-17: error: linker command failed with exit code 1 (use -v to see invocation)


Detecting CXX compiler ABI info failed to compile with the following output:
Change Dir: /home/ne0/sys_competition/start/cpu_watcher/build/CMakeFiles/CMakeTmp

Run Build Command(s):/usr/bin/ninja cmTC_2b5d1 && [1/2] Building CXX object CMakeFiles/cmTC_2b5d1.dir/CMakeCXXCompilerABI.cpp.o
Ubuntu clang version 17.0.6 (++20231209124227+6009708b4367-1~exp1~20231209124336.77)
Target: x86_64-pc-linux-gnu
Thread model: posix
InstalledDir: /usr/bin
Found candidate GCC installation: /usr/bin/../lib/gcc/x86_64-linux-gnu/11
Found candidate GCC installation: /usr/bin/../lib/gcc/x86_64-linux-gnu/12
Selected GCC installation: /usr/bin/../lib/gcc/x86_64-linux-gnu/12
Candidate multilib: .;@m64
Selected multilib: .;@m64
Found CUDA installation: /usr/local/cuda, version 
 (in-process)
 "/usr/lib/llvm-17/bin/clang" -cc1 -triple x86_64-pc-linux-gnu -emit-obj -mrelax-all -disable-free -clear-ast-before-backend -disable-llvm-verifier -discard-value-names -main-file-name CMakeCXXCompilerABI.cpp -mrelocation-model pic -pic-level 2 -pic-is-pie -mframe-pointer=all -fmath-errno -ffp-contract=on -fno-rounding-math -mconstructor-aliases -funwind-tables=2 -target-cpu x86-64 -tune-cpu generic -debugger-tuning=gdb -v -fcoverage-compilation-dir=/home/ne0/sys_competition/start/cpu_watcher/build/CMakeFiles/CMakeTmp -resource-dir /usr/lib/llvm-17/lib/clang/17 -dependency-file CMakeFiles/cmTC_2b5d1.dir/CMakeCXXCompilerABI.cpp.o.d -MT CMakeFiles/cmTC_2b5d1.dir/CMakeCXXCompilerABI.cpp.o -sys-header-deps -internal-isystem /usr/bin/../lib/gcc/x86_64-linux-gnu/12/../../../../include/c++ -internal-isystem /usr/bin/../lib/gcc/x86_64-linux-gnu/12/../../../../include/c++/x86_64-linux-gnu -internal-isystem /usr/bin/../lib/gcc/x86_64-linux-gnu/12/../../../../include/c++/backward -internal-isystem /usr/lib/llvm-17/lib/clang/17/include -internal-isystem /usr/local/include -internal-isystem /usr/bin/../lib/gcc/x86_64-linux-gnu/12/../../../../x86_64-linux-gnu/include -internal-externc-isystem /usr/include/x86_64-linux-gnu -internal-externc-isystem /include -internal-externc-isystem /usr/include -fdeprecated-macro -fdebug-compilation-dir=/home/ne0/sys_competition/start/cpu_watcher/build/CMakeFiles/CMakeTmp -ferror-limit 19 -fgnuc-version=4.2.1 -fcxx-exceptions -fexceptions -faddrsig -D__GCC_HAVE_DWARF2_CFI_ASM=1 -o CMakeFiles/cmTC_2b5d1.dir/CMakeCXXCompilerABI.cpp.o -x c++ /usr/share/cmake-3.22/Modules/CMakeCXXCompilerABI.cpp
clang -cc1 version 17.0.6 based upon LLVM 17.0.6 default target x86_64-pc-linux-gnu
ignoring nonexistent directory "/usr/bin/../lib/gcc/x86_64-linux-gnu/12/../../../../include/c++/x86_64-linux-gnu"
ignoring nonexistent directory "/usr/bin/../lib/gcc/x86_64-linux-gnu/12/../../../../include/c++/backward"
ignoring nonexistent directory "/usr/bin/../lib/gcc/x86_64-linux-gnu/12/../../../../x86_64-linux-gnu/include"
ignoring nonexistent directory "/include"
#include "..." search starts here:
#include <...> search starts here:
 /usr/bin/../lib/gcc/x86_64-linux-gnu/12/../../../../include/c++
 /usr/lib/llvm-17/lib/clang/17/include
 /usr/local/include
 /usr/include/x86_64-linux-gnu
 /usr/include
End of search list.
[2/2] Linking CXX executable cmTC_2b5d1
FAILED: cmTC_2b5d1 
: && /usr/bin/clang++-17  -v CMakeFiles/cmTC_2b5d1.dir/CMakeCXXCompilerABI.cpp.o -o cmTC_2b5d1   && :
Ubuntu clang version 17.0.6 (++20231209124227+6009708b4367-1~exp1~20231209124336.77)
Target: x86_64-pc-linux-gnu
Thread model: posix
InstalledDir: /usr/bin
Found candidate GCC installation: /usr/bin/../lib/gcc/x86_64-linux-gnu/11
Found candidate GCC installation: /usr/bin/../lib/gcc/x86_64-linux-gnu/12
Selected GCC installation: /usr/bin/../lib/gcc/x86_64-linux-gnu/12
Candidate multilib: .;@m64
Selected multilib: .;@m64
Found CUDA installation: /usr/local/cuda, version 
 "/usr/bin/ld" -pie -z relro --hash-style=gnu --build-id --eh-frame-hdr -m elf_x86_64 -dynamic-linker /lib64/ld-linux-x86-64.so.2 -o cmTC_2b5d1 /lib/x86_64-linux-gnu/Scrt1.o /lib/x86_64-linux-gnu/crti.o /usr/bin/../lib/gcc/x86_64-linux-gnu/12/crtbeginS.o -L/usr/bin/../lib/gcc/x86_64-linux-gnu/12 -L/usr/bin/../lib/gcc/x86_64-linux-gnu/12/../../../../lib64 -L/lib/x86_64-linux-gnu -L/lib/../lib64 -L/usr/lib/x86_64-linux-gnu -L/usr/lib/../lib64 -L/lib -L/usr/lib CMakeFiles/cmTC_2b5d1.dir/CMakeCXXCompilerABI.cpp.o -lstdc++ -lm -lgcc_s -lgcc -lc -lgcc_s -lgcc /usr/bin/../lib/gcc/x86_64-linux-gnu/12/crtendS.o /lib/x86_64-linux-gnu/crtn.o
/usr/bin/ld: cannot find -lstdc++: No such file or directory
clang++-17: error: linker command failed with exit code 1 (use -v to see invocation)
ninja: build stopped: subcommand failed.




Determining if the CXX compiler works failed with the following output:
Change Dir: /home/ne0/sys_competition/start/cpu_watcher/build/CMakeFiles/CMakeTmp

Run Build Command(s):/usr/bin/ninja cmTC_66e5a && [1/2] Building CXX object CMakeFiles/cmTC_66e5a.dir/testCXXCompiler.cxx.o
[2/2] Linking CXX executable cmTC_66e5a
FAILED: cmTC_66e5a 
: && /usr/bin/clang++-17   CMakeFiles/cmTC_66e5a.dir/testCXXCompiler.cxx.o -o cmTC_66e5a   && :
/usr/bin/ld: 找不到 -lstdc++: 没有那个文件或目录
clang++-17: error: linker command failed with exit code 1 (use -v to see invocation)
ninja: build stopped: subcommand failed.



Compiling the CXX compiler identification source file "CMakeCXXCompilerId.cpp" failed.
Compiler: /usr/bin/clang++-17 
Build flags: 
Id flags:  

The output was:
1
/usr/bin/ld: 找不到 -lstdc++: 没有那个文件或目录
clang++-17: error: linker command failed with exit code 1 (use -v to see invocation)


Detecting CXX compiler ABI info failed to compile with the following output:
Change Dir: /home/ne0/sys_competition/start/cpu_watcher/build/CMakeFiles/CMakeTmp

Run Build Command(s):/usr/bin/ninja cmTC_f6ab7 && [1/2] Building CXX object CMakeFiles/cmTC_f6ab7.dir/CMakeCXXCompilerABI.cpp.o
Ubuntu clang version 17.0.6 (++20231209124227+6009708b4367-1~exp1~20231209124336.77)
Target: x86_64-pc-linux-gnu
Thread model: posix
InstalledDir: /usr/bin
Found candidate GCC installation: /usr/bin/../lib/gcc/x86_64-linux-gnu/11
Found candidate GCC installation: /usr/bin/../lib/gcc/x86_64-linux-gnu/12
Selected GCC installation: /usr/bin/../lib/gcc/x86_64-linux-gnu/12
Candidate multilib: .;@m64
Selected multilib: .;@m64
Found CUDA installation: /usr/local/cuda-12.4, version 
 (in-process)
 "/usr/lib/llvm-17/bin/clang" -cc1 -triple x86_64-pc-linux-gnu -emit-obj -mrelax-all -disable-free -clear-ast-before-backend -disable-llvm-verifier -discard-value-names -main-file-name CMakeCXXCompilerABI.cpp -mrelocation-model pic -pic-level 2 -pic-is-pie -mframe-pointer=all -fmath-errno -ffp-contract=on -fno-rounding-math -mconstructor-aliases -funwind-tables=2 -target-cpu x86-64 -tune-cpu generic -debugger-tuning=gdb -v -fcoverage-compilation-dir=/home/ne0/sys_competition/start/cpu_watcher/build/CMakeFiles/CMakeTmp -resource-dir /usr/lib/llvm-17/lib/clang/17 -dependency-file CMakeFiles/cmTC_f6ab7.dir/CMakeCXXCompilerABI.cpp.o.d -MT CMakeFiles/cmTC_f6ab7.dir/CMakeCXXCompilerABI.cpp.o -sys-header-deps -internal-isystem /usr/bin/../lib/gcc/x86_64-linux-gnu/12/../../../../include/c++ -internal-isystem /usr/bin/../lib/gcc/x86_64-linux-gnu/12/../../../../include/c++/x86_64-linux-gnu -internal-isystem /usr/bin/../lib/gcc/x86_64-linux-gnu/12/../../../../include/c++/backward -internal-isystem /usr/lib/llvm-17/lib/clang/17/include -internal-isystem /usr/local/include -internal-isystem /usr/bin/../lib/gcc/x86_64-linux-gnu/12/../../../../x86_64-linux-gnu/include -internal-externc-isystem /usr/include/x86_64-linux-gnu -internal-externc-isystem /include -internal-externc-isystem /usr/include -fdeprecated-macro -fdebug-compilation-dir=/home/ne0/sys_competition/start/cpu_watcher/build/CMakeFiles/CMakeTmp -ferror-limit 19 -fgnuc-version=4.2.1 -fcxx-exceptions -fexceptions -faddrsig -D__GCC_HAVE_DWARF2_CFI_ASM=1 -o CMakeFiles/cmTC_f6ab7.dir/CMakeCXXCompilerABI.cpp.o -x c++ /usr/share/cmake-3.22/Modules/CMakeCXXCompilerABI.cpp
clang -cc1 version 17.0.6 based upon LLVM 17.0.6 default target x86_64-pc-linux-gnu
ignoring nonexistent directory "/usr/bin/../lib/gcc/x86_64-linux-gnu/12/../../../../include/c++/x86_64-linux-gnu"
ignoring nonexistent directory "/usr/bin/../lib/gcc/x86_64-linux-gnu/12/../../../../include/c++/backward"
ignoring nonexistent directory "/usr/bin/../lib/gcc/x86_64-linux-gnu/12/../../../../x86_64-linux-gnu/include"
ignoring nonexistent directory "/include"
#include "..." search starts here:
#include <...> search starts here:
 /usr/bin/../lib/gcc/x86_64-linux-gnu/12/../../../../include/c++
 /usr/lib/llvm-17/lib/clang/17/include
 /usr/local/include
 /usr/include/x86_64-linux-gnu
 /usr/include
End of search list.
[2/2] Linking CXX executable cmTC_f6ab7
FAILED: cmTC_f6ab7 
: && /usr/bin/clang++-17  -v CMakeFiles/cmTC_f6ab7.dir/CMakeCXXCompilerABI.cpp.o -o cmTC_f6ab7   && :
Ubuntu clang version 17.0.6 (++20231209124227+6009708b4367-1~exp1~20231209124336.77)
Target: x86_64-pc-linux-gnu
Thread model: posix
InstalledDir: /usr/bin
Found candidate GCC installation: /usr/bin/../lib/gcc/x86_64-linux-gnu/11
Found candidate GCC installation: /usr/bin/../lib/gcc/x86_64-linux-gnu/12
Selected GCC installation: /usr/bin/../lib/gcc/x86_64-linux-gnu/12
Candidate multilib: .;@m64
Selected multilib: .;@m64
Found CUDA installation: /usr/local/cuda-12.4, version 
 "/usr/bin/ld" -pie -z relro --hash-style=gnu --build-id --eh-frame-hdr -m elf_x86_64 -dynamic-linker /lib64/ld-linux-x86-64.so.2 -o cmTC_f6ab7 /lib/x86_64-linux-gnu/Scrt1.o /lib/x86_64-linux-gnu/crti.o /usr/bin/../lib/gcc/x86_64-linux-gnu/12/crtbeginS.o -L/usr/bin/../lib/gcc/x86_64-linux-gnu/12 -L/usr/bin/../lib/gcc/x86_64-linux-gnu/12/../../../../lib64 -L/lib/x86_64-linux-gnu -L/lib/../lib64 -L/usr/lib/x86_64-linux-gnu -L/usr/lib/../lib64 -L/lib -L/usr/lib CMakeFiles/cmTC_f6ab7.dir/CMakeCXXCompilerABI.cpp.o -lstdc++ -lm -lgcc_s -lgcc -lc -lgcc_s -lgcc /usr/bin/../lib/gcc/x86_64-linux-gnu/12/crtendS.o /lib/x86_64-linux-gnu/crtn.o
/usr/bin/ld: cannot find -lstdc++: No such file or directory
clang++-17: error: linker command failed with exit code 1 (use -v to see invocation)
ninja: build stopped: subcommand failed.




Determining if the CXX compiler works failed with the following output:
Change Dir: /home/ne0/sys_competition/start/cpu_watcher/build/CMakeFiles/CMakeTmp

Run Build Command(s):/usr/bin/ninja cmTC_edef7 && [1/2] Building CXX object CMakeFiles/cmTC_edef7.dir/testCXXCompiler.cxx.o
[2/2] Linking CXX executable cmTC_edef7
FAILED: cmTC_edef7 
: && /usr/bin/clang++-17   CMakeFiles/cmTC_edef7.dir/testCXXCompiler.cxx.o -o cmTC_edef7   && :
/usr/bin/ld: 找不到 -lstdc++: 没有那个文件或目录
clang++-17: error: linker command failed with exit code 1 (use -v to see invocation)
ninja: build stopped: subcommand failed.



Compiling the CXX compiler identification source file "CMakeCXXCompilerId.cpp" failed.
Compiler: /usr/bin/clang++-17 
Build flags: 
Id flags:  

The output was:
1
/usr/bin/ld: 找不到 -lstdc++: 没有那个文件或目录
clang++-17: error: linker command failed with exit code 1 (use -v to see invocation)


Detecting CXX compiler ABI info failed to compile with the following output:
Change Dir: /home/ne0/sys_competition/start/cpu_watcher/build/CMakeFiles/CMakeTmp

Run Build Command(s):/usr/bin/ninja cmTC_8fd74 && [1/2] Building CXX object CMakeFiles/cmTC_8fd74.dir/CMakeCXXCompilerABI.cpp.o
Ubuntu clang version 17.0.6 (++20231209124227+6009708b4367-1~exp1~20231209124336.77)
Target: x86_64-pc-linux-gnu
Thread model: posix
InstalledDir: /usr/bin
Found candidate GCC installation: /usr/bin/../lib/gcc/x86_64-linux-gnu/11
Found candidate GCC installation: /usr/bin/../lib/gcc/x86_64-linux-gnu/12
Selected GCC installation: /usr/bin/../lib/gcc/x86_64-linux-gnu/12
Candidate multilib: .;@m64
Selected multilib: .;@m64
Found CUDA installation: /usr/local/cuda-12.4, version 
 (in-process)
 "/usr/lib/llvm-17/bin/clang" -cc1 -triple x86_64-pc-linux-gnu -emit-obj -mrelax-all -disable-free -clear-ast-before-backend -disable-llvm-verifier -discard-value-names -main-file-name CMakeCXXCompilerABI.cpp -mrelocation-model pic -pic-level 2 -pic-is-pie -mframe-pointer=all -fmath-errno -ffp-contract=on -fno-rounding-math -mconstructor-aliases -funwind-tables=2 -target-cpu x86-64 -tune-cpu generic -debugger-tuning=gdb -v -fcoverage-compilation-dir=/home/ne0/sys_competition/start/cpu_watcher/build/CMakeFiles/CMakeTmp -resource-dir /usr/lib/llvm-17/lib/clang/17 -dependency-file CMakeFiles/cmTC_8fd74.dir/CMakeCXXCompilerABI.cpp.o.d -MT CMakeFiles/cmTC_8fd74.dir/CMakeCXXCompilerABI.cpp.o -sys-header-deps -internal-isystem /usr/bin/../lib/gcc/x86_64-linux-gnu/12/../../../../include/c++ -internal-isystem /usr/bin/../lib/gcc/x86_64-linux-gnu/12/../../../../include/c++/x86_64-linux-gnu -internal-isystem /usr/bin/../lib/gcc/x86_64-linux-gnu/12/../../../../include/c++/backward -internal-isystem /usr/lib/llvm-17/lib/clang/17/include -internal-isystem /usr/local/include -internal-isystem /usr/bin/../lib/gcc/x86_64-linux-gnu/12/../../../../x86_64-linux-gnu/include -internal-externc-isystem /usr/include/x86_64-linux-gnu -internal-externc-isystem /include -internal-externc-isystem /usr/include -fdeprecated-macro -fdebug-compilation-dir=/home/ne0/sys_competition/start/cpu_watcher/build/CMakeFiles/CMakeTmp -ferror-limit 19 -fgnuc-version=4.2.1 -fcxx-exceptions -fexceptions -faddrsig -D__GCC_HAVE_DWARF2_CFI_ASM=1 -o CMakeFiles/cmTC_8fd74.dir/CMakeCXXCompilerABI.cpp.o -x c++ /usr/share/cmake-3.22/Modules/CMakeCXXCompilerABI.cpp
clang -cc1 version 17.0.6 based upon LLVM 17.0.6 default target x86_64-pc-linux-gnu
ignoring nonexistent directory "/usr/bin/../lib/gcc/x86_64-linux-gnu/12/../../../../include/c++/x86_64-linux-gnu"
ignoring nonexistent directory "/usr/bin/../lib/gcc/x86_64-linux-gnu/12/../../../../include/c++/backward"
ignoring nonexistent directory "/usr/bin/../lib/gcc/x86_64-linux-gnu/12/../../../../x86_64-linux-gnu/include"
ignoring nonexistent directory "/include"
#include "..." search starts here:
#include <...> search starts here:
 /usr/bin/../lib/gcc/x86_64-linux-gnu/12/../../../../include/c++
 /usr/lib/llvm-17/lib/clang/17/include
 /usr/local/include
 /usr/include/x86_64-linux-gnu
 /usr/include
End of search list.
[2/2] Linking CXX executable cmTC_8fd74
FAILED: cmTC_8fd74 
: && /usr/bin/clang++-17  -v CMakeFiles/cmTC_8fd74.dir/CMakeCXXCompilerABI.cpp.o -o cmTC_8fd74   && :
Ubuntu clang version 17.0.6 (++20231209124227+6009708b4367-1~exp1~20231209124336.77)
Target: x86_64-pc-linux-gnu
Thread model: posix
InstalledDir: /usr/bin
Found candidate GCC installation: /usr/bin/../lib/gcc/x86_64-linux-gnu/11
Found candidate GCC installation: /usr/bin/../lib/gcc/x86_64-linux-gnu/12
Selected GCC installation: /usr/bin/../lib/gcc/x86_64-linux-gnu/12
Candidate multilib: .;@m64
Selected multilib: .;@m64
Found CUDA installation: /usr/local/cuda-12.4, version 
 "/usr/bin/ld" -pie -z relro --hash-style=gnu --build-id --eh-frame-hdr -m elf_x86_64 -dynamic-linker /lib64/ld-linux-x86-64.so.2 -o cmTC_8fd74 /lib/x86_64-linux-gnu/Scrt1.o /lib/x86_64-linux-gnu/crti.o /usr/bin/../lib/gcc/x86_64-linux-gnu/12/crtbeginS.o -L/usr/bin/../lib/gcc/x86_64-linux-gnu/12 -L/usr/bin/../lib/gcc/x86_64-linux-gnu/12/../../../../lib64 -L/lib/x86_64-linux-gnu -L/lib/../lib64 -L/usr/lib/x86_64-linux-gnu -L/usr/lib/../lib64 -L/lib -L/usr/lib CMakeFiles/cmTC_8fd74.dir/CMakeCXXCompilerABI.cpp.o -lstdc++ -lm -lgcc_s -lgcc -lc -lgcc_s -lgcc /usr/bin/../lib/gcc/x86_64-linux-gnu/12/crtendS.o /lib/x86_64-linux-gnu/crtn.o
/usr/bin/ld: cannot find -lstdc++: No such file or directory
clang++-17: error: linker command failed with exit code 1 (use -v to see invocation)
ninja: build stopped: subcommand failed.




Determining if the CXX compiler works failed with the following output:
Change Dir: /home/ne0/sys_competition/start/cpu_watcher/build/CMakeFiles/CMakeTmp

Run Build Command(s):/usr/bin/ninja cmTC_6efd5 && [1/2] Building CXX object CMakeFiles/cmTC_6efd5.dir/testCXXCompiler.cxx.o
[2/2] Linking CXX executable cmTC_6efd5
FAILED: cmTC_6efd5 
: && /usr/bin/clang++-17   CMakeFiles/cmTC_6efd5.dir/testCXXCompiler.cxx.o -o cmTC_6efd5   && :
/usr/bin/ld: 找不到 -lstdc++: 没有那个文件或目录
clang++-17: error: linker command failed with exit code 1 (use -v to see invocation)
ninja: build stopped: subcommand failed.



Compiling the CXX compiler identification source file "CMakeCXXCompilerId.cpp" failed.
Compiler: /usr/bin/clang++-17 
Build flags: 
Id flags:  

The output was:
1
/usr/bin/ld: 找不到 -lstdc++: 没有那个文件或目录
clang++-17: error: linker command failed with exit code 1 (use -v to see invocation)


Detecting CXX compiler ABI info failed to compile with the following output:
Change Dir: /home/ne0/sys_competition/start/cpu_watcher/build/CMakeFiles/CMakeTmp

Run Build Command(s):/usr/bin/ninja cmTC_0d0f1 && [1/2] Building CXX object CMakeFiles/cmTC_0d0f1.dir/CMakeCXXCompilerABI.cpp.o
Ubuntu clang version 17.0.6 (++20231209124227+6009708b4367-1~exp1~20231209124336.77)
Target: x86_64-pc-linux-gnu
Thread model: posix
InstalledDir: /usr/bin
Found candidate GCC installation: /usr/bin/../lib/gcc/x86_64-linux-gnu/11
Found candidate GCC installation: /usr/bin/../lib/gcc/x86_64-linux-gnu/12
Selected GCC installation: /usr/bin/../lib/gcc/x86_64-linux-gnu/12
Candidate multilib: .;@m64
Selected multilib: .;@m64
Found CUDA installation: /usr/local/cuda, version 
 (in-process)
 "/usr/lib/llvm-17/bin/clang" -cc1 -triple x86_64-pc-linux-gnu -emit-obj -mrelax-all -disable-free -clear-ast-before-backend -disable-llvm-verifier -discard-value-names -main-file-name CMakeCXXCompilerABI.cpp -mrelocation-model pic -pic-level 2 -pic-is-pie -mframe-pointer=all -fmath-errno -ffp-contract=on -fno-rounding-math -mconstructor-aliases -funwind-tables=2 -target-cpu x86-64 -tune-cpu generic -debugger-tuning=gdb -v -fcoverage-compilation-dir=/home/ne0/sys_competition/start/cpu_watcher/build/CMakeFiles/CMakeTmp -resource-dir /usr/lib/llvm-17/lib/clang/17 -dependency-file CMakeFiles/cmTC_0d0f1.dir/CMakeCXXCompilerABI.cpp.o.d -MT CMakeFiles/cmTC_0d0f1.dir/CMakeCXXCompilerABI.cpp.o -sys-header-deps -internal-isystem /usr/bin/../lib/gcc/x86_64-linux-gnu/12/../../../../include/c++ -internal-isystem /usr/bin/../lib/gcc/x86_64-linux-gnu/12/../../../../include/c++/x86_64-linux-gnu -internal-isystem /usr/bin/../lib/gcc/x86_64-linux-gnu/12/../../../../include/c++/backward -internal-isystem /usr/lib/llvm-17/lib/clang/17/include -internal-isystem /usr/local/include -internal-isystem /usr/bin/../lib/gcc/x86_64-linux-gnu/12/../../../../x86_64-linux-gnu/include -internal-externc-isystem /usr/include/x86_64-linux-gnu -internal-externc-isystem /include -internal-externc-isystem /usr/include -fdeprecated-macro -fdebug-compilation-dir=/home/ne0/sys_competition/start/cpu_watcher/build/CMakeFiles/CMakeTmp -ferror-limit 19 -fgnuc-version=4.2.1 -fcxx-exceptions -fexceptions -faddrsig -D__GCC_HAVE_DWARF2_CFI_ASM=1 -o CMakeFiles/cmTC_0d0f1.dir/CMakeCXXCompilerABI.cpp.o -x c++ /usr/share/cmake-3.22/Modules/CMakeCXXCompilerABI.cpp
clang -cc1 version 17.0.6 based upon LLVM 17.0.6 default target x86_64-pc-linux-gnu
ignoring nonexistent directory "/usr/bin/../lib/gcc/x86_64-linux-gnu/12/../../../../include/c++/x86_64-linux-gnu"
ignoring nonexistent directory "/usr/bin/../lib/gcc/x86_64-linux-gnu/12/../../../../include/c++/backward"
ignoring nonexistent directory "/usr/bin/../lib/gcc/x86_64-linux-gnu/12/../../../../x86_64-linux-gnu/include"
ignoring nonexistent directory "/include"
#include "..." search starts here:
#include <...> search starts here:
 /usr/bin/../lib/gcc/x86_64-linux-gnu/12/../../../../include/c++
 /usr/lib/llvm-17/lib/clang/17/include
 /usr/local/include
 /usr/include/x86_64-linux-gnu
 /usr/include
End of search list.
[2/2] Linking CXX executable cmTC_0d0f1
FAILED: cmTC_0d0f1 
: && /usr/bin/clang++-17  -v CMakeFiles/cmTC_0d0f1.dir/CMakeCXXCompilerABI.cpp.o -o cmTC_0d0f1   && :
Ubuntu clang version 17.0.6 (++20231209124227+6009708b4367-1~exp1~20231209124336.77)
Target: x86_64-pc-linux-gnu
Thread model: posix
InstalledDir: /usr/bin
Found candidate GCC installation: /usr/bin/../lib/gcc/x86_64-linux-gnu/11
Found candidate GCC installation: /usr/bin/../lib/gcc/x86_64-linux-gnu/12
Selected GCC installation: /usr/bin/../lib/gcc/x86_64-linux-gnu/12
Candidate multilib: .;@m64
Selected multilib: .;@m64
Found CUDA installation: /usr/local/cuda, version 
 "/usr/bin/ld" -pie -z relro --hash-style=gnu --build-id --eh-frame-hdr -m elf_x86_64 -dynamic-linker /lib64/ld-linux-x86-64.so.2 -o cmTC_0d0f1 /lib/x86_64-linux-gnu/Scrt1.o /lib/x86_64-linux-gnu/crti.o /usr/bin/../lib/gcc/x86_64-linux-gnu/12/crtbeginS.o -L/usr/bin/../lib/gcc/x86_64-linux-gnu/12 -L/usr/bin/../lib/gcc/x86_64-linux-gnu/12/../../../../lib64 -L/lib/x86_64-linux-gnu -L/lib/../lib64 -L/usr/lib/x86_64-linux-gnu -L/usr/lib/../lib64 -L/lib -L/usr/lib CMakeFiles/cmTC_0d0f1.dir/CMakeCXXCompilerABI.cpp.o -lstdc++ -lm -lgcc_s -lgcc -lc -lgcc_s -lgcc /usr/bin/../lib/gcc/x86_64-linux-gnu/12/crtendS.o /lib/x86_64-linux-gnu/crtn.o
/usr/bin/ld: cannot find -lstdc++: No such file or directory
clang++-17: error: linker command failed with exit code 1 (use -v to see invocation)
ninja: build stopped: subcommand failed.




Determining if the CXX compiler works failed with the following output:
Change Dir: /home/ne0/sys_competition/start/cpu_watcher/build/CMakeFiles/CMakeTmp

Run Build Command(s):/usr/bin/ninja cmTC_bbf6b && [1/2] Building CXX object CMakeFiles/cmTC_bbf6b.dir/testCXXCompiler.cxx.o
[2/2] Linking CXX executable cmTC_bbf6b
FAILED: cmTC_bbf6b 
: && /usr/bin/clang++-17   CMakeFiles/cmTC_bbf6b.dir/testCXXCompiler.cxx.o -o cmTC_bbf6b   && :
/usr/bin/ld: 找不到 -lstdc++: 没有那个文件或目录
clang++-17: error: linker command failed with exit code 1 (use -v to see invocation)
ninja: build stopped: subcommand failed.



Compiling the CXX compiler identification source file "CMakeCXXCompilerId.cpp" failed.
Compiler: /usr/bin/clang++-17 
Build flags: 
Id flags:  

The output was:
1
/usr/bin/ld: 找不到 -lstdc++: 没有那个文件或目录
clang++-17: error: linker command failed with exit code 1 (use -v to see invocation)


Detecting CXX compiler ABI info failed to compile with the following output:
Change Dir: /home/ne0/sys_competition/start/cpu_watcher/build/CMakeFiles/CMakeTmp

Run Build Command(s):/usr/bin/ninja cmTC_4e81d && [1/2] Building CXX object CMakeFiles/cmTC_4e81d.dir/CMakeCXXCompilerABI.cpp.o
Ubuntu clang version 17.0.6 (++20231209124227+6009708b4367-1~exp1~20231209124336.77)
Target: x86_64-pc-linux-gnu
Thread model: posix
InstalledDir: /usr/bin
Found candidate GCC installation: /usr/bin/../lib/gcc/x86_64-linux-gnu/11
Found candidate GCC installation: /usr/bin/../lib/gcc/x86_64-linux-gnu/12
Selected GCC installation: /usr/bin/../lib/gcc/x86_64-linux-gnu/12
Candidate multilib: .;@m64
Selected multilib: .;@m64
Found CUDA installation: /usr/local/cuda, version 
 (in-process)
 "/usr/lib/llvm-17/bin/clang" -cc1 -triple x86_64-pc-linux-gnu -emit-obj -mrelax-all -disable-free -clear-ast-before-backend -disable-llvm-verifier -discard-value-names -main-file-name CMakeCXXCompilerABI.cpp -mrelocation-model pic -pic-level 2 -pic-is-pie -mframe-pointer=all -fmath-errno -ffp-contract=on -fno-rounding-math -mconstructor-aliases -funwind-tables=2 -target-cpu x86-64 -tune-cpu generic -debugger-tuning=gdb -v -fcoverage-compilation-dir=/home/ne0/sys_competition/start/cpu_watcher/build/CMakeFiles/CMakeTmp -resource-dir /usr/lib/llvm-17/lib/clang/17 -dependency-file CMakeFiles/cmTC_4e81d.dir/CMakeCXXCompilerABI.cpp.o.d -MT CMakeFiles/cmTC_4e81d.dir/CMakeCXXCompilerABI.cpp.o -sys-header-deps -internal-isystem /usr/bin/../lib/gcc/x86_64-linux-gnu/12/../../../../include/c++ -internal-isystem /usr/bin/../lib/gcc/x86_64-linux-gnu/12/../../../../include/c++/x86_64-linux-gnu -internal-isystem /usr/bin/../lib/gcc/x86_64-linux-gnu/12/../../../../include/c++/backward -internal-isystem /usr/lib/llvm-17/lib/clang/17/include -internal-isystem /usr/local/include -internal-isystem /usr/bin/../lib/gcc/x86_64-linux-gnu/12/../../../../x86_64-linux-gnu/include -internal-externc-isystem /usr/include/x86_64-linux-gnu -internal-externc-isystem /include -internal-externc-isystem /usr/include -fdeprecated-macro -fdebug-compilation-dir=/home/ne0/sys_competition/start/cpu_watcher/build/CMakeFiles/CMakeTmp -ferror-limit 19 -fgnuc-version=4.2.1 -fcxx-exceptions -fexceptions -faddrsig -D__GCC_HAVE_DWARF2_CFI_ASM=1 -o CMakeFiles/cmTC_4e81d.dir/CMakeCXXCompilerABI.cpp.o -x c++ /usr/share/cmake-3.22/Modules/CMakeCXXCompilerABI.cpp
clang -cc1 version 17.0.6 based upon LLVM 17.0.6 default target x86_64-pc-linux-gnu
ignoring nonexistent directory "/usr/bin/../lib/gcc/x86_64-linux-gnu/12/../../../../include/c++/x86_64-linux-gnu"
ignoring nonexistent directory "/usr/bin/../lib/gcc/x86_64-linux-gnu/12/../../../../include/c++/backward"
ignoring nonexistent directory "/usr/bin/../lib/gcc/x86_64-linux-gnu/12/../../../../x86_64-linux-gnu/include"
ignoring nonexistent directory "/include"
#include "..." search starts here:
#include <...> search starts here:
 /usr/bin/../lib/gcc/x86_64-linux-gnu/12/../../../../include/c++
 /usr/lib/llvm-17/lib/clang/17/include
 /usr/local/include
 /usr/include/x86_64-linux-gnu
 /usr/include
End of search list.
[2/2] Linking CXX executable cmTC_4e81d
FAILED: cmTC_4e81d 
: && /usr/bin/clang++-17  -v CMakeFiles/cmTC_4e81d.dir/CMakeCXXCompilerABI.cpp.o -o cmTC_4e81d   && :
Ubuntu clang version 17.0.6 (++20231209124227+6009708b4367-1~exp1~20231209124336.77)
Target: x86_64-pc-linux-gnu
Thread model: posix
InstalledDir: /usr/bin
Found candidate GCC installation: /usr/bin/../lib/gcc/x86_64-linux-gnu/11
Found candidate GCC installation: /usr/bin/../lib/gcc/x86_64-linux-gnu/12
Selected GCC installation: /usr/bin/../lib/gcc/x86_64-linux-gnu/12
Candidate multilib: .;@m64
Selected multilib: .;@m64
Found CUDA installation: /usr/local/cuda, version 
 "/usr/bin/ld" -pie -z relro --hash-style=gnu --build-id --eh-frame-hdr -m elf_x86_64 -dynamic-linker /lib64/ld-linux-x86-64.so.2 -o cmTC_4e81d /lib/x86_64-linux-gnu/Scrt1.o /lib/x86_64-linux-gnu/crti.o /usr/bin/../lib/gcc/x86_64-linux-gnu/12/crtbeginS.o -L/usr/bin/../lib/gcc/x86_64-linux-gnu/12 -L/usr/bin/../lib/gcc/x86_64-linux-gnu/12/../../../../lib64 -L/lib/x86_64-linux-gnu -L/lib/../lib64 -L/usr/lib/x86_64-linux-gnu -L/usr/lib/../lib64 -L/lib -L/usr/lib CMakeFiles/cmTC_4e81d.dir/CMakeCXXCompilerABI.cpp.o -lstdc++ -lm -lgcc_s -lgcc -lc -lgcc_s -lgcc /usr/bin/../lib/gcc/x86_64-linux-gnu/12/crtendS.o /lib/x86_64-linux-gnu/crtn.o
/usr/bin/ld: cannot find -lstdc++: No such file or directory
clang++-17: error: linker command failed with exit code 1 (use -v to see invocation)
ninja: build stopped: subcommand failed.




Determining if the CXX compiler works failed with the following output:
Change Dir: /home/ne0/sys_competition/start/cpu_watcher/build/CMakeFiles/CMakeTmp

Run Build Command(s):/usr/bin/ninja cmTC_7541b && [1/2] Building CXX object CMakeFiles/cmTC_7541b.dir/testCXXCompiler.cxx.o
[2/2] Linking CXX executable cmTC_7541b
FAILED: cmTC_7541b 
: && /usr/bin/clang++-17   CMakeFiles/cmTC_7541b.dir/testCXXCompiler.cxx.o -o cmTC_7541b   && :
/usr/bin/ld: 找不到 -lstdc++: 没有那个文件或目录
clang++-17: error: linker command failed with exit code 1 (use -v to see invocation)
ninja: build stopped: subcommand failed.



Compiling the CXX compiler identification source file "CMakeCXXCompilerId.cpp" failed.
Compiler: /usr/bin/clang++-17 
Build flags: 
Id flags:  

The output was:
1
/usr/bin/ld: 找不到 -lstdc++: 没有那个文件或目录
clang++-17: error: linker command failed with exit code 1 (use -v to see invocation)


Detecting CXX compiler ABI info failed to compile with the following output:
Change Dir: /home/ne0/sys_competition/start/cpu_watcher/build/CMakeFiles/CMakeTmp

Run Build Command(s):/usr/bin/ninja cmTC_63750 && [1/2] Building CXX object CMakeFiles/cmTC_63750.dir/CMakeCXXCompilerABI.cpp.o
Ubuntu clang version 17.0.6 (++20231209124227+6009708b4367-1~exp1~20231209124336.77)
Target: x86_64-pc-linux-gnu
Thread model: posix
InstalledDir: /usr/bin
Found candidate GCC installation: /usr/bin/../lib/gcc/x86_64-linux-gnu/11
Found candidate GCC installation: /usr/bin/../lib/gcc/x86_64-linux-gnu/12
Selected GCC installation: /usr/bin/../lib/gcc/x86_64-linux-gnu/12
Candidate multilib: .;@m64
Selected multilib: .;@m64
Found CUDA installation: /usr/local/cuda-12.4, version 
 (in-process)
 "/usr/lib/llvm-17/bin/clang" -cc1 -triple x86_64-pc-linux-gnu -emit-obj -mrelax-all -disable-free -clear-ast-before-backend -disable-llvm-verifier -discard-value-names -main-file-name CMakeCXXCompilerABI.cpp -mrelocation-model pic -pic-level 2 -pic-is-pie -mframe-pointer=all -fmath-errno -ffp-contract=on -fno-rounding-math -mconstructor-aliases -funwind-tables=2 -target-cpu x86-64 -tune-cpu generic -debugger-tuning=gdb -v -fcoverage-compilation-dir=/home/ne0/sys_competition/start/cpu_watcher/build/CMakeFiles/CMakeTmp -resource-dir /usr/lib/llvm-17/lib/clang/17 -dependency-file CMakeFiles/cmTC_63750.dir/CMakeCXXCompilerABI.cpp.o.d -MT CMakeFiles/cmTC_63750.dir/CMakeCXXCompilerABI.cpp.o -sys-header-deps -internal-isystem /usr/bin/../lib/gcc/x86_64-linux-gnu/12/../../../../include/c++ -internal-isystem /usr/bin/../lib/gcc/x86_64-linux-gnu/12/../../../../include/c++/x86_64-linux-gnu -internal-isystem /usr/bin/../lib/gcc/x86_64-linux-gnu/12/../../../../include/c++/backward -internal-isystem /usr/lib/llvm-17/lib/clang/17/include -internal-isystem /usr/local/include -internal-isystem /usr/bin/../lib/gcc/x86_64-linux-gnu/12/../../../../x86_64-linux-gnu/include -internal-externc-isystem /usr/include/x86_64-linux-gnu -internal-externc-isystem /include -internal-externc-isystem /usr/include -fdeprecated-macro -fdebug-compilation-dir=/home/ne0/sys_competition/start/cpu_watcher/build/CMakeFiles/CMakeTmp -ferror-limit 19 -fgnuc-version=4.2.1 -fcxx-exceptions -fexceptions -faddrsig -D__GCC_HAVE_DWARF2_CFI_ASM=1 -o CMakeFiles/cmTC_63750.dir/CMakeCXXCompilerABI.cpp.o -x c++ /usr/share/cmake-3.22/Modules/CMakeCXXCompilerABI.cpp
clang -cc1 version 17.0.6 based upon LLVM 17.0.6 default target x86_64-pc-linux-gnu
ignoring nonexistent directory "/usr/bin/../lib/gcc/x86_64-linux-gnu/12/../../../../include/c++/x86_64-linux-gnu"
ignoring nonexistent directory "/usr/bin/../lib/gcc/x86_64-linux-gnu/12/../../../../include/c++/backward"
ignoring nonexistent directory "/usr/bin/../lib/gcc/x86_64-linux-gnu/12/../../../../x86_64-linux-gnu/include"
ignoring nonexistent directory "/include"
#include "..." search starts here:
#include <...> search starts here:
 /usr/bin/../lib/gcc/x86_64-linux-gnu/12/../../../../include/c++
 /usr/lib/llvm-17/lib/clang/17/include
 /usr/local/include
 /usr/include/x86_64-linux-gnu
 /usr/include
End of search list.
[2/2] Linking CXX executable cmTC_63750
FAILED: cmTC_63750 
: && /usr/bin/clang++-17  -v CMakeFiles/cmTC_63750.dir/CMakeCXXCompilerABI.cpp.o -o cmTC_63750   && :
Ubuntu clang version 17.0.6 (++20231209124227+6009708b4367-1~exp1~20231209124336.77)
Target: x86_64-pc-linux-gnu
Thread model: posix
InstalledDir: /usr/bin
Found candidate GCC installation: /usr/bin/../lib/gcc/x86_64-linux-gnu/11
Found candidate GCC installation: /usr/bin/../lib/gcc/x86_64-linux-gnu/12
Selected GCC installation: /usr/bin/../lib/gcc/x86_64-linux-gnu/12
Candidate multilib: .;@m64
Selected multilib: .;@m64
Found CUDA installation: /usr/local/cuda-12.4, version 
 "/usr/bin/ld" -pie -z relro --hash-style=gnu --build-id --eh-frame-hdr -m elf_x86_64 -dynamic-linker /lib64/ld-linux-x86-64.so.2 -o cmTC_63750 /lib/x86_64-linux-gnu/Scrt1.o /lib/x86_64-linux-gnu/crti.o /usr/bin/../lib/gcc/x86_64-linux-gnu/12/crtbeginS.o -L/usr/bin/../lib/gcc/x86_64-linux-gnu/12 -L/usr/bin/../lib/gcc/x86_64-linux-gnu/12/../../../../lib64 -L/lib/x86_64-linux-gnu -L/lib/../lib64 -L/usr/lib/x86_64-linux-gnu -L/usr/lib/../lib64 -L/lib -L/usr/lib CMakeFiles/cmTC_63750.dir/CMakeCXXCompilerABI.cpp.o -lstdc++ -lm -lgcc_s -lgcc -lc -lgcc_s -lgcc /usr/bin/../lib/gcc/x86_64-linux-gnu/12/crtendS.o /lib/x86_64-linux-gnu/crtn.o
/usr/bin/ld: cannot find -lstdc++: No such file or directory
clang++-17: error: linker command failed with exit code 1 (use -v to see invocation)
ninja: build stopped: subcommand failed.




Determining if the CXX compiler works failed with the following output:
Change Dir: /home/ne0/sys_competition/start/cpu_watcher/build/CMakeFiles/CMakeTmp

Run Build Command(s):/usr/bin/ninja cmTC_226df && [1/2] Building CXX object CMakeFiles/cmTC_226df.dir/testCXXCompiler.cxx.o
[2/2] Linking CXX executable cmTC_226df
FAILED: cmTC_226df 
: && /usr/bin/clang++-17   CMakeFiles/cmTC_226df.dir/testCXXCompiler.cxx.o -o cmTC_226df   && :
/usr/bin/ld: 找不到 -lstdc++: 没有那个文件或目录
clang++-17: error: linker command failed with exit code 1 (use -v to see invocation)
ninja: build stopped: subcommand failed.



Compiling the CXX compiler identification source file "CMakeCXXCompilerId.cpp" failed.
Compiler: /usr/bin/clang++-17 
Build flags: 
Id flags:  

The output was:
1
/usr/bin/ld: 找不到 -lstdc++: 没有那个文件或目录
clang++-17: error: linker command failed with exit code 1 (use -v to see invocation)


Detecting CXX compiler ABI info failed to compile with the following output:
Change Dir: /home/ne0/sys_competition/start/cpu_watcher/build/CMakeFiles/CMakeTmp

Run Build Command(s):/usr/bin/ninja cmTC_7165b && [1/2] Building CXX object CMakeFiles/cmTC_7165b.dir/CMakeCXXCompilerABI.cpp.o
Ubuntu clang version 17.0.6 (++20231209124227+6009708b4367-1~exp1~20231209124336.77)
Target: x86_64-pc-linux-gnu
Thread model: posix
InstalledDir: /usr/bin
Found candidate GCC installation: /usr/bin/../lib/gcc/x86_64-linux-gnu/11
Found candidate GCC installation: /usr/bin/../lib/gcc/x86_64-linux-gnu/12
Selected GCC installation: /usr/bin/../lib/gcc/x86_64-linux-gnu/12
Candidate multilib: .;@m64
Selected multilib: .;@m64
Found CUDA installation: /usr/local/cuda-12.4, version 
 (in-process)
 "/usr/lib/llvm-17/bin/clang" -cc1 -triple x86_64-pc-linux-gnu -emit-obj -mrelax-all -disable-free -clear-ast-before-backend -disable-llvm-verifier -discard-value-names -main-file-name CMakeCXXCompilerABI.cpp -mrelocation-model pic -pic-level 2 -pic-is-pie -mframe-pointer=all -fmath-errno -ffp-contract=on -fno-rounding-math -mconstructor-aliases -funwind-tables=2 -target-cpu x86-64 -tune-cpu generic -debugger-tuning=gdb -v -fcoverage-compilation-dir=/home/ne0/sys_competition/start/cpu_watcher/build/CMakeFiles/CMakeTmp -resource-dir /usr/lib/llvm-17/lib/clang/17 -dependency-file CMakeFiles/cmTC_7165b.dir/CMakeCXXCompilerABI.cpp.o.d -MT CMakeFiles/cmTC_7165b.dir/CMakeCXXCompilerABI.cpp.o -sys-header-deps -internal-isystem /usr/bin/../lib/gcc/x86_64-linux-gnu/12/../../../../include/c++ -internal-isystem /usr/bin/../lib/gcc/x86_64-linux-gnu/12/../../../../include/c++/x86_64-linux-gnu -internal-isystem /usr/bin/../lib/gcc/x86_64-linux-gnu/12/../../../../include/c++/backward -internal-isystem /usr/lib/llvm-17/lib/clang/17/include -internal-isystem /usr/local/include -internal-isystem /usr/bin/../lib/gcc/x86_64-linux-gnu/12/../../../../x86_64-linux-gnu/include -internal-externc-isystem /usr/include/x86_64-linux-gnu -internal-externc-isystem /include -internal-externc-isystem /usr/include -fdeprecated-macro -fdebug-compilation-dir=/home/ne0/sys_competition/start/cpu_watcher/build/CMakeFiles/CMakeTmp -ferror-limit 19 -fgnuc-version=4.2.1 -fcxx-exceptions -fexceptions -faddrsig -D__GCC_HAVE_DWARF2_CFI_ASM=1 -o CMakeFiles/cmTC_7165b.dir/CMakeCXXCompilerABI.cpp.o -x c++ /usr/share/cmake-3.22/Modules/CMakeCXXCompilerABI.cpp
clang -cc1 version 17.0.6 based upon LLVM 17.0.6 default target x86_64-pc-linux-gnu
ignoring nonexistent directory "/usr/bin/../lib/gcc/x86_64-linux-gnu/12/../../../../include/c++/x86_64-linux-gnu"
ignoring nonexistent directory "/usr/bin/../lib/gcc/x86_64-linux-gnu/12/../../../../include/c++/backward"
ignoring nonexistent directory "/usr/bin/../lib/gcc/x86_64-linux-gnu/12/../../../../x86_64-linux-gnu/include"
ignoring nonexistent directory "/include"
#include "..." search starts here:
#include <...> search starts here:
 /usr/bin/../lib/gcc/x86_64-linux-gnu/12/../../../../include/c++
 /usr/lib/llvm-17/lib/clang/17/include
 /usr/local/include
 /usr/include/x86_64-linux-gnu
 /usr/include
End of search list.
[2/2] Linking CXX executable cmTC_7165b
FAILED: cmTC_7165b 
: && /usr/bin/clang++-17  -v CMakeFiles/cmTC_7165b.dir/CMakeCXXCompilerABI.cpp.o -o cmTC_7165b   && :
Ubuntu clang version 17.0.6 (++20231209124227+6009708b4367-1~exp1~20231209124336.77)
Target: x86_64-pc-linux-gnu
Thread model: posix
InstalledDir: /usr/bin
Found candidate GCC installation: /usr/bin/../lib/gcc/x86_64-linux-gnu/11
Found candidate GCC installation: /usr/bin/../lib/gcc/x86_64-linux-gnu/12
Selected GCC installation: /usr/bin/../lib/gcc/x86_64-linux-gnu/12
Candidate multilib: .;@m64
Selected multilib: .;@m64
Found CUDA installation: /usr/local/cuda-12.4, version 
 "/usr/bin/ld" -pie -z relro --hash-style=gnu --build-id --eh-frame-hdr -m elf_x86_64 -dynamic-linker /lib64/ld-linux-x86-64.so.2 -o cmTC_7165b /lib/x86_64-linux-gnu/Scrt1.o /lib/x86_64-linux-gnu/crti.o /usr/bin/../lib/gcc/x86_64-linux-gnu/12/crtbeginS.o -L/usr/bin/../lib/gcc/x86_64-linux-gnu/12 -L/usr/bin/../lib/gcc/x86_64-linux-gnu/12/../../../../lib64 -L/lib/x86_64-linux-gnu -L/lib/../lib64 -L/usr/lib/x86_64-linux-gnu -L/usr/lib/../lib64 -L/lib -L/usr/lib CMakeFiles/cmTC_7165b.dir/CMakeCXXCompilerABI.cpp.o -lstdc++ -lm -lgcc_s -lgcc -lc -lgcc_s -lgcc /usr/bin/../lib/gcc/x86_64-linux-gnu/12/crtendS.o /lib/x86_64-linux-gnu/crtn.o
/usr/bin/ld: cannot find -lstdc++: No such file or directory
clang++-17: error: linker command failed with exit code 1 (use -v to see invocation)
ninja: build stopped: subcommand failed.




Determining if the CXX compiler works failed with the following output:
Change Dir: /home/ne0/sys_competition/start/cpu_watcher/build/CMakeFiles/CMakeTmp

Run Build Command(s):/usr/bin/ninja cmTC_f4eb9 && [1/2] Building CXX object CMakeFiles/cmTC_f4eb9.dir/testCXXCompiler.cxx.o
[2/2] Linking CXX executable cmTC_f4eb9
FAILED: cmTC_f4eb9 
: && /usr/bin/clang++-17   CMakeFiles/cmTC_f4eb9.dir/testCXXCompiler.cxx.o -o cmTC_f4eb9   && :
/usr/bin/ld: 找不到 -lstdc++: 没有那个文件或目录
clang++-17: error: linker command failed with exit code 1 (use -v to see invocation)
ninja: build stopped: subcommand failed.



Compiling the CXX compiler identification source file "CMakeCXXCompilerId.cpp" failed.
Compiler: /usr/bin/clang++-17 
Build flags: 
Id flags:  

The output was:
1
/usr/bin/ld: 找不到 -lstdc++: 没有那个文件或目录
clang++-17: error: linker command failed with exit code 1 (use -v to see invocation)


Detecting CXX compiler ABI info failed to compile with the following output:
Change Dir: /home/ne0/sys_competition/start/cpu_watcher/build/CMakeFiles/CMakeTmp

Run Build Command(s):/usr/bin/ninja cmTC_b40c1 && [1/2] Building CXX object CMakeFiles/cmTC_b40c1.dir/CMakeCXXCompilerABI.cpp.o
Ubuntu clang version 17.0.6 (++20231209124227+6009708b4367-1~exp1~20231209124336.77)
Target: x86_64-pc-linux-gnu
Thread model: posix
InstalledDir: /usr/bin
Found candidate GCC installation: /usr/bin/../lib/gcc/x86_64-linux-gnu/11
Found candidate GCC installation: /usr/bin/../lib/gcc/x86_64-linux-gnu/12
Selected GCC installation: /usr/bin/../lib/gcc/x86_64-linux-gnu/12
Candidate multilib: .;@m64
Selected multilib: .;@m64
Found CUDA installation: /usr/local/cuda-12.4, version 
 (in-process)
 "/usr/lib/llvm-17/bin/clang" -cc1 -triple x86_64-pc-linux-gnu -emit-obj -mrelax-all -disable-free -clear-ast-before-backend -disable-llvm-verifier -discard-value-names -main-file-name CMakeCXXCompilerABI.cpp -mrelocation-model pic -pic-level 2 -pic-is-pie -mframe-pointer=all -fmath-errno -ffp-contract=on -fno-rounding-math -mconstructor-aliases -funwind-tables=2 -target-cpu x86-64 -tune-cpu generic -debugger-tuning=gdb -v -fcoverage-compilation-dir=/home/ne0/sys_competition/start/cpu_watcher/build/CMakeFiles/CMakeTmp -resource-dir /usr/lib/llvm-17/lib/clang/17 -dependency-file CMakeFiles/cmTC_b40c1.dir/CMakeCXXCompilerABI.cpp.o.d -MT CMakeFiles/cmTC_b40c1.dir/CMakeCXXCompilerABI.cpp.o -sys-header-deps -internal-isystem /usr/bin/../lib/gcc/x86_64-linux-gnu/12/../../../../include/c++ -internal-isystem /usr/bin/../lib/gcc/x86_64-linux-gnu/12/../../../../include/c++/x86_64-linux-gnu -internal-isystem /usr/bin/../lib/gcc/x86_64-linux-gnu/12/../../../../include/c++/backward -internal-isystem /usr/lib/llvm-17/lib/clang/17/include -internal-isystem /usr/local/include -internal-isystem /usr/bin/../lib/gcc/x86_64-linux-gnu/12/../../../../x86_64-linux-gnu/include -internal-externc-isystem /usr/include/x86_64-linux-gnu -internal-externc-isystem /include -internal-externc-isystem /usr/include -fdeprecated-macro -fdebug-compilation-dir=/home/ne0/sys_competition/start/cpu_watcher/build/CMakeFiles/CMakeTmp -ferror-limit 19 -fgnuc-version=4.2.1 -fcxx-exceptions -fexceptions -faddrsig -D__GCC_HAVE_DWARF2_CFI_ASM=1 -o CMakeFiles/cmTC_b40c1.dir/CMakeCXXCompilerABI.cpp.o -x c++ /usr/share/cmake-3.22/Modules/CMakeCXXCompilerABI.cpp
clang -cc1 version 17.0.6 based upon LLVM 17.0.6 default target x86_64-pc-linux-gnu
ignoring nonexistent directory "/usr/bin/../lib/gcc/x86_64-linux-gnu/12/../../../../include/c++/x86_64-linux-gnu"
ignoring nonexistent directory "/usr/bin/../lib/gcc/x86_64-linux-gnu/12/../../../../include/c++/backward"
ignoring nonexistent directory "/usr/bin/../lib/gcc/x86_64-linux-gnu/12/../../../../x86_64-linux-gnu/include"
ignoring nonexistent directory "/include"
#include "..." search starts here:
#include <...> search starts here:
 /usr/bin/../lib/gcc/x86_64-linux-gnu/12/../../../../include/c++
 /usr/lib/llvm-17/lib/clang/17/include
 /usr/local/include
 /usr/include/x86_64-linux-gnu
 /usr/include
End of search list.
[2/2] Linking CXX executable cmTC_b40c1
FAILED: cmTC_b40c1 
: && /usr/bin/clang++-17  -v CMakeFiles/cmTC_b40c1.dir/CMakeCXXCompilerABI.cpp.o -o cmTC_b40c1   && :
Ubuntu clang version 17.0.6 (++20231209124227+6009708b4367-1~exp1~20231209124336.77)
Target: x86_64-pc-linux-gnu
Thread model: posix
InstalledDir: /usr/bin
Found candidate GCC installation: /usr/bin/../lib/gcc/x86_64-linux-gnu/11
Found candidate GCC installation: /usr/bin/../lib/gcc/x86_64-linux-gnu/12
Selected GCC installation: /usr/bin/../lib/gcc/x86_64-linux-gnu/12
Candidate multilib: .;@m64
Selected multilib: .;@m64
Found CUDA installation: /usr/local/cuda-12.4, version 
 "/usr/bin/ld" -pie -z relro --hash-style=gnu --build-id --eh-frame-hdr -m elf_x86_64 -dynamic-linker /lib64/ld-linux-x86-64.so.2 -o cmTC_b40c1 /lib/x86_64-linux-gnu/Scrt1.o /lib/x86_64-linux-gnu/crti.o /usr/bin/../lib/gcc/x86_64-linux-gnu/12/crtbeginS.o -L/usr/bin/../lib/gcc/x86_64-linux-gnu/12 -L/usr/bin/../lib/gcc/x86_64-linux-gnu/12/../../../../lib64 -L/lib/x86_64-linux-gnu -L/lib/../lib64 -L/usr/lib/x86_64-linux-gnu -L/usr/lib/../lib64 -L/lib -L/usr/lib CMakeFiles/cmTC_b40c1.dir/CMakeCXXCompilerABI.cpp.o -lstdc++ -lm -lgcc_s -lgcc -lc -lgcc_s -lgcc /usr/bin/../lib/gcc/x86_64-linux-gnu/12/crtendS.o /lib/x86_64-linux-gnu/crtn.o
/usr/bin/ld: cannot find -lstdc++: No such file or directory
clang++-17: error: linker command failed with exit code 1 (use -v to see invocation)
ninja: build stopped: subcommand failed.




Determining if the CXX compiler works failed with the following output:
Change Dir: /home/ne0/sys_competition/start/cpu_watcher/build/CMakeFiles/CMakeTmp

Run Build Command(s):/usr/bin/ninja cmTC_b332b && [1/2] Building CXX object CMakeFiles/cmTC_b332b.dir/testCXXCompiler.cxx.o
[2/2] Linking CXX executable cmTC_b332b
FAILED: cmTC_b332b 
: && /usr/bin/clang++-17   CMakeFiles/cmTC_b332b.dir/testCXXCompiler.cxx.o -o cmTC_b332b   && :
/usr/bin/ld: 找不到 -lstdc++: 没有那个文件或目录
clang++-17: error: linker command failed with exit code 1 (use -v to see invocation)
ninja: build stopped: subcommand failed.



Compiling the CXX compiler identification source file "CMakeCXXCompilerId.cpp" failed.
Compiler: /usr/bin/clang++-17 
Build flags: 
Id flags:  

The output was:
1
/usr/bin/ld: 找不到 -lstdc++: 没有那个文件或目录
clang++-17: error: linker command failed with exit code 1 (use -v to see invocation)


Detecting CXX compiler ABI info failed to compile with the following output:
Change Dir: /home/ne0/sys_competition/start/cpu_watcher/build/CMakeFiles/CMakeTmp

Run Build Command(s):/usr/bin/ninja cmTC_92005 && [1/2] Building CXX object CMakeFiles/cmTC_92005.dir/CMakeCXXCompilerABI.cpp.o
Ubuntu clang version 17.0.6 (++20231209124227+6009708b4367-1~exp1~20231209124336.77)
Target: x86_64-pc-linux-gnu
Thread model: posix
InstalledDir: /usr/bin
Found candidate GCC installation: /usr/bin/../lib/gcc/x86_64-linux-gnu/11
Found candidate GCC installation: /usr/bin/../lib/gcc/x86_64-linux-gnu/12
Selected GCC installation: /usr/bin/../lib/gcc/x86_64-linux-gnu/12
Candidate multilib: .;@m64
Selected multilib: .;@m64
Found CUDA installation: /usr/local/cuda-12.4, version 
 (in-process)
 "/usr/lib/llvm-17/bin/clang" -cc1 -triple x86_64-pc-linux-gnu -emit-obj -mrelax-all -disable-free -clear-ast-before-backend -disable-llvm-verifier -discard-value-names -main-file-name CMakeCXXCompilerABI.cpp -mrelocation-model pic -pic-level 2 -pic-is-pie -mframe-pointer=all -fmath-errno -ffp-contract=on -fno-rounding-math -mconstructor-aliases -funwind-tables=2 -target-cpu x86-64 -tune-cpu generic -debugger-tuning=gdb -v -fcoverage-compilation-dir=/home/ne0/sys_competition/start/cpu_watcher/build/CMakeFiles/CMakeTmp -resource-dir /usr/lib/llvm-17/lib/clang/17 -dependency-file CMakeFiles/cmTC_92005.dir/CMakeCXXCompilerABI.cpp.o.d -MT CMakeFiles/cmTC_92005.dir/CMakeCXXCompilerABI.cpp.o -sys-header-deps -internal-isystem /usr/bin/../lib/gcc/x86_64-linux-gnu/12/../../../../include/c++ -internal-isystem /usr/bin/../lib/gcc/x86_64-linux-gnu/12/../../../../include/c++/x86_64-linux-gnu -internal-isystem /usr/bin/../lib/gcc/x86_64-linux-gnu/12/../../../../include/c++/backward -internal-isystem /usr/lib/llvm-17/lib/clang/17/include -internal-isystem /usr/local/include -internal-isystem /usr/bin/../lib/gcc/x86_64-linux-gnu/12/../../../../x86_64-linux-gnu/include -internal-externc-isystem /usr/include/x86_64-linux-gnu -internal-externc-isystem /include -internal-externc-isystem /usr/include -fdeprecated-macro -fdebug-compilation-dir=/home/ne0/sys_competition/start/cpu_watcher/build/CMakeFiles/CMakeTmp -ferror-limit 19 -fgnuc-version=4.2.1 -fcxx-exceptions -fexceptions -faddrsig -D__GCC_HAVE_DWARF2_CFI_ASM=1 -o CMakeFiles/cmTC_92005.dir/CMakeCXXCompilerABI.cpp.o -x c++ /usr/share/cmake-3.22/Modules/CMakeCXXCompilerABI.cpp
clang -cc1 version 17.0.6 based upon LLVM 17.0.6 default target x86_64-pc-linux-gnu
ignoring nonexistent directory "/usr/bin/../lib/gcc/x86_64-linux-gnu/12/../../../../include/c++/x86_64-linux-gnu"
ignoring nonexistent directory "/usr/bin/../lib/gcc/x86_64-linux-gnu/12/../../../../include/c++/backward"
ignoring nonexistent directory "/usr/bin/../lib/gcc/x86_64-linux-gnu/12/../../../../x86_64-linux-gnu/include"
ignoring nonexistent directory "/include"
#include "..." search starts here:
#include <...> search starts here:
 /usr/bin/../lib/gcc/x86_64-linux-gnu/12/../../../../include/c++
 /usr/lib/llvm-17/lib/clang/17/include
 /usr/local/include
 /usr/include/x86_64-linux-gnu
 /usr/include
End of search list.
[2/2] Linking CXX executable cmTC_92005
FAILED: cmTC_92005 
: && /usr/bin/clang++-17  -v CMakeFiles/cmTC_92005.dir/CMakeCXXCompilerABI.cpp.o -o cmTC_92005   && :
Ubuntu clang version 17.0.6 (++20231209124227+6009708b4367-1~exp1~20231209124336.77)
Target: x86_64-pc-linux-gnu
Thread model: posix
InstalledDir: /usr/bin
Found candidate GCC installation: /usr/bin/../lib/gcc/x86_64-linux-gnu/11
Found candidate GCC installation: /usr/bin/../lib/gcc/x86_64-linux-gnu/12
Selected GCC installation: /usr/bin/../lib/gcc/x86_64-linux-gnu/12
Candidate multilib: .;@m64
Selected multilib: .;@m64
Found CUDA installation: /usr/local/cuda-12.4, version 
 "/usr/bin/ld" -pie -z relro --hash-style=gnu --build-id --eh-frame-hdr -m elf_x86_64 -dynamic-linker /lib64/ld-linux-x86-64.so.2 -o cmTC_92005 /lib/x86_64-linux-gnu/Scrt1.o /lib/x86_64-linux-gnu/crti.o /usr/bin/../lib/gcc/x86_64-linux-gnu/12/crtbeginS.o -L/usr/bin/../lib/gcc/x86_64-linux-gnu/12 -L/usr/bin/../lib/gcc/x86_64-linux-gnu/12/../../../../lib64 -L/lib/x86_64-linux-gnu -L/lib/../lib64 -L/usr/lib/x86_64-linux-gnu -L/usr/lib/../lib64 -L/lib -L/usr/lib CMakeFiles/cmTC_92005.dir/CMakeCXXCompilerABI.cpp.o -lstdc++ -lm -lgcc_s -lgcc -lc -lgcc_s -lgcc /usr/bin/../lib/gcc/x86_64-linux-gnu/12/crtendS.o /lib/x86_64-linux-gnu/crtn.o
/usr/bin/ld: cannot find -lstdc++: No such file or directory
clang++-17: error: linker command failed with exit code 1 (use -v to see invocation)
ninja: build stopped: subcommand failed.




Determining if the CXX compiler works failed with the following output:
Change Dir: /home/ne0/sys_competition/start/cpu_watcher/build/CMakeFiles/CMakeTmp

Run Build Command(s):/usr/bin/ninja cmTC_50e3a && [1/2] Building CXX object CMakeFiles/cmTC_50e3a.dir/testCXXCompiler.cxx.o
[2/2] Linking CXX executable cmTC_50e3a
FAILED: cmTC_50e3a 
: && /usr/bin/clang++-17   CMakeFiles/cmTC_50e3a.dir/testCXXCompiler.cxx.o -o cmTC_50e3a   && :
/usr/bin/ld: 找不到 -lstdc++: 没有那个文件或目录
clang++-17: error: linker command failed with exit code 1 (use -v to see invocation)
ninja: build stopped: subcommand failed.



Compiling the CXX compiler identification source file "CMakeCXXCompilerId.cpp" failed.
Compiler: /usr/bin/clang++-17 
Build flags: 
Id flags:  

The output was:
1
/usr/bin/ld: 找不到 -lstdc++: 没有那个文件或目录
clang++-17: error: linker command failed with exit code 1 (use -v to see invocation)


Detecting CXX compiler ABI info failed to compile with the following output:
Change Dir: /home/ne0/sys_competition/start/cpu_watcher/build/CMakeFiles/CMakeTmp

Run Build Command(s):/usr/bin/ninja cmTC_dd55d && [1/2] Building CXX object CMakeFiles/cmTC_dd55d.dir/CMakeCXXCompilerABI.cpp.o
Ubuntu clang version 17.0.6 (++20231209124227+6009708b4367-1~exp1~20231209124336.77)
Target: x86_64-pc-linux-gnu
Thread model: posix
InstalledDir: /usr/bin
Found candidate GCC installation: /usr/bin/../lib/gcc/x86_64-linux-gnu/11
Found candidate GCC installation: /usr/bin/../lib/gcc/x86_64-linux-gnu/12
Selected GCC installation: /usr/bin/../lib/gcc/x86_64-linux-gnu/12
Candidate multilib: .;@m64
Selected multilib: .;@m64
Found CUDA installation: /usr/local/cuda-12.4, version 
 (in-process)
 "/usr/lib/llvm-17/bin/clang" -cc1 -triple x86_64-pc-linux-gnu -emit-obj -mrelax-all -disable-free -clear-ast-before-backend -disable-llvm-verifier -discard-value-names -main-file-name CMakeCXXCompilerABI.cpp -mrelocation-model pic -pic-level 2 -pic-is-pie -mframe-pointer=all -fmath-errno -ffp-contract=on -fno-rounding-math -mconstructor-aliases -funwind-tables=2 -target-cpu x86-64 -tune-cpu generic -debugger-tuning=gdb -v -fcoverage-compilation-dir=/home/ne0/sys_competition/start/cpu_watcher/build/CMakeFiles/CMakeTmp -resource-dir /usr/lib/llvm-17/lib/clang/17 -dependency-file CMakeFiles/cmTC_dd55d.dir/CMakeCXXCompilerABI.cpp.o.d -MT CMakeFiles/cmTC_dd55d.dir/CMakeCXXCompilerABI.cpp.o -sys-header-deps -internal-isystem /usr/bin/../lib/gcc/x86_64-linux-gnu/12/../../../../include/c++ -internal-isystem /usr/bin/../lib/gcc/x86_64-linux-gnu/12/../../../../include/c++/x86_64-linux-gnu -internal-isystem /usr/bin/../lib/gcc/x86_64-linux-gnu/12/../../../../include/c++/backward -internal-isystem /usr/lib/llvm-17/lib/clang/17/include -internal-isystem /usr/local/include -internal-isystem /usr/bin/../lib/gcc/x86_64-linux-gnu/12/../../../../x86_64-linux-gnu/include -internal-externc-isystem /usr/include/x86_64-linux-gnu -internal-externc-isystem /include -internal-externc-isystem /usr/include -fdeprecated-macro -fdebug-compilation-dir=/home/ne0/sys_competition/start/cpu_watcher/build/CMakeFiles/CMakeTmp -ferror-limit 19 -fgnuc-version=4.2.1 -fcxx-exceptions -fexceptions -faddrsig -D__GCC_HAVE_DWARF2_CFI_ASM=1 -o CMakeFiles/cmTC_dd55d.dir/CMakeCXXCompilerABI.cpp.o -x c++ /usr/share/cmake-3.22/Modules/CMakeCXXCompilerABI.cpp
clang -cc1 version 17.0.6 based upon LLVM 17.0.6 default target x86_64-pc-linux-gnu
ignoring nonexistent directory "/usr/bin/../lib/gcc/x86_64-linux-gnu/12/../../../../include/c++/x86_64-linux-gnu"
ignoring nonexistent directory "/usr/bin/../lib/gcc/x86_64-linux-gnu/12/../../../../include/c++/backward"
ignoring nonexistent directory "/usr/bin/../lib/gcc/x86_64-linux-gnu/12/../../../../x86_64-linux-gnu/include"
ignoring nonexistent directory "/include"
#include "..." search starts here:
#include <...> search starts here:
 /usr/bin/../lib/gcc/x86_64-linux-gnu/12/../../../../include/c++
 /usr/lib/llvm-17/lib/clang/17/include
 /usr/local/include
 /usr/include/x86_64-linux-gnu
 /usr/include
End of search list.
[2/2] Linking CXX executable cmTC_dd55d
FAILED: cmTC_dd55d 
: && /usr/bin/clang++-17  -v CMakeFiles/cmTC_dd55d.dir/CMakeCXXCompilerABI.cpp.o -o cmTC_dd55d   && :
Ubuntu clang version 17.0.6 (++20231209124227+6009708b4367-1~exp1~20231209124336.77)
Target: x86_64-pc-linux-gnu
Thread model: posix
InstalledDir: /usr/bin
Found candidate GCC installation: /usr/bin/../lib/gcc/x86_64-linux-gnu/11
Found candidate GCC installation: /usr/bin/../lib/gcc/x86_64-linux-gnu/12
Selected GCC installation: /usr/bin/../lib/gcc/x86_64-linux-gnu/12
Candidate multilib: .;@m64
Selected multilib: .;@m64
Found CUDA installation: /usr/local/cuda-12.4, version 
 "/usr/bin/ld" -pie -z relro --hash-style=gnu --build-id --eh-frame-hdr -m elf_x86_64 -dynamic-linker /lib64/ld-linux-x86-64.so.2 -o cmTC_dd55d /lib/x86_64-linux-gnu/Scrt1.o /lib/x86_64-linux-gnu/crti.o /usr/bin/../lib/gcc/x86_64-linux-gnu/12/crtbeginS.o -L/usr/bin/../lib/gcc/x86_64-linux-gnu/12 -L/usr/bin/../lib/gcc/x86_64-linux-gnu/12/../../../../lib64 -L/lib/x86_64-linux-gnu -L/lib/../lib64 -L/usr/lib/x86_64-linux-gnu -L/usr/lib/../lib64 -L/lib -L/usr/lib CMakeFiles/cmTC_dd55d.dir/CMakeCXXCompilerABI.cpp.o -lstdc++ -lm -lgcc_s -lgcc -lc -lgcc_s -lgcc /usr/bin/../lib/gcc/x86_64-linux-gnu/12/crtendS.o /lib/x86_64-linux-gnu/crtn.o
/usr/bin/ld: cannot find -lstdc++: No such file or directory
clang++-17: error: linker command failed with exit code 1 (use -v to see invocation)
ninja: build stopped: subcommand failed.




Determining if the CXX compiler works failed with the following output:
Change Dir: /home/ne0/sys_competition/start/cpu_watcher/build/CMakeFiles/CMakeTmp

Run Build Command(s):/usr/bin/ninja cmTC_42ad7 && [1/2] Building CXX object CMakeFiles/cmTC_42ad7.dir/testCXXCompiler.cxx.o
[2/2] Linking CXX executable cmTC_42ad7
FAILED: cmTC_42ad7 
: && /usr/bin/clang++-17   CMakeFiles/cmTC_42ad7.dir/testCXXCompiler.cxx.o -o cmTC_42ad7   && :
/usr/bin/ld: 找不到 -lstdc++: 没有那个文件或目录
clang++-17: error: linker command failed with exit code 1 (use -v to see invocation)
ninja: build stopped: subcommand failed.



Compiling the CXX compiler identification source file "CMakeCXXCompilerId.cpp" failed.
Compiler: /usr/bin/clang++-17 
Build flags: 
Id flags:  

The output was:
1
/usr/bin/ld: 找不到 -lstdc++: 没有那个文件或目录
clang++-17: error: linker command failed with exit code 1 (use -v to see invocation)


Detecting CXX compiler ABI info failed to compile with the following output:
Change Dir: /home/ne0/sys_competition/start/cpu_watcher/build/CMakeFiles/CMakeTmp

Run Build Command(s):/usr/bin/ninja cmTC_945a0 && [1/2] Building CXX object CMakeFiles/cmTC_945a0.dir/CMakeCXXCompilerABI.cpp.o
Ubuntu clang version 17.0.6 (++20231209124227+6009708b4367-1~exp1~20231209124336.77)
Target: x86_64-pc-linux-gnu
Thread model: posix
InstalledDir: /usr/bin
Found candidate GCC installation: /usr/bin/../lib/gcc/x86_64-linux-gnu/11
Found candidate GCC installation: /usr/bin/../lib/gcc/x86_64-linux-gnu/12
Selected GCC installation: /usr/bin/../lib/gcc/x86_64-linux-gnu/12
Candidate multilib: .;@m64
Selected multilib: .;@m64
Found CUDA installation: /usr/local/cuda-12.4, version 
 (in-process)
 "/usr/lib/llvm-17/bin/clang" -cc1 -triple x86_64-pc-linux-gnu -emit-obj -mrelax-all -disable-free -clear-ast-before-backend -disable-llvm-verifier -discard-value-names -main-file-name CMakeCXXCompilerABI.cpp -mrelocation-model pic -pic-level 2 -pic-is-pie -mframe-pointer=all -fmath-errno -ffp-contract=on -fno-rounding-math -mconstructor-aliases -funwind-tables=2 -target-cpu x86-64 -tune-cpu generic -debugger-tuning=gdb -v -fcoverage-compilation-dir=/home/ne0/sys_competition/start/cpu_watcher/build/CMakeFiles/CMakeTmp -resource-dir /usr/lib/llvm-17/lib/clang/17 -dependency-file CMakeFiles/cmTC_945a0.dir/CMakeCXXCompilerABI.cpp.o.d -MT CMakeFiles/cmTC_945a0.dir/CMakeCXXCompilerABI.cpp.o -sys-header-deps -internal-isystem /usr/bin/../lib/gcc/x86_64-linux-gnu/12/../../../../include/c++ -internal-isystem /usr/bin/../lib/gcc/x86_64-linux-gnu/12/../../../../include/c++/x86_64-linux-gnu -internal-isystem /usr/bin/../lib/gcc/x86_64-linux-gnu/12/../../../../include/c++/backward -internal-isystem /usr/lib/llvm-17/lib/clang/17/include -internal-isystem /usr/local/include -internal-isystem /usr/bin/../lib/gcc/x86_64-linux-gnu/12/../../../../x86_64-linux-gnu/include -internal-externc-isystem /usr/include/x86_64-linux-gnu -internal-externc-isystem /include -internal-externc-isystem /usr/include -fdeprecated-macro -fdebug-compilation-dir=/home/ne0/sys_competition/start/cpu_watcher/build/CMakeFiles/CMakeTmp -ferror-limit 19 -fgnuc-version=4.2.1 -fcxx-exceptions -fexceptions -faddrsig -D__GCC_HAVE_DWARF2_CFI_ASM=1 -o CMakeFiles/cmTC_945a0.dir/CMakeCXXCompilerABI.cpp.o -x c++ /usr/share/cmake-3.22/Modules/CMakeCXXCompilerABI.cpp
clang -cc1 version 17.0.6 based upon LLVM 17.0.6 default target x86_64-pc-linux-gnu
ignoring nonexistent directory "/usr/bin/../lib/gcc/x86_64-linux-gnu/12/../../../../include/c++/x86_64-linux-gnu"
ignoring nonexistent directory "/usr/bin/../lib/gcc/x86_64-linux-gnu/12/../../../../include/c++/backward"
ignoring nonexistent directory "/usr/bin/../lib/gcc/x86_64-linux-gnu/12/../../../../x86_64-linux-gnu/include"
ignoring nonexistent directory "/include"
#include "..." search starts here:
#include <...> search starts here:
 /usr/bin/../lib/gcc/x86_64-linux-gnu/12/../../../../include/c++
 /usr/lib/llvm-17/lib/clang/17/include
 /usr/local/include
 /usr/include/x86_64-linux-gnu
 /usr/include
End of search list.
[2/2] Linking CXX executable cmTC_945a0
FAILED: cmTC_945a0 
: && /usr/bin/clang++-17  -v CMakeFiles/cmTC_945a0.dir/CMakeCXXCompilerABI.cpp.o -o cmTC_945a0   && :
Ubuntu clang version 17.0.6 (++20231209124227+6009708b4367-1~exp1~20231209124336.77)
Target: x86_64-pc-linux-gnu
Thread model: posix
InstalledDir: /usr/bin
Found candidate GCC installation: /usr/bin/../lib/gcc/x86_64-linux-gnu/11
Found candidate GCC installation: /usr/bin/../lib/gcc/x86_64-linux-gnu/12
Selected GCC installation: /usr/bin/../lib/gcc/x86_64-linux-gnu/12
Candidate multilib: .;@m64
Selected multilib: .;@m64
Found CUDA installation: /usr/local/cuda-12.4, version 
 "/usr/bin/ld" -pie -z relro --hash-style=gnu --build-id --eh-frame-hdr -m elf_x86_64 -dynamic-linker /lib64/ld-linux-x86-64.so.2 -o cmTC_945a0 /lib/x86_64-linux-gnu/Scrt1.o /lib/x86_64-linux-gnu/crti.o /usr/bin/../lib/gcc/x86_64-linux-gnu/12/crtbeginS.o -L/usr/bin/../lib/gcc/x86_64-linux-gnu/12 -L/usr/bin/../lib/gcc/x86_64-linux-gnu/12/../../../../lib64 -L/lib/x86_64-linux-gnu -L/lib/../lib64 -L/usr/lib/x86_64-linux-gnu -L/usr/lib/../lib64 -L/lib -L/usr/lib CMakeFiles/cmTC_945a0.dir/CMakeCXXCompilerABI.cpp.o -lstdc++ -lm -lgcc_s -lgcc -lc -lgcc_s -lgcc /usr/bin/../lib/gcc/x86_64-linux-gnu/12/crtendS.o /lib/x86_64-linux-gnu/crtn.o
/usr/bin/ld: cannot find -lstdc++: No such file or directory
clang++-17: error: linker command failed with exit code 1 (use -v to see invocation)
ninja: build stopped: subcommand failed.




Determining if the CXX compiler works failed with the following output:
Change Dir: /home/ne0/sys_competition/start/cpu_watcher/build/CMakeFiles/CMakeTmp

Run Build Command(s):/usr/bin/ninja cmTC_0c2f7 && [1/2] Building CXX object CMakeFiles/cmTC_0c2f7.dir/testCXXCompiler.cxx.o
[2/2] Linking CXX executable cmTC_0c2f7
FAILED: cmTC_0c2f7 
: && /usr/bin/clang++-17   CMakeFiles/cmTC_0c2f7.dir/testCXXCompiler.cxx.o -o cmTC_0c2f7   && :
/usr/bin/ld: 找不到 -lstdc++: 没有那个文件或目录
clang++-17: error: linker command failed with exit code 1 (use -v to see invocation)
ninja: build stopped: subcommand failed.



Compiling the CXX compiler identification source file "CMakeCXXCompilerId.cpp" failed.
Compiler: /usr/bin/clang++-17 
Build flags: 
Id flags:  

The output was:
1
/usr/bin/ld: 找不到 -lstdc++: 没有那个文件或目录
clang++-17: error: linker command failed with exit code 1 (use -v to see invocation)


Detecting CXX compiler ABI info failed to compile with the following output:
Change Dir: /home/ne0/sys_competition/start/cpu_watcher/build/CMakeFiles/CMakeTmp

Run Build Command(s):/usr/bin/ninja cmTC_d8e83 && [1/2] Building CXX object CMakeFiles/cmTC_d8e83.dir/CMakeCXXCompilerABI.cpp.o
Ubuntu clang version 17.0.6 (++20231209124227+6009708b4367-1~exp1~20231209124336.77)
Target: x86_64-pc-linux-gnu
Thread model: posix
InstalledDir: /usr/bin
Found candidate GCC installation: /usr/bin/../lib/gcc/x86_64-linux-gnu/11
Found candidate GCC installation: /usr/bin/../lib/gcc/x86_64-linux-gnu/12
Selected GCC installation: /usr/bin/../lib/gcc/x86_64-linux-gnu/12
Candidate multilib: .;@m64
Selected multilib: .;@m64
Found CUDA installation: /usr/local/cuda, version 
 (in-process)
 "/usr/lib/llvm-17/bin/clang" -cc1 -triple x86_64-pc-linux-gnu -emit-obj -mrelax-all -disable-free -clear-ast-before-backend -disable-llvm-verifier -discard-value-names -main-file-name CMakeCXXCompilerABI.cpp -mrelocation-model pic -pic-level 2 -pic-is-pie -mframe-pointer=all -fmath-errno -ffp-contract=on -fno-rounding-math -mconstructor-aliases -funwind-tables=2 -target-cpu x86-64 -tune-cpu generic -debugger-tuning=gdb -v -fcoverage-compilation-dir=/home/ne0/sys_competition/start/cpu_watcher/build/CMakeFiles/CMakeTmp -resource-dir /usr/lib/llvm-17/lib/clang/17 -dependency-file CMakeFiles/cmTC_d8e83.dir/CMakeCXXCompilerABI.cpp.o.d -MT CMakeFiles/cmTC_d8e83.dir/CMakeCXXCompilerABI.cpp.o -sys-header-deps -internal-isystem /usr/bin/../lib/gcc/x86_64-linux-gnu/12/../../../../include/c++ -internal-isystem /usr/bin/../lib/gcc/x86_64-linux-gnu/12/../../../../include/c++/x86_64-linux-gnu -internal-isystem /usr/bin/../lib/gcc/x86_64-linux-gnu/12/../../../../include/c++/backward -internal-isystem /usr/lib/llvm-17/lib/clang/17/include -internal-isystem /usr/local/include -internal-isystem /usr/bin/../lib/gcc/x86_64-linux-gnu/12/../../../../x86_64-linux-gnu/include -internal-externc-isystem /usr/include/x86_64-linux-gnu -internal-externc-isystem /include -internal-externc-isystem /usr/include -fdeprecated-macro -fdebug-compilation-dir=/home/ne0/sys_competition/start/cpu_watcher/build/CMakeFiles/CMakeTmp -ferror-limit 19 -fgnuc-version=4.2.1 -fcxx-exceptions -fexceptions -faddrsig -D__GCC_HAVE_DWARF2_CFI_ASM=1 -o CMakeFiles/cmTC_d8e83.dir/CMakeCXXCompilerABI.cpp.o -x c++ /usr/share/cmake-3.22/Modules/CMakeCXXCompilerABI.cpp
clang -cc1 version 17.0.6 based upon LLVM 17.0.6 default target x86_64-pc-linux-gnu
ignoring nonexistent directory "/usr/bin/../lib/gcc/x86_64-linux-gnu/12/../../../../include/c++/x86_64-linux-gnu"
ignoring nonexistent directory "/usr/bin/../lib/gcc/x86_64-linux-gnu/12/../../../../include/c++/backward"
ignoring nonexistent directory "/usr/bin/../lib/gcc/x86_64-linux-gnu/12/../../../../x86_64-linux-gnu/include"
ignoring nonexistent directory "/include"
#include "..." search starts here:
#include <...> search starts here:
 /usr/bin/../lib/gcc/x86_64-linux-gnu/12/../../../../include/c++
 /usr/lib/llvm-17/lib/clang/17/include
 /usr/local/include
 /usr/include/x86_64-linux-gnu
 /usr/include
End of search list.
[2/2] Linking CXX executable cmTC_d8e83
FAILED: cmTC_d8e83 
: && /usr/bin/clang++-17  -v CMakeFiles/cmTC_d8e83.dir/CMakeCXXCompilerABI.cpp.o -o cmTC_d8e83   && :
Ubuntu clang version 17.0.6 (++20231209124227+6009708b4367-1~exp1~20231209124336.77)
Target: x86_64-pc-linux-gnu
Thread model: posix
InstalledDir: /usr/bin
Found candidate GCC installation: /usr/bin/../lib/gcc/x86_64-linux-gnu/11
Found candidate GCC installation: /usr/bin/../lib/gcc/x86_64-linux-gnu/12
Selected GCC installation: /usr/bin/../lib/gcc/x86_64-linux-gnu/12
Candidate multilib: .;@m64
Selected multilib: .;@m64
Found CUDA installation: /usr/local/cuda, version 
 "/usr/bin/ld" -pie -z relro --hash-style=gnu --build-id --eh-frame-hdr -m elf_x86_64 -dynamic-linker /lib64/ld-linux-x86-64.so.2 -o cmTC_d8e83 /lib/x86_64-linux-gnu/Scrt1.o /lib/x86_64-linux-gnu/crti.o /usr/bin/../lib/gcc/x86_64-linux-gnu/12/crtbeginS.o -L/usr/bin/../lib/gcc/x86_64-linux-gnu/12 -L/usr/bin/../lib/gcc/x86_64-linux-gnu/12/../../../../lib64 -L/lib/x86_64-linux-gnu -L/lib/../lib64 -L/usr/lib/x86_64-linux-gnu -L/usr/lib/../lib64 -L/lib -L/usr/lib CMakeFiles/cmTC_d8e83.dir/CMakeCXXCompilerABI.cpp.o -lstdc++ -lm -lgcc_s -lgcc -lc -lgcc_s -lgcc /usr/bin/../lib/gcc/x86_64-linux-gnu/12/crtendS.o /lib/x86_64-linux-gnu/crtn.o
/usr/bin/ld: cannot find -lstdc++: No such file or directory
clang++-17: error: linker command failed with exit code 1 (use -v to see invocation)
ninja: build stopped: subcommand failed.




Determining if the CXX compiler works failed with the following output:
Change Dir: /home/ne0/sys_competition/start/cpu_watcher/build/CMakeFiles/CMakeTmp

Run Build Command(s):/usr/bin/ninja cmTC_d4727 && [1/2] Building CXX object CMakeFiles/cmTC_d4727.dir/testCXXCompiler.cxx.o
[2/2] Linking CXX executable cmTC_d4727
FAILED: cmTC_d4727 
: && /usr/bin/clang++-17   CMakeFiles/cmTC_d4727.dir/testCXXCompiler.cxx.o -o cmTC_d4727   && :
/usr/bin/ld: 找不到 -lstdc++: 没有那个文件或目录
clang++-17: error: linker command failed with exit code 1 (use -v to see invocation)
ninja: build stopped: subcommand failed.



Compiling the CXX compiler identification source file "CMakeCXXCompilerId.cpp" failed.
Compiler: /usr/bin/clang++-17 
Build flags: 
Id flags:  

The output was:
1
/usr/bin/ld: 找不到 -lstdc++: 没有那个文件或目录
clang++-17: error: linker command failed with exit code 1 (use -v to see invocation)


Detecting CXX compiler ABI info failed to compile with the following output:
Change Dir: /home/ne0/sys_competition/start/cpu_watcher/build/CMakeFiles/CMakeTmp

Run Build Command(s):/usr/bin/ninja cmTC_91563 && [1/2] Building CXX object CMakeFiles/cmTC_91563.dir/CMakeCXXCompilerABI.cpp.o
Ubuntu clang version 17.0.6 (++20231209124227+6009708b4367-1~exp1~20231209124336.77)
Target: x86_64-pc-linux-gnu
Thread model: posix
InstalledDir: /usr/bin
Found candidate GCC installation: /usr/bin/../lib/gcc/x86_64-linux-gnu/11
Found candidate GCC installation: /usr/bin/../lib/gcc/x86_64-linux-gnu/12
Selected GCC installation: /usr/bin/../lib/gcc/x86_64-linux-gnu/12
Candidate multilib: .;@m64
Selected multilib: .;@m64
Found CUDA installation: /usr/local/cuda, version 
 (in-process)
 "/usr/lib/llvm-17/bin/clang" -cc1 -triple x86_64-pc-linux-gnu -emit-obj -mrelax-all -disable-free -clear-ast-before-backend -disable-llvm-verifier -discard-value-names -main-file-name CMakeCXXCompilerABI.cpp -mrelocation-model pic -pic-level 2 -pic-is-pie -mframe-pointer=all -fmath-errno -ffp-contract=on -fno-rounding-math -mconstructor-aliases -funwind-tables=2 -target-cpu x86-64 -tune-cpu generic -debugger-tuning=gdb -v -fcoverage-compilation-dir=/home/ne0/sys_competition/start/cpu_watcher/build/CMakeFiles/CMakeTmp -resource-dir /usr/lib/llvm-17/lib/clang/17 -dependency-file CMakeFiles/cmTC_91563.dir/CMakeCXXCompilerABI.cpp.o.d -MT CMakeFiles/cmTC_91563.dir/CMakeCXXCompilerABI.cpp.o -sys-header-deps -internal-isystem /usr/bin/../lib/gcc/x86_64-linux-gnu/12/../../../../include/c++ -internal-isystem /usr/bin/../lib/gcc/x86_64-linux-gnu/12/../../../../include/c++/x86_64-linux-gnu -internal-isystem /usr/bin/../lib/gcc/x86_64-linux-gnu/12/../../../../include/c++/backward -internal-isystem /usr/lib/llvm-17/lib/clang/17/include -internal-isystem /usr/local/include -internal-isystem /usr/bin/../lib/gcc/x86_64-linux-gnu/12/../../../../x86_64-linux-gnu/include -internal-externc-isystem /usr/include/x86_64-linux-gnu -internal-externc-isystem /include -internal-externc-isystem /usr/include -fdeprecated-macro -fdebug-compilation-dir=/home/ne0/sys_competition/start/cpu_watcher/build/CMakeFiles/CMakeTmp -ferror-limit 19 -fgnuc-version=4.2.1 -fcxx-exceptions -fexceptions -faddrsig -D__GCC_HAVE_DWARF2_CFI_ASM=1 -o CMakeFiles/cmTC_91563.dir/CMakeCXXCompilerABI.cpp.o -x c++ /usr/share/cmake-3.22/Modules/CMakeCXXCompilerABI.cpp
clang -cc1 version 17.0.6 based upon LLVM 17.0.6 default target x86_64-pc-linux-gnu
ignoring nonexistent directory "/usr/bin/../lib/gcc/x86_64-linux-gnu/12/../../../../include/c++/x86_64-linux-gnu"
ignoring nonexistent directory "/usr/bin/../lib/gcc/x86_64-linux-gnu/12/../../../../include/c++/backward"
ignoring nonexistent directory "/usr/bin/../lib/gcc/x86_64-linux-gnu/12/../../../../x86_64-linux-gnu/include"
ignoring nonexistent directory "/include"
#include "..." search starts here:
#include <...> search starts here:
 /usr/bin/../lib/gcc/x86_64-linux-gnu/12/../../../../include/c++
 /usr/lib/llvm-17/lib/clang/17/include
 /usr/local/include
 /usr/include/x86_64-linux-gnu
 /usr/include
End of search list.
[2/2] Linking CXX executable cmTC_91563
FAILED: cmTC_91563 
: && /usr/bin/clang++-17  -v CMakeFiles/cmTC_91563.dir/CMakeCXXCompilerABI.cpp.o -o cmTC_91563   && :
Ubuntu clang version 17.0.6 (++20231209124227+6009708b4367-1~exp1~20231209124336.77)
Target: x86_64-pc-linux-gnu
Thread model: posix
InstalledDir: /usr/bin
Found candidate GCC installation: /usr/bin/../lib/gcc/x86_64-linux-gnu/11
Found candidate GCC installation: /usr/bin/../lib/gcc/x86_64-linux-gnu/12
Selected GCC installation: /usr/bin/../lib/gcc/x86_64-linux-gnu/12
Candidate multilib: .;@m64
Selected multilib: .;@m64
Found CUDA installation: /usr/local/cuda, version 
 "/usr/bin/ld" -pie -z relro --hash-style=gnu --build-id --eh-frame-hdr -m elf_x86_64 -dynamic-linker /lib64/ld-linux-x86-64.so.2 -o cmTC_91563 /lib/x86_64-linux-gnu/Scrt1.o /lib/x86_64-linux-gnu/crti.o /usr/bin/../lib/gcc/x86_64-linux-gnu/12/crtbeginS.o -L/usr/bin/../lib/gcc/x86_64-linux-gnu/12 -L/usr/bin/../lib/gcc/x86_64-linux-gnu/12/../../../../lib64 -L/lib/x86_64-linux-gnu -L/lib/../lib64 -L/usr/lib/x86_64-linux-gnu -L/usr/lib/../lib64 -L/lib -L/usr/lib CMakeFiles/cmTC_91563.dir/CMakeCXXCompilerABI.cpp.o -lstdc++ -lm -lgcc_s -lgcc -lc -lgcc_s -lgcc /usr/bin/../lib/gcc/x86_64-linux-gnu/12/crtendS.o /lib/x86_64-linux-gnu/crtn.o
/usr/bin/ld: cannot find -lstdc++: No such file or directory
clang++-17: error: linker command failed with exit code 1 (use -v to see invocation)
ninja: build stopped: subcommand failed.




Determining if the CXX compiler works failed with the following output:
Change Dir: /home/ne0/sys_competition/start/cpu_watcher/build/CMakeFiles/CMakeTmp

Run Build Command(s):/usr/bin/ninja cmTC_07110 && [1/2] Building CXX object CMakeFiles/cmTC_07110.dir/testCXXCompiler.cxx.o
[2/2] Linking CXX executable cmTC_07110
FAILED: cmTC_07110 
: && /usr/bin/clang++-17   CMakeFiles/cmTC_07110.dir/testCXXCompiler.cxx.o -o cmTC_07110   && :
/usr/bin/ld: 找不到 -lstdc++: 没有那个文件或目录
clang++-17: error: linker command failed with exit code 1 (use -v to see invocation)
ninja: build stopped: subcommand failed.



Compiling the CXX compiler identification source file "CMakeCXXCompilerId.cpp" failed.
Compiler: /usr/bin/clang++-17 
Build flags: 
Id flags:  

The output was:
1
/usr/bin/ld: 找不到 -lstdc++: 没有那个文件或目录
clang++-17: error: linker command failed with exit code 1 (use -v to see invocation)


Detecting CXX compiler ABI info failed to compile with the following output:
Change Dir: /home/ne0/sys_competition/start/cpu_watcher/build/CMakeFiles/CMakeTmp

Run Build Command(s):/usr/bin/ninja cmTC_27f8b && [1/2] Building CXX object CMakeFiles/cmTC_27f8b.dir/CMakeCXXCompilerABI.cpp.o
Ubuntu clang version 17.0.6 (++20231209124227+6009708b4367-1~exp1~20231209124336.77)
Target: x86_64-pc-linux-gnu
Thread model: posix
InstalledDir: /usr/bin
Found candidate GCC installation: /usr/bin/../lib/gcc/x86_64-linux-gnu/11
Found candidate GCC installation: /usr/bin/../lib/gcc/x86_64-linux-gnu/12
Selected GCC installation: /usr/bin/../lib/gcc/x86_64-linux-gnu/12
Candidate multilib: .;@m64
Selected multilib: .;@m64
Found CUDA installation: /usr/local/cuda-12.4, version 
 (in-process)
 "/usr/lib/llvm-17/bin/clang" -cc1 -triple x86_64-pc-linux-gnu -emit-obj -mrelax-all -disable-free -clear-ast-before-backend -disable-llvm-verifier -discard-value-names -main-file-name CMakeCXXCompilerABI.cpp -mrelocation-model pic -pic-level 2 -pic-is-pie -mframe-pointer=all -fmath-errno -ffp-contract=on -fno-rounding-math -mconstructor-aliases -funwind-tables=2 -target-cpu x86-64 -tune-cpu generic -debugger-tuning=gdb -v -fcoverage-compilation-dir=/home/ne0/sys_competition/start/cpu_watcher/build/CMakeFiles/CMakeTmp -resource-dir /usr/lib/llvm-17/lib/clang/17 -dependency-file CMakeFiles/cmTC_27f8b.dir/CMakeCXXCompilerABI.cpp.o.d -MT CMakeFiles/cmTC_27f8b.dir/CMakeCXXCompilerABI.cpp.o -sys-header-deps -internal-isystem /usr/bin/../lib/gcc/x86_64-linux-gnu/12/../../../../include/c++ -internal-isystem /usr/bin/../lib/gcc/x86_64-linux-gnu/12/../../../../include/c++/x86_64-linux-gnu -internal-isystem /usr/bin/../lib/gcc/x86_64-linux-gnu/12/../../../../include/c++/backward -internal-isystem /usr/lib/llvm-17/lib/clang/17/include -internal-isystem /usr/local/include -internal-isystem /usr/bin/../lib/gcc/x86_64-linux-gnu/12/../../../../x86_64-linux-gnu/include -internal-externc-isystem /usr/include/x86_64-linux-gnu -internal-externc-isystem /include -internal-externc-isystem /usr/include -fdeprecated-macro -fdebug-compilation-dir=/home/ne0/sys_competition/start/cpu_watcher/build/CMakeFiles/CMakeTmp -ferror-limit 19 -fgnuc-version=4.2.1 -fcxx-exceptions -fexceptions -faddrsig -D__GCC_HAVE_DWARF2_CFI_ASM=1 -o CMakeFiles/cmTC_27f8b.dir/CMakeCXXCompilerABI.cpp.o -x c++ /usr/share/cmake-3.22/Modules/CMakeCXXCompilerABI.cpp
clang -cc1 version 17.0.6 based upon LLVM 17.0.6 default target x86_64-pc-linux-gnu
ignoring nonexistent directory "/usr/bin/../lib/gcc/x86_64-linux-gnu/12/../../../../include/c++/x86_64-linux-gnu"
ignoring nonexistent directory "/usr/bin/../lib/gcc/x86_64-linux-gnu/12/../../../../include/c++/backward"
ignoring nonexistent directory "/usr/bin/../lib/gcc/x86_64-linux-gnu/12/../../../../x86_64-linux-gnu/include"
ignoring nonexistent directory "/include"
#include "..." search starts here:
#include <...> search starts here:
 /usr/bin/../lib/gcc/x86_64-linux-gnu/12/../../../../include/c++
 /usr/lib/llvm-17/lib/clang/17/include
 /usr/local/include
 /usr/include/x86_64-linux-gnu
 /usr/include
End of search list.
[2/2] Linking CXX executable cmTC_27f8b
FAILED: cmTC_27f8b 
: && /usr/bin/clang++-17  -v CMakeFiles/cmTC_27f8b.dir/CMakeCXXCompilerABI.cpp.o -o cmTC_27f8b   && :
Ubuntu clang version 17.0.6 (++20231209124227+6009708b4367-1~exp1~20231209124336.77)
Target: x86_64-pc-linux-gnu
Thread model: posix
InstalledDir: /usr/bin
Found candidate GCC installation: /usr/bin/../lib/gcc/x86_64-linux-gnu/11
Found candidate GCC installation: /usr/bin/../lib/gcc/x86_64-linux-gnu/12
Selected GCC installation: /usr/bin/../lib/gcc/x86_64-linux-gnu/12
Candidate multilib: .;@m64
Selected multilib: .;@m64
Found CUDA installation: /usr/local/cuda-12.4, version 
 "/usr/bin/ld" -pie -z relro --hash-style=gnu --build-id --eh-frame-hdr -m elf_x86_64 -dynamic-linker /lib64/ld-linux-x86-64.so.2 -o cmTC_27f8b /lib/x86_64-linux-gnu/Scrt1.o /lib/x86_64-linux-gnu/crti.o /usr/bin/../lib/gcc/x86_64-linux-gnu/12/crtbeginS.o -L/usr/bin/../lib/gcc/x86_64-linux-gnu/12 -L/usr/bin/../lib/gcc/x86_64-linux-gnu/12/../../../../lib64 -L/lib/x86_64-linux-gnu -L/lib/../lib64 -L/usr/lib/x86_64-linux-gnu -L/usr/lib/../lib64 -L/lib -L/usr/lib CMakeFiles/cmTC_27f8b.dir/CMakeCXXCompilerABI.cpp.o -lstdc++ -lm -lgcc_s -lgcc -lc -lgcc_s -lgcc /usr/bin/../lib/gcc/x86_64-linux-gnu/12/crtendS.o /lib/x86_64-linux-gnu/crtn.o
/usr/bin/ld: cannot find -lstdc++: No such file or directory
clang++-17: error: linker command failed with exit code 1 (use -v to see invocation)
ninja: build stopped: subcommand failed.




Determining if the CXX compiler works failed with the following output:
Change Dir: /home/ne0/sys_competition/start/cpu_watcher/build/CMakeFiles/CMakeTmp

Run Build Command(s):/usr/bin/ninja cmTC_61db1 && [1/2] Building CXX object CMakeFiles/cmTC_61db1.dir/testCXXCompiler.cxx.o
[2/2] Linking CXX executable cmTC_61db1
FAILED: cmTC_61db1 
: && /usr/bin/clang++-17   CMakeFiles/cmTC_61db1.dir/testCXXCompiler.cxx.o -o cmTC_61db1   && :
/usr/bin/ld: 找不到 -lstdc++: 没有那个文件或目录
clang++-17: error: linker command failed with exit code 1 (use -v to see invocation)
ninja: build stopped: subcommand failed.



Compiling the CXX compiler identification source file "CMakeCXXCompilerId.cpp" failed.
Compiler: /usr/bin/clang++-17 
Build flags: 
Id flags:  

The output was:
1
/usr/bin/ld: 找不到 -lstdc++: 没有那个文件或目录
clang++-17: error: linker command failed with exit code 1 (use -v to see invocation)


Detecting CXX compiler ABI info failed to compile with the following output:
Change Dir: /home/ne0/sys_competition/start/cpu_watcher/build/CMakeFiles/CMakeTmp

Run Build Command(s):/usr/bin/ninja cmTC_f10e2 && [1/2] Building CXX object CMakeFiles/cmTC_f10e2.dir/CMakeCXXCompilerABI.cpp.o
Ubuntu clang version 17.0.6 (++20231209124227+6009708b4367-1~exp1~20231209124336.77)
Target: x86_64-pc-linux-gnu
Thread model: posix
InstalledDir: /usr/bin
Found candidate GCC installation: /usr/bin/../lib/gcc/x86_64-linux-gnu/11
Found candidate GCC installation: /usr/bin/../lib/gcc/x86_64-linux-gnu/12
Selected GCC installation: /usr/bin/../lib/gcc/x86_64-linux-gnu/12
Candidate multilib: .;@m64
Selected multilib: .;@m64
Found CUDA installation: /usr/local/cuda-12.4, version 
 (in-process)
 "/usr/lib/llvm-17/bin/clang" -cc1 -triple x86_64-pc-linux-gnu -emit-obj -mrelax-all -disable-free -clear-ast-before-backend -disable-llvm-verifier -discard-value-names -main-file-name CMakeCXXCompilerABI.cpp -mrelocation-model pic -pic-level 2 -pic-is-pie -mframe-pointer=all -fmath-errno -ffp-contract=on -fno-rounding-math -mconstructor-aliases -funwind-tables=2 -target-cpu x86-64 -tune-cpu generic -debugger-tuning=gdb -v -fcoverage-compilation-dir=/home/ne0/sys_competition/start/cpu_watcher/build/CMakeFiles/CMakeTmp -resource-dir /usr/lib/llvm-17/lib/clang/17 -dependency-file CMakeFiles/cmTC_f10e2.dir/CMakeCXXCompilerABI.cpp.o.d -MT CMakeFiles/cmTC_f10e2.dir/CMakeCXXCompilerABI.cpp.o -sys-header-deps -internal-isystem /usr/bin/../lib/gcc/x86_64-linux-gnu/12/../../../../include/c++ -internal-isystem /usr/bin/../lib/gcc/x86_64-linux-gnu/12/../../../../include/c++/x86_64-linux-gnu -internal-isystem /usr/bin/../lib/gcc/x86_64-linux-gnu/12/../../../../include/c++/backward -internal-isystem /usr/lib/llvm-17/lib/clang/17/include -internal-isystem /usr/local/include -internal-isystem /usr/bin/../lib/gcc/x86_64-linux-gnu/12/../../../../x86_64-linux-gnu/include -internal-externc-isystem /usr/include/x86_64-linux-gnu -internal-externc-isystem /include -internal-externc-isystem /usr/include -fdeprecated-macro -fdebug-compilation-dir=/home/ne0/sys_competition/start/cpu_watcher/build/CMakeFiles/CMakeTmp -ferror-limit 19 -fgnuc-version=4.2.1 -fcxx-exceptions -fexceptions -faddrsig -D__GCC_HAVE_DWARF2_CFI_ASM=1 -o CMakeFiles/cmTC_f10e2.dir/CMakeCXXCompilerABI.cpp.o -x c++ /usr/share/cmake-3.22/Modules/CMakeCXXCompilerABI.cpp
clang -cc1 version 17.0.6 based upon LLVM 17.0.6 default target x86_64-pc-linux-gnu
ignoring nonexistent directory "/usr/bin/../lib/gcc/x86_64-linux-gnu/12/../../../../include/c++/x86_64-linux-gnu"
ignoring nonexistent directory "/usr/bin/../lib/gcc/x86_64-linux-gnu/12/../../../../include/c++/backward"
ignoring nonexistent directory "/usr/bin/../lib/gcc/x86_64-linux-gnu/12/../../../../x86_64-linux-gnu/include"
ignoring nonexistent directory "/include"
#include "..." search starts here:
#include <...> search starts here:
 /usr/bin/../lib/gcc/x86_64-linux-gnu/12/../../../../include/c++
 /usr/lib/llvm-17/lib/clang/17/include
 /usr/local/include
 /usr/include/x86_64-linux-gnu
 /usr/include
End of search list.
[2/2] Linking CXX executable cmTC_f10e2
FAILED: cmTC_f10e2 
: && /usr/bin/clang++-17  -v CMakeFiles/cmTC_f10e2.dir/CMakeCXXCompilerABI.cpp.o -o cmTC_f10e2   && :
Ubuntu clang version 17.0.6 (++20231209124227+6009708b4367-1~exp1~20231209124336.77)
Target: x86_64-pc-linux-gnu
Thread model: posix
InstalledDir: /usr/bin
Found candidate GCC installation: /usr/bin/../lib/gcc/x86_64-linux-gnu/11
Found candidate GCC installation: /usr/bin/../lib/gcc/x86_64-linux-gnu/12
Selected GCC installation: /usr/bin/../lib/gcc/x86_64-linux-gnu/12
Candidate multilib: .;@m64
Selected multilib: .;@m64
Found CUDA installation: /usr/local/cuda-12.4, version 
 "/usr/bin/ld" -pie -z relro --hash-style=gnu --build-id --eh-frame-hdr -m elf_x86_64 -dynamic-linker /lib64/ld-linux-x86-64.so.2 -o cmTC_f10e2 /lib/x86_64-linux-gnu/Scrt1.o /lib/x86_64-linux-gnu/crti.o /usr/bin/../lib/gcc/x86_64-linux-gnu/12/crtbeginS.o -L/usr/bin/../lib/gcc/x86_64-linux-gnu/12 -L/usr/bin/../lib/gcc/x86_64-linux-gnu/12/../../../../lib64 -L/lib/x86_64-linux-gnu -L/lib/../lib64 -L/usr/lib/x86_64-linux-gnu -L/usr/lib/../lib64 -L/lib -L/usr/lib CMakeFiles/cmTC_f10e2.dir/CMakeCXXCompilerABI.cpp.o -lstdc++ -lm -lgcc_s -lgcc -lc -lgcc_s -lgcc /usr/bin/../lib/gcc/x86_64-linux-gnu/12/crtendS.o /lib/x86_64-linux-gnu/crtn.o
/usr/bin/ld: cannot find -lstdc++: No such file or directory
clang++-17: error: linker command failed with exit code 1 (use -v to see invocation)
ninja: build stopped: subcommand failed.




Determining if the CXX compiler works failed with the following output:
Change Dir: /home/ne0/sys_competition/start/cpu_watcher/build/CMakeFiles/CMakeTmp

Run Build Command(s):/usr/bin/ninja cmTC_36791 && [1/2] Building CXX object CMakeFiles/cmTC_36791.dir/testCXXCompiler.cxx.o
[2/2] Linking CXX executable cmTC_36791
FAILED: cmTC_36791 
: && /usr/bin/clang++-17   CMakeFiles/cmTC_36791.dir/testCXXCompiler.cxx.o -o cmTC_36791   && :
/usr/bin/ld: 找不到 -lstdc++: 没有那个文件或目录
clang++-17: error: linker command failed with exit code 1 (use -v to see invocation)
ninja: build stopped: subcommand failed.



Compiling the CXX compiler identification source file "CMakeCXXCompilerId.cpp" failed.
Compiler: /usr/bin/clang++-17 
Build flags: 
Id flags:  

The output was:
1
/usr/bin/ld: 找不到 -lstdc++: 没有那个文件或目录
clang++-17: error: linker command failed with exit code 1 (use -v to see invocation)


Detecting CXX compiler ABI info failed to compile with the following output:
Change Dir: /home/ne0/sys_competition/start/cpu_watcher/build/CMakeFiles/CMakeTmp

Run Build Command(s):/usr/bin/ninja cmTC_7d8ea && [1/2] Building CXX object CMakeFiles/cmTC_7d8ea.dir/CMakeCXXCompilerABI.cpp.o
Ubuntu clang version 17.0.6 (++20231209124227+6009708b4367-1~exp1~20231209124336.77)
Target: x86_64-pc-linux-gnu
Thread model: posix
InstalledDir: /usr/bin
Found candidate GCC installation: /usr/bin/../lib/gcc/x86_64-linux-gnu/11
Found candidate GCC installation: /usr/bin/../lib/gcc/x86_64-linux-gnu/12
Selected GCC installation: /usr/bin/../lib/gcc/x86_64-linux-gnu/12
Candidate multilib: .;@m64
Selected multilib: .;@m64
Found CUDA installation: /usr/local/cuda-12.4, version 
 (in-process)
 "/usr/lib/llvm-17/bin/clang" -cc1 -triple x86_64-pc-linux-gnu -emit-obj -mrelax-all -disable-free -clear-ast-before-backend -disable-llvm-verifier -discard-value-names -main-file-name CMakeCXXCompilerABI.cpp -mrelocation-model pic -pic-level 2 -pic-is-pie -mframe-pointer=all -fmath-errno -ffp-contract=on -fno-rounding-math -mconstructor-aliases -funwind-tables=2 -target-cpu x86-64 -tune-cpu generic -debugger-tuning=gdb -v -fcoverage-compilation-dir=/home/ne0/sys_competition/start/cpu_watcher/build/CMakeFiles/CMakeTmp -resource-dir /usr/lib/llvm-17/lib/clang/17 -dependency-file CMakeFiles/cmTC_7d8ea.dir/CMakeCXXCompilerABI.cpp.o.d -MT CMakeFiles/cmTC_7d8ea.dir/CMakeCXXCompilerABI.cpp.o -sys-header-deps -internal-isystem /usr/bin/../lib/gcc/x86_64-linux-gnu/12/../../../../include/c++ -internal-isystem /usr/bin/../lib/gcc/x86_64-linux-gnu/12/../../../../include/c++/x86_64-linux-gnu -internal-isystem /usr/bin/../lib/gcc/x86_64-linux-gnu/12/../../../../include/c++/backward -internal-isystem /usr/lib/llvm-17/lib/clang/17/include -internal-isystem /usr/local/include -internal-isystem /usr/bin/../lib/gcc/x86_64-linux-gnu/12/../../../../x86_64-linux-gnu/include -internal-externc-isystem /usr/include/x86_64-linux-gnu -internal-externc-isystem /include -internal-externc-isystem /usr/include -fdeprecated-macro -fdebug-compilation-dir=/home/ne0/sys_competition/start/cpu_watcher/build/CMakeFiles/CMakeTmp -ferror-limit 19 -fgnuc-version=4.2.1 -fcxx-exceptions -fexceptions -faddrsig -D__GCC_HAVE_DWARF2_CFI_ASM=1 -o CMakeFiles/cmTC_7d8ea.dir/CMakeCXXCompilerABI.cpp.o -x c++ /usr/share/cmake-3.22/Modules/CMakeCXXCompilerABI.cpp
clang -cc1 version 17.0.6 based upon LLVM 17.0.6 default target x86_64-pc-linux-gnu
ignoring nonexistent directory "/usr/bin/../lib/gcc/x86_64-linux-gnu/12/../../../../include/c++/x86_64-linux-gnu"
ignoring nonexistent directory "/usr/bin/../lib/gcc/x86_64-linux-gnu/12/../../../../include/c++/backward"
ignoring nonexistent directory "/usr/bin/../lib/gcc/x86_64-linux-gnu/12/../../../../x86_64-linux-gnu/include"
ignoring nonexistent directory "/include"
#include "..." search starts here:
#include <...> search starts here:
 /usr/bin/../lib/gcc/x86_64-linux-gnu/12/../../../../include/c++
 /usr/lib/llvm-17/lib/clang/17/include
 /usr/local/include
 /usr/include/x86_64-linux-gnu
 /usr/include
End of search list.
[2/2] Linking CXX executable cmTC_7d8ea
FAILED: cmTC_7d8ea 
: && /usr/bin/clang++-17  -v CMakeFiles/cmTC_7d8ea.dir/CMakeCXXCompilerABI.cpp.o -o cmTC_7d8ea   && :
Ubuntu clang version 17.0.6 (++20231209124227+6009708b4367-1~exp1~20231209124336.77)
Target: x86_64-pc-linux-gnu
Thread model: posix
InstalledDir: /usr/bin
Found candidate GCC installation: /usr/bin/../lib/gcc/x86_64-linux-gnu/11
Found candidate GCC installation: /usr/bin/../lib/gcc/x86_64-linux-gnu/12
Selected GCC installation: /usr/bin/../lib/gcc/x86_64-linux-gnu/12
Candidate multilib: .;@m64
Selected multilib: .;@m64
Found CUDA installation: /usr/local/cuda-12.4, version 
 "/usr/bin/ld" -pie -z relro --hash-style=gnu --build-id --eh-frame-hdr -m elf_x86_64 -dynamic-linker /lib64/ld-linux-x86-64.so.2 -o cmTC_7d8ea /lib/x86_64-linux-gnu/Scrt1.o /lib/x86_64-linux-gnu/crti.o /usr/bin/../lib/gcc/x86_64-linux-gnu/12/crtbeginS.o -L/usr/bin/../lib/gcc/x86_64-linux-gnu/12 -L/usr/bin/../lib/gcc/x86_64-linux-gnu/12/../../../../lib64 -L/lib/x86_64-linux-gnu -L/lib/../lib64 -L/usr/lib/x86_64-linux-gnu -L/usr/lib/../lib64 -L/lib -L/usr/lib CMakeFiles/cmTC_7d8ea.dir/CMakeCXXCompilerABI.cpp.o -lstdc++ -lm -lgcc_s -lgcc -lc -lgcc_s -lgcc /usr/bin/../lib/gcc/x86_64-linux-gnu/12/crtendS.o /lib/x86_64-linux-gnu/crtn.o
/usr/bin/ld: cannot find -lstdc++: No such file or directory
clang++-17: error: linker command failed with exit code 1 (use -v to see invocation)
ninja: build stopped: subcommand failed.




Determining if the CXX compiler works failed with the following output:
Change Dir: /home/ne0/sys_competition/start/cpu_watcher/build/CMakeFiles/CMakeTmp

Run Build Command(s):/usr/bin/ninja cmTC_c9f74 && [1/2] Building CXX object CMakeFiles/cmTC_c9f74.dir/testCXXCompiler.cxx.o
[2/2] Linking CXX executable cmTC_c9f74
FAILED: cmTC_c9f74 
: && /usr/bin/clang++-17   CMakeFiles/cmTC_c9f74.dir/testCXXCompiler.cxx.o -o cmTC_c9f74   && :
/usr/bin/ld: 找不到 -lstdc++: 没有那个文件或目录
clang++-17: error: linker command failed with exit code 1 (use -v to see invocation)
ninja: build stopped: subcommand failed.



Compiling the CXX compiler identification source file "CMakeCXXCompilerId.cpp" failed.
Compiler: /usr/bin/clang++-17 
Build flags: 
Id flags:  

The output was:
1
/usr/bin/ld: 找不到 -lstdc++: 没有那个文件或目录
clang++-17: error: linker command failed with exit code 1 (use -v to see invocation)


Detecting CXX compiler ABI info failed to compile with the following output:
Change Dir: /home/ne0/sys_competition/start/cpu_watcher/build/CMakeFiles/CMakeTmp

Run Build Command(s):/usr/bin/ninja cmTC_2a146 && [1/2] Building CXX object CMakeFiles/cmTC_2a146.dir/CMakeCXXCompilerABI.cpp.o
Ubuntu clang version 17.0.6 (++20231209124227+6009708b4367-1~exp1~20231209124336.77)
Target: x86_64-pc-linux-gnu
Thread model: posix
InstalledDir: /usr/bin
Found candidate GCC installation: /usr/bin/../lib/gcc/x86_64-linux-gnu/11
Found candidate GCC installation: /usr/bin/../lib/gcc/x86_64-linux-gnu/12
Selected GCC installation: /usr/bin/../lib/gcc/x86_64-linux-gnu/12
Candidate multilib: .;@m64
Selected multilib: .;@m64
Found CUDA installation: /usr/local/cuda-12.4, version 
 (in-process)
 "/usr/lib/llvm-17/bin/clang" -cc1 -triple x86_64-pc-linux-gnu -emit-obj -mrelax-all -disable-free -clear-ast-before-backend -disable-llvm-verifier -discard-value-names -main-file-name CMakeCXXCompilerABI.cpp -mrelocation-model pic -pic-level 2 -pic-is-pie -mframe-pointer=all -fmath-errno -ffp-contract=on -fno-rounding-math -mconstructor-aliases -funwind-tables=2 -target-cpu x86-64 -tune-cpu generic -debugger-tuning=gdb -v -fcoverage-compilation-dir=/home/ne0/sys_competition/start/cpu_watcher/build/CMakeFiles/CMakeTmp -resource-dir /usr/lib/llvm-17/lib/clang/17 -dependency-file CMakeFiles/cmTC_2a146.dir/CMakeCXXCompilerABI.cpp.o.d -MT CMakeFiles/cmTC_2a146.dir/CMakeCXXCompilerABI.cpp.o -sys-header-deps -internal-isystem /usr/bin/../lib/gcc/x86_64-linux-gnu/12/../../../../include/c++ -internal-isystem /usr/bin/../lib/gcc/x86_64-linux-gnu/12/../../../../include/c++/x86_64-linux-gnu -internal-isystem /usr/bin/../lib/gcc/x86_64-linux-gnu/12/../../../../include/c++/backward -internal-isystem /usr/lib/llvm-17/lib/clang/17/include -internal-isystem /usr/local/include -internal-isystem /usr/bin/../lib/gcc/x86_64-linux-gnu/12/../../../../x86_64-linux-gnu/include -internal-externc-isystem /usr/include/x86_64-linux-gnu -internal-externc-isystem /include -internal-externc-isystem /usr/include -fdeprecated-macro -fdebug-compilation-dir=/home/ne0/sys_competition/start/cpu_watcher/build/CMakeFiles/CMakeTmp -ferror-limit 19 -fgnuc-version=4.2.1 -fcxx-exceptions -fexceptions -faddrsig -D__GCC_HAVE_DWARF2_CFI_ASM=1 -o CMakeFiles/cmTC_2a146.dir/CMakeCXXCompilerABI.cpp.o -x c++ /usr/share/cmake-3.22/Modules/CMakeCXXCompilerABI.cpp
clang -cc1 version 17.0.6 based upon LLVM 17.0.6 default target x86_64-pc-linux-gnu
ignoring nonexistent directory "/usr/bin/../lib/gcc/x86_64-linux-gnu/12/../../../../include/c++/x86_64-linux-gnu"
ignoring nonexistent directory "/usr/bin/../lib/gcc/x86_64-linux-gnu/12/../../../../include/c++/backward"
ignoring nonexistent directory "/usr/bin/../lib/gcc/x86_64-linux-gnu/12/../../../../x86_64-linux-gnu/include"
ignoring nonexistent directory "/include"
#include "..." search starts here:
#include <...> search starts here:
 /usr/bin/../lib/gcc/x86_64-linux-gnu/12/../../../../include/c++
 /usr/lib/llvm-17/lib/clang/17/include
 /usr/local/include
 /usr/include/x86_64-linux-gnu
 /usr/include
End of search list.
[2/2] Linking CXX executable cmTC_2a146
FAILED: cmTC_2a146 
: && /usr/bin/clang++-17  -v CMakeFiles/cmTC_2a146.dir/CMakeCXXCompilerABI.cpp.o -o cmTC_2a146   && :
Ubuntu clang version 17.0.6 (++20231209124227+6009708b4367-1~exp1~20231209124336.77)
Target: x86_64-pc-linux-gnu
Thread model: posix
InstalledDir: /usr/bin
Found candidate GCC installation: /usr/bin/../lib/gcc/x86_64-linux-gnu/11
Found candidate GCC installation: /usr/bin/../lib/gcc/x86_64-linux-gnu/12
Selected GCC installation: /usr/bin/../lib/gcc/x86_64-linux-gnu/12
Candidate multilib: .;@m64
Selected multilib: .;@m64
Found CUDA installation: /usr/local/cuda-12.4, version 
 "/usr/bin/ld" -pie -z relro --hash-style=gnu --build-id --eh-frame-hdr -m elf_x86_64 -dynamic-linker /lib64/ld-linux-x86-64.so.2 -o cmTC_2a146 /lib/x86_64-linux-gnu/Scrt1.o /lib/x86_64-linux-gnu/crti.o /usr/bin/../lib/gcc/x86_64-linux-gnu/12/crtbeginS.o -L/usr/bin/../lib/gcc/x86_64-linux-gnu/12 -L/usr/bin/../lib/gcc/x86_64-linux-gnu/12/../../../../lib64 -L/lib/x86_64-linux-gnu -L/lib/../lib64 -L/usr/lib/x86_64-linux-gnu -L/usr/lib/../lib64 -L/lib -L/usr/lib CMakeFiles/cmTC_2a146.dir/CMakeCXXCompilerABI.cpp.o -lstdc++ -lm -lgcc_s -lgcc -lc -lgcc_s -lgcc /usr/bin/../lib/gcc/x86_64-linux-gnu/12/crtendS.o /lib/x86_64-linux-gnu/crtn.o
/usr/bin/ld: cannot find -lstdc++: No such file or directory
clang++-17: error: linker command failed with exit code 1 (use -v to see invocation)
ninja: build stopped: subcommand failed.




Determining if the CXX compiler works failed with the following output:
Change Dir: /home/ne0/sys_competition/start/cpu_watcher/build/CMakeFiles/CMakeTmp

Run Build Command(s):/usr/bin/ninja cmTC_b10aa && [1/2] Building CXX object CMakeFiles/cmTC_b10aa.dir/testCXXCompiler.cxx.o
[2/2] Linking CXX executable cmTC_b10aa
FAILED: cmTC_b10aa 
: && /usr/bin/clang++-17   CMakeFiles/cmTC_b10aa.dir/testCXXCompiler.cxx.o -o cmTC_b10aa   && :
/usr/bin/ld: 找不到 -lstdc++: 没有那个文件或目录
clang++-17: error: linker command failed with exit code 1 (use -v to see invocation)
ninja: build stopped: subcommand failed.



Compiling the CXX compiler identification source file "CMakeCXXCompilerId.cpp" failed.
Compiler: /usr/bin/clang++-17 
Build flags: 
Id flags:  

The output was:
1
/usr/bin/ld: 找不到 -lstdc++: 没有那个文件或目录
clang++-17: error: linker command failed with exit code 1 (use -v to see invocation)


Detecting CXX compiler ABI info failed to compile with the following output:
Change Dir: /home/ne0/sys_competition/start/cpu_watcher/build/CMakeFiles/CMakeTmp

Run Build Command(s):/usr/bin/ninja cmTC_3af23 && [1/2] Building CXX object CMakeFiles/cmTC_3af23.dir/CMakeCXXCompilerABI.cpp.o
Ubuntu clang version 17.0.6 (++20231209124227+6009708b4367-1~exp1~20231209124336.77)
Target: x86_64-pc-linux-gnu
Thread model: posix
InstalledDir: /usr/bin
Found candidate GCC installation: /usr/bin/../lib/gcc/x86_64-linux-gnu/11
Found candidate GCC installation: /usr/bin/../lib/gcc/x86_64-linux-gnu/12
Selected GCC installation: /usr/bin/../lib/gcc/x86_64-linux-gnu/12
Candidate multilib: .;@m64
Selected multilib: .;@m64
Found CUDA installation: /usr/local/cuda-12.4, version 
 (in-process)
 "/usr/lib/llvm-17/bin/clang" -cc1 -triple x86_64-pc-linux-gnu -emit-obj -mrelax-all -disable-free -clear-ast-before-backend -disable-llvm-verifier -discard-value-names -main-file-name CMakeCXXCompilerABI.cpp -mrelocation-model pic -pic-level 2 -pic-is-pie -mframe-pointer=all -fmath-errno -ffp-contract=on -fno-rounding-math -mconstructor-aliases -funwind-tables=2 -target-cpu x86-64 -tune-cpu generic -debugger-tuning=gdb -v -fcoverage-compilation-dir=/home/ne0/sys_competition/start/cpu_watcher/build/CMakeFiles/CMakeTmp -resource-dir /usr/lib/llvm-17/lib/clang/17 -dependency-file CMakeFiles/cmTC_3af23.dir/CMakeCXXCompilerABI.cpp.o.d -MT CMakeFiles/cmTC_3af23.dir/CMakeCXXCompilerABI.cpp.o -sys-header-deps -internal-isystem /usr/bin/../lib/gcc/x86_64-linux-gnu/12/../../../../include/c++ -internal-isystem /usr/bin/../lib/gcc/x86_64-linux-gnu/12/../../../../include/c++/x86_64-linux-gnu -internal-isystem /usr/bin/../lib/gcc/x86_64-linux-gnu/12/../../../../include/c++/backward -internal-isystem /usr/lib/llvm-17/lib/clang/17/include -internal-isystem /usr/local/include -internal-isystem /usr/bin/../lib/gcc/x86_64-linux-gnu/12/../../../../x86_64-linux-gnu/include -internal-externc-isystem /usr/include/x86_64-linux-gnu -internal-externc-isystem /include -internal-externc-isystem /usr/include -fdeprecated-macro -fdebug-compilation-dir=/home/ne0/sys_competition/start/cpu_watcher/build/CMakeFiles/CMakeTmp -ferror-limit 19 -fgnuc-version=4.2.1 -fcxx-exceptions -fexceptions -faddrsig -D__GCC_HAVE_DWARF2_CFI_ASM=1 -o CMakeFiles/cmTC_3af23.dir/CMakeCXXCompilerABI.cpp.o -x c++ /usr/share/cmake-3.22/Modules/CMakeCXXCompilerABI.cpp
clang -cc1 version 17.0.6 based upon LLVM 17.0.6 default target x86_64-pc-linux-gnu
ignoring nonexistent directory "/usr/bin/../lib/gcc/x86_64-linux-gnu/12/../../../../include/c++/x86_64-linux-gnu"
ignoring nonexistent directory "/usr/bin/../lib/gcc/x86_64-linux-gnu/12/../../../../include/c++/backward"
ignoring nonexistent directory "/usr/bin/../lib/gcc/x86_64-linux-gnu/12/../../../../x86_64-linux-gnu/include"
ignoring nonexistent directory "/include"
#include "..." search starts here:
#include <...> search starts here:
 /usr/bin/../lib/gcc/x86_64-linux-gnu/12/../../../../include/c++
 /usr/lib/llvm-17/lib/clang/17/include
 /usr/local/include
 /usr/include/x86_64-linux-gnu
 /usr/include
End of search list.
[2/2] Linking CXX executable cmTC_3af23
FAILED: cmTC_3af23 
: && /usr/bin/clang++-17  -v CMakeFiles/cmTC_3af23.dir/CMakeCXXCompilerABI.cpp.o -o cmTC_3af23   && :
Ubuntu clang version 17.0.6 (++20231209124227+6009708b4367-1~exp1~20231209124336.77)
Target: x86_64-pc-linux-gnu
Thread model: posix
InstalledDir: /usr/bin
Found candidate GCC installation: /usr/bin/../lib/gcc/x86_64-linux-gnu/11
Found candidate GCC installation: /usr/bin/../lib/gcc/x86_64-linux-gnu/12
Selected GCC installation: /usr/bin/../lib/gcc/x86_64-linux-gnu/12
Candidate multilib: .;@m64
Selected multilib: .;@m64
Found CUDA installation: /usr/local/cuda-12.4, version 
 "/usr/bin/ld" -pie -z relro --hash-style=gnu --build-id --eh-frame-hdr -m elf_x86_64 -dynamic-linker /lib64/ld-linux-x86-64.so.2 -o cmTC_3af23 /lib/x86_64-linux-gnu/Scrt1.o /lib/x86_64-linux-gnu/crti.o /usr/bin/../lib/gcc/x86_64-linux-gnu/12/crtbeginS.o -L/usr/bin/../lib/gcc/x86_64-linux-gnu/12 -L/usr/bin/../lib/gcc/x86_64-linux-gnu/12/../../../../lib64 -L/lib/x86_64-linux-gnu -L/lib/../lib64 -L/usr/lib/x86_64-linux-gnu -L/usr/lib/../lib64 -L/lib -L/usr/lib CMakeFiles/cmTC_3af23.dir/CMakeCXXCompilerABI.cpp.o -lstdc++ -lm -lgcc_s -lgcc -lc -lgcc_s -lgcc /usr/bin/../lib/gcc/x86_64-linux-gnu/12/crtendS.o /lib/x86_64-linux-gnu/crtn.o
/usr/bin/ld: cannot find -lstdc++: No such file or directory
clang++-17: error: linker command failed with exit code 1 (use -v to see invocation)
ninja: build stopped: subcommand failed.




Determining if the CXX compiler works failed with the following output:
Change Dir: /home/ne0/sys_competition/start/cpu_watcher/build/CMakeFiles/CMakeTmp

Run Build Command(s):/usr/bin/ninja cmTC_e8020 && [1/2] Building CXX object CMakeFiles/cmTC_e8020.dir/testCXXCompiler.cxx.o
[2/2] Linking CXX executable cmTC_e8020
FAILED: cmTC_e8020 
: && /usr/bin/clang++-17   CMakeFiles/cmTC_e8020.dir/testCXXCompiler.cxx.o -o cmTC_e8020   && :
/usr/bin/ld: 找不到 -lstdc++: 没有那个文件或目录
clang++-17: error: linker command failed with exit code 1 (use -v to see invocation)
ninja: build stopped: subcommand failed.



Compiling the CXX compiler identification source file "CMakeCXXCompilerId.cpp" failed.
Compiler: /usr/bin/clang++-17 
Build flags: 
Id flags:  

The output was:
1
/usr/bin/ld: 找不到 -lstdc++: 没有那个文件或目录
clang++-17: error: linker command failed with exit code 1 (use -v to see invocation)


Detecting CXX compiler ABI info failed to compile with the following output:
Change Dir: /home/ne0/sys_competition/start/cpu_watcher/build/CMakeFiles/CMakeTmp

Run Build Command(s):/usr/bin/ninja cmTC_4b584 && [1/2] Building CXX object CMakeFiles/cmTC_4b584.dir/CMakeCXXCompilerABI.cpp.o
Ubuntu clang version 17.0.6 (++20231209124227+6009708b4367-1~exp1~20231209124336.77)
Target: x86_64-pc-linux-gnu
Thread model: posix
InstalledDir: /usr/bin
Found candidate GCC installation: /usr/bin/../lib/gcc/x86_64-linux-gnu/11
Found candidate GCC installation: /usr/bin/../lib/gcc/x86_64-linux-gnu/12
Selected GCC installation: /usr/bin/../lib/gcc/x86_64-linux-gnu/12
Candidate multilib: .;@m64
Selected multilib: .;@m64
Found CUDA installation: /usr/local/cuda-12.4, version 
 (in-process)
 "/usr/lib/llvm-17/bin/clang" -cc1 -triple x86_64-pc-linux-gnu -emit-obj -mrelax-all -disable-free -clear-ast-before-backend -disable-llvm-verifier -discard-value-names -main-file-name CMakeCXXCompilerABI.cpp -mrelocation-model pic -pic-level 2 -pic-is-pie -mframe-pointer=all -fmath-errno -ffp-contract=on -fno-rounding-math -mconstructor-aliases -funwind-tables=2 -target-cpu x86-64 -tune-cpu generic -debugger-tuning=gdb -v -fcoverage-compilation-dir=/home/ne0/sys_competition/start/cpu_watcher/build/CMakeFiles/CMakeTmp -resource-dir /usr/lib/llvm-17/lib/clang/17 -dependency-file CMakeFiles/cmTC_4b584.dir/CMakeCXXCompilerABI.cpp.o.d -MT CMakeFiles/cmTC_4b584.dir/CMakeCXXCompilerABI.cpp.o -sys-header-deps -internal-isystem /usr/bin/../lib/gcc/x86_64-linux-gnu/12/../../../../include/c++ -internal-isystem /usr/bin/../lib/gcc/x86_64-linux-gnu/12/../../../../include/c++/x86_64-linux-gnu -internal-isystem /usr/bin/../lib/gcc/x86_64-linux-gnu/12/../../../../include/c++/backward -internal-isystem /usr/lib/llvm-17/lib/clang/17/include -internal-isystem /usr/local/include -internal-isystem /usr/bin/../lib/gcc/x86_64-linux-gnu/12/../../../../x86_64-linux-gnu/include -internal-externc-isystem /usr/include/x86_64-linux-gnu -internal-externc-isystem /include -internal-externc-isystem /usr/include -fdeprecated-macro -fdebug-compilation-dir=/home/ne0/sys_competition/start/cpu_watcher/build/CMakeFiles/CMakeTmp -ferror-limit 19 -fgnuc-version=4.2.1 -fcxx-exceptions -fexceptions -faddrsig -D__GCC_HAVE_DWARF2_CFI_ASM=1 -o CMakeFiles/cmTC_4b584.dir/CMakeCXXCompilerABI.cpp.o -x c++ /usr/share/cmake-3.22/Modules/CMakeCXXCompilerABI.cpp
clang -cc1 version 17.0.6 based upon LLVM 17.0.6 default target x86_64-pc-linux-gnu
ignoring nonexistent directory "/usr/bin/../lib/gcc/x86_64-linux-gnu/12/../../../../include/c++/x86_64-linux-gnu"
ignoring nonexistent directory "/usr/bin/../lib/gcc/x86_64-linux-gnu/12/../../../../include/c++/backward"
ignoring nonexistent directory "/usr/bin/../lib/gcc/x86_64-linux-gnu/12/../../../../x86_64-linux-gnu/include"
ignoring nonexistent directory "/include"
#include "..." search starts here:
#include <...> search starts here:
 /usr/bin/../lib/gcc/x86_64-linux-gnu/12/../../../../include/c++
 /usr/lib/llvm-17/lib/clang/17/include
 /usr/local/include
 /usr/include/x86_64-linux-gnu
 /usr/include
End of search list.
[2/2] Linking CXX executable cmTC_4b584
FAILED: cmTC_4b584 
: && /usr/bin/clang++-17  -v CMakeFiles/cmTC_4b584.dir/CMakeCXXCompilerABI.cpp.o -o cmTC_4b584   && :
Ubuntu clang version 17.0.6 (++20231209124227+6009708b4367-1~exp1~20231209124336.77)
Target: x86_64-pc-linux-gnu
Thread model: posix
InstalledDir: /usr/bin
Found candidate GCC installation: /usr/bin/../lib/gcc/x86_64-linux-gnu/11
Found candidate GCC installation: /usr/bin/../lib/gcc/x86_64-linux-gnu/12
Selected GCC installation: /usr/bin/../lib/gcc/x86_64-linux-gnu/12
Candidate multilib: .;@m64
Selected multilib: .;@m64
Found CUDA installation: /usr/local/cuda-12.4, version 
 "/usr/bin/ld" -pie -z relro --hash-style=gnu --build-id --eh-frame-hdr -m elf_x86_64 -dynamic-linker /lib64/ld-linux-x86-64.so.2 -o cmTC_4b584 /lib/x86_64-linux-gnu/Scrt1.o /lib/x86_64-linux-gnu/crti.o /usr/bin/../lib/gcc/x86_64-linux-gnu/12/crtbeginS.o -L/usr/bin/../lib/gcc/x86_64-linux-gnu/12 -L/usr/bin/../lib/gcc/x86_64-linux-gnu/12/../../../../lib64 -L/lib/x86_64-linux-gnu -L/lib/../lib64 -L/usr/lib/x86_64-linux-gnu -L/usr/lib/../lib64 -L/lib -L/usr/lib CMakeFiles/cmTC_4b584.dir/CMakeCXXCompilerABI.cpp.o -lstdc++ -lm -lgcc_s -lgcc -lc -lgcc_s -lgcc /usr/bin/../lib/gcc/x86_64-linux-gnu/12/crtendS.o /lib/x86_64-linux-gnu/crtn.o
/usr/bin/ld: cannot find -lstdc++: No such file or directory
clang++-17: error: linker command failed with exit code 1 (use -v to see invocation)
ninja: build stopped: subcommand failed.




Determining if the CXX compiler works failed with the following output:
Change Dir: /home/ne0/sys_competition/start/cpu_watcher/build/CMakeFiles/CMakeTmp

Run Build Command(s):/usr/bin/ninja cmTC_7faa7 && [1/2] Building CXX object CMakeFiles/cmTC_7faa7.dir/testCXXCompiler.cxx.o
[2/2] Linking CXX executable cmTC_7faa7
FAILED: cmTC_7faa7 
: && /usr/bin/clang++-17   CMakeFiles/cmTC_7faa7.dir/testCXXCompiler.cxx.o -o cmTC_7faa7   && :
/usr/bin/ld: 找不到 -lstdc++: 没有那个文件或目录
clang++-17: error: linker command failed with exit code 1 (use -v to see invocation)
ninja: build stopped: subcommand failed.



Compiling the CXX compiler identification source file "CMakeCXXCompilerId.cpp" failed.
Compiler: /usr/bin/clang++-17 
Build flags: 
Id flags:  

The output was:
1
/usr/bin/ld: 找不到 -lstdc++: 没有那个文件或目录
clang++-17: error: linker command failed with exit code 1 (use -v to see invocation)


Detecting CXX compiler ABI info failed to compile with the following output:
Change Dir: /home/ne0/sys_competition/start/cpu_watcher/build/CMakeFiles/CMakeTmp

Run Build Command(s):/usr/bin/ninja cmTC_de192 && [1/2] Building CXX object CMakeFiles/cmTC_de192.dir/CMakeCXXCompilerABI.cpp.o
Ubuntu clang version 17.0.6 (++20231209124227+6009708b4367-1~exp1~20231209124336.77)
Target: x86_64-pc-linux-gnu
Thread model: posix
InstalledDir: /usr/bin
Found candidate GCC installation: /usr/bin/../lib/gcc/x86_64-linux-gnu/11
Found candidate GCC installation: /usr/bin/../lib/gcc/x86_64-linux-gnu/12
Selected GCC installation: /usr/bin/../lib/gcc/x86_64-linux-gnu/12
Candidate multilib: .;@m64
Selected multilib: .;@m64
Found CUDA installation: /usr/local/cuda-12.4, version 
 (in-process)
 "/usr/lib/llvm-17/bin/clang" -cc1 -triple x86_64-pc-linux-gnu -emit-obj -mrelax-all -disable-free -clear-ast-before-backend -disable-llvm-verifier -discard-value-names -main-file-name CMakeCXXCompilerABI.cpp -mrelocation-model pic -pic-level 2 -pic-is-pie -mframe-pointer=all -fmath-errno -ffp-contract=on -fno-rounding-math -mconstructor-aliases -funwind-tables=2 -target-cpu x86-64 -tune-cpu generic -debugger-tuning=gdb -v -fcoverage-compilation-dir=/home/ne0/sys_competition/start/cpu_watcher/build/CMakeFiles/CMakeTmp -resource-dir /usr/lib/llvm-17/lib/clang/17 -dependency-file CMakeFiles/cmTC_de192.dir/CMakeCXXCompilerABI.cpp.o.d -MT CMakeFiles/cmTC_de192.dir/CMakeCXXCompilerABI.cpp.o -sys-header-deps -internal-isystem /usr/bin/../lib/gcc/x86_64-linux-gnu/12/../../../../include/c++ -internal-isystem /usr/bin/../lib/gcc/x86_64-linux-gnu/12/../../../../include/c++/x86_64-linux-gnu -internal-isystem /usr/bin/../lib/gcc/x86_64-linux-gnu/12/../../../../include/c++/backward -internal-isystem /usr/lib/llvm-17/lib/clang/17/include -internal-isystem /usr/local/include -internal-isystem /usr/bin/../lib/gcc/x86_64-linux-gnu/12/../../../../x86_64-linux-gnu/include -internal-externc-isystem /usr/include/x86_64-linux-gnu -internal-externc-isystem /include -internal-externc-isystem /usr/include -fdeprecated-macro -fdebug-compilation-dir=/home/ne0/sys_competition/start/cpu_watcher/build/CMakeFiles/CMakeTmp -ferror-limit 19 -fgnuc-version=4.2.1 -fcxx-exceptions -fexceptions -faddrsig -D__GCC_HAVE_DWARF2_CFI_ASM=1 -o CMakeFiles/cmTC_de192.dir/CMakeCXXCompilerABI.cpp.o -x c++ /usr/share/cmake-3.22/Modules/CMakeCXXCompilerABI.cpp
clang -cc1 version 17.0.6 based upon LLVM 17.0.6 default target x86_64-pc-linux-gnu
ignoring nonexistent directory "/usr/bin/../lib/gcc/x86_64-linux-gnu/12/../../../../include/c++/x86_64-linux-gnu"
ignoring nonexistent directory "/usr/bin/../lib/gcc/x86_64-linux-gnu/12/../../../../include/c++/backward"
ignoring nonexistent directory "/usr/bin/../lib/gcc/x86_64-linux-gnu/12/../../../../x86_64-linux-gnu/include"
ignoring nonexistent directory "/include"
#include "..." search starts here:
#include <...> search starts here:
 /usr/bin/../lib/gcc/x86_64-linux-gnu/12/../../../../include/c++
 /usr/lib/llvm-17/lib/clang/17/include
 /usr/local/include
 /usr/include/x86_64-linux-gnu
 /usr/include
End of search list.
[2/2] Linking CXX executable cmTC_de192
FAILED: cmTC_de192 
: && /usr/bin/clang++-17  -v CMakeFiles/cmTC_de192.dir/CMakeCXXCompilerABI.cpp.o -o cmTC_de192   && :
Ubuntu clang version 17.0.6 (++20231209124227+6009708b4367-1~exp1~20231209124336.77)
Target: x86_64-pc-linux-gnu
Thread model: posix
InstalledDir: /usr/bin
Found candidate GCC installation: /usr/bin/../lib/gcc/x86_64-linux-gnu/11
Found candidate GCC installation: /usr/bin/../lib/gcc/x86_64-linux-gnu/12
Selected GCC installation: /usr/bin/../lib/gcc/x86_64-linux-gnu/12
Candidate multilib: .;@m64
Selected multilib: .;@m64
Found CUDA installation: /usr/local/cuda-12.4, version 
 "/usr/bin/ld" -pie -z relro --hash-style=gnu --build-id --eh-frame-hdr -m elf_x86_64 -dynamic-linker /lib64/ld-linux-x86-64.so.2 -o cmTC_de192 /lib/x86_64-linux-gnu/Scrt1.o /lib/x86_64-linux-gnu/crti.o /usr/bin/../lib/gcc/x86_64-linux-gnu/12/crtbeginS.o -L/usr/bin/../lib/gcc/x86_64-linux-gnu/12 -L/usr/bin/../lib/gcc/x86_64-linux-gnu/12/../../../../lib64 -L/lib/x86_64-linux-gnu -L/lib/../lib64 -L/usr/lib/x86_64-linux-gnu -L/usr/lib/../lib64 -L/lib -L/usr/lib CMakeFiles/cmTC_de192.dir/CMakeCXXCompilerABI.cpp.o -lstdc++ -lm -lgcc_s -lgcc -lc -lgcc_s -lgcc /usr/bin/../lib/gcc/x86_64-linux-gnu/12/crtendS.o /lib/x86_64-linux-gnu/crtn.o
/usr/bin/ld: cannot find -lstdc++: No such file or directory
clang++-17: error: linker command failed with exit code 1 (use -v to see invocation)
ninja: build stopped: subcommand failed.




Determining if the CXX compiler works failed with the following output:
Change Dir: /home/ne0/sys_competition/start/cpu_watcher/build/CMakeFiles/CMakeTmp

Run Build Command(s):/usr/bin/ninja cmTC_4c46b && [1/2] Building CXX object CMakeFiles/cmTC_4c46b.dir/testCXXCompiler.cxx.o
[2/2] Linking CXX executable cmTC_4c46b
FAILED: cmTC_4c46b 
: && /usr/bin/clang++-17   CMakeFiles/cmTC_4c46b.dir/testCXXCompiler.cxx.o -o cmTC_4c46b   && :
/usr/bin/ld: 找不到 -lstdc++: 没有那个文件或目录
clang++-17: error: linker command failed with exit code 1 (use -v to see invocation)
ninja: build stopped: subcommand failed.



Compiling the CXX compiler identification source file "CMakeCXXCompilerId.cpp" failed.
Compiler: /usr/bin/clang++-17 
Build flags: 
Id flags:  

The output was:
1
/usr/bin/ld: 找不到 -lstdc++: 没有那个文件或目录
clang++-17: error: linker command failed with exit code 1 (use -v to see invocation)


Detecting CXX compiler ABI info failed to compile with the following output:
Change Dir: /home/ne0/sys_competition/start/cpu_watcher/build/CMakeFiles/CMakeTmp

Run Build Command(s):/usr/bin/ninja cmTC_a3282 && [1/2] Building CXX object CMakeFiles/cmTC_a3282.dir/CMakeCXXCompilerABI.cpp.o
Ubuntu clang version 17.0.6 (++20231209124227+6009708b4367-1~exp1~20231209124336.77)
Target: x86_64-pc-linux-gnu
Thread model: posix
InstalledDir: /usr/bin
Found candidate GCC installation: /usr/bin/../lib/gcc/x86_64-linux-gnu/11
Found candidate GCC installation: /usr/bin/../lib/gcc/x86_64-linux-gnu/12
Selected GCC installation: /usr/bin/../lib/gcc/x86_64-linux-gnu/12
Candidate multilib: .;@m64
Selected multilib: .;@m64
Found CUDA installation: /usr/local/cuda-12.4, version 
 (in-process)
 "/usr/lib/llvm-17/bin/clang" -cc1 -triple x86_64-pc-linux-gnu -emit-obj -mrelax-all -disable-free -clear-ast-before-backend -disable-llvm-verifier -discard-value-names -main-file-name CMakeCXXCompilerABI.cpp -mrelocation-model pic -pic-level 2 -pic-is-pie -mframe-pointer=all -fmath-errno -ffp-contract=on -fno-rounding-math -mconstructor-aliases -funwind-tables=2 -target-cpu x86-64 -tune-cpu generic -debugger-tuning=gdb -v -fcoverage-compilation-dir=/home/ne0/sys_competition/start/cpu_watcher/build/CMakeFiles/CMakeTmp -resource-dir /usr/lib/llvm-17/lib/clang/17 -dependency-file CMakeFiles/cmTC_a3282.dir/CMakeCXXCompilerABI.cpp.o.d -MT CMakeFiles/cmTC_a3282.dir/CMakeCXXCompilerABI.cpp.o -sys-header-deps -internal-isystem /usr/bin/../lib/gcc/x86_64-linux-gnu/12/../../../../include/c++ -internal-isystem /usr/bin/../lib/gcc/x86_64-linux-gnu/12/../../../../include/c++/x86_64-linux-gnu -internal-isystem /usr/bin/../lib/gcc/x86_64-linux-gnu/12/../../../../include/c++/backward -internal-isystem /usr/lib/llvm-17/lib/clang/17/include -internal-isystem /usr/local/include -internal-isystem /usr/bin/../lib/gcc/x86_64-linux-gnu/12/../../../../x86_64-linux-gnu/include -internal-externc-isystem /usr/include/x86_64-linux-gnu -internal-externc-isystem /include -internal-externc-isystem /usr/include -fdeprecated-macro -fdebug-compilation-dir=/home/ne0/sys_competition/start/cpu_watcher/build/CMakeFiles/CMakeTmp -ferror-limit 19 -fgnuc-version=4.2.1 -fcxx-exceptions -fexceptions -faddrsig -D__GCC_HAVE_DWARF2_CFI_ASM=1 -o CMakeFiles/cmTC_a3282.dir/CMakeCXXCompilerABI.cpp.o -x c++ /usr/share/cmake-3.22/Modules/CMakeCXXCompilerABI.cpp
clang -cc1 version 17.0.6 based upon LLVM 17.0.6 default target x86_64-pc-linux-gnu
ignoring nonexistent directory "/usr/bin/../lib/gcc/x86_64-linux-gnu/12/../../../../include/c++/x86_64-linux-gnu"
ignoring nonexistent directory "/usr/bin/../lib/gcc/x86_64-linux-gnu/12/../../../../include/c++/backward"
ignoring nonexistent directory "/usr/bin/../lib/gcc/x86_64-linux-gnu/12/../../../../x86_64-linux-gnu/include"
ignoring nonexistent directory "/include"
#include "..." search starts here:
#include <...> search starts here:
 /usr/bin/../lib/gcc/x86_64-linux-gnu/12/../../../../include/c++
 /usr/lib/llvm-17/lib/clang/17/include
 /usr/local/include
 /usr/include/x86_64-linux-gnu
 /usr/include
End of search list.
[2/2] Linking CXX executable cmTC_a3282
FAILED: cmTC_a3282 
: && /usr/bin/clang++-17  -v CMakeFiles/cmTC_a3282.dir/CMakeCXXCompilerABI.cpp.o -o cmTC_a3282   && :
Ubuntu clang version 17.0.6 (++20231209124227+6009708b4367-1~exp1~20231209124336.77)
Target: x86_64-pc-linux-gnu
Thread model: posix
InstalledDir: /usr/bin
Found candidate GCC installation: /usr/bin/../lib/gcc/x86_64-linux-gnu/11
Found candidate GCC installation: /usr/bin/../lib/gcc/x86_64-linux-gnu/12
Selected GCC installation: /usr/bin/../lib/gcc/x86_64-linux-gnu/12
Candidate multilib: .;@m64
Selected multilib: .;@m64
Found CUDA installation: /usr/local/cuda-12.4, version 
 "/usr/bin/ld" -pie -z relro --hash-style=gnu --build-id --eh-frame-hdr -m elf_x86_64 -dynamic-linker /lib64/ld-linux-x86-64.so.2 -o cmTC_a3282 /lib/x86_64-linux-gnu/Scrt1.o /lib/x86_64-linux-gnu/crti.o /usr/bin/../lib/gcc/x86_64-linux-gnu/12/crtbeginS.o -L/usr/bin/../lib/gcc/x86_64-linux-gnu/12 -L/usr/bin/../lib/gcc/x86_64-linux-gnu/12/../../../../lib64 -L/lib/x86_64-linux-gnu -L/lib/../lib64 -L/usr/lib/x86_64-linux-gnu -L/usr/lib/../lib64 -L/lib -L/usr/lib CMakeFiles/cmTC_a3282.dir/CMakeCXXCompilerABI.cpp.o -lstdc++ -lm -lgcc_s -lgcc -lc -lgcc_s -lgcc /usr/bin/../lib/gcc/x86_64-linux-gnu/12/crtendS.o /lib/x86_64-linux-gnu/crtn.o
/usr/bin/ld: cannot find -lstdc++: No such file or directory
clang++-17: error: linker command failed with exit code 1 (use -v to see invocation)
ninja: build stopped: subcommand failed.




Determining if the CXX compiler works failed with the following output:
Change Dir: /home/ne0/sys_competition/start/cpu_watcher/build/CMakeFiles/CMakeTmp

Run Build Command(s):/usr/bin/ninja cmTC_ad103 && [1/2] Building CXX object CMakeFiles/cmTC_ad103.dir/testCXXCompiler.cxx.o
[2/2] Linking CXX executable cmTC_ad103
FAILED: cmTC_ad103 
: && /usr/bin/clang++-17   CMakeFiles/cmTC_ad103.dir/testCXXCompiler.cxx.o -o cmTC_ad103   && :
/usr/bin/ld: 找不到 -lstdc++: 没有那个文件或目录
clang++-17: error: linker command failed with exit code 1 (use -v to see invocation)
ninja: build stopped: subcommand failed.



Compiling the CXX compiler identification source file "CMakeCXXCompilerId.cpp" failed.
Compiler: /usr/bin/clang++-17 
Build flags: 
Id flags:  

The output was:
1
/usr/bin/ld: 找不到 -lstdc++: 没有那个文件或目录
clang++-17: error: linker command failed with exit code 1 (use -v to see invocation)


Detecting CXX compiler ABI info failed to compile with the following output:
Change Dir: /home/ne0/sys_competition/start/cpu_watcher/build/CMakeFiles/CMakeTmp

Run Build Command(s):/usr/bin/ninja cmTC_130d0 && [1/2] Building CXX object CMakeFiles/cmTC_130d0.dir/CMakeCXXCompilerABI.cpp.o
Ubuntu clang version 17.0.6 (++20231209124227+6009708b4367-1~exp1~20231209124336.77)
Target: x86_64-pc-linux-gnu
Thread model: posix
InstalledDir: /usr/bin
Found candidate GCC installation: /usr/bin/../lib/gcc/x86_64-linux-gnu/11
Found candidate GCC installation: /usr/bin/../lib/gcc/x86_64-linux-gnu/12
Selected GCC installation: /usr/bin/../lib/gcc/x86_64-linux-gnu/12
Candidate multilib: .;@m64
Selected multilib: .;@m64
Found CUDA installation: /usr/local/cuda-12.4, version 
 (in-process)
 "/usr/lib/llvm-17/bin/clang" -cc1 -triple x86_64-pc-linux-gnu -emit-obj -mrelax-all -disable-free -clear-ast-before-backend -disable-llvm-verifier -discard-value-names -main-file-name CMakeCXXCompilerABI.cpp -mrelocation-model pic -pic-level 2 -pic-is-pie -mframe-pointer=all -fmath-errno -ffp-contract=on -fno-rounding-math -mconstructor-aliases -funwind-tables=2 -target-cpu x86-64 -tune-cpu generic -debugger-tuning=gdb -v -fcoverage-compilation-dir=/home/ne0/sys_competition/start/cpu_watcher/build/CMakeFiles/CMakeTmp -resource-dir /usr/lib/llvm-17/lib/clang/17 -dependency-file CMakeFiles/cmTC_130d0.dir/CMakeCXXCompilerABI.cpp.o.d -MT CMakeFiles/cmTC_130d0.dir/CMakeCXXCompilerABI.cpp.o -sys-header-deps -internal-isystem /usr/bin/../lib/gcc/x86_64-linux-gnu/12/../../../../include/c++ -internal-isystem /usr/bin/../lib/gcc/x86_64-linux-gnu/12/../../../../include/c++/x86_64-linux-gnu -internal-isystem /usr/bin/../lib/gcc/x86_64-linux-gnu/12/../../../../include/c++/backward -internal-isystem /usr/lib/llvm-17/lib/clang/17/include -internal-isystem /usr/local/include -internal-isystem /usr/bin/../lib/gcc/x86_64-linux-gnu/12/../../../../x86_64-linux-gnu/include -internal-externc-isystem /usr/include/x86_64-linux-gnu -internal-externc-isystem /include -internal-externc-isystem /usr/include -fdeprecated-macro -fdebug-compilation-dir=/home/ne0/sys_competition/start/cpu_watcher/build/CMakeFiles/CMakeTmp -ferror-limit 19 -fgnuc-version=4.2.1 -fcxx-exceptions -fexceptions -faddrsig -D__GCC_HAVE_DWARF2_CFI_ASM=1 -o CMakeFiles/cmTC_130d0.dir/CMakeCXXCompilerABI.cpp.o -x c++ /usr/share/cmake-3.22/Modules/CMakeCXXCompilerABI.cpp
clang -cc1 version 17.0.6 based upon LLVM 17.0.6 default target x86_64-pc-linux-gnu
ignoring nonexistent directory "/usr/bin/../lib/gcc/x86_64-linux-gnu/12/../../../../include/c++/x86_64-linux-gnu"
ignoring nonexistent directory "/usr/bin/../lib/gcc/x86_64-linux-gnu/12/../../../../include/c++/backward"
ignoring nonexistent directory "/usr/bin/../lib/gcc/x86_64-linux-gnu/12/../../../../x86_64-linux-gnu/include"
ignoring nonexistent directory "/include"
#include "..." search starts here:
#include <...> search starts here:
 /usr/bin/../lib/gcc/x86_64-linux-gnu/12/../../../../include/c++
 /usr/lib/llvm-17/lib/clang/17/include
 /usr/local/include
 /usr/include/x86_64-linux-gnu
 /usr/include
End of search list.
[2/2] Linking CXX executable cmTC_130d0
FAILED: cmTC_130d0 
: && /usr/bin/clang++-17  -v CMakeFiles/cmTC_130d0.dir/CMakeCXXCompilerABI.cpp.o -o cmTC_130d0   && :
Ubuntu clang version 17.0.6 (++20231209124227+6009708b4367-1~exp1~20231209124336.77)
Target: x86_64-pc-linux-gnu
Thread model: posix
InstalledDir: /usr/bin
Found candidate GCC installation: /usr/bin/../lib/gcc/x86_64-linux-gnu/11
Found candidate GCC installation: /usr/bin/../lib/gcc/x86_64-linux-gnu/12
Selected GCC installation: /usr/bin/../lib/gcc/x86_64-linux-gnu/12
Candidate multilib: .;@m64
Selected multilib: .;@m64
Found CUDA installation: /usr/local/cuda-12.4, version 
 "/usr/bin/ld" -pie -z relro --hash-style=gnu --build-id --eh-frame-hdr -m elf_x86_64 -dynamic-linker /lib64/ld-linux-x86-64.so.2 -o cmTC_130d0 /lib/x86_64-linux-gnu/Scrt1.o /lib/x86_64-linux-gnu/crti.o /usr/bin/../lib/gcc/x86_64-linux-gnu/12/crtbeginS.o -L/usr/bin/../lib/gcc/x86_64-linux-gnu/12 -L/usr/bin/../lib/gcc/x86_64-linux-gnu/12/../../../../lib64 -L/lib/x86_64-linux-gnu -L/lib/../lib64 -L/usr/lib/x86_64-linux-gnu -L/usr/lib/../lib64 -L/lib -L/usr/lib CMakeFiles/cmTC_130d0.dir/CMakeCXXCompilerABI.cpp.o -lstdc++ -lm -lgcc_s -lgcc -lc -lgcc_s -lgcc /usr/bin/../lib/gcc/x86_64-linux-gnu/12/crtendS.o /lib/x86_64-linux-gnu/crtn.o
/usr/bin/ld: cannot find -lstdc++: No such file or directory
clang++-17: error: linker command failed with exit code 1 (use -v to see invocation)
ninja: build stopped: subcommand failed.




Determining if the CXX compiler works failed with the following output:
Change Dir: /home/ne0/sys_competition/start/cpu_watcher/build/CMakeFiles/CMakeTmp

Run Build Command(s):/usr/bin/ninja cmTC_be0a9 && [1/2] Building CXX object CMakeFiles/cmTC_be0a9.dir/testCXXCompiler.cxx.o
[2/2] Linking CXX executable cmTC_be0a9
FAILED: cmTC_be0a9 
: && /usr/bin/clang++-17   CMakeFiles/cmTC_be0a9.dir/testCXXCompiler.cxx.o -o cmTC_be0a9   && :
/usr/bin/ld: 找不到 -lstdc++: 没有那个文件或目录
clang++-17: error: linker command failed with exit code 1 (use -v to see invocation)
ninja: build stopped: subcommand failed.



Compiling the CXX compiler identification source file "CMakeCXXCompilerId.cpp" failed.
Compiler: /usr/bin/clang++-17 
Build flags: 
Id flags:  

The output was:
1
/usr/bin/ld: 找不到 -lstdc++: 没有那个文件或目录
clang++-17: error: linker command failed with exit code 1 (use -v to see invocation)


Detecting CXX compiler ABI info failed to compile with the following output:
Change Dir: /home/ne0/sys_competition/start/cpu_watcher/build/CMakeFiles/CMakeTmp

Run Build Command(s):/usr/bin/ninja cmTC_b951c && [1/2] Building CXX object CMakeFiles/cmTC_b951c.dir/CMakeCXXCompilerABI.cpp.o
Ubuntu clang version 17.0.6 (++20231209124227+6009708b4367-1~exp1~20231209124336.77)
Target: x86_64-pc-linux-gnu
Thread model: posix
InstalledDir: /usr/bin
Found candidate GCC installation: /usr/bin/../lib/gcc/x86_64-linux-gnu/11
Found candidate GCC installation: /usr/bin/../lib/gcc/x86_64-linux-gnu/12
Selected GCC installation: /usr/bin/../lib/gcc/x86_64-linux-gnu/12
Candidate multilib: .;@m64
Selected multilib: .;@m64
Found CUDA installation: /usr/local/cuda-12.4, version 
 (in-process)
 "/usr/lib/llvm-17/bin/clang" -cc1 -triple x86_64-pc-linux-gnu -emit-obj -mrelax-all -disable-free -clear-ast-before-backend -disable-llvm-verifier -discard-value-names -main-file-name CMakeCXXCompilerABI.cpp -mrelocation-model pic -pic-level 2 -pic-is-pie -mframe-pointer=all -fmath-errno -ffp-contract=on -fno-rounding-math -mconstructor-aliases -funwind-tables=2 -target-cpu x86-64 -tune-cpu generic -debugger-tuning=gdb -v -fcoverage-compilation-dir=/home/ne0/sys_competition/start/cpu_watcher/build/CMakeFiles/CMakeTmp -resource-dir /usr/lib/llvm-17/lib/clang/17 -dependency-file CMakeFiles/cmTC_b951c.dir/CMakeCXXCompilerABI.cpp.o.d -MT CMakeFiles/cmTC_b951c.dir/CMakeCXXCompilerABI.cpp.o -sys-header-deps -internal-isystem /usr/bin/../lib/gcc/x86_64-linux-gnu/12/../../../../include/c++ -internal-isystem /usr/bin/../lib/gcc/x86_64-linux-gnu/12/../../../../include/c++/x86_64-linux-gnu -internal-isystem /usr/bin/../lib/gcc/x86_64-linux-gnu/12/../../../../include/c++/backward -internal-isystem /usr/lib/llvm-17/lib/clang/17/include -internal-isystem /usr/local/include -internal-isystem /usr/bin/../lib/gcc/x86_64-linux-gnu/12/../../../../x86_64-linux-gnu/include -internal-externc-isystem /usr/include/x86_64-linux-gnu -internal-externc-isystem /include -internal-externc-isystem /usr/include -fdeprecated-macro -fdebug-compilation-dir=/home/ne0/sys_competition/start/cpu_watcher/build/CMakeFiles/CMakeTmp -ferror-limit 19 -fgnuc-version=4.2.1 -fcxx-exceptions -fexceptions -faddrsig -D__GCC_HAVE_DWARF2_CFI_ASM=1 -o CMakeFiles/cmTC_b951c.dir/CMakeCXXCompilerABI.cpp.o -x c++ /usr/share/cmake-3.22/Modules/CMakeCXXCompilerABI.cpp
clang -cc1 version 17.0.6 based upon LLVM 17.0.6 default target x86_64-pc-linux-gnu
ignoring nonexistent directory "/usr/bin/../lib/gcc/x86_64-linux-gnu/12/../../../../include/c++/x86_64-linux-gnu"
ignoring nonexistent directory "/usr/bin/../lib/gcc/x86_64-linux-gnu/12/../../../../include/c++/backward"
ignoring nonexistent directory "/usr/bin/../lib/gcc/x86_64-linux-gnu/12/../../../../x86_64-linux-gnu/include"
ignoring nonexistent directory "/include"
#include "..." search starts here:
#include <...> search starts here:
 /usr/bin/../lib/gcc/x86_64-linux-gnu/12/../../../../include/c++
 /usr/lib/llvm-17/lib/clang/17/include
 /usr/local/include
 /usr/include/x86_64-linux-gnu
 /usr/include
End of search list.
[2/2] Linking CXX executable cmTC_b951c
FAILED: cmTC_b951c 
: && /usr/bin/clang++-17  -v CMakeFiles/cmTC_b951c.dir/CMakeCXXCompilerABI.cpp.o -o cmTC_b951c   && :
Ubuntu clang version 17.0.6 (++20231209124227+6009708b4367-1~exp1~20231209124336.77)
Target: x86_64-pc-linux-gnu
Thread model: posix
InstalledDir: /usr/bin
Found candidate GCC installation: /usr/bin/../lib/gcc/x86_64-linux-gnu/11
Found candidate GCC installation: /usr/bin/../lib/gcc/x86_64-linux-gnu/12
Selected GCC installation: /usr/bin/../lib/gcc/x86_64-linux-gnu/12
Candidate multilib: .;@m64
Selected multilib: .;@m64
Found CUDA installation: /usr/local/cuda-12.4, version 
 "/usr/bin/ld" -pie -z relro --hash-style=gnu --build-id --eh-frame-hdr -m elf_x86_64 -dynamic-linker /lib64/ld-linux-x86-64.so.2 -o cmTC_b951c /lib/x86_64-linux-gnu/Scrt1.o /lib/x86_64-linux-gnu/crti.o /usr/bin/../lib/gcc/x86_64-linux-gnu/12/crtbeginS.o -L/usr/bin/../lib/gcc/x86_64-linux-gnu/12 -L/usr/bin/../lib/gcc/x86_64-linux-gnu/12/../../../../lib64 -L/lib/x86_64-linux-gnu -L/lib/../lib64 -L/usr/lib/x86_64-linux-gnu -L/usr/lib/../lib64 -L/lib -L/usr/lib CMakeFiles/cmTC_b951c.dir/CMakeCXXCompilerABI.cpp.o -lstdc++ -lm -lgcc_s -lgcc -lc -lgcc_s -lgcc /usr/bin/../lib/gcc/x86_64-linux-gnu/12/crtendS.o /lib/x86_64-linux-gnu/crtn.o
/usr/bin/ld: cannot find -lstdc++: No such file or directory
clang++-17: error: linker command failed with exit code 1 (use -v to see invocation)
ninja: build stopped: subcommand failed.




Determining if the CXX compiler works failed with the following output:
Change Dir: /home/ne0/sys_competition/start/cpu_watcher/build/CMakeFiles/CMakeTmp

Run Build Command(s):/usr/bin/ninja cmTC_fe558 && [1/2] Building CXX object CMakeFiles/cmTC_fe558.dir/testCXXCompiler.cxx.o
[2/2] Linking CXX executable cmTC_fe558
FAILED: cmTC_fe558 
: && /usr/bin/clang++-17   CMakeFiles/cmTC_fe558.dir/testCXXCompiler.cxx.o -o cmTC_fe558   && :
/usr/bin/ld: 找不到 -lstdc++: 没有那个文件或目录
clang++-17: error: linker command failed with exit code 1 (use -v to see invocation)
ninja: build stopped: subcommand failed.



Compiling the CXX compiler identification source file "CMakeCXXCompilerId.cpp" failed.
Compiler: /usr/bin/clang++-17 
Build flags: 
Id flags:  

The output was:
1
/usr/bin/ld: 找不到 -lstdc++: 没有那个文件或目录
clang++-17: error: linker command failed with exit code 1 (use -v to see invocation)


Detecting CXX compiler ABI info failed to compile with the following output:
Change Dir: /home/ne0/sys_competition/start/cpu_watcher/build/CMakeFiles/CMakeTmp

Run Build Command(s):/usr/bin/ninja cmTC_3d7c8 && [1/2] Building CXX object CMakeFiles/cmTC_3d7c8.dir/CMakeCXXCompilerABI.cpp.o
Ubuntu clang version 17.0.6 (++20231209124227+6009708b4367-1~exp1~20231209124336.77)
Target: x86_64-pc-linux-gnu
Thread model: posix
InstalledDir: /usr/bin
Found candidate GCC installation: /usr/bin/../lib/gcc/x86_64-linux-gnu/11
Found candidate GCC installation: /usr/bin/../lib/gcc/x86_64-linux-gnu/12
Selected GCC installation: /usr/bin/../lib/gcc/x86_64-linux-gnu/12
Candidate multilib: .;@m64
Selected multilib: .;@m64
Found CUDA installation: /usr/local/cuda, version 
 (in-process)
 "/usr/lib/llvm-17/bin/clang" -cc1 -triple x86_64-pc-linux-gnu -emit-obj -mrelax-all -disable-free -clear-ast-before-backend -disable-llvm-verifier -discard-value-names -main-file-name CMakeCXXCompilerABI.cpp -mrelocation-model pic -pic-level 2 -pic-is-pie -mframe-pointer=all -fmath-errno -ffp-contract=on -fno-rounding-math -mconstructor-aliases -funwind-tables=2 -target-cpu x86-64 -tune-cpu generic -debugger-tuning=gdb -v -fcoverage-compilation-dir=/home/ne0/sys_competition/start/cpu_watcher/build/CMakeFiles/CMakeTmp -resource-dir /usr/lib/llvm-17/lib/clang/17 -dependency-file CMakeFiles/cmTC_3d7c8.dir/CMakeCXXCompilerABI.cpp.o.d -MT CMakeFiles/cmTC_3d7c8.dir/CMakeCXXCompilerABI.cpp.o -sys-header-deps -internal-isystem /usr/bin/../lib/gcc/x86_64-linux-gnu/12/../../../../include/c++ -internal-isystem /usr/bin/../lib/gcc/x86_64-linux-gnu/12/../../../../include/c++/x86_64-linux-gnu -internal-isystem /usr/bin/../lib/gcc/x86_64-linux-gnu/12/../../../../include/c++/backward -internal-isystem /usr/lib/llvm-17/lib/clang/17/include -internal-isystem /usr/local/include -internal-isystem /usr/bin/../lib/gcc/x86_64-linux-gnu/12/../../../../x86_64-linux-gnu/include -internal-externc-isystem /usr/include/x86_64-linux-gnu -internal-externc-isystem /include -internal-externc-isystem /usr/include -fdeprecated-macro -fdebug-compilation-dir=/home/ne0/sys_competition/start/cpu_watcher/build/CMakeFiles/CMakeTmp -ferror-limit 19 -fgnuc-version=4.2.1 -fcxx-exceptions -fexceptions -faddrsig -D__GCC_HAVE_DWARF2_CFI_ASM=1 -o CMakeFiles/cmTC_3d7c8.dir/CMakeCXXCompilerABI.cpp.o -x c++ /usr/share/cmake-3.22/Modules/CMakeCXXCompilerABI.cpp
clang -cc1 version 17.0.6 based upon LLVM 17.0.6 default target x86_64-pc-linux-gnu
ignoring nonexistent directory "/usr/bin/../lib/gcc/x86_64-linux-gnu/12/../../../../include/c++/x86_64-linux-gnu"
ignoring nonexistent directory "/usr/bin/../lib/gcc/x86_64-linux-gnu/12/../../../../include/c++/backward"
ignoring nonexistent directory "/usr/bin/../lib/gcc/x86_64-linux-gnu/12/../../../../x86_64-linux-gnu/include"
ignoring nonexistent directory "/include"
#include "..." search starts here:
#include <...> search starts here:
 /usr/bin/../lib/gcc/x86_64-linux-gnu/12/../../../../include/c++
 /usr/lib/llvm-17/lib/clang/17/include
 /usr/local/include
 /usr/include/x86_64-linux-gnu
 /usr/include
End of search list.
[2/2] Linking CXX executable cmTC_3d7c8
FAILED: cmTC_3d7c8 
: && /usr/bin/clang++-17  -v CMakeFiles/cmTC_3d7c8.dir/CMakeCXXCompilerABI.cpp.o -o cmTC_3d7c8   && :
Ubuntu clang version 17.0.6 (++20231209124227+6009708b4367-1~exp1~20231209124336.77)
Target: x86_64-pc-linux-gnu
Thread model: posix
InstalledDir: /usr/bin
Found candidate GCC installation: /usr/bin/../lib/gcc/x86_64-linux-gnu/11
Found candidate GCC installation: /usr/bin/../lib/gcc/x86_64-linux-gnu/12
Selected GCC installation: /usr/bin/../lib/gcc/x86_64-linux-gnu/12
Candidate multilib: .;@m64
Selected multilib: .;@m64
Found CUDA installation: /usr/local/cuda, version 
 "/usr/bin/ld" -pie -z relro --hash-style=gnu --build-id --eh-frame-hdr -m elf_x86_64 -dynamic-linker /lib64/ld-linux-x86-64.so.2 -o cmTC_3d7c8 /lib/x86_64-linux-gnu/Scrt1.o /lib/x86_64-linux-gnu/crti.o /usr/bin/../lib/gcc/x86_64-linux-gnu/12/crtbeginS.o -L/usr/bin/../lib/gcc/x86_64-linux-gnu/12 -L/usr/bin/../lib/gcc/x86_64-linux-gnu/12/../../../../lib64 -L/lib/x86_64-linux-gnu -L/lib/../lib64 -L/usr/lib/x86_64-linux-gnu -L/usr/lib/../lib64 -L/lib -L/usr/lib CMakeFiles/cmTC_3d7c8.dir/CMakeCXXCompilerABI.cpp.o -lstdc++ -lm -lgcc_s -lgcc -lc -lgcc_s -lgcc /usr/bin/../lib/gcc/x86_64-linux-gnu/12/crtendS.o /lib/x86_64-linux-gnu/crtn.o
/usr/bin/ld: cannot find -lstdc++: No such file or directory
clang++-17: error: linker command failed with exit code 1 (use -v to see invocation)
ninja: build stopped: subcommand failed.




Determining if the CXX compiler works failed with the following output:
Change Dir: /home/ne0/sys_competition/start/cpu_watcher/build/CMakeFiles/CMakeTmp

Run Build Command(s):/usr/bin/ninja cmTC_6dcc9 && [1/2] Building CXX object CMakeFiles/cmTC_6dcc9.dir/testCXXCompiler.cxx.o
[2/2] Linking CXX executable cmTC_6dcc9
FAILED: cmTC_6dcc9 
: && /usr/bin/clang++-17   CMakeFiles/cmTC_6dcc9.dir/testCXXCompiler.cxx.o -o cmTC_6dcc9   && :
/usr/bin/ld: 找不到 -lstdc++: 没有那个文件或目录
clang++-17: error: linker command failed with exit code 1 (use -v to see invocation)
ninja: build stopped: subcommand failed.



Compiling the CXX compiler identification source file "CMakeCXXCompilerId.cpp" failed.
Compiler: /usr/bin/clang++-17 
Build flags: 
Id flags:  

The output was:
1
/usr/bin/ld: 找不到 -lstdc++: 没有那个文件或目录
clang++-17: error: linker command failed with exit code 1 (use -v to see invocation)


Detecting CXX compiler ABI info failed to compile with the following output:
Change Dir: /home/ne0/sys_competition/start/cpu_watcher/build/CMakeFiles/CMakeTmp

Run Build Command(s):/usr/bin/ninja cmTC_287e5 && [1/2] Building CXX object CMakeFiles/cmTC_287e5.dir/CMakeCXXCompilerABI.cpp.o
Ubuntu clang version 17.0.6 (++20231209124227+6009708b4367-1~exp1~20231209124336.77)
Target: x86_64-pc-linux-gnu
Thread model: posix
InstalledDir: /usr/bin
Found candidate GCC installation: /usr/bin/../lib/gcc/x86_64-linux-gnu/11
Found candidate GCC installation: /usr/bin/../lib/gcc/x86_64-linux-gnu/12
Selected GCC installation: /usr/bin/../lib/gcc/x86_64-linux-gnu/12
Candidate multilib: .;@m64
Selected multilib: .;@m64
Found CUDA installation: /usr/local/cuda, version 
 (in-process)
 "/usr/lib/llvm-17/bin/clang" -cc1 -triple x86_64-pc-linux-gnu -emit-obj -mrelax-all -disable-free -clear-ast-before-backend -disable-llvm-verifier -discard-value-names -main-file-name CMakeCXXCompilerABI.cpp -mrelocation-model pic -pic-level 2 -pic-is-pie -mframe-pointer=all -fmath-errno -ffp-contract=on -fno-rounding-math -mconstructor-aliases -funwind-tables=2 -target-cpu x86-64 -tune-cpu generic -debugger-tuning=gdb -v -fcoverage-compilation-dir=/home/ne0/sys_competition/start/cpu_watcher/build/CMakeFiles/CMakeTmp -resource-dir /usr/lib/llvm-17/lib/clang/17 -dependency-file CMakeFiles/cmTC_287e5.dir/CMakeCXXCompilerABI.cpp.o.d -MT CMakeFiles/cmTC_287e5.dir/CMakeCXXCompilerABI.cpp.o -sys-header-deps -internal-isystem /usr/bin/../lib/gcc/x86_64-linux-gnu/12/../../../../include/c++ -internal-isystem /usr/bin/../lib/gcc/x86_64-linux-gnu/12/../../../../include/c++/x86_64-linux-gnu -internal-isystem /usr/bin/../lib/gcc/x86_64-linux-gnu/12/../../../../include/c++/backward -internal-isystem /usr/lib/llvm-17/lib/clang/17/include -internal-isystem /usr/local/include -internal-isystem /usr/bin/../lib/gcc/x86_64-linux-gnu/12/../../../../x86_64-linux-gnu/include -internal-externc-isystem /usr/include/x86_64-linux-gnu -internal-externc-isystem /include -internal-externc-isystem /usr/include -fdeprecated-macro -fdebug-compilation-dir=/home/ne0/sys_competition/start/cpu_watcher/build/CMakeFiles/CMakeTmp -ferror-limit 19 -fgnuc-version=4.2.1 -fcxx-exceptions -fexceptions -faddrsig -D__GCC_HAVE_DWARF2_CFI_ASM=1 -o CMakeFiles/cmTC_287e5.dir/CMakeCXXCompilerABI.cpp.o -x c++ /usr/share/cmake-3.22/Modules/CMakeCXXCompilerABI.cpp
clang -cc1 version 17.0.6 based upon LLVM 17.0.6 default target x86_64-pc-linux-gnu
ignoring nonexistent directory "/usr/bin/../lib/gcc/x86_64-linux-gnu/12/../../../../include/c++/x86_64-linux-gnu"
ignoring nonexistent directory "/usr/bin/../lib/gcc/x86_64-linux-gnu/12/../../../../include/c++/backward"
ignoring nonexistent directory "/usr/bin/../lib/gcc/x86_64-linux-gnu/12/../../../../x86_64-linux-gnu/include"
ignoring nonexistent directory "/include"
#include "..." search starts here:
#include <...> search starts here:
 /usr/bin/../lib/gcc/x86_64-linux-gnu/12/../../../../include/c++
 /usr/lib/llvm-17/lib/clang/17/include
 /usr/local/include
 /usr/include/x86_64-linux-gnu
 /usr/include
End of search list.
[2/2] Linking CXX executable cmTC_287e5
FAILED: cmTC_287e5 
: && /usr/bin/clang++-17  -v CMakeFiles/cmTC_287e5.dir/CMakeCXXCompilerABI.cpp.o -o cmTC_287e5   && :
Ubuntu clang version 17.0.6 (++20231209124227+6009708b4367-1~exp1~20231209124336.77)
Target: x86_64-pc-linux-gnu
Thread model: posix
InstalledDir: /usr/bin
Found candidate GCC installation: /usr/bin/../lib/gcc/x86_64-linux-gnu/11
Found candidate GCC installation: /usr/bin/../lib/gcc/x86_64-linux-gnu/12
Selected GCC installation: /usr/bin/../lib/gcc/x86_64-linux-gnu/12
Candidate multilib: .;@m64
Selected multilib: .;@m64
Found CUDA installation: /usr/local/cuda, version 
 "/usr/bin/ld" -pie -z relro --hash-style=gnu --build-id --eh-frame-hdr -m elf_x86_64 -dynamic-linker /lib64/ld-linux-x86-64.so.2 -o cmTC_287e5 /lib/x86_64-linux-gnu/Scrt1.o /lib/x86_64-linux-gnu/crti.o /usr/bin/../lib/gcc/x86_64-linux-gnu/12/crtbeginS.o -L/usr/bin/../lib/gcc/x86_64-linux-gnu/12 -L/usr/bin/../lib/gcc/x86_64-linux-gnu/12/../../../../lib64 -L/lib/x86_64-linux-gnu -L/lib/../lib64 -L/usr/lib/x86_64-linux-gnu -L/usr/lib/../lib64 -L/lib -L/usr/lib CMakeFiles/cmTC_287e5.dir/CMakeCXXCompilerABI.cpp.o -lstdc++ -lm -lgcc_s -lgcc -lc -lgcc_s -lgcc /usr/bin/../lib/gcc/x86_64-linux-gnu/12/crtendS.o /lib/x86_64-linux-gnu/crtn.o
/usr/bin/ld: cannot find -lstdc++: No such file or directory
clang++-17: error: linker command failed with exit code 1 (use -v to see invocation)
ninja: build stopped: subcommand failed.




Determining if the CXX compiler works failed with the following output:
Change Dir: /home/ne0/sys_competition/start/cpu_watcher/build/CMakeFiles/CMakeTmp

Run Build Command(s):/usr/bin/ninja cmTC_45661 && [1/2] Building CXX object CMakeFiles/cmTC_45661.dir/testCXXCompiler.cxx.o
[2/2] Linking CXX executable cmTC_45661
FAILED: cmTC_45661 
: && /usr/bin/clang++-17   CMakeFiles/cmTC_45661.dir/testCXXCompiler.cxx.o -o cmTC_45661   && :
/usr/bin/ld: 找不到 -lstdc++: 没有那个文件或目录
clang++-17: error: linker command failed with exit code 1 (use -v to see invocation)
ninja: build stopped: subcommand failed.



Compiling the CXX compiler identification source file "CMakeCXXCompilerId.cpp" failed.
Compiler: /usr/bin/clang++-17 
Build flags: 
Id flags:  

The output was:
1
/usr/bin/ld: 找不到 -lstdc++: 没有那个文件或目录
clang++-17: error: linker command failed with exit code 1 (use -v to see invocation)


Detecting CXX compiler ABI info failed to compile with the following output:
Change Dir: /home/ne0/sys_competition/start/cpu_watcher/build/CMakeFiles/CMakeTmp

Run Build Command(s):/usr/bin/ninja cmTC_4dcdb && [1/2] Building CXX object CMakeFiles/cmTC_4dcdb.dir/CMakeCXXCompilerABI.cpp.o
Ubuntu clang version 17.0.6 (++20231209124227+6009708b4367-1~exp1~20231209124336.77)
Target: x86_64-pc-linux-gnu
Thread model: posix
InstalledDir: /usr/bin
Found candidate GCC installation: /usr/bin/../lib/gcc/x86_64-linux-gnu/11
Found candidate GCC installation: /usr/bin/../lib/gcc/x86_64-linux-gnu/12
Selected GCC installation: /usr/bin/../lib/gcc/x86_64-linux-gnu/12
Candidate multilib: .;@m64
Selected multilib: .;@m64
Found CUDA installation: /usr/local/cuda-12.4, version 
 (in-process)
 "/usr/lib/llvm-17/bin/clang" -cc1 -triple x86_64-pc-linux-gnu -emit-obj -mrelax-all -disable-free -clear-ast-before-backend -disable-llvm-verifier -discard-value-names -main-file-name CMakeCXXCompilerABI.cpp -mrelocation-model pic -pic-level 2 -pic-is-pie -mframe-pointer=all -fmath-errno -ffp-contract=on -fno-rounding-math -mconstructor-aliases -funwind-tables=2 -target-cpu x86-64 -tune-cpu generic -debugger-tuning=gdb -v -fcoverage-compilation-dir=/home/ne0/sys_competition/start/cpu_watcher/build/CMakeFiles/CMakeTmp -resource-dir /usr/lib/llvm-17/lib/clang/17 -dependency-file CMakeFiles/cmTC_4dcdb.dir/CMakeCXXCompilerABI.cpp.o.d -MT CMakeFiles/cmTC_4dcdb.dir/CMakeCXXCompilerABI.cpp.o -sys-header-deps -internal-isystem /usr/bin/../lib/gcc/x86_64-linux-gnu/12/../../../../include/c++ -internal-isystem /usr/bin/../lib/gcc/x86_64-linux-gnu/12/../../../../include/c++/x86_64-linux-gnu -internal-isystem /usr/bin/../lib/gcc/x86_64-linux-gnu/12/../../../../include/c++/backward -internal-isystem /usr/lib/llvm-17/lib/clang/17/include -internal-isystem /usr/local/include -internal-isystem /usr/bin/../lib/gcc/x86_64-linux-gnu/12/../../../../x86_64-linux-gnu/include -internal-externc-isystem /usr/include/x86_64-linux-gnu -internal-externc-isystem /include -internal-externc-isystem /usr/include -fdeprecated-macro -fdebug-compilation-dir=/home/ne0/sys_competition/start/cpu_watcher/build/CMakeFiles/CMakeTmp -ferror-limit 19 -fgnuc-version=4.2.1 -fcxx-exceptions -fexceptions -faddrsig -D__GCC_HAVE_DWARF2_CFI_ASM=1 -o CMakeFiles/cmTC_4dcdb.dir/CMakeCXXCompilerABI.cpp.o -x c++ /usr/share/cmake-3.22/Modules/CMakeCXXCompilerABI.cpp
clang -cc1 version 17.0.6 based upon LLVM 17.0.6 default target x86_64-pc-linux-gnu
ignoring nonexistent directory "/usr/bin/../lib/gcc/x86_64-linux-gnu/12/../../../../include/c++/x86_64-linux-gnu"
ignoring nonexistent directory "/usr/bin/../lib/gcc/x86_64-linux-gnu/12/../../../../include/c++/backward"
ignoring nonexistent directory "/usr/bin/../lib/gcc/x86_64-linux-gnu/12/../../../../x86_64-linux-gnu/include"
ignoring nonexistent directory "/include"
#include "..." search starts here:
#include <...> search starts here:
 /usr/bin/../lib/gcc/x86_64-linux-gnu/12/../../../../include/c++
 /usr/lib/llvm-17/lib/clang/17/include
 /usr/local/include
 /usr/include/x86_64-linux-gnu
 /usr/include
End of search list.
[2/2] Linking CXX executable cmTC_4dcdb
FAILED: cmTC_4dcdb 
: && /usr/bin/clang++-17  -v CMakeFiles/cmTC_4dcdb.dir/CMakeCXXCompilerABI.cpp.o -o cmTC_4dcdb   && :
Ubuntu clang version 17.0.6 (++20231209124227+6009708b4367-1~exp1~20231209124336.77)
Target: x86_64-pc-linux-gnu
Thread model: posix
InstalledDir: /usr/bin
Found candidate GCC installation: /usr/bin/../lib/gcc/x86_64-linux-gnu/11
Found candidate GCC installation: /usr/bin/../lib/gcc/x86_64-linux-gnu/12
Selected GCC installation: /usr/bin/../lib/gcc/x86_64-linux-gnu/12
Candidate multilib: .;@m64
Selected multilib: .;@m64
Found CUDA installation: /usr/local/cuda-12.4, version 
 "/usr/bin/ld" -pie -z relro --hash-style=gnu --build-id --eh-frame-hdr -m elf_x86_64 -dynamic-linker /lib64/ld-linux-x86-64.so.2 -o cmTC_4dcdb /lib/x86_64-linux-gnu/Scrt1.o /lib/x86_64-linux-gnu/crti.o /usr/bin/../lib/gcc/x86_64-linux-gnu/12/crtbeginS.o -L/usr/bin/../lib/gcc/x86_64-linux-gnu/12 -L/usr/bin/../lib/gcc/x86_64-linux-gnu/12/../../../../lib64 -L/lib/x86_64-linux-gnu -L/lib/../lib64 -L/usr/lib/x86_64-linux-gnu -L/usr/lib/../lib64 -L/lib -L/usr/lib CMakeFiles/cmTC_4dcdb.dir/CMakeCXXCompilerABI.cpp.o -lstdc++ -lm -lgcc_s -lgcc -lc -lgcc_s -lgcc /usr/bin/../lib/gcc/x86_64-linux-gnu/12/crtendS.o /lib/x86_64-linux-gnu/crtn.o
/usr/bin/ld: cannot find -lstdc++: No such file or directory
clang++-17: error: linker command failed with exit code 1 (use -v to see invocation)
ninja: build stopped: subcommand failed.




Determining if the CXX compiler works failed with the following output:
Change Dir: /home/ne0/sys_competition/start/cpu_watcher/build/CMakeFiles/CMakeTmp

Run Build Command(s):/usr/bin/ninja cmTC_79233 && [1/2] Building CXX object CMakeFiles/cmTC_79233.dir/testCXXCompiler.cxx.o
[2/2] Linking CXX executable cmTC_79233
FAILED: cmTC_79233 
: && /usr/bin/clang++-17   CMakeFiles/cmTC_79233.dir/testCXXCompiler.cxx.o -o cmTC_79233   && :
/usr/bin/ld: 找不到 -lstdc++: 没有那个文件或目录
clang++-17: error: linker command failed with exit code 1 (use -v to see invocation)
ninja: build stopped: subcommand failed.



Compiling the CXX compiler identification source file "CMakeCXXCompilerId.cpp" failed.
Compiler: /usr/bin/clang++-17 
Build flags: 
Id flags:  

The output was:
1
/usr/bin/ld: 找不到 -lstdc++: 没有那个文件或目录
clang++-17: error: linker command failed with exit code 1 (use -v to see invocation)


Detecting CXX compiler ABI info failed to compile with the following output:
Change Dir: /home/ne0/sys_competition/start/cpu_watcher/build/CMakeFiles/CMakeTmp

Run Build Command(s):/usr/bin/ninja cmTC_a132e && [1/2] Building CXX object CMakeFiles/cmTC_a132e.dir/CMakeCXXCompilerABI.cpp.o
Ubuntu clang version 17.0.6 (++20231209124227+6009708b4367-1~exp1~20231209124336.77)
Target: x86_64-pc-linux-gnu
Thread model: posix
InstalledDir: /usr/bin
Found candidate GCC installation: /usr/bin/../lib/gcc/x86_64-linux-gnu/11
Found candidate GCC installation: /usr/bin/../lib/gcc/x86_64-linux-gnu/12
Selected GCC installation: /usr/bin/../lib/gcc/x86_64-linux-gnu/12
Candidate multilib: .;@m64
Selected multilib: .;@m64
Found CUDA installation: /usr/local/cuda-12.4, version 
 (in-process)
 "/usr/lib/llvm-17/bin/clang" -cc1 -triple x86_64-pc-linux-gnu -emit-obj -mrelax-all -disable-free -clear-ast-before-backend -disable-llvm-verifier -discard-value-names -main-file-name CMakeCXXCompilerABI.cpp -mrelocation-model pic -pic-level 2 -pic-is-pie -mframe-pointer=all -fmath-errno -ffp-contract=on -fno-rounding-math -mconstructor-aliases -funwind-tables=2 -target-cpu x86-64 -tune-cpu generic -debugger-tuning=gdb -v -fcoverage-compilation-dir=/home/ne0/sys_competition/start/cpu_watcher/build/CMakeFiles/CMakeTmp -resource-dir /usr/lib/llvm-17/lib/clang/17 -dependency-file CMakeFiles/cmTC_a132e.dir/CMakeCXXCompilerABI.cpp.o.d -MT CMakeFiles/cmTC_a132e.dir/CMakeCXXCompilerABI.cpp.o -sys-header-deps -internal-isystem /usr/bin/../lib/gcc/x86_64-linux-gnu/12/../../../../include/c++ -internal-isystem /usr/bin/../lib/gcc/x86_64-linux-gnu/12/../../../../include/c++/x86_64-linux-gnu -internal-isystem /usr/bin/../lib/gcc/x86_64-linux-gnu/12/../../../../include/c++/backward -internal-isystem /usr/lib/llvm-17/lib/clang/17/include -internal-isystem /usr/local/include -internal-isystem /usr/bin/../lib/gcc/x86_64-linux-gnu/12/../../../../x86_64-linux-gnu/include -internal-externc-isystem /usr/include/x86_64-linux-gnu -internal-externc-isystem /include -internal-externc-isystem /usr/include -fdeprecated-macro -fdebug-compilation-dir=/home/ne0/sys_competition/start/cpu_watcher/build/CMakeFiles/CMakeTmp -ferror-limit 19 -fgnuc-version=4.2.1 -fcxx-exceptions -fexceptions -faddrsig -D__GCC_HAVE_DWARF2_CFI_ASM=1 -o CMakeFiles/cmTC_a132e.dir/CMakeCXXCompilerABI.cpp.o -x c++ /usr/share/cmake-3.22/Modules/CMakeCXXCompilerABI.cpp
clang -cc1 version 17.0.6 based upon LLVM 17.0.6 default target x86_64-pc-linux-gnu
ignoring nonexistent directory "/usr/bin/../lib/gcc/x86_64-linux-gnu/12/../../../../include/c++/x86_64-linux-gnu"
ignoring nonexistent directory "/usr/bin/../lib/gcc/x86_64-linux-gnu/12/../../../../include/c++/backward"
ignoring nonexistent directory "/usr/bin/../lib/gcc/x86_64-linux-gnu/12/../../../../x86_64-linux-gnu/include"
ignoring nonexistent directory "/include"
#include "..." search starts here:
#include <...> search starts here:
 /usr/bin/../lib/gcc/x86_64-linux-gnu/12/../../../../include/c++
 /usr/lib/llvm-17/lib/clang/17/include
 /usr/local/include
 /usr/include/x86_64-linux-gnu
 /usr/include
End of search list.
[2/2] Linking CXX executable cmTC_a132e
FAILED: cmTC_a132e 
: && /usr/bin/clang++-17  -v CMakeFiles/cmTC_a132e.dir/CMakeCXXCompilerABI.cpp.o -o cmTC_a132e   && :
Ubuntu clang version 17.0.6 (++20231209124227+6009708b4367-1~exp1~20231209124336.77)
Target: x86_64-pc-linux-gnu
Thread model: posix
InstalledDir: /usr/bin
Found candidate GCC installation: /usr/bin/../lib/gcc/x86_64-linux-gnu/11
Found candidate GCC installation: /usr/bin/../lib/gcc/x86_64-linux-gnu/12
Selected GCC installation: /usr/bin/../lib/gcc/x86_64-linux-gnu/12
Candidate multilib: .;@m64
Selected multilib: .;@m64
Found CUDA installation: /usr/local/cuda-12.4, version 
 "/usr/bin/ld" -pie -z relro --hash-style=gnu --build-id --eh-frame-hdr -m elf_x86_64 -dynamic-linker /lib64/ld-linux-x86-64.so.2 -o cmTC_a132e /lib/x86_64-linux-gnu/Scrt1.o /lib/x86_64-linux-gnu/crti.o /usr/bin/../lib/gcc/x86_64-linux-gnu/12/crtbeginS.o -L/usr/bin/../lib/gcc/x86_64-linux-gnu/12 -L/usr/bin/../lib/gcc/x86_64-linux-gnu/12/../../../../lib64 -L/lib/x86_64-linux-gnu -L/lib/../lib64 -L/usr/lib/x86_64-linux-gnu -L/usr/lib/../lib64 -L/lib -L/usr/lib CMakeFiles/cmTC_a132e.dir/CMakeCXXCompilerABI.cpp.o -lstdc++ -lm -lgcc_s -lgcc -lc -lgcc_s -lgcc /usr/bin/../lib/gcc/x86_64-linux-gnu/12/crtendS.o /lib/x86_64-linux-gnu/crtn.o
/usr/bin/ld: cannot find -lstdc++: No such file or directory
clang++-17: error: linker command failed with exit code 1 (use -v to see invocation)
ninja: build stopped: subcommand failed.




Determining if the CXX compiler works failed with the following output:
Change Dir: /home/ne0/sys_competition/start/cpu_watcher/build/CMakeFiles/CMakeTmp

Run Build Command(s):/usr/bin/ninja cmTC_1637a && [1/2] Building CXX object CMakeFiles/cmTC_1637a.dir/testCXXCompiler.cxx.o
[2/2] Linking CXX executable cmTC_1637a
FAILED: cmTC_1637a 
: && /usr/bin/clang++-17   CMakeFiles/cmTC_1637a.dir/testCXXCompiler.cxx.o -o cmTC_1637a   && :
/usr/bin/ld: 找不到 -lstdc++: 没有那个文件或目录
clang++-17: error: linker command failed with exit code 1 (use -v to see invocation)
ninja: build stopped: subcommand failed.



